true_pos,obs_pos,true_var
80,86,22
77,86,22
75,86,22
77,86,22
78,86,22
76,86,22
74,86,22
72,86,22
74,86,22
77,86,22
74,86,22
76,86,22
70,86,22
72,86,22
71,86,22
75,86,22
77,86,22
75,86,22
76,86,22
74,86,22
75,86,22
77,86,22
78,86,22
75,86,22
77,86,22
76,86,22
79,86,22
79,86,22
76,86,22
77,86,22
76,86,22
78,86,22
79,86,22
78,86,22
77,86,22
79,86,22
79,86,22
79,86,22
79,86,22
77,86,22
80,86,22
79,86,22
78,86,22
81,86,22
79,86,22
77,86,22
80,83,22
81,83,22
77,83,22
73,83,22
73,83,22
76,83,22
81,83,22
82,83,22
81,83,22
79,83,22
79,83,22
76,83,22
79,83,22
80,83,22
77,83,22
79,83,22
80,83,22
79,83,22
80,83,22
83,83,22
85,83,22
85,83,22
91,83,22
95,83,22
97,83,22
97,83,22
97,83,22
97,83,22
96,88,22
99,88,22
99,88,22
100,88,22
99,88,22
100,88,22
99,88,22
99,88,22
100,88,22
99,88,22
101,88,22
101,88,22
103,88,22
104,88,22
106,88,22
104,88,22
103,88,22
103,88,22
104,88,22
105,88,22
107,88,22
109,88,22
111,88,22
112,88,22
113,88,22
114,88,22
112,122,22
111,122,22
109,122,22
109,122,22
111,122,22
116,122,22
115,122,22
114,122,22
113,122,22
112,122,22
113,122,22
113,122,22
115,122,22
115,122,22
115,122,22
116,122,22
117,122,22
115,122,22
115,122,22
116,122,22
117,122,22
118,122,22
115,111,22
117,111,22
113,111,22
120,111,22
119,111,22
118,111,22
122,111,22
124,111,22
127,111,22
126,111,22
127,111,22
128,111,22
128,111,22
129,111,22
130,111,22
131,111,22
126,111,22
123,111,22
128,111,22
128,111,22
125,111,22
127,111,22
127,111,22
125,111,22
125,111,22
124,111,22
123,111,22
123,111,22
122,111,22
121,111,22
122,111,22
122,111,22
119,118,22
118,118,22
118,118,22
119,118,22
119,118,22
115,118,22
112,118,22
112,118,22
113,118,22
116,118,22
116,118,22
118,118,22
120,118,22
120,118,22
117,118,22
115,118,22
112,118,22
110,118,22
114,118,22
114,118,22
116,118,22
118,118,22
116,118,22
114,118,22
114,118,22
113,118,22
114,118,22
110,118,22
111,118,22
111,136,22
109,136,22
109,136,22
105,136,22
107,136,22
107,136,22
104,136,22
105,136,22
108,136,22
107,136,22
108,136,22
106,63,22
102,63,22
101,63,22
102,63,22
105,63,22
107,63,22
106,63,22
108,63,22
106,63,22
105,63,22
108,63,22
109,63,22
111,63,22
109,63,22
106,63,22
106,63,22
105,63,22
103,63,22
106,63,22
106,63,22
105,63,22
105,96,22
102,96,22
101,96,22
103,96,22
104,96,22
103,96,22
107,96,22
105,96,22
103,96,22
104,96,22
105,96,22
106,96,22
106,96,22
105,96,22
105,96,22
104,96,22
108,96,22
108,96,22
107,96,22
108,96,22
108,96,22
111,96,22
112,96,22
112,96,22
114,96,22
116,96,22
114,96,22
111,96,22
111,96,22
111,96,22
109,96,22
110,96,22
110,96,22
109,96,22
109,96,22
109,96,22
106,96,22
107,94,22
110,94,22
111,94,22
108,94,22
106,94,22
104,94,22
107,94,22
106,94,22
105,94,22
104,94,22
104,94,22
103,94,22
98,94,22
98,118,22
97,118,22
97,118,22
93,118,22
91,118,22
91,118,22
90,118,22
91,118,22
90,118,22
88,81,22
86,81,22
87,81,22
87,81,22
84,81,22
83,81,22
82,81,22
78,81,22
80,81,22
83,81,22
84,81,22
83,81,22
84,81,22
81,81,22
78,81,22
75,81,22
75,81,22
69,81,22
69,81,22
67,81,22
67,81,22
66,81,22
67,81,22
65,93,22
65,93,22
67,93,22
68,93,22
69,93,22
68,93,22
69,93,22
71,93,22
71,93,22
72,93,22
69,93,22
71,93,22
70,93,22
70,78,22
64,78,22
65,78,22
63,78,22
61,78,22
63,78,22
59,78,22
59,78,22
58,78,22
57,78,22
55,78,22
55,78,22
59,78,22
60,78,22
59,78,22
62,78,22
60,78,22
66,78,22
68,78,22
69,78,22
71,78,22
70,64,22
69,64,22
70,64,22
66,64,22
67,64,22
67,64,22
66,64,22
65,64,22
66,64,22
69,64,22
69,64,22
68,64,22
69,64,22
68,64,22
68,64,22
71,87,22
69,87,22
71,87,22
73,87,22
75,87,22
76,87,22
75,87,22
78,87,22
80,87,22
78,87,22
78,94,22
80,94,22
77,94,22
77,94,22
82,94,22
80,94,22
80,94,22
78,94,22
77,94,22
78,94,22
78,94,22
77,94,22
79,94,22
81,94,22
81,94,22
81,94,22
81,94,22
83,94,22
85,94,22
85,94,22
84,94,22
82,94,22
80,80,22
81,80,22
82,80,22
82,80,22
82,80,22
82,80,22
80,80,22
82,80,22
83,80,22
84,80,22
83,80,22
84,80,22
84,80,22
84,80,22
82,80,22
84,80,22
85,80,22
85,80,22
86,80,22
87,80,22
90,80,22
88,80,22
88,108,22
86,108,22
85,108,22
85,108,22
83,108,22
85,108,22
83,108,22
84,108,22
83,108,22
86,108,22
87,108,22
88,108,22
89,108,22
87,108,22
88,108,22
87,108,22
88,108,22
87,108,22
83,108,22
85,108,22
86,108,22
85,108,22
84,108,22
87,108,22
89,108,22
93,108,22
91,108,22
89,108,22
93,108,22
92,108,22
94,108,22
96,108,22
93,108,22
96,108,22
96,108,22
100,108,22
98,108,22
98,108,22
100,108,22
96,108,22
96,108,22
97,108,22
95,108,22
99,108,22
98,108,22
97,108,22
99,108,22
101,108,22
97,108,22
93,108,22
93,108,22
92,108,22
92,108,22
95,88,22
96,88,22
96,88,22
97,88,22
97,88,22
96,88,22
95,88,22
96,88,22
98,88,22
97,88,22
97,88,22
98,88,22
96,88,22
101,88,22
100,88,22
100,88,22
102,88,22
102,88,22
103,105,22
102,105,22
103,105,22
103,105,22
102,105,22
102,105,22
102,105,22
102,57,22
104,57,22
107,57,22
106,57,22
107,57,22
108,57,22
105,57,22
105,57,22
106,57,22
108,57,22
106,57,22
105,57,22
106,57,22
107,57,22
105,76,22
105,76,22
101,76,22
101,76,22
101,76,22
100,76,22
97,76,22
97,76,22
100,76,22
102,76,22
100,76,22
99,123,22
98,123,22
96,123,22
95,123,22
91,123,22
92,123,22
92,123,22
94,123,22
94,123,22
93,123,22
96,123,22
99,123,22
100,123,22
100,123,22
99,123,22
101,123,22
102,123,22
104,123,22
103,123,22
107,123,22
109,123,22
109,123,22
110,123,22
113,123,22
111,123,22
108,123,22
107,117,22
104,117,22
106,117,22
107,117,22
107,117,22
106,117,22
105,117,22
100,117,22
96,117,22
99,117,22
99,117,22
100,93,22
97,93,22
100,93,22
99,93,22
94,93,22
90,93,22
89,93,22
87,93,22
89,93,22
88,93,22
90,93,22
92,93,22
90,93,22
91,93,22
90,93,22
89,93,22
90,93,22
88,93,22
90,93,22
87,93,22
89,93,22
88,93,22
90,93,22
87,93,22
86,93,22
86,93,22
86,93,22
86,116,22
86,116,22
86,116,22
86,116,22
87,116,22
88,116,22
88,116,22
88,116,22
86,116,22
87,116,22
89,116,22
90,116,22
89,116,22
92,116,22
94,116,22
96,116,22
95,51,22
97,51,22
99,51,22
97,51,22
97,51,22
96,51,22
98,51,22
98,51,22
99,51,22
99,51,22
95,51,22
91,51,22
87,51,22
85,51,22
83,51,22
83,51,22
84,51,22
88,51,22
87,51,22
86,51,22
84,51,22
83,51,22
80,51,22
79,51,22
79,51,22
81,51,22
81,112,22
83,112,22
80,112,22
84,112,22
86,112,22
88,112,22
88,112,22
89,112,22
88,112,22
85,112,22
85,112,22
89,112,22
89,112,22
95,112,22
96,112,22
96,112,22
98,112,22
96,112,22
96,112,22
94,112,22
95,112,22
96,112,22
91,112,22
89,112,22
91,112,22
93,112,22
91,112,22
91,112,22
92,112,22
94,112,22
93,112,22
94,112,22
93,112,22
92,112,22
91,112,22
91,112,22
92,112,22
91,112,22
91,112,22
94,112,22
96,112,22
94,112,22
97,112,22
97,100,22
98,100,22
98,100,22
100,100,22
98,100,22
99,100,22
100,100,22
101,100,22
103,100,22
103,100,22
102,100,22
103,100,22
102,100,22
104,100,22
103,100,22
103,100,22
103,100,22
102,100,22
104,100,22
108,100,22
108,100,22
109,100,22
108,100,22
107,100,22
107,100,22
105,100,22
103,100,22
101,100,22
105,100,22
105,100,22
104,100,22
104,100,22
104,100,22
107,100,22
107,100,22
108,100,22
109,100,22
115,122,22
114,122,22
114,122,22
116,122,22
118,122,22
119,122,22
119,122,22
121,122,22
120,122,22
121,122,22
121,122,22
120,122,22
121,122,22
121,122,22
127,122,22
127,122,22
127,122,22
124,122,22
125,122,22
123,122,22
122,122,22
124,124,22
126,124,22
128,124,22
129,124,22
130,124,22
128,124,22
125,124,22
124,124,22
123,124,22
124,124,22
123,124,22
122,124,22
123,124,22
120,124,22
119,134,22
120,134,22
121,134,22
122,134,22
121,134,22
120,134,22
121,134,22
121,134,22
122,91,22
124,91,22
124,91,22
120,91,22
123,91,22
122,91,22
119,91,22
119,91,22
121,91,22
119,91,22
123,91,22
124,91,22
122,91,22
120,91,22
119,91,22
119,91,22
119,91,22
119,91,22
117,91,22
116,91,22
118,91,22
119,91,22
121,91,22
121,91,22
119,91,22
119,91,22
121,91,22
121,91,22
121,91,22
118,146,22
118,146,22
113,146,22
113,146,22
115,146,22
118,146,22
121,146,22
120,146,22
117,146,22
116,146,22
119,119,22
117,119,22
119,119,22
123,119,22
124,119,22
125,119,22
127,119,22
131,119,22
128,119,22
125,119,22
128,119,22
128,119,22
128,119,22
128,119,22
127,119,22
128,119,22
133,119,22
131,119,22
133,123,22
131,123,22
131,123,22
129,123,22
131,123,22
133,123,22
133,123,22
133,123,22
136,119,22
136,119,22
138,119,22
135,119,22
134,119,22
134,119,22
137,119,22
140,119,22
140,119,22
137,119,22
140,119,22
138,119,22
143,119,22
140,119,22
142,119,22
143,119,22
143,119,22
144,119,22
144,119,22
140,119,22
137,119,22
140,119,22
141,119,22
145,119,22
148,119,22
152,119,22
150,159,22
149,159,22
153,159,22
154,159,22
151,159,22
150,159,22
148,159,22
149,159,22
149,159,22
149,159,22
151,159,22
146,159,22
145,159,22
145,159,22
146,159,22
147,159,22
148,159,22
147,155,22
144,155,22
143,155,22
143,155,22
141,155,22
141,155,22
140,155,22
138,155,22
137,155,22
139,155,22
140,155,22
138,94,22
137,94,22
136,94,22
138,94,22
137,94,22
138,94,22
138,94,22
139,94,22
142,94,22
144,94,22
144,94,22
143,94,22
143,94,22
141,94,22
139,154,22
141,154,22
141,154,22
145,154,22
149,154,22
149,154,22
153,154,22
155,154,22
156,154,22
160,154,22
157,154,22
156,154,22
157,154,22
159,154,22
159,154,22
156,154,22
158,154,22
156,154,22
156,154,22
156,154,22
156,154,22
156,154,22
153,154,22
152,154,22
153,154,22
154,154,22
154,154,22
155,154,22
155,153,22
157,153,22
157,153,22
157,153,22
157,153,22
157,153,22
162,153,22
159,153,22
162,153,22
162,153,22
156,153,22
151,153,22
152,153,22
152,153,22
150,153,22
147,153,22
147,153,22
146,153,22
142,153,22
143,151,22
144,151,22
142,151,22
142,151,22
141,151,22
140,151,22
138,151,22
138,151,22
141,151,22
139,151,22
142,151,22
143,151,22
140,147,22
135,147,22
133,147,22
130,147,22
129,147,22
126,147,22
127,147,22
127,147,22
127,147,22
129,147,22
128,147,22
133,147,22
132,142,22
131,142,22
129,142,22
127,142,22
127,142,22
127,142,22
126,142,22
125,116,22
127,116,22
126,116,22
125,116,22
124,116,22
124,116,22
124,116,22
128,116,22
127,116,22
127,116,22
128,116,22
129,116,22
129,116,22
129,116,22
131,116,22
127,169,22
129,169,22
125,169,22
127,169,22
123,169,22
120,169,22
119,169,22
117,169,22
114,169,22
112,169,22
112,169,22
113,169,22
115,169,22
118,169,22
120,169,22
118,169,22
116,169,22
115,169,22
117,169,22
121,169,22
120,169,22
122,169,22
119,169,22
123,169,22
124,169,22
124,169,22
119,169,22
122,169,22
124,169,22
126,169,22
122,169,22
123,103,22
119,103,22
123,103,22
122,103,22
125,103,22
121,103,22
123,103,22
124,103,22
123,103,22
127,103,22
128,103,22
125,103,22
124,103,22
125,103,22
125,103,22
127,103,22
130,103,22
131,103,22
130,103,22
129,103,22
128,103,22
128,103,22
127,103,22
127,103,22
126,103,22
126,103,22
128,103,22
124,158,22
124,158,22
122,158,22
120,158,22
116,158,22
113,158,22
114,158,22
114,158,22
116,158,22
113,158,22
110,158,22
109,158,22
110,158,22
110,130,22
111,130,22
114,130,22
114,130,22
113,130,22
114,130,22
113,130,22
114,130,22
116,130,22
115,130,22
115,130,22
114,130,22
113,130,22
114,130,22
115,130,22
113,130,22
111,130,22
111,130,22
108,130,22
111,130,22
110,130,22
109,130,22
110,130,22
111,130,22
109,127,22
112,127,22
110,127,22
111,127,22
114,127,22
112,127,22
115,127,22
115,127,22
110,127,22
110,127,22
112,127,22
114,127,22
114,127,22
113,127,22
113,127,22
113,127,22
114,127,22
113,127,22
109,127,22
111,127,22
108,119,22
111,119,22
111,119,22
110,119,22
110,119,22
109,119,22
108,119,22
106,119,22
106,119,22
107,119,22
108,119,22
108,119,22
108,119,22
109,119,22
110,119,22
110,119,22
111,119,22
110,119,22
108,119,22
110,119,22
110,119,22
116,119,22
113,119,22
110,119,22
110,119,22
110,119,22
109,119,22
112,75,22
114,75,22
110,75,22
107,75,22
109,75,22
108,75,22
106,75,22
106,75,22
105,75,22
111,75,22
108,75,22
106,75,22
107,75,22
107,75,22
107,75,22
108,75,22
109,75,22
111,75,22
110,75,22
110,75,22
109,75,22
110,75,22
110,75,22
113,75,22
111,116,22
110,116,22
109,116,22
108,116,22
104,116,22
103,116,22
108,116,22
109,116,22
110,116,22
109,116,22
105,116,22
104,116,22
106,116,22
103,116,22
105,116,22
107,116,22
109,116,22
110,116,22
108,116,22
107,116,22
106,116,22
103,116,22
103,116,22
103,116,22
105,116,22
105,116,22
103,122,22
101,122,22
102,122,22
101,122,22
98,122,22
98,122,22
96,122,22
99,122,22
99,122,22
99,122,22
97,88,22
100,88,22
100,88,22
100,88,22
98,88,22
100,88,22
100,88,22
103,88,22
103,88,22
102,88,22
104,88,22
104,88,22
100,88,22
100,88,22
101,88,22
100,88,22
103,88,22
101,88,22
100,88,22
98,88,22
100,88,22
95,88,22
98,88,22
102,88,22
102,88,22
104,72,22
107,72,22
105,72,22
108,72,22
108,72,22
107,72,22
107,72,22
106,72,22
107,72,22
106,72,22
103,72,22
103,72,22
102,72,22
102,72,22
102,72,22
102,72,22
104,72,22
102,72,22
100,72,22
103,72,22
99,72,22
103,72,22
106,72,22
111,72,22
110,72,22
112,72,22
114,72,22
115,72,22
115,72,22
118,72,22
117,72,22
119,72,22
117,72,22
117,72,22
116,72,22
116,123,22
111,123,22
112,123,22
115,123,22
114,123,22
115,123,22
112,123,22
109,123,22
109,123,22
107,95,22
108,95,22
107,95,22
108,95,22
107,95,22
105,95,22
103,95,22
103,95,22
105,95,22
108,95,22
112,95,22
110,95,22
113,95,22
114,95,22
114,95,22
118,95,22
118,95,22
115,95,22
115,95,22
113,95,22
112,95,22
114,95,22
113,95,22
114,95,22
113,95,22
115,95,22
118,95,22
116,95,22
116,95,22
115,95,22
114,95,22
113,95,22
111,95,22
112,95,22
115,95,22
114,95,22
116,95,22
115,95,22
115,95,22
116,95,22
116,95,22
115,95,22
115,95,22
112,95,22
115,95,22
113,95,22
113,95,22
115,95,22
114,95,22
114,120,22
115,120,22
113,120,22
115,120,22
116,120,22
116,120,22
118,120,22
120,120,22
121,120,22
117,120,22
119,120,22
121,120,22
120,120,22
122,120,22
121,120,22
122,120,22
124,120,22
121,99,22
124,99,22
124,99,22
121,99,22
119,99,22
118,99,22
117,99,22
119,99,22
119,112,22
118,112,22
120,112,22
119,112,22
117,112,22
118,112,22
117,112,22
120,112,22
117,112,22
119,112,22
120,126,22
118,126,22
118,126,22
119,126,22
116,126,22
115,126,22
119,126,22
120,126,22
121,126,22
120,126,22
122,126,22
122,126,22
122,126,22
123,156,22
125,156,22
125,156,22
126,156,22
125,156,22
124,156,22
124,156,22
125,156,22
122,156,22
119,110,22
119,110,22
122,110,22
121,110,22
118,110,22
118,110,22
117,110,22
117,110,22
113,110,22
112,110,22
115,110,22
111,134,22
112,134,22
114,134,22
114,134,22
112,134,22
109,134,22
108,134,22
110,134,22
108,134,22
113,134,22
116,129,22
115,129,22
116,129,22
114,129,22
115,129,22
114,129,22
114,129,22
112,129,22
116,129,22
116,71,22
114,71,22
112,71,22
117,71,22
119,71,22
120,71,22
119,71,22
115,71,22
113,71,22
113,71,22
112,71,22
109,71,22
109,71,22
109,71,22
109,71,22
109,71,22
110,71,22
113,71,22
112,71,22
111,71,22
110,71,22
108,71,22
106,86,22
104,86,22
107,86,22
105,86,22
105,86,22
107,86,22
110,86,22
109,107,22
114,107,22
113,107,22
117,107,22
117,107,22
119,107,22
118,107,22
119,103,22
120,103,22
121,103,22
122,103,22
122,103,22
120,103,22
118,103,22
118,103,22
121,103,22
123,103,22
123,103,22
122,103,22
122,103,22
123,103,22
122,103,22
127,103,22
128,103,22
125,103,22
127,103,22
123,112,22
121,112,22
124,112,22
122,112,22
119,112,22
119,112,22
116,112,22
114,112,22
114,112,22
113,146,22
115,146,22
113,146,22
118,146,22
118,146,22
119,146,22
118,104,22
115,104,22
113,104,22
111,104,22
113,104,22
114,104,22
114,104,22
114,104,22
109,104,22
109,104,22
109,104,22
111,104,22
109,104,22
110,104,22
109,104,22
108,104,22
107,104,22
108,104,22
108,104,22
107,104,22
108,104,22
109,104,22
111,104,22
111,104,22
111,104,22
110,104,22
110,104,22
111,104,22
110,104,22
107,104,22
108,104,22
106,104,22
107,104,22
107,104,22
108,104,22
106,104,22
106,98,22
105,98,22
104,98,22
104,98,22
102,98,22
102,98,22
105,98,22
108,98,22
106,98,22
106,98,22
109,98,22
107,98,22
106,98,22
110,98,22
110,98,22
111,98,22
114,98,22
111,98,22
111,98,22
111,98,22
108,98,22
105,98,22
108,98,22
107,98,22
107,98,22
108,98,22
104,98,22
105,98,22
101,98,22
103,98,22
106,94,22
107,94,22
108,94,22
108,94,22
106,94,22
108,94,22
112,94,22
111,94,22
112,94,22
108,94,22
110,94,22
113,94,22
112,94,22
109,128,22
110,128,22
108,128,22
105,128,22
104,128,22
105,128,22
108,128,22
111,100,22
107,100,22
107,100,22
102,100,22
101,100,22
99,100,22
102,100,22
102,100,22
103,100,22
102,97,22
101,97,22
103,97,22
100,97,22
97,97,22
99,97,22
103,97,22
98,97,22
98,97,22
100,97,22
99,97,22
103,87,22
101,87,22
100,87,22
98,87,22
100,87,22
100,87,22
98,87,22
99,87,22
100,109,22
101,109,22
102,109,22
101,109,22
100,109,22
105,109,22
106,109,22
106,109,22
105,109,22
104,109,22
104,109,22
102,81,22
101,81,22
101,81,22
102,81,22
105,81,22
106,81,22
105,81,22
104,81,22
102,81,22
103,81,22
105,81,22
104,81,22
105,81,22
106,81,22
105,81,22
104,81,22
105,81,22
103,81,22
102,81,22
102,81,22
101,81,22
101,81,22
104,81,22
107,81,22
106,81,22
106,81,22
103,81,22
103,81,22
104,81,22
103,81,22
106,81,22
103,81,22
102,81,22
103,81,22
105,81,22
106,81,22
104,81,22
100,81,22
102,81,22
101,81,22
102,81,22
104,81,22
104,81,22
103,81,22
102,81,22
102,81,22
99,81,22
101,81,22
99,81,22
102,81,22
105,81,22
102,81,22
99,81,22
100,97,22
102,97,22
103,97,22
102,97,22
101,97,22
101,97,22
101,97,22
101,97,22
101,97,22
98,97,22
100,97,22
102,97,22
102,97,22
102,97,22
104,104,22
104,104,22
102,104,22
103,104,22
102,104,22
99,104,22
101,104,22
99,104,22
103,104,22
101,104,22
99,104,22
98,104,22
96,104,22
96,104,22
94,104,22
92,104,22
93,104,22
97,104,22
96,104,22
95,104,22
92,104,22
92,104,22
93,104,22
93,104,22
96,104,22
96,104,22
94,104,22
94,104,22
93,104,22
94,104,22
94,104,22
92,104,22
96,104,22
100,104,22
96,104,22
92,104,22
92,104,22
92,104,22
92,104,22
94,104,22
90,104,22
87,104,22
85,104,22
88,104,22
85,104,22
86,104,22
80,104,22
75,104,22
76,104,22
77,104,22
75,104,22
75,104,22
78,104,22
77,104,22
76,104,22
75,104,22
72,104,22
73,104,22
72,104,22
78,75,22
80,75,22
77,75,22
77,75,22
75,75,22
75,75,22
75,75,22
75,75,22
76,75,22
78,75,22
74,75,22
76,75,22
78,75,22
79,75,22
79,75,22
78,75,22
79,75,22
78,75,22
78,75,22
74,75,22
72,75,22
71,75,22
68,75,22
66,75,22
68,75,22
67,75,22
65,75,22
66,75,22
67,75,22
72,75,22
69,75,22
70,75,22
71,75,22
67,75,22
67,75,22
67,75,22
67,75,22
66,75,22
67,75,22
67,75,22
64,75,22
62,75,22
65,60,22
70,60,22
73,60,22
70,60,22
67,60,22
66,60,22
67,60,22
66,60,22
64,60,22
62,60,22
59,36,22
61,36,22
66,36,22
62,36,22
64,36,22
63,36,22
63,36,22
63,81,22
65,81,22
64,81,22
63,81,22
64,81,22
66,81,22
66,81,22
66,81,22
66,81,22
66,81,22
62,81,22
65,81,22
67,81,22
64,81,22
66,81,22
68,81,22
70,62,22
70,62,22
72,62,22
73,62,22
74,62,22
76,62,22
79,62,22
79,62,22
77,62,22
77,62,22
76,62,22
76,62,22
78,62,22
77,62,22
77,62,22
81,62,22
79,62,22
81,62,22
80,62,22
74,62,22
75,62,22
74,62,22
73,62,22
73,62,22
75,62,22
74,62,22
71,62,22
71,62,22
69,62,22
68,62,22
68,62,22
66,62,22
66,62,22
68,62,22
68,62,22
70,62,22
69,62,22
73,62,22
76,62,22
76,62,22
75,62,22
76,62,22
77,96,22
78,96,22
78,96,22
77,96,22
79,96,22
79,96,22
81,96,22
82,96,22
81,96,22
78,96,22
80,96,22
81,96,22
78,96,22
77,96,22
79,96,22
78,96,22
75,96,22
77,96,22
77,96,22
74,96,22
71,96,22
69,96,22
73,96,22
74,96,22
73,96,22
74,96,22
75,96,22
75,96,22
75,96,22
75,96,22
74,96,22
75,96,22
72,96,22
71,96,22
73,68,22
72,68,22
68,68,22
70,68,22
71,68,22
68,68,22
67,68,22
62,68,22
62,68,22
60,68,22
61,68,22
60,68,22
63,68,22
61,68,22
63,68,22
64,68,22
62,68,22
61,68,22
61,68,22
61,68,22
60,68,22
58,68,22
59,68,22
58,68,22
58,68,22
59,68,22
60,68,22
63,68,22
64,68,22
64,68,22
65,68,22
66,68,22
65,68,22
66,68,22
66,68,22
69,68,22
69,68,22
71,68,22
71,68,22
68,68,22
69,68,22
70,68,22
72,84,22
72,84,22
73,84,22
71,84,22
74,84,22
75,84,22
78,84,22
78,84,22
79,84,22
76,84,22
76,84,22
77,84,22
78,84,22
75,84,22
78,111,22
77,111,22
75,111,22
76,111,22
75,111,22
75,111,22
72,111,22
72,111,22
71,111,22
72,111,22
69,111,22
66,111,22
66,15,22
64,15,22
63,15,22
64,15,22
61,15,22
59,15,22
61,15,22
60,15,22
56,15,22
53,15,22
54,15,22
54,15,22
51,15,22
50,15,22
48,15,22
48,15,22
48,15,22
48,15,22
49,15,22
47,15,22
50,15,22
48,15,22
48,15,22
47,15,22
47,15,22
50,15,22
51,15,22
53,15,22
54,15,22
53,15,22
54,15,22
54,15,22
57,15,22
57,15,22
59,15,22
58,57,22
59,57,22
60,57,22
60,57,22
56,57,22
56,57,22
56,57,22
55,57,22
55,57,22
59,57,22
61,57,22
66,57,22
65,57,22
65,57,22
67,57,22
69,57,22
69,64,22
69,64,22
66,64,22
66,64,22
61,64,22
64,64,22
67,64,22
67,64,22
68,64,22
68,80,22
67,80,22
65,80,22
64,80,22
68,80,22
66,80,22
65,80,22
63,80,22
64,80,22
64,80,22
63,80,22
64,61,22
60,61,22
62,61,22
59,61,22
60,61,22
60,61,22
60,61,22
59,61,22
58,61,22
57,61,22
58,61,22
59,61,22
58,61,22
56,61,22
53,42,22
52,42,22
51,42,22
50,42,22
50,42,22
50,42,22
53,42,22
52,42,22
50,42,22
56,42,22
55,42,22
52,42,22
53,42,22
53,42,22
56,42,22
57,42,22
58,42,22
58,42,22
59,42,22
61,42,22
67,42,22
66,42,22
65,42,22
64,42,22
63,42,22
64,42,22
64,42,22
66,42,22
69,42,22
68,42,22
66,42,22
61,42,22
58,33,22
55,33,22
52,33,22
55,33,22
53,33,22
53,33,22
53,33,22
48,33,22
47,33,22
44,33,22
46,33,22
46,33,22
49,33,22
50,33,22
50,33,22
50,72,22
50,72,22
51,72,22
50,72,22
49,72,22
47,72,22
45,72,22
45,72,22
45,72,22
48,72,22
47,72,22
51,72,22
54,72,22
53,72,22
48,72,22
47,72,22
47,72,22
46,72,22
43,72,22
42,72,22
43,72,22
43,72,22
40,72,22
39,72,22
35,72,22
34,72,22
27,72,22
27,72,22
27,72,22
30,72,22
33,72,22
33,72,22
31,72,22
30,72,22
30,72,22
34,72,22
30,72,22
32,72,22
34,72,22
35,72,22
33,72,22
35,72,22
37,72,22
38,72,22
38,72,22
37,72,22
35,72,22
37,72,22
34,72,22
32,72,22
36,72,22
38,72,22
36,72,22
34,72,22
34,72,22
31,72,22
31,72,22
32,72,22
31,72,22
34,72,22
31,34,22
29,34,22
28,34,22
28,34,22
28,34,22
28,34,22
30,34,22
31,34,22
29,34,22
29,34,22
30,4,22
31,4,22
38,4,22
40,4,22
41,4,22
41,4,22
40,4,22
42,4,22
38,4,22
35,4,22
37,4,22
37,4,22
40,4,22
37,4,22
41,4,22
40,4,22
38,4,22
38,4,22
41,4,22
44,4,22
44,4,22
41,4,22
37,4,22
37,4,22
38,62,22
40,62,22
35,62,22
34,62,22
31,62,22
32,62,22
32,62,22
32,62,22
32,62,22
33,62,22
30,62,22
30,62,22
32,62,22
34,62,22
33,62,22
33,62,22
34,62,22
31,62,22
30,62,22
31,62,22
30,62,22
32,62,22
33,62,22
35,62,22
36,62,22
35,62,22
37,62,22
37,62,22
39,62,22
38,62,22
39,62,22
38,62,22
35,62,22
34,62,22
36,62,22
38,62,22
36,62,22
38,62,22
41,62,22
39,62,22
39,62,22
37,62,22
37,62,22
37,62,22
39,62,22
40,62,22
40,62,22
39,62,22
38,62,22
39,62,22
37,62,22
40,62,22
40,62,22
37,62,22
35,25,22
32,25,22
35,25,22
35,25,22
37,25,22
41,25,22
40,25,22
41,25,22
42,25,22
43,50,22
42,50,22
41,50,22
45,50,22
43,50,22
43,50,22
42,50,22
42,50,22
40,50,22
40,50,22
42,50,22
41,50,22
41,50,22
38,50,22
36,50,22
35,50,22
34,50,22
34,50,22
33,50,22
33,50,22
33,50,22
34,50,22
34,44,22
37,44,22
39,44,22
38,44,22
39,44,22
38,44,22
38,44,22
39,44,22
38,44,22
40,44,22
39,44,22
39,44,22
39,44,22
42,44,22
43,44,22
44,44,22
42,44,22
42,44,22
39,44,22
39,44,22
37,44,22
35,44,22
32,44,22
33,44,22
34,44,22
33,44,22
34,44,22
35,44,22
35,44,22
31,43,22
34,43,22
32,43,22
34,43,22
35,43,22
39,43,22
36,43,22
36,43,22
39,43,22
35,43,22
35,43,22
38,43,22
37,43,22
39,43,22
38,43,22
36,43,22
36,43,22
37,43,22
43,43,22
44,43,22
46,43,22
45,63,22
46,63,22
49,63,22
48,63,22
52,63,22
50,63,22
50,63,22
50,63,22
52,63,22
54,63,22
52,63,22
49,63,22
48,59,22
48,59,22
45,59,22
45,59,22
47,59,22
47,59,22
50,59,22
50,59,22
47,59,22
45,59,22
42,59,22
43,59,22
40,59,22
37,59,22
38,59,22
35,59,22
34,59,22
37,59,22
38,59,22
37,59,22
37,59,22
36,59,22
39,59,22
40,59,22
39,59,22
40,59,22
39,59,22
39,59,22
37,59,22
36,59,22
32,59,22
28,59,22
27,59,22
26,59,22
27,59,22
26,59,22
24,59,22
24,59,22
21,59,22
23,59,22
23,59,22
23,59,22
24,59,22
24,59,22
25,59,22
26,59,22
28,338,22
30,338,22
31,338,22
35,338,22
33,338,22
34,338,22
32,338,22
30,338,22
30,338,22
28,59,22
29,59,22
27,59,22
27,59,22
26,59,22
24,59,22
27,59,22
26,59,22
28,59,22
28,59,22
26,59,22
28,59,22
26,59,22
24,59,22
22,27,22
21,27,22
21,27,22
21,27,22
21,27,22
22,27,22
23,27,22
25,27,22
26,17,22
23,17,22
21,17,22
22,17,22
23,17,22
21,17,22
22,17,22
25,17,22
25,17,22
26,17,22
25,17,22
24,17,22
22,17,22
21,17,22
21,17,22
20,17,22
23,17,22
22,17,22
23,17,22
22,17,22
21,17,22
22,9,22
24,9,22
29,9,22
27,9,22
28,9,22
28,9,22
25,9,22
23,9,22
25,9,22
24,9,22
24,9,22
24,9,22
26,9,22
24,68,22
25,68,22
25,68,22
25,68,22
23,68,22
23,68,22
26,68,22
28,68,22
28,68,22
29,68,22
31,68,22
31,68,22
28,68,22
27,68,22
27,58,22
27,58,22
26,58,22
27,58,22
25,58,22
27,58,22
27,58,22
26,58,22
29,62,22
25,62,22
25,62,22
24,62,22
24,62,22
25,62,22
25,62,22
29,62,22
27,62,22
27,62,22
28,62,22
29,62,22
28,62,22
28,62,22
28,62,22
31,62,22
29,62,22
26,62,22
28,62,22
27,62,22
25,62,22
24,62,22
27,62,22
24,62,22
20,62,22
18,62,22
17,52,22
17,52,22
16,52,22
18,52,22
17,52,22
14,52,22
13,52,22
12,52,22
7,52,22
5,346,22
5,346,22
3,346,22
5,346,22
3,346,22
4,346,22
5,346,22
6,346,22
6,346,22
6,346,22
6,345,22
10,345,22
9,345,22
4,345,22
7,345,22
3,345,22
3,345,22
5,345,22
5,345,22
7,345,22
9,345,22
11,345,22
11,345,22
13,345,22
16,345,22
15,345,22
17,345,22
16,345,22
16,345,22
16,345,22
13,345,22
13,345,22
12,345,22
9,345,22
9,345,22
7,345,22
8,345,22
11,345,22
11,18,22
15,18,22
18,18,22
15,18,22
14,18,22
13,18,22
15,18,22
13,18,22
16,18,22
14,18,22
15,18,22
13,18,22
14,18,22
14,18,22
14,18,22
14,18,22
14,18,22
18,18,22
20,18,22
24,18,22
23,18,22
23,18,22
25,18,22
22,18,22
21,6,22
21,6,22
22,6,22
21,6,22
24,6,22
23,6,22
23,6,22
24,6,22
21,1,22
25,1,22
28,1,22
28,1,22
29,1,22
30,1,22
33,1,22
33,1,22
29,1,22
31,1,22
34,1,22
35,1,22
34,1,22
33,1,22
32,1,22
28,1,22
30,1,22
32,1,22
30,1,22
28,1,22
31,1,22
34,1,22
33,1,22
28,1,22
27,1,22
25,1,22
26,1,22
27,1,22
27,1,22
28,1,22
25,1,22
24,6,22
20,6,22
21,6,22
20,6,22
17,6,22
15,6,22
17,6,22
17,6,22
14,6,22
14,6,22
17,6,22
19,6,22
20,6,22
18,6,22
20,6,22
22,6,22
23,6,22
23,6,22
26,6,22
24,6,22
26,6,22
27,6,22
26,6,22
25,6,22
24,6,22
20,6,22
22,6,22
24,6,22
23,11,22
22,11,22
24,11,22
25,11,22
24,11,22
26,11,22
23,11,22
21,1,22
24,1,22
24,1,22
23,1,22
22,1,22
22,1,22
19,1,22
20,1,22
21,1,22
21,1,22
21,1,22
25,1,22
26,1,22
27,1,22
27,1,22
29,1,22
29,1,22
27,1,22
25,1,22
25,1,22
23,1,22
24,1,22
22,1,22
25,1,22
24,1,22
27,1,22
30,1,22
35,1,22
33,1,22
36,1,22
37,16,22
37,16,22
35,16,22
34,16,22
34,16,22
35,16,22
37,16,22
39,16,22
42,16,22
37,16,22
38,16,22
38,16,22
40,16,22
42,16,22
40,16,22
42,16,22
42,16,22
40,16,22
37,16,22
39,16,22
40,16,22
41,16,22
46,16,22
46,16,22
42,16,22
43,16,22
45,16,22
45,16,22
46,16,22
44,16,22
43,16,22
43,16,22
46,16,22
47,16,22
51,16,22
51,16,22
53,16,22
53,16,22
55,16,22
53,16,22
54,16,22
52,16,22
51,16,22
50,16,22
49,16,22
48,16,22
46,16,22
47,16,22
48,16,22
48,16,22
46,16,22
45,16,22
46,16,22
47,16,22
46,16,22
46,16,22
44,16,22
42,16,22
43,16,22
44,16,22
43,15,22
42,15,22
46,15,22
45,15,22
43,15,22
45,15,22
44,15,22
48,15,22
46,15,22
47,15,22
49,15,22
49,15,22
47,15,22
47,15,22
46,15,22
47,15,22
46,15,22
49,15,22
49,15,22
46,15,22
47,15,22
47,15,22
49,15,22
50,15,22
51,15,22
51,15,22
48,15,22
50,15,22
55,15,22
57,15,22
56,15,22
54,15,22
56,15,22
57,15,22
56,15,22
59,15,22
57,15,22
58,15,22
56,15,22
56,15,22
59,15,22
61,15,22
58,15,22
57,15,22
56,15,22
54,15,22
50,15,22
53,15,22
50,15,22
51,15,22
54,15,22
54,35,22
52,35,22
50,35,22
50,35,22
54,35,22
52,35,22
53,35,22
52,65,22
56,65,22
55,65,22
53,65,22
53,65,22
53,65,22
56,65,22
56,65,22
56,65,22
53,65,22
52,65,22
48,65,22
51,65,22
54,65,22
55,65,22
58,65,22
59,65,22
56,65,22
58,65,22
57,104,22
56,104,22
59,104,22
58,104,22
60,104,22
58,104,22
56,34,22
54,34,22
51,34,22
50,34,22
48,34,22
45,34,22
42,34,22
44,34,22
44,34,22
41,34,22
40,34,22
39,34,22
38,34,22
38,34,22
38,34,22
37,34,22
33,34,22
32,6,22
30,6,22
28,6,22
23,6,22
26,6,22
26,6,22
28,6,22
27,6,22
26,6,22
28,6,22
28,58,22
28,58,22
26,58,22
23,58,22
21,58,22
21,58,22
23,58,22
22,58,22
21,58,22
20,58,22
20,354,22
17,354,22
19,354,22
22,354,22
26,354,22
23,354,22
23,354,22
25,354,22
25,354,22
25,354,22
23,354,22
21,354,22
24,354,22
23,37,22
22,37,22
21,37,22
21,37,22
23,37,22
20,37,22
20,37,22
23,37,22
20,37,22
18,37,22
16,37,22
19,37,22
19,37,22
19,37,22
20,37,22
19,37,22
22,37,22
20,37,22
22,37,22
23,37,22
24,37,22
20,37,22
26,37,22
26,37,22
25,37,22
21,37,22
21,331,22
22,331,22
26,331,22
25,331,22
22,331,22
21,331,22
22,331,22
18,331,22
16,331,22
16,331,22
15,331,22
16,331,22
14,331,22
13,331,22
15,331,22
16,331,22
15,331,22
16,331,22
19,331,22
19,331,22
19,331,22
23,331,22
24,331,22
26,331,22
26,331,22
25,331,22
25,331,22
28,331,22
28,331,22
34,331,22
36,331,22
33,331,22
34,331,22
36,331,22
35,331,22
36,331,22
36,331,22
37,331,22
38,331,22
38,331,22
39,331,22
39,331,22
40,331,22
43,331,22
44,331,22
40,331,22
39,331,22
39,331,22
38,331,22
40,331,22
41,331,22
39,331,22
37,331,22
34,331,22
35,331,22
35,34,22
37,34,22
35,34,22
33,34,22
34,34,22
35,34,22
32,34,22
35,34,22
34,34,22
33,34,22
35,34,22
36,34,22
35,34,22
34,34,22
33,34,22
38,34,22
37,34,22
35,34,22
37,34,22
39,34,22
42,34,22
42,34,22
43,34,22
46,34,22
47,34,22
45,34,22
44,34,22
45,34,22
45,34,22
44,34,22
48,34,22
54,34,22
51,34,22
48,34,22
47,34,22
48,34,22
51,34,22
50,33,22
47,33,22
44,33,22
41,33,22
41,33,22
43,33,22
45,33,22
45,33,22
44,33,22
45,33,22
48,33,22
46,33,22
45,33,22
48,33,22
49,33,22
49,33,22
47,33,22
48,33,22
48,33,22
46,33,22
46,33,22
46,33,22
46,33,22
44,33,22
44,33,22
44,33,22
47,33,22
49,43,22
46,43,22
47,43,22
48,43,22
46,43,22
46,43,22
49,43,22
52,43,22
52,43,22
52,43,22
53,43,22
54,43,22
52,43,22
51,43,22
52,43,22
52,43,22
52,43,22
53,43,22
53,43,22
56,43,22
55,43,22
53,43,22
55,43,22
54,43,22
56,43,22
59,43,22
59,43,22
58,43,22
60,43,22
59,43,22
63,43,22
66,43,22
67,43,22
66,43,22
67,43,22
65,43,22
66,43,22
68,43,22
74,43,22
73,43,22
70,69,22
75,69,22
77,69,22
80,69,22
77,69,22
77,69,22
75,69,22
78,69,22
78,69,22
79,69,22
82,69,22
80,69,22
79,69,22
77,69,22
79,69,22
78,69,22
75,69,22
74,69,22
74,69,22
70,69,22
68,69,22
70,51,22
68,51,22
70,51,22
69,51,22
68,51,22
69,51,22
72,51,22
74,51,22
76,51,22
79,51,22
76,51,22
78,51,22
79,51,22
82,51,22
80,51,22
81,51,22
81,51,22
78,51,22
78,51,22
80,51,22
84,51,22
83,51,22
82,51,22
82,51,22
79,51,22
79,51,22
82,51,22
82,51,22
81,51,22
81,78,22
78,78,22
75,78,22
73,78,22
73,78,22
73,78,22
72,78,22
72,78,22
74,78,22
76,78,22
72,78,22
73,78,22
75,64,22
74,64,22
72,64,22
71,64,22
70,64,22
67,64,22
68,64,22
69,64,22
70,64,22
72,64,22
69,64,22
71,64,22
73,64,22
71,64,22
71,64,22
70,64,22
69,64,22
69,64,22
66,64,22
64,64,22
60,64,22
59,64,22
61,64,22
65,64,22
64,64,22
64,64,22
65,64,22
64,64,22
64,64,22
65,64,22
65,64,22
64,64,22
67,90,22
66,90,22
68,90,22
69,90,22
69,90,22
70,90,22
70,90,22
67,90,22
68,90,22
70,90,22
73,90,22
71,90,22
70,72,22
74,72,22
71,72,22
70,72,22
68,72,22
65,72,22
64,72,22
61,72,22
64,72,22
65,72,22
63,72,22
64,72,22
66,72,22
68,72,22
65,72,22
66,72,22
66,72,22
69,72,22
69,72,22
68,72,22
68,72,22
69,72,22
69,72,22
67,72,22
66,72,22
67,72,22
64,72,22
64,72,22
61,72,22
62,72,22
62,72,22
59,72,22
59,72,22
55,72,22
52,72,22
55,72,22
59,72,22
60,72,22
58,72,22
58,72,22
55,72,22
55,72,22
54,72,22
55,72,22
54,72,22
56,72,22
54,72,22
53,72,22
55,72,22
59,72,22
59,72,22
58,94,22
60,94,22
61,94,22
65,94,22
68,94,22
69,94,22
64,94,22
61,94,22
62,94,22
62,94,22
61,94,22
61,94,22
61,94,22
60,94,22
60,94,22
61,94,22
62,94,22
58,94,22
61,94,22
65,94,22
63,94,22
59,94,22
63,94,22
65,94,22
65,94,22
65,94,22
68,94,22
70,94,22
70,76,22
69,76,22
69,76,22
71,76,22
71,76,22
70,76,22
69,76,22
64,76,22
63,76,22
62,76,22
62,76,22
59,76,22
60,76,22
61,76,22
62,76,22
61,76,22
66,76,22
65,76,22
70,76,22
72,63,22
70,63,22
69,63,22
68,63,22
69,63,22
70,63,22
67,63,22
71,59,22
74,59,22
73,59,22
77,59,22
75,59,22
75,59,22
72,59,22
72,59,22
76,59,22
74,59,22
77,59,22
77,59,22
75,59,22
73,59,22
76,59,22
73,59,22
73,59,22
76,59,22
77,59,22
80,59,22
78,59,22
79,59,22
80,59,22
82,59,22
85,59,22
83,59,22
84,59,22
83,59,22
85,59,22
85,59,22
83,59,22
80,59,22
78,59,22
75,59,22
75,70,22
72,70,22
69,70,22
72,70,22
71,70,22
69,70,22
69,70,22
66,70,22
66,70,22
67,70,22
68,72,22
69,72,22
67,72,22
68,72,22
66,72,22
70,72,22
69,72,22
68,72,22
74,72,22
74,72,22
76,72,22
75,72,22
74,72,22
75,72,22
74,57,22
75,57,22
75,57,22
74,57,22
71,57,22
73,57,22
76,57,22
77,57,22
78,57,22
77,57,22
76,57,22
73,57,22
73,57,22
73,57,22
74,57,22
72,57,22
72,57,22
67,57,22
71,57,22
70,57,22
71,57,22
71,57,22
69,57,22
69,57,22
70,57,22
69,57,22
68,57,22
68,57,22
67,57,22
66,57,22
65,57,22
67,57,22
66,57,22
62,57,22
61,57,22
63,57,22
62,56,22
64,56,22
62,56,22
58,56,22
57,56,22
56,56,22
51,56,22
50,56,22
49,56,22
49,56,22
51,56,22
49,56,22
47,31,22
49,31,22
51,31,22
50,31,22
52,31,22
55,31,22
54,31,22
55,31,22
56,31,22
51,31,22
50,31,22
53,31,22
56,31,22
55,31,22
56,31,22
55,31,22
55,31,22
54,31,22
53,31,22
52,35,22
52,35,22
54,35,22
53,35,22
52,35,22
51,35,22
53,35,22
52,35,22
48,35,22
48,35,22
47,35,22
49,35,22
48,35,22
49,35,22
50,35,22
48,35,22
47,35,22
46,35,22
46,35,22
44,35,22
42,35,22
42,35,22
40,35,22
40,35,22
39,35,22
35,35,22
36,35,22
32,359,22
30,359,22
30,359,22
29,359,22
27,359,22
28,359,22
26,343,22
29,343,22
32,343,22
31,343,22
30,343,22
30,343,22
29,343,22
30,343,22
29,343,22
29,343,22
27,343,22
27,343,22
28,343,22
28,343,22
27,343,22
24,26,22
24,26,22
24,26,22
24,26,22
27,26,22
25,26,22
24,26,22
28,26,22
30,26,22
32,26,22
30,26,22
31,26,22
30,26,22
30,26,22
33,26,22
30,26,22
26,48,22
28,48,22
26,48,22
25,48,22
25,48,22
27,48,22
29,48,22
26,48,22
27,48,22
29,48,22
31,48,22
29,48,22
29,48,22
28,48,22
27,48,22
30,48,22
32,48,22
31,48,22
30,48,22
28,48,22
28,48,22
31,48,22
33,48,22
33,48,22
36,48,22
37,48,22
40,48,22
37,48,22
36,48,22
39,48,22
39,48,22
41,48,22
42,48,22
44,48,22
48,48,22
50,48,22
49,48,22
50,48,22
51,48,22
51,48,22
54,48,22
54,48,22
53,48,22
55,48,22
57,48,22
56,48,22
59,48,22
60,48,22
60,48,22
62,48,22
62,48,22
59,48,22
59,76,22
61,76,22
60,76,22
59,76,22
60,76,22
57,76,22
59,66,22
62,66,22
62,66,22
61,66,22
60,66,22
58,66,22
60,66,22
64,66,22
64,66,22
61,66,22
62,66,22
59,66,22
58,66,22
61,66,22
57,66,22
56,66,22
55,66,22
58,66,22
55,66,22
59,66,22
60,66,22
58,66,22
58,66,22
58,66,22
58,66,22
58,66,22
58,65,22
56,65,22
53,65,22
51,65,22
48,65,22
48,65,22
49,65,22
52,65,22
49,65,22
47,65,22
45,65,22
44,65,22
46,65,22
46,65,22
45,65,22
42,65,22
44,65,22
44,65,22
40,65,22
37,65,22
39,65,22
38,65,22
39,65,22
38,65,22
38,53,22
37,53,22
38,53,22
36,53,22
34,53,22
37,53,22
33,53,22
34,53,22
33,53,22
36,53,22
35,53,22
37,53,22
40,53,22
37,53,22
36,53,22
37,53,22
36,53,22
35,53,22
35,53,22
34,53,22
33,53,22
34,53,22
34,53,22
35,53,22
33,53,22
36,53,22
34,53,22
34,53,22
34,53,22
35,53,22
33,53,22
37,39,22
39,39,22
36,39,22
36,39,22
35,39,22
31,39,22
29,39,22
28,39,22
28,39,22
27,39,22
26,50,22
23,50,22
23,50,22
20,50,22
17,50,22
19,50,22
15,358,22
13,358,22
11,358,22
15,358,22
15,358,22
18,358,22
18,358,22
15,358,22
15,358,22
14,358,22
15,358,22
16,358,22
14,358,22
15,358,22
14,358,22
11,356,22
14,356,22
16,356,22
19,356,22
22,356,22
18,356,22
18,356,22
15,356,22
17,356,22
13,356,22
12,356,22
10,356,22
14,356,22
19,356,22
17,356,22
13,356,22
13,356,22
13,356,22
13,356,22
16,356,22
17,356,22
17,356,22
16,356,22
17,12,22
14,12,22
14,12,22
15,12,22
13,12,22
12,12,22
10,12,22
8,12,22
7,12,22
5,12,22
5,12,22
5,12,22
6,12,22
6,12,22
8,12,22
9,12,22
7,12,22
7,12,22
9,12,22
7,12,22
7,12,22
9,12,22
6,30,22
6,30,22
8,30,22
6,30,22
10,30,22
10,30,22
9,30,22
8,30,22
9,30,22
9,30,22
8,30,22
10,30,22
11,30,22
12,30,22
10,30,22
9,30,22
9,30,22
8,30,22
4,30,22
5,30,22
6,30,22
7,30,22
4,30,22
4,30,22
6,30,22
4,30,22
2,30,22
3,30,22
6,30,22
9,30,22
9,30,22
11,345,22
10,345,22
11,345,22
13,345,22
15,345,22
15,345,22
17,345,22
19,345,22
20,345,22
22,345,22
23,345,22
24,345,22
25,345,22
19,345,22
18,345,22
19,345,22
19,345,22
18,29,22
18,29,22
20,29,22
20,29,22
21,29,22
20,29,22
19,29,22
20,29,22
18,29,22
18,29,22
20,29,22
23,29,22
25,29,22
27,29,22
23,29,22
22,29,22
21,29,22
18,29,22
23,29,22
23,29,22
20,29,22
18,29,22
17,29,22
13,16,22
10,16,22
7,16,22
8,16,22
11,16,22
10,16,22
9,16,22
10,16,22
8,16,22
8,16,22
5,16,22
4,16,22
2,16,22
3,16,22
4,16,22
2,16,22
1,16,22
6,16,22
4,16,22
3,350,22
6,350,22
3,350,22
2,350,22
357,350,22
358,350,22
0,350,22
357,350,22
356,350,22
357,350,22
357,350,22
357,350,22
355,350,22
356,350,22
358,350,22
358,350,22
357,350,22
353,350,22
355,26,22
353,26,22
353,26,22
354,26,22
356,26,22
357,26,22
355,349,22
353,349,22
355,349,22
359,349,22
357,349,22
355,349,22
359,349,22
358,349,22
0,349,22
359,349,22
359,349,22
0,349,22
2,349,22
4,349,22
4,349,22
5,349,22
1,349,22
4,349,22
7,349,22
13,349,22
12,349,22
10,349,22
9,349,22
9,358,22
8,358,22
7,358,22
8,358,22
5,358,22
4,358,22
3,358,22
358,358,22
359,358,22
356,358,22
359,358,22
1,358,22
0,358,22
1,358,22
5,358,22
7,358,22
4,358,22
3,358,22
2,358,22
6,358,22
9,358,22
10,358,22
11,358,22
10,358,22
11,49,22
14,49,22
10,49,22
10,49,22
10,49,22
9,49,22
12,49,22
12,49,22
13,353,22
17,353,22
22,353,22
23,353,22
21,353,22
21,353,22
18,353,22
19,353,22
20,353,22
17,353,22
15,353,22
13,353,22
19,353,22
21,353,22
25,353,22
28,353,22
28,353,22
26,353,22
23,353,22
22,353,22
23,353,22
22,353,22
22,353,22
22,353,22
20,353,22
17,353,22
19,353,22
19,353,22
19,353,22
20,353,22
18,353,22
16,353,22
18,353,22
18,353,22
16,353,22
16,14,22
14,14,22
9,14,22
9,14,22
11,14,22
12,14,22
12,14,22
11,14,22
13,14,22
15,14,22
17,14,22
19,14,22
20,14,22
20,14,22
20,14,22
23,14,22
24,14,22
23,14,22
23,14,22
24,14,22
25,14,22
23,14,22
23,14,22
23,14,22
22,14,22
24,14,22
23,44,22
19,44,22
19,44,22
14,44,22
18,44,22
19,44,22
21,44,22
22,44,22
23,44,22
23,44,22
30,44,22
28,44,22
25,44,22
24,44,22
27,44,22
25,44,22
27,44,22
24,44,22
24,44,22
26,44,22
23,44,22
21,44,22
20,44,22
20,44,22
23,44,22
21,44,22
22,44,22
17,44,22
18,44,22
17,44,22
16,44,22
13,44,22
11,44,22
11,44,22
9,38,22
8,38,22
9,38,22
7,38,22
7,38,22
7,38,22
7,38,22
6,38,22
3,38,22
5,38,22
5,38,22
5,38,22
6,38,22
6,38,22
8,38,22
8,38,22
8,38,22
7,38,22
6,38,22
5,9,22
5,9,22
5,9,22
5,9,22
7,9,22
6,9,22
11,9,22
7,9,22
4,9,22
6,9,22
7,9,22
7,9,22
5,9,22
5,9,22
6,26,22
7,26,22
9,26,22
10,26,22
8,26,22
7,26,22
7,26,22
11,13,22
9,13,22
8,13,22
10,13,22
10,13,22
9,13,22
11,13,22
11,13,22
11,13,22
8,13,22
8,13,22
4,28,22
4,28,22
3,28,22
2,28,22
0,28,22
0,28,22
1,28,22
3,28,22
2,28,22
2,28,22
2,28,22
3,28,22
4,28,22
6,28,22
5,28,22
4,28,22
6,28,22
7,28,22
4,28,22
5,28,22
5,28,22
6,28,22
7,28,22
7,28,22
9,28,22
10,28,22
8,28,22
9,28,22
6,28,22
7,28,22
5,28,22
8,28,22
8,28,22
8,1,22
9,1,22
7,1,22
8,1,22
8,1,22
8,1,22
12,1,22
10,1,22
8,1,22
8,56,22
7,56,22
6,56,22
9,56,22
12,56,22
11,56,22
11,56,22
14,56,22
17,56,22
17,56,22
16,56,22
16,56,22
16,56,22
17,56,22
15,56,22
15,56,22
12,56,22
12,56,22
13,56,22
14,56,22
14,56,22
15,56,22
17,56,22
14,56,22
11,56,22
11,56,22
9,56,22
8,56,22
7,56,22
10,56,22
10,56,22
8,56,22
10,56,22
11,56,22
12,56,22
12,56,22
14,56,22
18,56,22
17,56,22
18,56,22
18,56,22
16,56,22
14,56,22
15,56,22
18,56,22
15,56,22
19,56,22
19,56,22
21,19,22
22,19,22
21,19,22
23,19,22
21,19,22
22,19,22
19,19,22
23,19,22
22,19,22
19,19,22
19,357,22
21,357,22
19,357,22
19,357,22
19,357,22
20,357,22
20,357,22
15,357,22
12,357,22
13,357,22
12,357,22
14,357,22
14,357,22
13,357,22
12,357,22
11,357,22
10,357,22
9,357,22
7,357,22
9,357,22
10,357,22
11,357,22
15,357,22
12,357,22
11,357,22
13,357,22
11,357,22
11,357,22
13,357,22
14,357,22
13,357,22
13,357,22
14,357,22
15,357,22
15,357,22
19,357,22
20,357,22
21,357,22
24,357,22
24,357,22
28,357,22
27,357,22
26,357,22
24,357,22
24,357,22
24,357,22
27,357,22
23,357,22
21,357,22
24,357,22
24,357,22
23,357,22
18,357,22
19,357,22
17,22,22
19,22,22
19,22,22
20,22,22
22,22,22
19,22,22
17,22,22
17,22,22
16,22,22
15,22,22
13,22,22
12,22,22
13,22,22
11,22,22
11,22,22
10,22,22
9,22,22
7,22,22
5,22,22
5,22,22
5,22,22
6,349,22
4,349,22
2,349,22
2,349,22
2,349,22
0,349,22
1,349,22
4,349,22
5,349,22
5,349,22
5,349,22
5,349,22
5,349,22
7,16,22
5,16,22
5,16,22
5,16,22
8,16,22
7,16,22
8,16,22
14,16,22
14,16,22
15,16,22
16,16,22
17,16,22
19,16,22
21,16,22
18,16,22
19,16,22
19,16,22
17,16,22
19,16,22
20,16,22
21,16,22
25,16,22
24,16,22
21,16,22
20,16,22
21,16,22
23,16,22
25,16,22
23,16,22
24,16,22
27,16,22
25,16,22
24,16,22
26,16,22
27,16,22
28,16,22
27,16,22
26,16,22
25,16,22
26,16,22
28,16,22
25,16,22
28,36,22
28,36,22
28,36,22
30,36,22
31,36,22
29,36,22
30,36,22
29,36,22
26,36,22
24,36,22
22,36,22
18,36,22
19,36,22
23,36,22
24,36,22
24,36,22
23,36,22
22,43,22
23,43,22
22,43,22
24,43,22
22,43,22
24,43,22
24,43,22
21,16,22
22,16,22
19,16,22
18,16,22
20,16,22
22,16,22
23,16,22
17,16,22
18,16,22
19,16,22
18,16,22
16,16,22
14,16,22
14,16,22
14,16,22
13,16,22
14,16,22
17,16,22
20,16,22
14,16,22
11,16,22
12,16,22
12,16,22
9,16,22
10,16,22
10,16,22
9,16,22
9,10,22
9,10,22
5,10,22
4,10,22
3,10,22
1,10,22
1,13,22
0,13,22
2,13,22
3,13,22
3,13,22
2,13,22
7,13,22
7,13,22
8,13,22
9,13,22
8,13,22
9,13,22
10,13,22
11,18,22
11,18,22
8,18,22
7,18,22
6,18,22
9,18,22
11,348,22
10,348,22
13,348,22
15,348,22
12,348,22
15,348,22
17,348,22
18,348,22
16,348,22
17,348,22
16,348,22
18,348,22
22,348,22
24,348,22
22,348,22
23,28,22
24,28,22
27,28,22
26,28,22
30,28,22
28,28,22
32,39,22
32,39,22
32,39,22
30,39,22
28,39,22
31,39,22
33,39,22
29,39,22
30,39,22
28,39,22
28,39,22
27,28,22
24,28,22
25,28,22
26,28,22
27,28,22
28,28,22
31,28,22
31,28,22
32,28,22
30,28,22
30,28,22
27,28,22
27,28,22
29,28,22
28,28,22
25,28,22
25,28,22
22,28,22
21,28,22
19,28,22
18,28,22
18,28,22
17,28,22
15,28,22
14,28,22
10,28,22
10,28,22
9,28,22
9,28,22
9,28,22
9,28,22
10,28,22
10,28,22
7,28,22
11,28,22
14,28,22
16,28,22
12,28,22
13,28,22
15,28,22
18,28,22
17,28,22
18,28,22
18,28,22
20,28,22
21,28,22
23,28,22
24,28,22
25,28,22
23,28,22
23,28,22
26,28,22
25,28,22
23,28,22
19,28,22
21,28,22
17,28,22
19,28,22
20,28,22
21,28,22
21,30,22
18,30,22
17,30,22
18,30,22
16,30,22
17,30,22
15,30,22
16,30,22
16,30,22
15,30,22
15,30,22
13,30,22
12,30,22
13,30,22
13,30,22
10,30,22
11,30,22
11,30,22
10,30,22
8,30,22
13,30,22
14,30,22
16,30,22
15,30,22
16,19,22
15,19,22
17,19,22
19,19,22
18,19,22
19,19,22
19,19,22
19,19,22
20,19,22
19,19,22
16,19,22
16,19,22
16,19,22
17,19,22
17,19,22
16,19,22
16,19,22
16,19,22
18,19,22
20,19,22
22,19,22
18,19,22
17,19,22
20,19,22
22,19,22
22,352,22
19,352,22
20,352,22
20,352,22
22,352,22
20,352,22
21,352,22
21,352,22
18,352,22
19,352,22
19,352,22
19,352,22
22,352,22
24,352,22
22,352,22
19,352,22
24,3,22
24,3,22
22,3,22
26,3,22
28,3,22
27,3,22
27,3,22
30,3,22
31,3,22
31,3,22
31,3,22
30,3,22
29,3,22
33,3,22
34,13,22
35,13,22
35,13,22
34,13,22
35,13,22
35,13,22
32,13,22
33,13,22
37,13,22
38,13,22
37,13,22
37,13,22
42,13,22
42,13,22
38,13,22
40,13,22
41,13,22
40,13,22
43,13,22
45,13,22
49,13,22
47,13,22
46,13,22
46,13,22
48,13,22
51,13,22
50,72,22
50,72,22
47,72,22
47,72,22
49,72,22
49,72,22
49,72,22
48,72,22
49,72,22
47,72,22
46,72,22
46,72,22
45,72,22
45,72,22
48,72,22
47,72,22
49,72,22
45,72,22
48,72,22
44,72,22
47,72,22
44,72,22
44,72,22
46,72,22
47,72,22
47,72,22
45,72,22
44,72,22
46,72,22
43,72,22
42,72,22
43,72,22
43,72,22
46,72,22
45,72,22
46,20,22
47,20,22
46,20,22
47,20,22
43,20,22
44,20,22
43,40,22
39,40,22
37,40,22
32,40,22
34,40,22
33,40,22
33,40,22
34,40,22
33,40,22
31,40,22
34,40,22
34,40,22
34,40,22
35,45,22
35,45,22
32,45,22
32,45,22
36,45,22
39,45,22
40,28,22
42,28,22
45,28,22
43,28,22
44,28,22
43,28,22
44,18,22
44,18,22
43,18,22
44,18,22
42,18,22
42,18,22
43,18,22
42,18,22
45,18,22
46,18,22
44,18,22
43,32,22
41,32,22
43,32,22
38,32,22
40,32,22
35,32,22
33,32,22
34,32,22
33,32,22
30,31,22
29,31,22
26,31,22
25,31,22
24,31,22
19,31,22
21,0,22
18,0,22
19,0,22
16,0,22
15,0,22
18,0,22
18,0,22
13,0,22
16,0,22
16,0,22
20,0,22
18,0,22
18,0,22
20,0,22
17,0,22
16,0,22
22,0,22
21,0,22
23,0,22
23,0,22
25,0,22
28,45,22
31,45,22
30,45,22
30,45,22
29,45,22
29,45,22
28,45,22
30,45,22
30,45,22
30,45,22
30,45,22
27,45,22
26,31,22
24,31,22
23,31,22
19,31,22
20,31,22
19,31,22
19,31,22
20,31,22
22,31,22
19,31,22
15,31,22
12,31,22
16,31,22
18,31,22
17,31,22
18,31,22
20,31,22
19,31,22
19,7,22
18,7,22
17,7,22
17,7,22
20,7,22
19,7,22
19,7,22
21,16,22
20,16,22
19,16,22
16,16,22
16,16,22
12,16,22
11,16,22
12,16,22
14,16,22
18,36,22
17,36,22
17,36,22
15,36,22
12,36,22
15,36,22
14,36,22
15,36,22
14,36,22
12,36,22
12,36,22
15,36,22
16,36,22
17,36,22
21,36,22
24,36,22
27,36,22
30,36,22
30,36,22
31,33,22
27,33,22
26,33,22
26,33,22
27,33,22
26,33,22
23,33,22
24,33,22
24,33,22
22,33,22
28,33,22
27,33,22
29,33,22
27,33,22
29,33,22
27,3,22
26,3,22
30,3,22
31,3,22
31,3,22
32,3,22
32,3,22
31,3,22
32,3,22
32,3,22
32,3,22
33,3,22
36,3,22
36,3,22
36,3,22
35,3,22
36,3,22
34,3,22
35,3,22
33,3,22
33,3,22
34,3,22
35,39,22
33,39,22
34,39,22
35,39,22
34,39,22
31,39,22
32,39,22
31,39,22
31,39,22
29,39,22
26,39,22
26,39,22
25,39,22
23,39,22
21,39,22
24,39,22
24,39,22
22,39,22
23,39,22
22,39,22
23,39,22
27,39,22
24,39,22
22,39,22
21,39,22
22,36,22
22,36,22
23,36,22
25,36,22
24,36,22
25,36,22
23,36,22
22,36,22
23,36,22
23,36,22
24,36,22
27,36,22
26,11,22
30,11,22
28,11,22
24,11,22
25,11,22
26,11,22
24,11,22
25,11,22
25,11,22
28,11,22
30,11,22
29,11,22
27,11,22
26,11,22
28,11,22
27,11,22
27,11,22
27,11,22
25,11,22
20,11,22
19,11,22
19,11,22
16,350,22
15,350,22
17,350,22
15,350,22
14,350,22
13,350,22
13,350,22
14,350,22
13,350,22
13,350,22
12,21,22
12,21,22
14,21,22
13,21,22
14,21,22
14,21,22
14,21,22
12,21,22
9,21,22
10,21,22
8,21,22
9,21,22
10,21,22
11,21,22
11,21,22
12,21,22
10,21,22
8,21,22
8,358,22
9,358,22
10,358,22
9,358,22
8,358,22
6,358,22
2,358,22
2,358,22
5,358,22
6,358,22
4,358,22
5,358,22
5,20,22
3,20,22
5,20,22
2,20,22
2,20,22
1,20,22
1,20,22
0,20,22
359,20,22
355,20,22
353,311,22
353,311,22
351,311,22
352,311,22
352,311,22
351,311,22
351,311,22
350,311,22
353,311,22
353,311,22
354,311,22
354,311,22
354,1,22
356,1,22
356,1,22
359,1,22
0,1,22
0,1,22
1,1,22
2,1,22
3,1,22
0,1,22
4,1,22
3,1,22
3,1,22
7,1,22
7,1,22
5,6,22
5,6,22
11,6,22
5,6,22
3,6,22
7,6,22
5,6,22
8,6,22
10,6,22
14,6,22
13,6,22
12,6,22
13,6,22
16,6,22
19,4,22
18,4,22
20,4,22
19,4,22
19,4,22
19,4,22
19,4,22
23,4,22
21,4,22
24,4,22
25,4,22
25,4,22
25,4,22
25,4,22
22,4,22
21,4,22
20,38,22
22,38,22
16,38,22
14,38,22
13,38,22
15,38,22
14,38,22
12,38,22
13,38,22
13,38,22
14,38,22
15,38,22
17,38,22
18,38,22
17,38,22
17,38,22
18,38,22
20,38,22
19,38,22
17,38,22
12,23,22
10,23,22
7,23,22
6,23,22
7,23,22
3,23,22
359,23,22
356,23,22
358,23,22
358,23,22
356,23,22
357,23,22
357,23,22
355,23,22
353,23,22
355,23,22
354,23,22
352,23,22
351,23,22
348,23,22
349,23,22
347,23,22
347,23,22
344,23,22
343,23,22
342,23,22
345,23,22
342,23,22
339,23,22
343,23,22
342,23,22
338,23,22
339,23,22
341,23,22
344,23,22
341,23,22
343,23,22
340,23,22
341,23,22
340,23,22
338,23,22
338,23,22
339,23,22
343,23,22
346,23,22
347,23,22
347,23,22
350,23,22
349,23,22
345,23,22
346,23,22
347,23,22
348,23,22
349,23,22
347,23,22
350,23,22
352,2,22
352,2,22
351,2,22
352,2,22
349,2,22
354,2,22
354,2,22
351,2,22
353,319,22
354,319,22
352,319,22
351,319,22
349,319,22
352,319,22
352,319,22
350,319,22
352,319,22
352,319,22
353,319,22
351,319,22
350,319,22
348,319,22
348,319,22
350,319,22
349,1,22
351,1,22
349,1,22
347,1,22
349,1,22
347,1,22
349,1,22
353,1,22
353,1,22
356,1,22
359,1,22
359,1,22
359,1,22
2,1,22
0,1,22
1,1,22
359,1,22
355,1,22
355,1,22
356,1,22
354,1,22
354,1,22
353,1,22
353,1,22
355,1,22
355,1,22
354,1,22
352,1,22
355,8,22
356,8,22
357,8,22
357,8,22
355,8,22
355,8,22
354,8,22
355,8,22
358,8,22
359,8,22
0,8,22
0,8,22
358,328,22
0,328,22
0,328,22
1,328,22
0,328,22
0,328,22
3,328,22
2,328,22
3,328,22
359,328,22
0,328,22
0,328,22
1,328,22
1,12,22
357,12,22
358,12,22
0,12,22
0,12,22
0,12,22
0,12,22
358,3,22
354,3,22
356,3,22
359,3,22
0,3,22
7,3,22
6,3,22
8,3,22
9,3,22
8,3,22
4,3,22
4,3,22
2,3,22
359,3,22
1,3,22
0,3,22
359,3,22
359,3,22
357,3,22
354,3,22
357,3,22
356,3,22
356,3,22
351,3,22
350,3,22
347,3,22
349,3,22
351,3,22
349,3,22
346,3,22
344,3,22
346,3,22
345,3,22
345,3,22
347,3,22
345,3,22
342,3,22
341,3,22
341,3,22
343,3,22
343,3,22
343,3,22
344,354,22
346,354,22
348,354,22
348,354,22
346,354,22
346,354,22
342,354,22
341,354,22
343,354,22
341,354,22
341,354,22
344,354,22
344,340,22
343,340,22
345,340,22
345,340,22
346,340,22
346,340,22
346,340,22
347,340,22
347,340,22
351,340,22
352,340,22
352,340,22
347,340,22
347,340,22
346,340,22
347,340,22
347,340,22
347,340,22
346,340,22
344,340,22
341,340,22
339,340,22
341,358,22
343,358,22
344,358,22
345,358,22
345,358,22
347,358,22
346,358,22
348,358,22
349,358,22
348,358,22
346,358,22
345,358,22
347,358,22
345,358,22
346,358,22
346,358,22
341,358,22
341,358,22
343,358,22
340,358,22
343,358,22
343,358,22
344,358,22
340,358,22
341,358,22
338,358,22
338,358,22
334,358,22
331,358,22
337,358,22
330,358,22
332,358,22
334,358,22
330,358,22
333,341,22
332,341,22
333,341,22
332,341,22
332,341,22
330,341,22
329,341,22
328,341,22
327,341,22
330,341,22
326,341,22
327,341,22
328,341,22
329,346,22
330,346,22
331,346,22
333,346,22
331,346,22
332,346,22
331,346,22
334,346,22
334,346,22
336,346,22
336,346,22
337,346,22
338,346,22
340,346,22
339,346,22
335,346,22
339,346,22
336,346,22
336,346,22
335,346,22
335,14,22
336,14,22
335,14,22
336,14,22
334,14,22
332,14,22
332,14,22
333,14,22
333,14,22
334,14,22
334,14,22
333,14,22
331,14,22
332,14,22
333,14,22
329,14,22
330,14,22
330,14,22
330,14,22
333,327,22
334,327,22
335,327,22
334,327,22
332,327,22
330,327,22
331,327,22
329,327,22
330,327,22
329,327,22
327,327,22
328,327,22
326,327,22
328,327,22
327,327,22
329,327,22
329,327,22
329,327,22
330,327,22
329,327,22
328,327,22
330,327,22
333,327,22
330,327,22
329,327,22
329,327,22
328,327,22
327,327,22
326,327,22
328,327,22
330,327,22
329,327,22
332,327,22
329,327,22
326,327,22
330,327,22
330,327,22
329,327,22
329,327,22
328,327,22
324,327,22
325,327,22
323,327,22
327,327,22
328,327,22
331,327,22
331,327,22
329,327,22
331,327,22
332,327,22
332,327,22
330,327,22
329,327,22
327,327,22
331,328,22
329,328,22
329,328,22
331,328,22
331,328,22
332,328,22
331,349,22
333,349,22
332,349,22
333,349,22
333,349,22
333,349,22
333,349,22
329,349,22
335,349,22
333,349,22
333,349,22
333,331,22
334,331,22
331,331,22
334,331,22
335,331,22
338,331,22
342,331,22
342,331,22
342,331,22
340,331,22
339,331,22
338,331,22
336,331,22
339,331,22
339,331,22
341,331,22
344,331,22
345,331,22
349,331,22
349,331,22
350,331,22
348,331,22
347,331,22
348,331,22
349,331,22
350,331,22
349,331,22
348,331,22
346,331,22
344,331,22
342,331,22
339,331,22
337,331,22
344,331,22
344,331,22
342,331,22
341,331,22
339,331,22
340,331,22
343,331,22
341,331,22
340,331,22
343,337,22
343,337,22
338,337,22
340,337,22
335,337,22
334,337,22
334,337,22
335,337,22
334,337,22
334,337,22
338,337,22
341,337,22
341,337,22
337,337,22
333,337,22
334,337,22
333,337,22
335,337,22
331,337,22
331,337,22
330,337,22
331,337,22
330,337,22
332,337,22
334,337,22
334,337,22
333,337,22
330,337,22
331,337,22
333,337,22
332,314,22
331,314,22
332,314,22
330,314,22
331,314,22
331,314,22
328,314,22
327,314,22
325,314,22
323,314,22
322,314,22
324,314,22
322,314,22
323,314,22
321,314,22
323,314,22
322,314,22
324,314,22
320,314,22
319,314,22
323,314,22
325,314,22
326,314,22
322,314,22
320,314,22
320,314,22
321,314,22
317,314,22
323,314,22
324,314,22
321,314,22
320,314,22
322,314,22
321,314,22
319,314,22
318,314,22
315,314,22
315,314,22
313,314,22
313,314,22
313,314,22
318,314,22
317,314,22
315,314,22
316,314,22
311,314,22
310,314,22
311,314,22
312,314,22
313,314,22
314,327,22
313,327,22
311,327,22
309,327,22
311,327,22
314,327,22
313,327,22
312,327,22
312,327,22
316,327,22
315,327,22
314,327,22
314,327,22
316,327,22
315,327,22
312,327,22
308,327,22
312,327,22
310,327,22
311,327,22
310,327,22
312,327,22
313,327,22
313,327,22
311,327,22
313,308,22
312,308,22
311,308,22
315,308,22
315,308,22
318,308,22
319,308,22
321,308,22
318,308,22
317,308,22
313,308,22
315,308,22
316,308,22
316,308,22
318,308,22
313,308,22
311,308,22
308,308,22
305,308,22
306,308,22
304,279,22
304,279,22
304,279,22
302,279,22
300,279,22
301,279,22
302,279,22
304,279,22
304,279,22
304,279,22
305,279,22
305,279,22
306,279,22
308,279,22
311,279,22
310,279,22
308,321,22
308,321,22
308,321,22
309,321,22
310,321,22
308,321,22
309,321,22
308,321,22
310,321,22
308,321,22
307,321,22
307,321,22
305,321,22
303,321,22
300,321,22
300,321,22
299,321,22
301,321,22
295,321,22
294,321,22
294,321,22
291,321,22
290,321,22
290,321,22
289,321,22
290,292,22
290,292,22
287,292,22
286,292,22
287,292,22
285,292,22
282,292,22
281,292,22
284,292,22
283,292,22
281,292,22
280,292,22
279,292,22
276,292,22
275,292,22
275,292,22
273,292,22
272,292,22
274,246,22
272,246,22
272,246,22
273,246,22
274,246,22
274,246,22
275,246,22
277,246,22
273,246,22
270,246,22
272,246,22
272,246,22
275,246,22
273,246,22
274,246,22
272,246,22
276,246,22
278,246,22
273,246,22
274,246,22
275,246,22
276,246,22
275,246,22
276,246,22
277,246,22
276,246,22
274,246,22
273,246,22
271,246,22
271,246,22
271,246,22
272,246,22
272,246,22
270,246,22
270,246,22
271,246,22
271,246,22
274,246,22
271,246,22
269,246,22
267,246,22
266,246,22
270,246,22
273,246,22
274,246,22
274,246,22
273,246,22
274,246,22
279,246,22
278,246,22
279,246,22
275,246,22
273,246,22
273,246,22
273,246,22
274,246,22
277,246,22
273,246,22
273,246,22
272,278,22
272,278,22
276,278,22
277,278,22
275,278,22
277,278,22
274,278,22
276,278,22
274,278,22
273,278,22
272,278,22
272,278,22
268,278,22
271,278,22
271,278,22
273,278,22
274,278,22
273,278,22
273,278,22
272,278,22
272,266,22
272,266,22
270,266,22
267,266,22
269,266,22
270,266,22
271,266,22
270,266,22
272,266,22
272,266,22
275,266,22
276,266,22
276,266,22
276,266,22
279,266,22
281,266,22
280,266,22
282,260,22
281,260,22
281,260,22
282,260,22
284,260,22
282,260,22
284,260,22
284,260,22
285,260,22
289,260,22
289,260,22
290,260,22
290,260,22
290,260,22
290,260,22
288,260,22
287,260,22
284,260,22
287,260,22
288,260,22
287,260,22
285,260,22
282,260,22
282,260,22
282,271,22
282,271,22
279,271,22
278,271,22
281,271,22
283,271,22
285,271,22
288,271,22
286,271,22
288,271,22
283,271,22
286,271,22
286,271,22
285,271,22
284,271,22
286,271,22
285,271,22
284,271,22
287,271,22
286,271,22
283,271,22
282,271,22
284,271,22
284,271,22
285,271,22
285,271,22
287,271,22
286,271,22
286,271,22
290,271,22
290,271,22
290,271,22
289,271,22
290,271,22
288,271,22
291,271,22
287,271,22
287,271,22
289,271,22
289,271,22
287,271,22
288,271,22
285,271,22
286,326,22
283,326,22
285,326,22
289,326,22
293,326,22
292,326,22
291,326,22
290,326,22
289,326,22
287,326,22
288,326,22
292,326,22
294,283,22
296,283,22
294,283,22
294,283,22
297,283,22
296,283,22
297,283,22
294,283,22
296,283,22
294,283,22
295,319,22
293,319,22
292,319,22
293,319,22
293,319,22
293,319,22
291,319,22
290,319,22
290,319,22
294,319,22
294,319,22
296,319,22
296,319,22
295,319,22
295,319,22
297,319,22
299,319,22
298,319,22
296,319,22
300,319,22
299,319,22
300,319,22
301,319,22
303,319,22
300,319,22
301,319,22
302,319,22
303,319,22
302,319,22
307,319,22
304,319,22
305,319,22
300,319,22
302,319,22
305,319,22
307,319,22
307,319,22
306,319,22
308,319,22
310,310,22
311,310,22
313,310,22
314,310,22
317,310,22
317,310,22
314,310,22
313,310,22
308,310,22
309,310,22
308,310,22
307,280,22
303,280,22
305,280,22
305,280,22
304,280,22
307,280,22
307,280,22
307,280,22
306,280,22
308,280,22
304,280,22
303,280,22
301,280,22
304,280,22
301,280,22
300,280,22
304,280,22
306,280,22
309,280,22
309,280,22
310,322,22
310,322,22
311,322,22
310,322,22
310,322,22
307,322,22
310,322,22
312,322,22
313,322,22
314,322,22
314,322,22
314,322,22
312,322,22
313,322,22
312,322,22
311,322,22
312,322,22
312,322,22
312,322,22
311,341,22
313,341,22
310,341,22
311,341,22
308,341,22
312,341,22
315,341,22
317,341,22
315,341,22
315,333,22
313,333,22
310,333,22
314,333,22
315,333,22
316,333,22
316,333,22
320,333,22
317,333,22
319,333,22
320,333,22
319,333,22
318,333,22
318,333,22
320,333,22
316,333,22
317,333,22
318,333,22
321,333,22
320,333,22
319,333,22
323,333,22
320,333,22
323,333,22
324,333,22
323,333,22
322,333,22
319,333,22
319,333,22
316,333,22
316,333,22
318,333,22
315,333,22
317,333,22
316,333,22
312,333,22
312,333,22
313,333,22
311,308,22
312,308,22
309,308,22
310,308,22
309,308,22
310,308,22
310,308,22
306,308,22
306,308,22
307,308,22
306,308,22
303,308,22
304,308,22
304,308,22
303,308,22
302,308,22
305,308,22
303,308,22
303,308,22
302,308,22
303,308,22
307,308,22
310,308,22
312,341,22
317,341,22
319,341,22
317,341,22
317,341,22
316,341,22
316,341,22
314,341,22
312,325,22
311,325,22
309,325,22
312,325,22
315,325,22
315,325,22
315,325,22
315,325,22
315,325,22
316,325,22
319,325,22
317,325,22
317,325,22
314,325,22
311,325,22
313,325,22
313,325,22
314,325,22
316,294,22
316,294,22
317,294,22
321,294,22
320,294,22
318,294,22
315,294,22
313,294,22
311,294,22
313,294,22
312,294,22
314,294,22
313,294,22
311,294,22
313,294,22
318,294,22
317,294,22
319,294,22
318,294,22
318,320,22
317,320,22
314,320,22
314,320,22
310,320,22
312,320,22
314,320,22
316,320,22
319,320,22
316,320,22
317,320,22
316,320,22
317,320,22
316,320,22
316,320,22
318,320,22
317,320,22
314,320,22
313,320,22
316,320,22
313,320,22
314,320,22
316,320,22
313,320,22
313,320,22
311,320,22
310,320,22
308,314,22
308,314,22
304,314,22
301,314,22
300,314,22
304,314,22
304,314,22
303,314,22
306,314,22
304,314,22
308,314,22
305,314,22
304,314,22
301,314,22
299,314,22
300,314,22
299,294,22
298,294,22
300,294,22
302,294,22
303,294,22
303,294,22
305,294,22
305,294,22
305,294,22
307,294,22
309,294,22
310,294,22
312,294,22
312,294,22
310,294,22
310,294,22
308,294,22
307,294,22
311,294,22
309,294,22
306,294,22
309,294,22
311,294,22
312,294,22
315,294,22
312,294,22
312,294,22
314,294,22
316,294,22
314,294,22
315,294,22
316,345,22
315,345,22
315,345,22
319,345,22
317,345,22
316,345,22
319,345,22
322,345,22
320,345,22
321,345,22
322,345,22
322,345,22
321,345,22
323,345,22
322,345,22
325,345,22
325,345,22
325,345,22
324,345,22
322,345,22
326,345,22
326,345,22
328,345,22
331,345,22
334,345,22
335,345,22
336,345,22
335,328,22
337,328,22
336,328,22
331,328,22
331,328,22
329,328,22
331,328,22
332,328,22
334,328,22
337,328,22
338,328,22
338,328,22
339,328,22
336,328,22
335,328,22
336,328,22
333,328,22
335,328,22
339,328,22
335,328,22
335,328,22
338,328,22
338,328,22
340,328,22
340,328,22
342,328,22
342,328,22
342,328,22
342,328,22
342,328,22
348,328,22
349,328,22
350,328,22
350,328,22
349,328,22
348,328,22
348,328,22
350,328,22
347,328,22
350,328,22
349,328,22
351,328,22
352,328,22
355,328,22
354,33,22
357,33,22
355,33,22
354,33,22
352,33,22
351,33,22
350,33,22
352,33,22
353,33,22
355,33,22
355,33,22
355,33,22
356,33,22
357,33,22
359,33,22
359,33,22
358,33,22
357,33,22
359,33,22
358,33,22
354,33,22
354,33,22
357,33,22
354,33,22
358,33,22
357,33,22
357,33,22
358,33,22
357,33,22
357,33,22
357,33,22
359,33,22
359,33,22
2,33,22
4,33,22
6,33,22
3,33,22
359,33,22
3,33,22
6,33,22
9,16,22
9,16,22
3,16,22
2,16,22
4,16,22
5,16,22
4,16,22
5,16,22
3,16,22
6,16,22
2,16,22
2,16,22
1,16,22
0,16,22
359,16,22
3,16,22
4,16,22
2,16,22
4,16,22
1,16,22
1,16,22
0,16,22
0,16,22
356,16,22
357,16,22
357,16,22
357,16,22
1,16,22
0,16,22
359,16,22
357,16,22
356,16,22
0,16,22
1,20,22
0,20,22
0,20,22
358,20,22
354,20,22
355,20,22
356,20,22
355,20,22
349,20,22
351,20,22
354,20,22
356,1,22
354,1,22
354,1,22
352,1,22
354,1,22
354,1,22
356,1,22
356,1,22
351,1,22
353,1,22
351,1,22
351,31,22
350,31,22
349,31,22
350,31,22
353,31,22
355,31,22
354,31,22
352,31,22
353,31,22
353,315,22
351,315,22
348,315,22
345,315,22
342,315,22
339,315,22
341,315,22
338,315,22
339,315,22
339,315,22
336,315,22
336,315,22
334,315,22
333,315,22
338,315,22
337,315,22
337,315,22
338,315,22
337,315,22
338,315,22
337,315,22
334,315,22
331,315,22
331,315,22
329,315,22
327,315,22
326,315,22
323,315,22
321,315,22
319,315,22
319,315,22
317,349,22
317,349,22
318,349,22
318,349,22
318,349,22
317,349,22
315,349,22
319,349,22
318,349,22
314,349,22
312,349,22
312,349,22
315,349,22
312,349,22
315,349,22
318,349,22
316,349,22
315,349,22
315,349,22
316,349,22
317,349,22
315,349,22
315,349,22
314,349,22
311,349,22
309,349,22
307,349,22
308,349,22
308,349,22
305,349,22
304,349,22
303,349,22
305,349,22
306,349,22
307,349,22
308,349,22
305,349,22
300,316,22
299,316,22
294,316,22
294,316,22
294,316,22
291,316,22
290,316,22
289,316,22
292,316,22
293,316,22
293,316,22
292,316,22
288,316,22
285,259,22
283,259,22
284,259,22
282,259,22
282,259,22
281,259,22
279,259,22
277,259,22
274,259,22
275,259,22
274,259,22
274,259,22
275,259,22
278,259,22
277,259,22
276,259,22
277,259,22
277,259,22
279,259,22
280,259,22
280,259,22
278,259,22
281,259,22
280,253,22
278,253,22
277,253,22
277,253,22
273,253,22
274,253,22
275,253,22
272,253,22
276,253,22
273,253,22
272,253,22
273,253,22
275,253,22
274,253,22
275,253,22
272,253,22
273,253,22
275,253,22
275,274,22
277,274,22
277,274,22
278,274,22
279,274,22
282,274,22
280,274,22
280,274,22
276,293,22
278,293,22
279,293,22
279,293,22
280,293,22
281,293,22
278,293,22
279,293,22
278,293,22
276,293,22
275,293,22
273,293,22
271,293,22
270,293,22
272,293,22
272,293,22
269,265,22
267,265,22
271,265,22
272,265,22
273,265,22
274,265,22
271,265,22
271,265,22
270,265,22
269,265,22
268,265,22
271,265,22
270,265,22
270,265,22
269,265,22
266,265,22
263,265,22
262,265,22
260,270,22
259,270,22
260,270,22
260,270,22
261,270,22
261,270,22
261,270,22
260,270,22
261,270,22
258,270,22
256,270,22
255,270,22
256,270,22
255,270,22
253,270,22
254,270,22
252,270,22
250,270,22
249,270,22
249,270,22
248,270,22
248,270,22
247,270,22
248,270,22
248,270,22
249,270,22
252,270,22
249,270,22
252,270,22
252,270,22
252,270,22
252,270,22
251,270,22
251,270,22
254,270,22
257,270,22
257,270,22
259,270,22
255,270,22
254,270,22
252,270,22
254,270,22
251,270,22
249,270,22
248,270,22
245,270,22
244,222,22
247,222,22
245,222,22
245,222,22
245,222,22
247,222,22
249,222,22
247,222,22
250,222,22
252,259,22
253,259,22
254,259,22
255,259,22
253,259,22
256,259,22
257,259,22
254,259,22
256,259,22
255,259,22
257,259,22
257,259,22
257,272,22
259,272,22
262,272,22
262,272,22
261,272,22
263,272,22
266,272,22
267,272,22
267,272,22
265,272,22
266,272,22
267,272,22
261,272,22
262,272,22
262,272,22
259,272,22
257,272,22
259,272,22
259,272,22
259,272,22
259,272,22
257,272,22
256,272,22
256,272,22
259,272,22
262,272,22
266,272,22
265,272,22
263,272,22
263,272,22
260,272,22
261,272,22
262,272,22
259,272,22
258,272,22
253,272,22
255,272,22
254,272,22
252,272,22
249,274,22
249,274,22
248,274,22
245,274,22
245,274,22
248,274,22
247,274,22
244,274,22
247,274,22
246,274,22
245,274,22
244,274,22
243,274,22
243,274,22
239,243,22
240,243,22
242,243,22
241,243,22
243,243,22
242,243,22
239,243,22
237,243,22
234,243,22
230,243,22
232,243,22
230,201,22
227,201,22
225,201,22
223,201,22
223,201,22
223,201,22
225,201,22
227,201,22
227,201,22
228,201,22
229,201,22
229,201,22
229,201,22
231,201,22
231,201,22
230,201,22
229,201,22
229,201,22
228,201,22
230,201,22
228,201,22
225,201,22
228,201,22
226,201,22
229,201,22
229,201,22
230,201,22
233,201,22
232,201,22
229,201,22
227,201,22
229,201,22
232,201,22
234,201,22
234,201,22
231,201,22
229,201,22
229,201,22
231,201,22
235,201,22
232,201,22
235,201,22
236,201,22
235,241,22
234,241,22
235,241,22
236,241,22
233,241,22
230,241,22
231,241,22
228,241,22
229,241,22
233,241,22
234,241,22
234,241,22
235,241,22
233,241,22
236,241,22
236,241,22
240,241,22
239,241,22
241,241,22
244,241,22
245,241,22
248,241,22
247,241,22
243,241,22
246,241,22
248,241,22
247,241,22
247,241,22
247,241,22
246,241,22
245,241,22
246,241,22
250,241,22
253,241,22
255,241,22
253,241,22
250,241,22
250,241,22
253,241,22
254,241,22
254,241,22
253,254,22
254,254,22
250,254,22
254,254,22
255,254,22
255,254,22
258,254,22
257,254,22
254,254,22
254,254,22
257,254,22
255,269,22
256,269,22
255,269,22
256,269,22
258,269,22
257,269,22
257,269,22
256,269,22
252,269,22
250,269,22
250,269,22
248,269,22
251,269,22
255,269,22
254,269,22
255,269,22
254,269,22
255,269,22
258,269,22
252,269,22
255,269,22
258,269,22
256,269,22
257,269,22
255,269,22
254,269,22
253,269,22
254,269,22
253,269,22
255,269,22
253,269,22
252,269,22
252,269,22
253,269,22
252,269,22
251,269,22
249,269,22
251,269,22
251,269,22
256,273,22
254,273,22
252,273,22
250,273,22
247,273,22
245,273,22
246,273,22
247,268,22
250,268,22
249,268,22
253,268,22
255,268,22
258,268,22
262,268,22
264,268,22
262,268,22
260,268,22
259,268,22
257,268,22
256,268,22
259,268,22
259,268,22
257,268,22
259,268,22
259,268,22
259,268,22
258,268,22
257,268,22
254,268,22
254,268,22
251,268,22
251,268,22
251,268,22
254,268,22
251,268,22
254,268,22
254,268,22
256,268,22
256,268,22
258,268,22
258,268,22
258,268,22
256,268,22
255,268,22
256,268,22
257,268,22
257,268,22
257,268,22
257,268,22
254,268,22
253,268,22
251,268,22
248,268,22
246,268,22
247,268,22
250,271,22
250,271,22
252,271,22
254,271,22
254,271,22
255,271,22
253,271,22
253,271,22
253,271,22
253,271,22
254,271,22
254,271,22
258,271,22
260,271,22
259,271,22
261,233,22
260,233,22
258,233,22
260,233,22
260,233,22
260,233,22
259,233,22
258,233,22
259,233,22
258,233,22
258,233,22
257,233,22
257,233,22
259,215,22
263,215,22
263,215,22
260,215,22
257,215,22
257,215,22
257,215,22
258,215,22
258,215,22
255,215,22
256,215,22
256,215,22
252,215,22
254,215,22
252,215,22
255,235,22
252,235,22
252,235,22
255,235,22
254,235,22
255,235,22
248,235,22
247,235,22
245,235,22
247,235,22
248,235,22
248,235,22
247,235,22
250,235,22
253,235,22
252,235,22
253,235,22
257,235,22
255,235,22
252,235,22
254,235,22
250,235,22
249,235,22
248,235,22
245,235,22
246,235,22
248,235,22
248,235,22
248,235,22
250,235,22
251,235,22
248,235,22
250,235,22
251,235,22
249,235,22
248,235,22
249,235,22
249,235,22
247,235,22
245,235,22
244,235,22
245,235,22
247,235,22
249,229,22
249,229,22
253,229,22
254,229,22
253,229,22
255,229,22
255,229,22
256,229,22
254,229,22
253,229,22
256,229,22
254,229,22
256,229,22
255,229,22
256,229,22
256,229,22
254,229,22
254,229,22
255,229,22
253,229,22
257,229,22
258,229,22
256,229,22
258,229,22
261,229,22
258,229,22
256,229,22
254,229,22
256,229,22
258,229,22
258,229,22
259,229,22
256,229,22
259,256,22
257,256,22
258,256,22
259,256,22
260,256,22
261,256,22
259,256,22
255,256,22
258,256,22
258,256,22
260,256,22
262,256,22
258,256,22
256,256,22
257,256,22
261,256,22
262,256,22
262,256,22
261,256,22
261,256,22
260,256,22
263,260,22
266,260,22
262,260,22
262,260,22
261,260,22
261,260,22
260,260,22
263,260,22
263,267,22
259,267,22
263,267,22
262,267,22
261,267,22
258,267,22
257,267,22
260,267,22
257,267,22
260,267,22
263,267,22
265,267,22
267,267,22
264,267,22
266,267,22
266,267,22
264,267,22
264,267,22
263,267,22
261,267,22
261,267,22
262,267,22
259,267,22
259,267,22
260,267,22
258,267,22
260,267,22
258,267,22
260,267,22
258,267,22
262,267,22
260,267,22
258,267,22
259,267,22
258,267,22
256,267,22
254,267,22
252,267,22
249,267,22
250,267,22
248,287,22
249,287,22
249,287,22
249,287,22
247,287,22
249,287,22
246,287,22
247,287,22
249,287,22
250,287,22
251,235,22
251,235,22
251,235,22
249,235,22
250,235,22
248,235,22
251,235,22
253,235,22
255,235,22
258,235,22
262,235,22
262,235,22
264,235,22
264,235,22
264,235,22
266,235,22
263,275,22
264,275,22
264,275,22
264,275,22
266,275,22
269,275,22
270,275,22
268,275,22
269,290,22
267,290,22
266,290,22
267,290,22
262,290,22
263,290,22
264,290,22
265,290,22
268,290,22
266,290,22
264,290,22
268,290,22
269,290,22
268,290,22
267,290,22
260,290,22
261,290,22
260,290,22
257,290,22
259,290,22
259,290,22
260,290,22
258,290,22
259,290,22
259,290,22
258,290,22
255,290,22
260,290,22
257,290,22
257,290,22
254,290,22
254,290,22
252,290,22
251,290,22
252,290,22
247,290,22
245,308,22
245,308,22
251,308,22
250,308,22
249,308,22
251,308,22
251,243,22
250,243,22
250,243,22
251,243,22
251,243,22
253,243,22
249,243,22
252,243,22
251,243,22
252,243,22
255,243,22
255,243,22
256,243,22
255,243,22
255,243,22
255,243,22
256,243,22
260,243,22
263,243,22
266,243,22
267,243,22
265,243,22
264,243,22
265,243,22
266,273,22
267,273,22
266,273,22
266,273,22
263,273,22
264,273,22
265,273,22
264,273,22
262,273,22
260,273,22
262,273,22
266,273,22
264,273,22
266,273,22
265,274,22
263,274,22
263,274,22
265,274,22
265,274,22
265,274,22
267,274,22
267,274,22
270,253,22
271,253,22
267,253,22
267,253,22
266,253,22
268,253,22
267,253,22
266,253,22
263,253,22
261,253,22
261,253,22
263,253,22
266,253,22
263,262,22
264,262,22
266,262,22
267,262,22
265,262,22
266,262,22
265,262,22
268,262,22
269,262,22
268,262,22
266,262,22
263,262,22
266,264,22
266,264,22
265,264,22
268,264,22
269,264,22
269,264,22
268,264,22
271,264,22
271,264,22
270,249,22
268,249,22
267,249,22
267,249,22
268,249,22
268,249,22
267,249,22
271,249,22
269,249,22
267,249,22
269,249,22
269,249,22
268,249,22
269,283,22
270,283,22
270,283,22
273,283,22
275,283,22
274,283,22
277,283,22
277,283,22
277,283,22
278,283,22
277,283,22
279,283,22
281,283,22
284,283,22
285,283,22
283,283,22
286,283,22
290,283,22
290,283,22
289,283,22
285,283,22
282,283,22
282,283,22
278,283,22
277,283,22
275,283,22
272,283,22
268,283,22
270,283,22
271,283,22
269,283,22
268,283,22
270,283,22
267,283,22
270,283,22
271,283,22
270,275,22
267,275,22
268,275,22
272,275,22
274,275,22
273,275,22
273,275,22
276,275,22
276,275,22
270,275,22
270,275,22
269,275,22
268,275,22
270,275,22
271,286,22
268,286,22
268,286,22
268,286,22
266,286,22
269,286,22
268,286,22
268,254,22
267,254,22
268,254,22
266,254,22
267,254,22
270,254,22
270,254,22
271,254,22
272,254,22
269,254,22
266,254,22
268,254,22
267,254,22
265,254,22
265,254,22
263,254,22
263,254,22
260,235,22
258,235,22
264,235,22
265,235,22
268,235,22
267,235,22
268,235,22
271,235,22
271,235,22
270,235,22
270,235,22
270,235,22
270,235,22
273,235,22
273,235,22
276,235,22
278,235,22
279,235,22
279,235,22
280,235,22
283,235,22
282,235,22
283,235,22
285,235,22
283,281,22
285,281,22
286,281,22
286,281,22
283,281,22
280,281,22
279,281,22
280,281,22
277,281,22
278,281,22
279,281,22
279,281,22
280,278,22
280,278,22
279,278,22
280,278,22
279,278,22
282,278,22
283,278,22
284,278,22
283,295,22
279,295,22
279,295,22
279,295,22
279,295,22
280,295,22
279,295,22
278,295,22
277,295,22
277,295,22
275,295,22
278,295,22
280,295,22
280,295,22
283,295,22
281,295,22
281,295,22
282,295,22
281,295,22
281,295,22
280,295,22
280,295,22
280,295,22
282,295,22
281,295,22
282,295,22
279,295,22
277,295,22
277,295,22
280,295,22
280,295,22
282,295,22
282,295,22
281,295,22
279,295,22
281,295,22
279,295,22
281,295,22
281,295,22
282,295,22
283,295,22
283,295,22
286,295,22
289,308,22
290,308,22
292,308,22
295,308,22
293,308,22
292,308,22
292,308,22
297,282,22
300,282,22
300,282,22
298,282,22
297,282,22
295,282,22
296,282,22
296,282,22
297,282,22
301,282,22
297,282,22
297,282,22
298,282,22
296,282,22
295,282,22
296,282,22
300,282,22
298,282,22
302,307,22
302,307,22
301,307,22
301,307,22
301,307,22
300,307,22
298,307,22
296,307,22
293,307,22
291,307,22
291,307,22
291,307,22
292,307,22
293,307,22
296,307,22
294,307,22
294,270,22
293,270,22
292,270,22
289,270,22
287,270,22
285,270,22
284,270,22
282,270,22
282,242,22
284,242,22
282,242,22
280,242,22
279,242,22
278,242,22
277,242,22
276,242,22
274,242,22
274,242,22
275,242,22
276,242,22
274,242,22
274,242,22
271,242,22
273,242,22
271,242,22
269,242,22
267,242,22
270,242,22
268,242,22
268,242,22
269,242,22
270,242,22
267,278,22
269,278,22
270,278,22
268,278,22
263,278,22
265,278,22
267,278,22
268,278,22
269,278,22
268,278,22
269,278,22
269,278,22
270,278,22
272,278,22
272,278,22
270,278,22
270,278,22
267,278,22
268,278,22
270,278,22
270,278,22
265,278,22
266,278,22
266,278,22
269,270,22
270,270,22
271,270,22
270,270,22
270,270,22
274,270,22
276,270,22
275,270,22
274,270,22
272,270,22
276,270,22
276,270,22
276,270,22
278,270,22
279,270,22
280,270,22
282,270,22
283,270,22
282,270,22
285,270,22
284,270,22
287,308,22
290,308,22
289,308,22
288,308,22
286,308,22
285,308,22
283,311,22
285,311,22
285,311,22
286,311,22
285,311,22
287,311,22
284,311,22
281,254,22
284,254,22
282,254,22
282,254,22
283,254,22
283,254,22
281,254,22
282,254,22
282,254,22
282,254,22
280,254,22
276,254,22
276,254,22
275,254,22
275,254,22
273,254,22
273,254,22
272,254,22
270,254,22
269,254,22
272,254,22
275,254,22
274,254,22
274,254,22
272,254,22
273,252,22
275,252,22
274,252,22
276,252,22
273,252,22
269,252,22
272,252,22
276,252,22
274,252,22
274,252,22
273,252,22
274,252,22
278,252,22
282,252,22
279,252,22
277,252,22
275,251,22
276,251,22
275,251,22
277,251,22
281,251,22
281,251,22
282,256,22
282,256,22
285,256,22
284,256,22
282,256,22
282,256,22
282,256,22
283,256,22
280,256,22
280,256,22
284,256,22
284,256,22
283,256,22
283,247,22
284,247,22
282,247,22
283,247,22
285,247,22
286,247,22
287,247,22
287,247,22
285,247,22
283,247,22
285,247,22
285,247,22
286,247,22
291,247,22
289,247,22
290,247,22
290,247,22
290,247,22
292,247,22
293,247,22
292,247,22
291,247,22
296,247,22
293,247,22
290,247,22
290,247,22
291,247,22
289,247,22
292,247,22
294,247,22
292,294,22
292,294,22
296,294,22
294,294,22
292,294,22
293,294,22
290,294,22
291,294,22
290,294,22
289,294,22
290,294,22
286,294,22
284,319,22
285,319,22
283,319,22
284,319,22
283,319,22
280,319,22
281,319,22
280,319,22
281,319,22
281,319,22
278,319,22
278,319,22
280,319,22
279,319,22
277,319,22
276,319,22
280,319,22
279,280,22
278,280,22
280,280,22
280,280,22
280,280,22
280,280,22
278,280,22
280,280,22
277,280,22
275,280,22
274,280,22
271,244,22
271,244,22
272,244,22
270,244,22
265,244,22
267,244,22
267,244,22
268,244,22
270,244,22
273,244,22
271,244,22
275,244,22
273,244,22
271,244,22
270,244,22
272,244,22
273,244,22
272,244,22
273,244,22
274,244,22
277,244,22
275,281,22
275,281,22
275,281,22
276,281,22
276,281,22
277,281,22
277,281,22
274,281,22
272,281,22
273,281,22
277,281,22
277,281,22
275,281,22
274,281,22
273,281,22
272,281,22
271,281,22
272,281,22
275,281,22
273,281,22
273,281,22
274,281,22
274,281,22
272,281,22
272,281,22
273,281,22
275,281,22
276,260,22
278,260,22
277,260,22
275,260,22
275,260,22
272,260,22
269,260,22
268,260,22
271,260,22
273,260,22
273,260,22
276,260,22
278,260,22
279,260,22
278,260,22
278,260,22
278,260,22
281,260,22
280,260,22
280,260,22
278,260,22
275,260,22
274,260,22
273,260,22
273,260,22
273,260,22
274,260,22
271,260,22
275,260,22
276,260,22
276,260,22
275,260,22
273,260,22
272,260,22
272,285,22
272,285,22
271,285,22
271,285,22
271,285,22
269,285,22
268,285,22
268,285,22
269,285,22
268,285,22
269,285,22
265,285,22
263,285,22
265,285,22
267,285,22
271,285,22
271,285,22
271,285,22
268,285,22
267,285,22
268,285,22
270,285,22
272,285,22
275,285,22
278,285,22
279,288,22
278,288,22
280,288,22
282,288,22
283,288,22
280,288,22
276,288,22
277,288,22
274,288,22
276,288,22
275,288,22
278,288,22
278,288,22
278,288,22
282,288,22
285,288,22
284,288,22
284,288,22
282,288,22
283,288,22
281,291,22
277,291,22
276,291,22
276,291,22
274,291,22
271,291,22
270,291,22
273,291,22
270,291,22
268,291,22
267,291,22
268,291,22
272,291,22
269,291,22
268,291,22
269,291,22
268,291,22
269,263,22
269,263,22
265,263,22
265,263,22
265,263,22
265,263,22
260,263,22
260,263,22
259,263,22
257,263,22
257,263,22
257,263,22
261,263,22
259,263,22
257,263,22
256,263,22
255,263,22
252,263,22
251,263,22
253,263,22
253,263,22
254,263,22
255,263,22
256,263,22
257,263,22
255,264,22
255,264,22
252,264,22
253,264,22
251,264,22
251,264,22
251,264,22
248,264,22
249,264,22
245,264,22
246,264,22
245,264,22
244,264,22
241,264,22
242,264,22
244,264,22
245,264,22
244,264,22
245,264,22
245,264,22
243,264,22
247,264,22
248,264,22
247,265,22
247,265,22
249,265,22
250,265,22
253,265,22
252,265,22
252,265,22
251,265,22
251,265,22
249,265,22
248,265,22
248,265,22
248,265,22
246,265,22
248,265,22
250,265,22
250,265,22
249,265,22
248,265,22
246,265,22
247,265,22
251,289,22
251,289,22
255,289,22
255,289,22
257,289,22
255,289,22
255,289,22
254,289,22
248,247,22
249,247,22
252,247,22
250,247,22
248,247,22
247,247,22
246,247,22
248,247,22
254,247,22
252,247,22
251,247,22
249,247,22
251,247,22
252,247,22
252,247,22
252,247,22
251,247,22
251,247,22
251,247,22
251,247,22
253,247,22
255,247,22
259,247,22
257,247,22
257,247,22
254,247,22
255,247,22
251,247,22
248,247,22
248,247,22
247,247,22
247,247,22
246,247,22
250,247,22
251,247,22
249,247,22
250,247,22
250,247,22
252,247,22
256,247,22
254,247,22
256,247,22
256,247,22
256,247,22
258,247,22
253,247,22
252,247,22
254,247,22
251,247,22
255,275,22
256,275,22
259,275,22
256,275,22
253,275,22
255,275,22
255,275,22
254,275,22
252,275,22
250,275,22
248,275,22
250,275,22
248,275,22
250,275,22
249,275,22
247,275,22
243,275,22
244,275,22
242,275,22
239,275,22
238,275,22
237,275,22
235,225,22
234,225,22
234,225,22
233,225,22
231,225,22
233,225,22
234,225,22
231,225,22
228,225,22
230,225,22
229,225,22
229,225,22
231,225,22
229,225,22
228,225,22
232,225,22
231,225,22
231,225,22
229,225,22
232,225,22
230,225,22
232,225,22
233,225,22
231,225,22
229,225,22
227,225,22
229,225,22
227,225,22
227,225,22
225,225,22
223,225,22
216,225,22
213,225,22
214,208,22
215,208,22
215,208,22
213,208,22
216,208,22
218,208,22
218,208,22
219,208,22
218,208,22
219,208,22
219,208,22
217,208,22
215,208,22
214,208,22
215,208,22
217,208,22
213,208,22
217,208,22
215,208,22
218,208,22
220,208,22
220,208,22
221,208,22
219,208,22
215,208,22
212,208,22
212,208,22
211,208,22
213,208,22
214,208,22
213,208,22
209,208,22
211,208,22
209,208,22
208,208,22
211,208,22
208,213,22
211,213,22
208,213,22
207,213,22
208,213,22
206,213,22
209,213,22
211,213,22
209,213,22
207,213,22
206,213,22
206,213,22
207,213,22
205,213,22
208,213,22
206,213,22
208,213,22
206,213,22
204,213,22
202,213,22
202,213,22
205,213,22
210,213,22
213,213,22
215,213,22
215,213,22
214,213,22
213,213,22
212,213,22
210,213,22
211,248,22
211,248,22
212,248,22
212,248,22
214,248,22
217,248,22
216,248,22
215,248,22
218,248,22
218,248,22
220,248,22
219,248,22
218,248,22
218,175,22
216,175,22
218,175,22
217,175,22
217,175,22
218,175,22
216,175,22
217,175,22
217,175,22
217,175,22
216,175,22
218,175,22
215,175,22
215,175,22
216,175,22
215,175,22
217,175,22
218,175,22
221,175,22
221,175,22
221,175,22
217,175,22
218,175,22
217,175,22
221,175,22
221,175,22
218,175,22
221,175,22
222,175,22
218,175,22
218,175,22
218,235,22
220,235,22
220,235,22
220,235,22
220,235,22
219,235,22
221,235,22
219,235,22
221,225,22
221,225,22
221,225,22
219,225,22
224,225,22
223,225,22
226,225,22
227,225,22
225,225,22
223,225,22
222,225,22
223,225,22
223,225,22
220,225,22
222,225,22
217,225,22
218,225,22
218,225,22
221,225,22
217,225,22
214,225,22
214,225,22
214,225,22
219,225,22
221,225,22
222,225,22
226,215,22
226,215,22
225,215,22
224,215,22
229,215,22
229,215,22
230,215,22
232,215,22
233,215,22
234,215,22
233,215,22
233,215,22
236,215,22
237,215,22
236,215,22
235,215,22
235,215,22
236,215,22
233,215,22
235,215,22
240,215,22
238,215,22
241,215,22
240,215,22
238,215,22
238,215,22
239,215,22
237,215,22
239,215,22
237,215,22
238,215,22
236,215,22
235,215,22
237,215,22
234,215,22
235,215,22
239,215,22
238,215,22
239,255,22
240,255,22
239,255,22
239,255,22
238,255,22
236,255,22
236,255,22
237,255,22
238,255,22
240,255,22
241,255,22
241,255,22
243,255,22
244,255,22
243,255,22
245,255,22
244,255,22
246,255,22
247,255,22
249,255,22
247,255,22
247,255,22
246,255,22
246,255,22
246,255,22
244,255,22
246,255,22
244,255,22
244,255,22
247,255,22
245,255,22
243,255,22
246,255,22
244,255,22
245,255,22
245,255,22
246,255,22
244,255,22
241,264,22
242,264,22
240,264,22
237,264,22
240,264,22
241,264,22
242,264,22
241,264,22
245,247,22
246,247,22
248,247,22
248,247,22
248,247,22
248,247,22
247,247,22
246,247,22
247,247,22
241,247,22
241,247,22
241,247,22
240,247,22
240,247,22
242,247,22
241,247,22
238,247,22
239,247,22
238,247,22
241,247,22
241,231,22
240,231,22
238,231,22
236,231,22
237,231,22
236,231,22
236,231,22
237,231,22
237,231,22
239,231,22
240,231,22
237,231,22
238,231,22
238,231,22
234,231,22
232,231,22
233,231,22
234,231,22
233,231,22
236,231,22
239,231,22
241,231,22
243,231,22
240,231,22
240,231,22
240,231,22
243,231,22
243,231,22
244,231,22
241,231,22
241,225,22
241,225,22
240,225,22
239,225,22
240,225,22
243,225,22
240,225,22
242,225,22
243,234,22
246,234,22
247,234,22
250,234,22
246,234,22
244,234,22
242,234,22
243,234,22
243,234,22
240,234,22
239,234,22
238,234,22
238,234,22
243,234,22
248,234,22
248,234,22
246,234,22
249,234,22
246,234,22
243,254,22
242,254,22
242,254,22
238,254,22
241,254,22
243,254,22
242,254,22
244,254,22
242,254,22
240,254,22
239,254,22
238,254,22
241,254,22
239,254,22
242,254,22
244,273,22
243,273,22
243,273,22
244,273,22
244,273,22
242,273,22
240,273,22
242,273,22
242,273,22
240,273,22
239,273,22
242,273,22
242,273,22
241,273,22
239,273,22
242,273,22
244,247,22
244,247,22
245,247,22
241,247,22
238,247,22
239,247,22
241,247,22
241,247,22
237,247,22
237,247,22
238,247,22
243,247,22
239,247,22
238,247,22
235,247,22
231,247,22
230,247,22
231,247,22
229,247,22
231,247,22
232,247,22
234,247,22
235,247,22
235,247,22
232,247,22
229,247,22
232,247,22
233,247,22
234,247,22
234,247,22
233,247,22
235,247,22
233,247,22
230,247,22
230,247,22
230,247,22
231,247,22
228,247,22
230,247,22
229,247,22
232,247,22
233,247,22
236,247,22
237,240,22
236,240,22
237,240,22
238,240,22
241,240,22
243,240,22
246,240,22
248,240,22
246,240,22
248,240,22
249,240,22
252,240,22
250,240,22
243,240,22
243,240,22
243,240,22
243,240,22
241,240,22
238,240,22
240,240,22
241,243,22
241,243,22
238,243,22
239,243,22
238,243,22
237,243,22
237,243,22
240,243,22
236,243,22
235,243,22
234,243,22
234,243,22
237,243,22
239,243,22
239,243,22
237,243,22
238,243,22
236,243,22
242,243,22
240,243,22
239,243,22
242,243,22
242,243,22
241,243,22
241,243,22
237,243,22
236,243,22
237,243,22
237,243,22
236,243,22
235,243,22
233,243,22
232,243,22
230,243,22
233,243,22
231,243,22
230,243,22
227,243,22
226,243,22
227,243,22
233,243,22
232,243,22
232,243,22
235,243,22
235,243,22
233,235,22
233,235,22
230,235,22
233,235,22
234,235,22
230,235,22
231,235,22
229,235,22
227,235,22
226,235,22
228,235,22
229,235,22
232,235,22
236,235,22
236,235,22
236,235,22
234,235,22
234,235,22
235,235,22
236,235,22
237,235,22
235,235,22
239,235,22
237,251,22
238,251,22
236,251,22
237,251,22
236,251,22
235,251,22
234,251,22
236,251,22
240,251,22
238,251,22
240,251,22
245,251,22
249,251,22
247,251,22
245,251,22
245,251,22
248,251,22
250,251,22
250,265,22
253,265,22
253,265,22
253,265,22
255,265,22
250,265,22
253,265,22
252,265,22
252,265,22
251,265,22
249,265,22
247,265,22
248,265,22
243,265,22
243,265,22
247,265,22
249,265,22
249,265,22
249,265,22
251,265,22
249,265,22
252,228,22
251,228,22
249,228,22
245,228,22
244,228,22
245,228,22
247,228,22
249,228,22
251,228,22
252,228,22
253,228,22
255,228,22
253,228,22
249,228,22
250,228,22
251,228,22
249,228,22
248,228,22
247,228,22
250,228,22
254,228,22
253,228,22
256,228,22
256,228,22
255,228,22
258,228,22
257,247,22
258,247,22
257,247,22
259,247,22
258,247,22
258,247,22
258,247,22
257,267,22
256,267,22
256,267,22
256,267,22
256,267,22
255,267,22
259,267,22
261,267,22
260,267,22
258,267,22
263,267,22
260,267,22
261,267,22
260,235,22
261,235,22
261,235,22
258,235,22
258,235,22
258,235,22
258,235,22
258,235,22
258,235,22
257,235,22
255,235,22
254,235,22
258,235,22
252,259,22
253,259,22
254,259,22
255,259,22
256,259,22
255,259,22
254,259,22
256,273,22
256,273,22
258,273,22
257,273,22
257,273,22
255,273,22
256,273,22
254,273,22
253,273,22
252,273,22
252,273,22
254,273,22
256,273,22
258,273,22
257,273,22
257,273,22
260,273,22
262,273,22
263,273,22
263,291,22
265,291,22
263,291,22
263,291,22
262,291,22
259,291,22
259,291,22
258,291,22
260,291,22
265,275,22
265,275,22
266,275,22
266,275,22
265,275,22
265,275,22
263,275,22
261,290,22
261,290,22
257,290,22
259,290,22
259,290,22
258,290,22
258,290,22
258,290,22
262,290,22
264,290,22
265,290,22
264,290,22
264,264,22
265,264,22
263,264,22
261,264,22
259,264,22
259,264,22
252,264,22
252,264,22
251,264,22
252,264,22
254,264,22
259,264,22
259,264,22
257,264,22
259,264,22
257,264,22
259,264,22
259,264,22
258,264,22
257,264,22
257,264,22
260,264,22
259,264,22
259,264,22
260,264,22
259,262,22
258,262,22
257,262,22
257,262,22
259,262,22
260,262,22
261,262,22
261,262,22
260,262,22
265,262,22
264,262,22
261,262,22
259,262,22
257,262,22
258,262,22
263,262,22
260,262,22
263,262,22
266,262,22
270,262,22
270,262,22
269,262,22
267,262,22
269,262,22
268,262,22
268,262,22
267,262,22
268,262,22
266,260,22
264,260,22
266,260,22
268,260,22
267,260,22
266,260,22
268,260,22
270,260,22
270,260,22
270,260,22
271,260,22
273,260,22
273,260,22
276,260,22
278,260,22
278,260,22
274,260,22
272,260,22
274,260,22
272,260,22
271,253,22
272,253,22
270,253,22
269,253,22
269,253,22
269,253,22
269,253,22
267,247,22
265,247,22
263,247,22
265,247,22
263,247,22
266,247,22
266,247,22
265,247,22
268,247,22
264,247,22
265,247,22
268,247,22
269,247,22
271,281,22
273,281,22
275,281,22
275,281,22
275,281,22
277,281,22
280,281,22
281,281,22
281,281,22
280,281,22
281,281,22
279,281,22
278,281,22
279,281,22
277,281,22
277,281,22
274,281,22
274,281,22
275,281,22
275,281,22
274,267,22
275,267,22
276,267,22
277,267,22
275,267,22
277,267,22
278,267,22
278,267,22
277,267,22
277,267,22
275,267,22
276,267,22
277,267,22
278,267,22
282,267,22
281,267,22
280,267,22
281,267,22
284,267,22
284,267,22
284,267,22
287,267,22
285,276,22
288,276,22
285,276,22
287,276,22
288,276,22
287,276,22
285,276,22
286,276,22
284,276,22
284,276,22
285,276,22
288,276,22
288,276,22
290,276,22
294,276,22
293,276,22
295,276,22
294,276,22
293,276,22
292,276,22
291,276,22
291,276,22
292,276,22
294,276,22
292,276,22
291,276,22
295,276,22
293,259,22
296,259,22
291,259,22
293,259,22
293,259,22
289,259,22
290,259,22
290,259,22
294,259,22
295,259,22
294,259,22
293,259,22
294,259,22
297,259,22
295,259,22
295,259,22
295,259,22
296,259,22
296,298,22
295,298,22
297,298,22
300,298,22
301,298,22
300,298,22
300,298,22
300,298,22
305,283,22
304,283,22
304,283,22
303,283,22
302,283,22
303,283,22
302,283,22
299,283,22
302,283,22
305,283,22
306,283,22
304,283,22
302,283,22
302,283,22
302,283,22
303,255,22
300,255,22
299,255,22
300,255,22
296,255,22
297,255,22
296,255,22
294,255,22
297,255,22
298,255,22
293,255,22
295,255,22
294,255,22
296,255,22
299,255,22
302,255,22
302,255,22
302,255,22
305,255,22
304,255,22
299,255,22
301,255,22
302,255,22
300,255,22
298,255,22
297,302,22
296,302,22
294,302,22
292,302,22
290,302,22
290,302,22
290,302,22
289,302,22
287,302,22
287,302,22
287,302,22
286,291,22
288,291,22
287,291,22
284,291,22
288,291,22
292,291,22
288,291,22
290,291,22
293,291,22
292,291,22
292,291,22
290,291,22
290,291,22
290,291,22
290,291,22
287,291,22
290,291,22
291,291,22
292,291,22
291,291,22
288,291,22
288,291,22
286,291,22
284,291,22
280,291,22
275,291,22
276,291,22
277,291,22
279,291,22
275,291,22
271,291,22
270,291,22
268,291,22
268,291,22
271,291,22
271,291,22
272,291,22
272,291,22
272,291,22
273,291,22
272,291,22
273,291,22
272,291,22
276,280,22
277,280,22
278,280,22
277,280,22
275,280,22
273,280,22
275,280,22
274,280,22
275,280,22
272,280,22
272,280,22
275,280,22
277,280,22
278,280,22
280,280,22
280,280,22
283,280,22
283,280,22
282,280,22
282,280,22
281,280,22
283,280,22
285,280,22
286,280,22
288,280,22
287,280,22
286,280,22
285,280,22
285,280,22
284,284,22
285,284,22
285,284,22
286,284,22
288,284,22
290,284,22
285,284,22
286,284,22
287,292,22
287,292,22
291,292,22
293,292,22
292,292,22
292,292,22
292,292,22
293,292,22
295,292,22
290,292,22
293,292,22
292,292,22
292,292,22
292,292,22
295,292,22
294,292,22
290,326,22
290,326,22
290,326,22
289,326,22
287,326,22
285,326,22
286,326,22
284,326,22
285,326,22
288,326,22
291,326,22
289,326,22
289,326,22
290,274,22
288,274,22
290,274,22
291,274,22
290,274,22
292,274,22
293,274,22
298,274,22
299,274,22
299,274,22
301,274,22
299,274,22
298,274,22
297,274,22
296,274,22
293,274,22
293,274,22
295,274,22
297,274,22
299,274,22
304,274,22
303,274,22
303,274,22
305,274,22
303,274,22
302,274,22
303,317,22
300,317,22
297,317,22
295,317,22
298,317,22
300,317,22
301,317,22
302,317,22
302,317,22
303,317,22
301,317,22
300,317,22
298,317,22
300,317,22
300,317,22
300,317,22
299,317,22
301,317,22
299,317,22
302,317,22
302,317,22
304,317,22
301,317,22
302,317,22
301,317,22
304,317,22
304,317,22
307,317,22
307,317,22
307,317,22
306,317,22
305,317,22
307,317,22
305,317,22
306,317,22
305,317,22
309,317,22
309,317,22
309,317,22
310,317,22
307,317,22
304,317,22
304,317,22
306,317,22
305,317,22
308,317,22
309,317,22
311,317,22
308,284,22
307,284,22
307,284,22
305,284,22
308,284,22
306,284,22
306,284,22
305,284,22
304,284,22
301,284,22
301,284,22
298,284,22
304,284,22
304,284,22
305,284,22
304,284,22
303,284,22
303,284,22
303,284,22
303,284,22
304,284,22
303,284,22
302,284,22
305,284,22
303,325,22
303,325,22
303,325,22
303,325,22
306,325,22
306,325,22
307,325,22
308,325,22
305,325,22
305,325,22
304,325,22
305,325,22
305,325,22
305,325,22
303,325,22
301,325,22
299,325,22
299,325,22
300,303,22
301,303,22
299,303,22
300,303,22
302,303,22
304,303,22
306,303,22
308,303,22
305,303,22
305,303,22
306,303,22
305,303,22
304,303,22
302,303,22
301,303,22
301,303,22
302,303,22
304,303,22
300,303,22
299,303,22
302,303,22
302,303,22
301,303,22
301,303,22
301,303,22
302,303,22
302,303,22
300,303,22
299,303,22
303,303,22
302,303,22
303,303,22
302,303,22
302,303,22
299,303,22
298,303,22
296,303,22
296,303,22
296,303,22
293,303,22
296,303,22
295,303,22
295,303,22
298,303,22
301,303,22
300,303,22
298,303,22
295,300,22
294,300,22
292,300,22
289,300,22
290,300,22
293,300,22
291,300,22
290,300,22
293,300,22
294,272,22
292,272,22
294,272,22
296,272,22
294,272,22
290,272,22
289,272,22
286,272,22
286,272,22
285,272,22
287,272,22
291,272,22
289,272,22
285,272,22
283,272,22
284,273,22
285,273,22
287,273,22
282,273,22
280,273,22
282,273,22
281,273,22
282,273,22
285,273,22
283,273,22
285,273,22
288,273,22
288,273,22
292,273,22
291,273,22
289,273,22
288,273,22
291,273,22
289,273,22
293,273,22
297,273,22
293,273,22
292,273,22
292,273,22
295,273,22
295,294,22
297,294,22
298,294,22
295,294,22
296,294,22
298,294,22
297,294,22
297,294,22
294,294,22
295,294,22
297,294,22
294,294,22
294,309,22
297,309,22
297,309,22
301,309,22
303,309,22
306,309,22
306,309,22
307,309,22
310,309,22
307,309,22
308,309,22
306,309,22
311,309,22
307,302,22
306,302,22
306,302,22
306,302,22
308,302,22
308,302,22
307,302,22
304,302,22
304,302,22
306,302,22
307,297,22
307,297,22
312,297,22
312,297,22
315,297,22
314,297,22
314,297,22
314,297,22
314,297,22
313,297,22
314,297,22
314,297,22
314,297,22
311,297,22
310,297,22
311,297,22
312,297,22
312,297,22
313,297,22
315,297,22
309,297,22
313,297,22
313,297,22
311,297,22
311,297,22
312,297,22
314,297,22
314,297,22
315,297,22
314,297,22
312,297,22
313,297,22
313,297,22
312,297,22
314,297,22
313,297,22
312,297,22
313,297,22
313,289,22
314,289,22
316,289,22
316,289,22
313,289,22
318,289,22
319,289,22
320,289,22
319,289,22
315,289,22
321,289,22
321,289,22
319,289,22
316,289,22
315,289,22
316,289,22
317,289,22
317,289,22
316,289,22
317,289,22
316,289,22
318,315,22
320,315,22
320,315,22
320,315,22
318,315,22
318,315,22
317,315,22
317,315,22
317,315,22
316,315,22
317,315,22
315,315,22
316,315,22
315,315,22
313,315,22
313,315,22
309,315,22
306,315,22
308,315,22
307,315,22
306,315,22
308,289,22
305,289,22
307,289,22
306,289,22
311,289,22
313,289,22
310,289,22
313,289,22
313,289,22
313,289,22
314,289,22
319,289,22
319,289,22
321,289,22
321,289,22
323,289,22
321,289,22
319,289,22
321,289,22
322,289,22
321,289,22
322,289,22
323,289,22
321,289,22
321,289,22
323,289,22
324,289,22
323,289,22
318,289,22
318,289,22
314,289,22
315,289,22
314,289,22
314,289,22
312,289,22
312,289,22
311,289,22
313,289,22
315,289,22
316,289,22
318,289,22
317,289,22
318,289,22
317,289,22
320,289,22
319,289,22
321,289,22
323,289,22
326,289,22
326,289,22
329,355,22
328,355,22
325,355,22
327,355,22
326,355,22
322,355,22
322,355,22
326,355,22
324,355,22
326,355,22
324,355,22
326,355,22
330,355,22
331,355,22
334,355,22
334,355,22
334,355,22
334,355,22
336,355,22
335,355,22
336,355,22
339,355,22
342,355,22
340,355,22
335,355,22
337,355,22
338,307,22
335,307,22
337,307,22
337,307,22
337,307,22
339,307,22
338,307,22
340,307,22
343,307,22
341,307,22
343,1,22
343,1,22
346,1,22
342,1,22
344,1,22
347,1,22
349,1,22
353,1,22
354,1,22
354,1,22
354,1,22
354,1,22
354,1,22
354,1,22
351,1,22
354,1,22
354,1,22
355,1,22
354,1,22
355,1,22
354,1,22
353,1,22
351,1,22
350,1,22
353,1,22
351,1,22
349,1,22
350,1,22
348,349,22
347,349,22
346,349,22
345,349,22
342,349,22
340,349,22
339,349,22
337,349,22
334,349,22
335,349,22
337,349,22
337,349,22
340,349,22
339,349,22
341,349,22
337,349,22
340,331,22
340,331,22
338,331,22
338,331,22
338,331,22
338,331,22
335,331,22
333,331,22
334,331,22
333,332,22
333,332,22
333,332,22
331,332,22
330,332,22
328,332,22
326,332,22
324,317,22
325,317,22
327,317,22
327,317,22
327,317,22
328,317,22
328,348,22
330,348,22
328,348,22
329,348,22
331,348,22
334,348,22
337,348,22
338,348,22
337,348,22
335,348,22
337,304,22
333,304,22
333,304,22
331,304,22
332,304,22
333,304,22
337,304,22
337,304,22
336,304,22
332,304,22
332,304,22
328,304,22
326,304,22
325,304,22
322,304,22
319,304,22
322,304,22
323,304,22
324,304,22
322,304,22
323,304,22
322,304,22
324,304,22
323,304,22
322,304,22
323,304,22
324,304,22
323,304,22
320,304,22
318,304,22
320,304,22
319,304,22
316,304,22
312,326,22
313,326,22
312,326,22
311,326,22
312,326,22
311,326,22
315,285,22
316,285,22
315,285,22
312,285,22
312,285,22
309,285,22
311,285,22
310,285,22
306,285,22
301,285,22
303,285,22
302,285,22
300,296,22
299,296,22
299,296,22
298,296,22
293,296,22
297,296,22
296,296,22
292,296,22
292,296,22
290,296,22
286,296,22
287,296,22
287,296,22
287,281,22
291,281,22
291,281,22
287,281,22
288,281,22
290,281,22
290,281,22
290,281,22
289,281,22
293,281,22
293,281,22
295,281,22
293,281,22
293,263,22
294,263,22
292,263,22
295,263,22
292,263,22
291,263,22
291,263,22
290,263,22
290,319,22
292,319,22
291,319,22
294,319,22
291,319,22
290,319,22
293,319,22
291,319,22
290,319,22
289,319,22
289,319,22
286,319,22
284,319,22
286,319,22
287,319,22
285,319,22
285,319,22
288,319,22
290,319,22
288,319,22
291,319,22
292,319,22
290,319,22
287,319,22
284,319,22
286,319,22
289,284,22
292,284,22
291,284,22
292,284,22
288,284,22
284,284,22
284,284,22
283,284,22
285,284,22
288,284,22
286,284,22
285,284,22
286,284,22
286,284,22
287,284,22
284,284,22
282,284,22
282,284,22
279,284,22
277,284,22
276,284,22
274,284,22
273,228,22
277,228,22
278,228,22
278,228,22
274,228,22
279,228,22
280,228,22
284,228,22
282,228,22
281,228,22
283,228,22
285,228,22
285,228,22
286,228,22
288,281,22
286,281,22
285,281,22
286,281,22
285,281,22
285,281,22
284,281,22
284,281,22
284,281,22
285,281,22
284,281,22
287,281,22
288,281,22
286,304,22
285,304,22
282,304,22
284,304,22
283,304,22
280,304,22
279,304,22
281,304,22
281,304,22
283,304,22
284,304,22
285,304,22
285,304,22
284,304,22
282,304,22
279,304,22
278,304,22
279,304,22
279,304,22
279,304,22
277,304,22
276,304,22
276,304,22
277,304,22
280,304,22
278,304,22
278,304,22
278,304,22
277,304,22
278,304,22
273,304,22
274,304,22
279,304,22
277,304,22
276,304,22
277,304,22
279,304,22
278,288,22
279,288,22
278,288,22
277,288,22
278,288,22
278,288,22
277,288,22
281,288,22
280,304,22
278,304,22
278,304,22
278,304,22
279,304,22
281,304,22
280,304,22
276,304,22
277,304,22
276,304,22
275,304,22
276,304,22
274,304,22
270,304,22
267,304,22
267,304,22
265,304,22
266,304,22
266,304,22
269,304,22
272,304,22
273,304,22
274,304,22
277,304,22
275,282,22
275,282,22
272,282,22
271,282,22
271,282,22
271,282,22
274,282,22
272,282,22
274,282,22
272,282,22
273,282,22
272,282,22
270,282,22
270,282,22
268,282,22
269,282,22
270,282,22
271,282,22
268,282,22
268,282,22
269,282,22
270,282,22
271,282,22
271,282,22
274,282,22
275,282,22
278,282,22
279,282,22
276,282,22
276,282,22
280,282,22
279,282,22
280,282,22
275,282,22
276,282,22
276,282,22
277,282,22
276,282,22
276,282,22
278,282,22
277,282,22
278,282,22
281,282,22
281,282,22
278,282,22
280,282,22
282,282,22
279,282,22
279,282,22
281,282,22
280,282,22
278,287,22
278,287,22
279,287,22
281,287,22
283,287,22
283,287,22
280,287,22
279,287,22
278,287,22
278,287,22
278,287,22
274,287,22
273,287,22
273,287,22
273,287,22
275,287,22
276,287,22
276,287,22
275,287,22
275,287,22
278,287,22
278,287,22
278,287,22
282,287,22
276,287,22
273,287,22
273,287,22
279,287,22
277,287,22
276,287,22
275,287,22
273,287,22
277,287,22
279,287,22
277,287,22
280,287,22
281,287,22
283,287,22
285,287,22
287,287,22
286,287,22
283,287,22
287,287,22
284,287,22
282,287,22
283,287,22
284,287,22
287,287,22
287,287,22
290,287,22
289,287,22
287,287,22
290,287,22
290,287,22
289,287,22
292,287,22
293,287,22
292,287,22
291,287,22
294,287,22
296,317,22
297,317,22
297,317,22
299,317,22
299,317,22
295,317,22
294,317,22
296,317,22
296,317,22
297,280,22
299,280,22
298,280,22
297,280,22
297,280,22
296,280,22
298,283,22
302,283,22
305,283,22
309,283,22
310,283,22
308,283,22
307,302,22
307,302,22
308,302,22
307,302,22
310,302,22
311,302,22
314,302,22
314,315,22
314,315,22
316,315,22
314,315,22
316,315,22
318,315,22
320,315,22
321,315,22
319,315,22
321,315,22
322,315,22
319,315,22
318,315,22
320,315,22
320,315,22
320,315,22
319,315,22
321,315,22
324,315,22
325,315,22
327,303,22
324,303,22
323,303,22
324,303,22
325,303,22
326,303,22
327,303,22
326,303,22
326,303,22
324,303,22
329,303,22
328,303,22
324,303,22
325,303,22
328,303,22
328,303,22
329,303,22
326,303,22
326,303,22
323,303,22
323,303,22
321,312,22
322,312,22
324,312,22
325,312,22
325,312,22
327,312,22
330,312,22
328,345,22
330,345,22
331,345,22
335,345,22
337,345,22
336,345,22
336,345,22
335,323,22
334,323,22
337,323,22
339,323,22
340,323,22
336,323,22
337,323,22
338,323,22
338,323,22
336,323,22
336,323,22
336,323,22
337,323,22
335,323,22
336,323,22
337,323,22
337,306,22
338,306,22
337,306,22
335,306,22
335,306,22
334,306,22
332,306,22
331,306,22
333,306,22
330,306,22
332,306,22
336,306,22
335,306,22
335,306,22
336,306,22
334,306,22
333,306,22
333,306,22
333,306,22
333,306,22
334,306,22
335,306,22
338,14,22
339,14,22
339,14,22
341,14,22
342,14,22
342,14,22
345,14,22
345,14,22
345,14,22
344,14,22
343,14,22
345,14,22
344,14,22
345,14,22
345,14,22
346,14,22
350,14,22
351,14,22
351,14,22
353,14,22
352,5,22
352,5,22
357,5,22
358,5,22
353,5,22
350,5,22
351,5,22
354,5,22
351,5,22
348,5,22
348,339,22
351,339,22
353,339,22
351,339,22
350,339,22
348,339,22
349,344,22
348,344,22
352,344,22
350,344,22
352,344,22
350,344,22
348,344,22
350,344,22
348,344,22
350,344,22
348,344,22
344,344,22
346,344,22
349,344,22
354,344,22
353,344,22
353,344,22
356,344,22
355,344,22
354,344,22
350,344,22
351,344,22
350,344,22
352,357,22
356,357,22
354,357,22
353,357,22
356,357,22
354,357,22
352,357,22
352,357,22
353,357,22
355,357,22
357,357,22
356,357,22
357,357,22
358,357,22
358,357,22
358,357,22
358,357,22
355,357,22
354,357,22
355,357,22
357,357,22
356,357,22
0,357,22
2,357,22
2,357,22
5,357,22
5,357,22
7,7,22
9,7,22
10,7,22
8,7,22
8,7,22
9,7,22
6,7,22
0,7,22
356,7,22
353,7,22
353,7,22
353,7,22
353,7,22
355,7,22
354,7,22
354,7,22
355,7,22
358,7,22
1,7,22
2,7,22
4,11,22
8,11,22
11,11,22
10,11,22
13,11,22
10,11,22
12,22,22
9,22,22
7,22,22
7,22,22
8,22,22
8,22,22
7,22,22
4,22,22
2,22,22
1,22,22
4,22,22
6,22,22
8,22,22
10,22,22
9,22,22
7,22,22
9,22,22
10,22,22
9,22,22
8,22,22
7,22,22
10,22,22
7,22,22
7,22,22
8,22,22
8,22,22
8,22,22
12,22,22
12,22,22
11,22,22
9,22,22
8,22,22
6,22,22
6,22,22
3,22,22
4,22,22
4,22,22
4,22,22
2,22,22
4,22,22
3,22,22
359,22,22
358,22,22
356,22,22
356,22,22
355,22,22
354,22,22
353,22,22
357,22,22
358,22,22
356,22,22
358,22,22
358,22,22
359,22,22
359,22,22
357,22,22
354,22,22
353,22,22
353,22,22
354,22,22
352,22,22
354,22,22
351,22,22
353,22,22
350,22,22
351,22,22
352,22,22
352,339,22
351,339,22
350,339,22
352,339,22
349,339,22
348,339,22
349,339,22
349,339,22
347,339,22
346,339,22
349,339,22
351,339,22
350,339,22
351,339,22
355,339,22
356,339,22
356,339,22
357,339,22
359,339,22
359,339,22
359,339,22
2,339,22
5,339,22
8,339,22
2,339,22
2,339,22
0,339,22
1,339,22
359,339,22
0,339,22
1,339,22
4,339,22
3,339,22
3,339,22
7,339,22
8,339,22
10,339,22
8,339,22
7,339,22
9,339,22
12,339,22
10,339,22
7,339,22
10,339,22
10,339,22
7,339,22
8,339,22
6,339,22
4,349,22
4,349,22
6,349,22
6,349,22
8,349,22
7,349,22
12,349,22
15,349,22
15,349,22
14,349,22
15,349,22
17,349,22
16,349,22
14,349,22
15,349,22
16,349,22
15,349,22
19,349,22
16,349,22
13,349,22
11,349,22
7,349,22
5,349,22
6,349,22
11,349,22
10,349,22
14,349,22
13,349,22
11,349,22
8,349,22
5,349,22
6,349,22
5,349,22
4,349,22
3,349,22
359,349,22
2,349,22
2,349,22
2,349,22
2,349,22
5,349,22
4,349,22
2,349,22
3,340,22
1,340,22
2,340,22
2,340,22
5,340,22
4,340,22
4,340,22
3,340,22
3,340,22
1,340,22
2,340,22
359,340,22
2,340,22
2,340,22
0,340,22
3,340,22
1,340,22
3,340,22
3,340,22
5,340,22
3,340,22
5,4,22
6,4,22
4,4,22
0,4,22
1,4,22
2,4,22
2,4,22
2,4,22
3,4,22
6,4,22
3,4,22
3,4,22
3,4,22
5,4,22
3,4,22
3,4,22
0,4,22
358,4,22
358,4,22
355,4,22
357,32,22
355,32,22
355,32,22
354,32,22
356,32,22
354,32,22
355,32,22
358,32,22
358,32,22
0,32,22
1,32,22
2,32,22
359,351,22
0,351,22
358,351,22
358,351,22
0,351,22
0,351,22
357,351,22
355,351,22
355,351,22
356,351,22
357,351,22
355,351,22
354,351,22
356,351,22
355,351,22
352,351,22
353,351,22
353,351,22
354,351,22
356,351,22
358,351,22
357,351,22
359,351,22
1,351,22
4,351,22
1,351,22
0,351,22
356,351,22
355,351,22
351,331,22
352,331,22
354,331,22
355,331,22
355,331,22
358,331,22
356,331,22
0,331,22
0,331,22
2,331,22
0,331,22
359,331,22
355,331,22
355,331,22
355,331,22
355,331,22
357,331,22
356,331,22
354,331,22
354,331,22
353,331,22
353,331,22
354,331,22
358,331,22
3,331,22
4,331,22
5,331,22
5,331,22
1,331,22
0,331,22
1,331,22
3,331,22
5,331,22
6,331,22
6,331,22
5,331,22
3,331,22
4,331,22
6,331,22
7,331,22
4,331,22
6,331,22
7,331,22
8,331,22
10,331,22
8,331,22
10,331,22
12,331,22
15,331,22
18,331,22
19,51,22
22,51,22
21,51,22
16,51,22
16,51,22
18,51,22
20,51,22
20,51,22
19,51,22
20,51,22
23,51,22
22,51,22
22,51,22
23,51,22
24,51,22
24,51,22
23,51,22
22,51,22
22,51,22
24,51,22
23,51,22
23,51,22
22,51,22
23,51,22
23,51,22
23,51,22
26,13,22
22,13,22
23,13,22
24,13,22
27,13,22
27,13,22
26,13,22
26,13,22
23,13,22
22,13,22
22,13,22
23,13,22
23,13,22
24,13,22
25,21,22
27,21,22
26,21,22
22,21,22
20,21,22
17,21,22
17,21,22
20,21,22
21,21,22
19,21,22
20,21,22
20,21,22
23,21,22
23,21,22
24,21,22
26,21,22
28,21,22
25,21,22
25,21,22
27,21,22
27,21,22
29,35,22
29,35,22
30,35,22
30,35,22
32,35,22
30,35,22
29,57,22
33,57,22
30,57,22
27,57,22
28,57,22
29,57,22
29,57,22
27,57,22
28,57,22
32,57,22
29,57,22
30,57,22
31,57,22
33,57,22
36,57,22
35,57,22
37,57,22
34,57,22
32,57,22
37,57,22
36,57,22
36,34,22
35,34,22
36,34,22
33,34,22
31,34,22
28,34,22
26,34,22
24,34,22
27,34,22
27,34,22
29,34,22
31,34,22
34,34,22
32,34,22
37,34,22
40,34,22
40,34,22
36,34,22
35,34,22
35,34,22
38,18,22
40,18,22
41,18,22
42,18,22
43,18,22
40,18,22
38,18,22
39,18,22
36,18,22
39,18,22
38,18,22
40,18,22
40,18,22
40,18,22
39,18,22
34,18,22
32,18,22
34,18,22
34,18,22
33,18,22
35,18,22
35,18,22
36,18,22
35,18,22
35,15,22
35,15,22
38,15,22
39,15,22
41,15,22
39,15,22
37,15,22
37,15,22
37,15,22
36,15,22
37,15,22
35,15,22
35,15,22
33,15,22
32,15,22
33,15,22
28,15,22
27,15,22
26,15,22
24,15,22
26,15,22
28,15,22
31,15,22
32,15,22
34,15,22
39,15,22
39,15,22
41,15,22
46,15,22
43,15,22
49,15,22
49,15,22
49,15,22
49,15,22
47,15,22
47,15,22
47,15,22
46,15,22
46,15,22
46,15,22
47,15,22
47,15,22
45,15,22
49,15,22
48,15,22
45,15,22
47,15,22
46,15,22
47,78,22
48,78,22
46,78,22
48,78,22
48,78,22
47,78,22
45,78,22
43,78,22
44,78,22
44,78,22
44,78,22
44,78,22
44,78,22
41,78,22
39,78,22
41,78,22
39,78,22
39,78,22
40,78,22
40,78,22
40,78,22
38,78,22
38,51,22
41,51,22
43,51,22
43,51,22
46,51,22
45,51,22
47,51,22
47,51,22
46,51,22
48,51,22
48,51,22
44,51,22
44,51,22
43,51,22
40,51,22
40,51,22
37,51,22
38,51,22
38,51,22
37,51,22
41,51,22
45,51,22
46,51,22
48,51,22
47,51,22
46,51,22
47,51,22
46,51,22
47,51,22
47,51,22
44,51,22
45,51,22
42,51,22
44,51,22
44,51,22
45,51,22
43,51,22
42,51,22
43,51,22
42,51,22
36,51,22
36,51,22
35,51,22
36,23,22
36,23,22
36,23,22
37,23,22
38,23,22
38,23,22
41,23,22
41,23,22
38,23,22
33,23,22
38,23,22
38,23,22
37,23,22
38,23,22
39,23,22
42,23,22
45,23,22
42,23,22
40,23,22
42,23,22
41,23,22
40,23,22
36,23,22
37,23,22
35,23,22
37,23,22
38,23,22
40,23,22
41,23,22
40,23,22
38,23,22
39,23,22
40,23,22
42,23,22
39,23,22
41,23,22
41,23,22
40,104,22
39,104,22
39,104,22
37,104,22
37,104,22
37,104,22
39,104,22
35,104,22
38,104,22
38,20,22
38,20,22
42,20,22
42,20,22
39,20,22
41,20,22
40,20,22
38,20,22
41,20,22
40,20,22
38,20,22
40,20,22
44,20,22
43,20,22
44,20,22
44,20,22
43,20,22
38,20,22
39,20,22
40,20,22
40,20,22
40,20,22
40,20,22
41,20,22
41,20,22
43,20,22
42,20,22
42,20,22
42,20,22
41,20,22
39,20,22
41,20,22
39,20,22
39,20,22
38,20,22
41,20,22
41,20,22
40,20,22
42,20,22
43,20,22
41,20,22
38,20,22
38,20,22
41,20,22
40,20,22
40,20,22
44,20,22
42,20,22
42,20,22
43,20,22
44,20,22
46,88,22
44,88,22
40,88,22
41,88,22
39,88,22
42,88,22
38,88,22
38,88,22
38,88,22
38,88,22
42,88,22
41,88,22
41,88,22
41,88,22
40,88,22
40,88,22
42,88,22
42,88,22
41,88,22
37,88,22
35,88,22
33,88,22
34,88,22
37,88,22
39,88,22
39,88,22
37,88,22
36,88,22
36,88,22
33,31,22
34,31,22
33,31,22
34,31,22
34,31,22
33,31,22
33,31,22
31,31,22
33,31,22
35,31,22
35,31,22
37,31,22
35,65,22
33,65,22
30,65,22
30,65,22
27,65,22
31,65,22
31,65,22
34,65,22
33,65,22
34,65,22
38,65,22
39,65,22
36,65,22
34,65,22
35,65,22
33,65,22
35,65,22
32,65,22
31,65,22
31,65,22
30,65,22
36,65,22
34,70,22
33,70,22
39,70,22
37,70,22
35,70,22
35,70,22
35,70,22
31,70,22
29,70,22
26,70,22
26,70,22
24,70,22
24,70,22
21,70,22
19,9,22
18,9,22
14,9,22
12,9,22
12,9,22
13,9,22
13,9,22
12,9,22
17,9,22
16,9,22
15,9,22
18,9,22
17,9,22
18,9,22
16,9,22
17,9,22
19,9,22
22,9,22
20,9,22
24,9,22
25,9,22
27,9,22
27,9,22
27,9,22
25,9,22
23,9,22
25,9,22
25,14,22
25,14,22
26,14,22
24,14,22
25,14,22
25,14,22
22,14,22
20,14,22
23,44,22
20,44,22
20,44,22
19,44,22
17,44,22
21,44,22
21,44,22
25,44,22
25,44,22
24,44,22
25,44,22
28,15,22
26,15,22
26,15,22
26,15,22
26,15,22
27,15,22
27,15,22
27,15,22
27,15,22
25,15,22
31,15,22
33,15,22
31,15,22
31,15,22
30,15,22
30,15,22
31,15,22
28,15,22
28,15,22
29,15,22
31,15,22
28,15,22
26,15,22
27,15,22
29,15,22
25,41,22
25,41,22
25,41,22
27,41,22
28,41,22
28,41,22
32,41,22
32,41,22
35,41,22
33,41,22
33,41,22
35,41,22
35,41,22
30,41,22
32,41,22
30,41,22
34,41,22
31,41,22
34,41,22
35,41,22
37,41,22
42,41,22
43,41,22
39,41,22
40,41,22
39,41,22
41,41,22
42,41,22
45,41,22
41,41,22
42,41,22
45,41,22
42,41,22
43,41,22
44,41,22
41,41,22
39,41,22
38,41,22
38,41,22
43,41,22
42,61,22
42,61,22
41,61,22
41,61,22
41,61,22
36,61,22
36,41,22
34,41,22
34,41,22
34,41,22
36,41,22
34,41,22
33,41,22
31,41,22
30,41,22
28,41,22
31,41,22
32,41,22
31,41,22
33,41,22
32,41,22
36,41,22
35,41,22
33,41,22
33,41,22
34,41,22
34,41,22
36,41,22
33,41,22
35,41,22
33,41,22
34,41,22
34,41,22
36,41,22
33,41,22
37,41,22
36,41,22
37,41,22
37,41,22
34,8,22
38,8,22
38,8,22
39,8,22
39,8,22
35,8,22
35,8,22
37,8,22
36,8,22
41,8,22
41,8,22
47,8,22
47,8,22
46,8,22
48,8,22
47,8,22
45,8,22
45,8,22
48,8,22
50,8,22
47,8,22
52,8,22
53,8,22
54,8,22
54,8,22
51,8,22
49,8,22
48,34,22
43,34,22
42,34,22
42,34,22
39,34,22
37,34,22
38,34,22
37,34,22
38,34,22
37,34,22
39,34,22
40,34,22
41,34,22
39,34,22
38,34,22
41,34,22
40,34,22
39,34,22
37,34,22
37,34,22
35,34,22
32,34,22
32,34,22
31,34,22
31,34,22
30,34,22
27,34,22
26,34,22
26,34,22
27,34,22
30,34,22
32,67,22
32,67,22
34,67,22
30,67,22
31,67,22
30,67,22
31,67,22
29,357,22
30,357,22
31,357,22
32,357,22
33,357,22
35,357,22
38,357,22
39,357,22
38,57,22
37,57,22
39,57,22
39,57,22
41,57,22
43,57,22
44,57,22
47,57,22
48,57,22
49,57,22
51,57,22
52,57,22
50,57,22
46,57,22
43,40,22
46,40,22
48,40,22
48,40,22
50,40,22
52,40,22
48,40,22
53,40,22
53,40,22
55,40,22
55,40,22
55,40,22
55,40,22
57,40,22
56,40,22
62,40,22
64,40,22
65,40,22
63,40,22
66,40,22
68,40,22
69,40,22
67,40,22
67,40,22
69,40,22
69,40,22
68,40,22
69,40,22
68,40,22
66,40,22
67,40,22
70,40,22
68,40,22
69,40,22
71,40,22
73,40,22
74,40,22
74,40,22
73,40,22
70,40,22
70,40,22
72,40,22
73,40,22
72,40,22
75,40,22
75,40,22
76,40,22
77,40,22
74,40,22
75,40,22
75,40,22
73,62,22
73,62,22
71,62,22
70,62,22
69,62,22
67,62,22
66,62,22
67,62,22
64,62,22
64,62,22
65,62,22
66,58,22
62,58,22
62,58,22
60,58,22
59,58,22
58,58,22
56,58,22
57,58,22
54,58,22
53,58,22
55,58,22
55,58,22
55,45,22
54,45,22
52,45,22
50,45,22
50,45,22
49,45,22
51,45,22
48,45,22
49,45,22
50,45,22
52,45,22
54,45,22
50,45,22
52,45,22
52,45,22
54,45,22
56,45,22
58,45,22
60,45,22
61,45,22
62,45,22
60,45,22
57,45,22
56,45,22
60,45,22
60,45,22
59,45,22
55,45,22
55,45,22
54,45,22
53,45,22
50,45,22
49,45,22
50,45,22
47,45,22
44,45,22
43,45,22
41,45,22
41,10,22
44,10,22
43,10,22
41,10,22
42,10,22
43,10,22
46,10,22
46,10,22
49,10,22
49,10,22
52,10,22
53,10,22
55,10,22
56,10,22
57,10,22
54,10,22
57,10,22
57,10,22
57,10,22
58,10,22
56,10,22
57,10,22
56,10,22
56,10,22
56,10,22
60,10,22
60,10,22
58,10,22
59,10,22
58,10,22
57,10,22
58,10,22
58,10,22
61,10,22
61,10,22
62,10,22
62,10,22
63,10,22
66,10,22
64,10,22
65,10,22
65,10,22
65,10,22
65,10,22
65,10,22
62,10,22
61,10,22
65,10,22
65,10,22
65,10,22
63,10,22
62,10,22
61,10,22
59,10,22
58,46,22
55,46,22
53,46,22
55,46,22
55,46,22
55,46,22
56,46,22
57,46,22
58,46,22
60,46,22
