true_pos,obs_pos,true_var
108,101,22
108,101,22
108,101,22
108,101,22
108,101,22
108,101,22
108,101,22
108,101,22
108,101,22
108,101,22
108,101,22
108,101,22
108,101,22
108,101,22
108,101,22
108,101,22
108,101,22
108,90,22
108,90,22
108,90,22
108,90,22
108,90,22
108,90,22
108,90,22
108,90,22
108,90,22
108,90,22
108,90,22
108,90,22
108,90,22
108,90,22
108,90,22
108,90,22
108,90,22
108,64,22
108,64,22
108,64,22
108,64,22
108,64,22
108,64,22
108,64,22
108,64,22
108,64,22
108,64,22
108,64,22
108,64,22
108,64,22
108,64,22
108,121,22
108,121,22
108,121,22
108,121,22
108,121,22
108,121,22
108,121,22
108,121,22
108,121,22
108,121,22
108,121,22
108,136,22
108,136,22
108,136,22
108,136,22
108,136,22
108,136,22
108,136,22
108,136,22
108,136,22
108,136,22
108,114,22
108,114,22
108,114,22
108,114,22
108,114,22
108,114,22
108,114,22
108,114,22
108,114,22
108,114,22
108,114,22
108,114,22
108,114,22
108,114,22
108,114,22
108,114,22
108,114,22
108,114,22
108,114,22
108,114,22
108,114,22
108,114,22
108,114,22
108,114,22
108,92,22
108,92,22
108,92,22
108,92,22
108,92,22
108,92,22
108,92,22
108,92,22
108,92,22
108,92,22
108,92,22
108,92,22
108,92,22
108,92,22
108,92,22
108,92,22
108,92,22
108,92,22
108,92,22
108,104,22
108,104,22
108,104,22
108,104,22
108,104,22
108,104,22
108,104,22
108,104,22
108,104,22
108,104,22
108,104,22
108,104,22
108,104,22
108,104,22
108,104,22
108,104,22
108,96,22
108,96,22
108,96,22
108,96,22
108,96,22
108,96,22
108,96,22
108,96,22
108,96,22
108,96,22
108,96,22
108,96,22
108,96,22
108,96,22
108,96,22
108,96,22
108,96,22
108,96,22
108,127,22
108,127,22
108,127,22
108,127,22
108,127,22
108,127,22
108,127,22
108,127,22
108,127,22
108,127,22
108,101,22
108,101,22
108,101,22
108,101,22
108,101,22
108,101,22
108,101,22
108,101,22
108,101,22
108,101,22
108,101,22
108,101,22
108,101,22
108,101,22
108,101,22
108,101,22
108,101,22
108,101,22
108,101,22
108,101,22
108,101,22
108,101,22
108,101,22
108,101,22
108,101,22
108,101,22
108,122,22
108,122,22
108,122,22
108,122,22
108,122,22
108,122,22
108,122,22
108,122,22
108,122,22
108,122,22
108,122,22
108,122,22
108,122,22
108,122,22
108,122,22
108,122,22
108,122,22
108,122,22
108,122,22
108,122,22
108,122,22
108,122,22
108,122,22
108,122,22
108,122,22
108,122,22
108,122,22
108,122,22
108,122,22
108,122,22
108,122,22
108,122,22
108,122,22
108,122,22
108,122,22
108,122,22
108,122,22
108,122,22
108,122,22
108,122,22
108,122,22
108,122,22
108,122,22
108,122,22
108,122,22
108,122,22
108,122,22
108,122,22
108,122,22
108,122,22
108,122,22
108,122,22
108,122,22
108,122,22
108,122,22
108,122,22
108,122,22
108,122,22
108,122,22
108,122,22
108,118,22
108,118,22
108,118,22
108,118,22
108,118,22
108,118,22
108,118,22
108,118,22
108,118,22
108,118,22
108,118,22
108,118,22
108,118,22
108,118,22
108,118,22
108,118,22
108,118,22
108,118,22
108,118,22
108,118,22
108,118,22
108,118,22
108,118,22
108,118,22
108,103,22
108,103,22
108,103,22
108,103,22
108,103,22
108,103,22
108,103,22
108,103,22
108,103,22
108,103,22
108,103,22
108,103,22
108,103,22
108,118,22
108,118,22
108,118,22
108,118,22
108,118,22
108,118,22
108,118,22
108,118,22
108,118,22
108,118,22
108,118,22
108,118,22
108,118,22
108,145,22
108,145,22
108,145,22
108,145,22
108,145,22
108,145,22
108,145,22
108,145,22
108,145,22
108,145,22
108,104,22
108,104,22
108,104,22
108,104,22
108,104,22
108,104,22
108,104,22
108,104,22
108,104,22
108,104,22
108,104,22
108,104,22
108,104,22
108,104,22
108,80,22
108,80,22
108,80,22
108,80,22
108,80,22
108,80,22
108,80,22
108,80,22
108,80,22
108,80,22
108,80,22
108,80,22
108,80,22
108,80,22
108,80,22
108,80,22
108,80,22
108,80,22
108,80,22
108,80,22
108,80,22
108,80,22
108,80,22
108,80,22
108,80,22
108,80,22
108,80,22
108,80,22
108,80,22
108,80,22
108,80,22
108,80,22
108,80,22
108,80,22
108,80,22
108,80,22
108,80,22
108,80,22
108,80,22
108,80,22
108,80,22
108,80,22
108,80,22
108,80,22
108,80,22
108,80,22
108,80,22
108,80,22
108,80,22
108,126,22
108,126,22
108,126,22
108,126,22
108,126,22
108,126,22
108,126,22
108,126,22
108,126,22
108,126,22
108,126,22
108,126,22
108,126,22
108,126,22
108,126,22
88,90,22
88,90,22
88,90,22
88,90,22
88,90,22
88,90,22
88,90,22
88,90,22
88,90,22
88,57,22
88,57,22
88,57,22
88,57,22
88,57,22
88,57,22
88,57,22
88,57,22
88,57,22
88,57,22
88,57,22
88,57,22
88,57,22
88,57,22
88,57,22
88,57,22
88,57,22
88,57,22
88,57,22
88,57,22
88,57,22
88,57,22
88,57,22
88,57,22
88,57,22
88,57,22
88,57,22
88,57,22
88,57,22
88,57,22
88,57,22
88,57,22
88,57,22
88,57,22
88,57,22
88,57,22
88,57,22
88,57,22
88,57,22
88,57,22
88,57,22
88,57,22
88,54,22
88,54,22
88,54,22
88,54,22
88,54,22
88,54,22
88,54,22
88,54,22
88,54,22
88,54,22
88,54,22
88,54,22
88,54,22
88,54,22
88,54,22
88,54,22
88,54,22
88,54,22
88,54,22
88,54,22
88,54,22
88,54,22
88,54,22
88,54,22
88,73,22
88,73,22
88,73,22
88,73,22
88,73,22
88,73,22
88,73,22
88,73,22
88,73,22
88,73,22
88,73,22
88,73,22
88,73,22
88,73,22
88,73,22
88,73,22
88,73,22
88,73,22
88,73,22
88,73,22
88,73,22
88,73,22
88,73,22
88,73,22
88,73,22
88,73,22
88,73,22
88,73,22
88,73,22
88,73,22
88,73,22
88,73,22
88,73,22
88,73,22
88,73,22
88,73,22
88,73,22
88,73,22
88,73,22
88,72,22
88,72,22
88,72,22
88,72,22
88,72,22
88,72,22
88,72,22
88,72,22
88,72,22
88,72,22
88,92,22
88,92,22
88,92,22
88,92,22
88,92,22
88,92,22
88,92,22
88,92,22
88,14,22
88,14,22
88,14,22
88,14,22
88,14,22
88,14,22
88,14,22
88,14,22
88,14,22
88,14,22
88,74,22
88,74,22
88,74,22
88,74,22
88,74,22
88,74,22
88,74,22
88,74,22
88,74,22
88,74,22
88,74,22
88,74,22
88,74,22
88,74,22
88,74,22
88,74,22
88,74,22
88,74,22
88,74,22
88,74,22
88,74,22
88,74,22
88,74,22
88,74,22
88,74,22
88,68,22
88,68,22
88,68,22
88,68,22
88,68,22
88,68,22
88,68,22
88,68,22
88,68,22
88,68,22
88,68,22
88,68,22
88,68,22
88,68,22
88,68,22
88,68,22
88,68,22
88,68,22
88,68,22
88,68,22
88,68,22
88,68,22
88,68,22
88,68,22
88,68,22
88,68,22
88,68,22
88,68,22
88,68,22
88,68,22
88,68,22
88,68,22
88,68,22
88,68,22
88,68,22
88,111,22
88,111,22
88,111,22
88,111,22
88,111,22
88,111,22
88,111,22
88,111,22
88,111,22
88,74,22
88,74,22
88,74,22
88,74,22
88,74,22
88,74,22
88,74,22
88,74,22
88,74,22
88,74,22
88,74,22
88,74,22
88,74,22
88,74,22
88,74,22
88,74,22
88,74,22
88,74,22
88,87,22
88,87,22
88,87,22
88,87,22
88,87,22
88,87,22
88,87,22
88,87,22
88,87,22
88,87,22
88,87,22
88,87,22
88,87,22
88,87,22
88,87,22
88,87,22
88,87,22
88,87,22
88,87,22
88,87,22
88,87,22
88,87,22
88,87,22
88,87,22
88,87,22
88,87,22
88,87,22
88,87,22
88,87,22
88,87,22
88,87,22
88,87,22
88,87,22
88,87,22
88,87,22
88,87,22
88,87,22
88,87,22
88,87,22
88,87,22
88,87,22
88,87,22
88,87,22
88,87,22
88,87,22
88,87,22
88,87,22
88,87,22
88,87,22
88,87,22
88,87,22
88,87,22
88,96,22
88,96,22
88,96,22
88,96,22
88,96,22
88,96,22
88,96,22
88,96,22
88,96,22
88,96,22
88,96,22
88,96,22
88,42,22
88,42,22
88,42,22
88,42,22
88,42,22
88,42,22
88,42,22
88,42,22
88,42,22
88,42,22
88,42,22
88,42,22
88,42,22
88,42,22
88,58,22
88,58,22
88,58,22
88,58,22
88,58,22
88,58,22
88,58,22
88,58,22
88,58,22
88,58,22
88,58,22
88,58,22
88,58,22
88,58,22
88,58,22
88,58,22
88,58,22
88,99,22
88,99,22
88,99,22
88,99,22
88,99,22
88,99,22
88,99,22
88,99,22
88,99,22
88,99,22
88,99,22
88,99,22
88,99,22
88,99,22
88,99,22
88,99,22
88,99,22
88,99,22
88,99,22
88,99,22
88,99,22
88,99,22
88,99,22
88,99,22
88,99,22
88,99,22
88,99,22
88,99,22
88,99,22
88,99,22
88,99,22
88,99,22
88,99,22
88,99,22
88,92,22
88,92,22
88,92,22
88,92,22
88,92,22
88,92,22
88,92,22
88,92,22
88,92,22
88,92,22
88,85,22
88,85,22
88,85,22
88,85,22
88,85,22
88,85,22
88,85,22
88,85,22
88,85,22
88,85,22
88,85,22
88,85,22
88,85,22
88,85,22
88,85,22
88,85,22
88,85,22
88,85,22
88,85,22
88,85,22
88,85,22
88,85,22
88,85,22
88,85,22
88,85,22
88,85,22
88,85,22
88,85,22
88,85,22
88,85,22
88,85,22
88,85,22
88,85,22
88,85,22
88,85,22
88,85,22
88,85,22
88,85,22
88,85,22
88,85,22
88,85,22
88,85,22
88,85,22
88,85,22
88,85,22
88,85,22
73,104,22
73,104,22
73,104,22
73,104,22
73,104,22
73,104,22
73,104,22
73,104,22
73,104,22
73,104,22
73,104,22
73,104,22
73,62,22
73,62,22
73,62,22
73,62,22
73,62,22
73,62,22
73,62,22
73,62,22
73,62,22
73,62,22
73,62,22
73,62,22
73,62,22
73,62,22
73,62,22
73,62,22
73,62,22
73,64,22
73,64,22
73,64,22
73,64,22
73,64,22
73,64,22
73,64,22
73,64,22
73,64,22
73,64,22
73,64,22
73,64,22
73,64,22
73,64,22
73,64,22
73,59,22
73,59,22
73,59,22
73,59,22
73,59,22
73,59,22
73,59,22
73,59,22
73,59,22
73,59,22
73,59,22
73,59,22
73,59,22
73,41,22
73,41,22
73,41,22
73,41,22
73,41,22
73,41,22
73,41,22
73,41,22
73,41,22
73,41,22
73,41,22
73,41,22
73,41,22
73,41,22
73,41,22
73,41,22
73,60,22
73,60,22
73,60,22
73,60,22
73,60,22
73,60,22
73,60,22
73,60,22
73,60,22
73,60,22
73,60,22
73,60,22
73,60,22
73,60,22
73,60,22
73,60,22
73,60,22
73,60,22
73,60,22
73,60,22
73,60,22
73,60,22
73,60,22
73,60,22
73,60,22
73,60,22
73,60,22
73,59,22
73,59,22
73,59,22
73,59,22
73,59,22
73,59,22
73,59,22
73,59,22
73,59,22
73,59,22
73,59,22
73,59,22
73,59,22
73,107,22
73,107,22
73,107,22
73,107,22
73,107,22
73,107,22
73,107,22
73,107,22
73,107,22
73,107,22
73,107,22
73,107,22
73,107,22
73,107,22
73,107,22
73,107,22
73,107,22
73,107,22
73,52,22
73,52,22
73,52,22
73,52,22
73,52,22
73,52,22
73,52,22
73,52,22
73,52,22
73,52,22
73,52,22
73,52,22
73,52,22
73,52,22
73,79,22
73,79,22
73,79,22
73,79,22
73,79,22
73,79,22
73,60,22
73,60,22
73,60,22
73,60,22
73,60,22
73,60,22
73,60,22
73,119,22
73,119,22
73,119,22
73,119,22
73,119,22
73,119,22
73,119,22
73,119,22
73,119,22
73,119,22
73,119,22
73,36,22
73,36,22
73,36,22
73,36,22
73,36,22
73,36,22
73,36,22
73,36,22
73,36,22
73,102,22
73,102,22
73,102,22
73,102,22
73,102,22
73,102,22
73,102,22
73,102,22
73,102,22
73,102,22
73,102,22
73,102,22
73,102,22
73,102,22
73,102,22
73,65,22
73,65,22
73,65,22
73,65,22
73,65,22
73,65,22
73,65,22
73,65,22
73,65,22
73,65,22
73,45,22
73,45,22
73,45,22
73,45,22
73,45,22
73,45,22
73,45,22
73,45,22
73,45,22
73,45,22
73,45,22
73,45,22
73,45,22
73,45,22
73,45,22
73,45,22
73,45,22
73,45,22
73,45,22
73,45,22
73,45,22
73,45,22
73,45,22
73,45,22
73,45,22
73,45,22
73,45,22
73,45,22
73,45,22
73,45,22
73,45,22
73,45,22
73,45,22
73,45,22
73,45,22
73,45,22
73,45,22
73,45,22
73,45,22
73,45,22
73,45,22
73,45,22
73,45,22
73,45,22
73,45,22
73,45,22
73,45,22
73,45,22
73,45,22
73,45,22
73,45,22
73,45,22
73,45,22
73,45,22
73,45,22
73,47,22
73,47,22
73,47,22
73,47,22
73,47,22
73,47,22
73,47,22
73,47,22
73,47,22
73,47,22
73,47,22
73,47,22
73,47,22
73,47,22
73,47,22
73,47,22
73,74,22
73,74,22
73,74,22
73,74,22
73,74,22
73,74,22
73,74,22
73,74,22
73,74,22
73,74,22
73,74,22
73,74,22
73,72,22
73,72,22
73,72,22
73,72,22
73,72,22
73,72,22
73,72,22
73,72,22
73,72,22
73,72,22
73,72,22
73,81,22
73,81,22
73,81,22
73,81,22
73,81,22
73,81,22
73,81,22
73,81,22
73,81,22
73,81,22
73,77,22
73,77,22
73,77,22
73,77,22
73,77,22
73,77,22
73,77,22
73,77,22
73,77,22
73,77,22
73,77,22
73,77,22
73,77,22
73,77,22
73,77,22
73,77,22
73,77,22
73,77,22
73,77,22
73,77,22
73,77,22
73,77,22
73,77,22
73,77,22
73,77,22
73,77,22
73,67,22
73,67,22
73,67,22
73,67,22
73,67,22
73,67,22
73,67,22
73,67,22
73,67,22
73,67,22
73,67,22
73,67,22
73,67,22
73,67,22
73,67,22
73,60,22
73,60,22
73,60,22
73,60,22
73,60,22
73,60,22
73,60,22
73,60,22
73,60,22
73,60,22
73,60,22
73,60,22
73,60,22
73,60,22
73,60,22
73,60,22
73,60,22
73,60,22
73,60,22
73,60,22
73,60,22
73,67,22
73,67,22
73,67,22
73,67,22
73,67,22
73,67,22
73,67,22
48,26,22
48,26,22
48,26,22
48,26,22
48,26,22
48,26,22
48,26,22
48,26,22
48,26,22
48,26,22
48,26,22
48,26,22
48,26,22
48,26,22
48,26,22
48,45,22
48,45,22
48,45,22
48,45,22
48,45,22
48,45,22
48,45,22
48,45,22
48,45,22
48,45,22
48,45,22
48,45,22
48,45,22
48,45,22
48,45,22
48,45,22
48,45,22
48,45,22
48,45,22
48,45,22
48,45,22
48,45,22
48,45,22
48,45,22
48,45,22
48,45,22
48,45,22
48,45,22
48,45,22
48,45,22
48,45,22
48,45,22
48,75,22
48,75,22
48,75,22
48,75,22
48,75,22
48,75,22
48,75,22
48,75,22
48,75,22
48,75,22
48,61,22
48,61,22
48,61,22
48,61,22
48,61,22
48,61,22
48,61,22
48,61,22
48,61,22
48,61,22
48,61,22
48,61,22
48,61,22
48,61,22
48,61,22
48,61,22
48,61,22
48,61,22
48,61,22
48,61,22
48,61,22
48,61,22
48,61,22
48,61,22
48,61,22
48,61,22
48,61,22
48,53,22
48,53,22
48,53,22
48,53,22
48,53,22
48,53,22
48,53,22
48,53,22
48,53,22
48,339,22
48,339,22
48,339,22
48,339,22
48,339,22
48,339,22
48,339,22
48,339,22
48,339,22
48,339,22
48,339,22
48,39,22
48,39,22
48,39,22
48,39,22
48,39,22
48,39,22
48,39,22
48,39,22
48,39,22
48,39,22
48,39,22
48,63,22
48,63,22
48,63,22
48,63,22
48,63,22
48,63,22
48,63,22
48,17,22
48,17,22
48,17,22
48,17,22
48,17,22
48,17,22
48,17,22
48,17,22
48,17,22
48,17,22
48,17,22
48,17,22
48,17,22
48,17,22
48,17,22
48,17,22
48,17,22
48,17,22
48,334,22
48,334,22
48,334,22
48,334,22
48,334,22
48,334,22
48,334,22
48,334,22
48,334,22
48,334,22
48,334,22
48,334,22
48,334,22
48,22,22
48,22,22
48,22,22
48,22,22
48,22,22
48,22,22
48,22,22
48,22,22
48,22,22
48,22,22
48,22,22
48,22,22
48,22,22
48,37,22
48,37,22
48,37,22
48,37,22
48,37,22
48,37,22
48,37,22
48,37,22
48,37,22
48,37,22
48,37,22
48,4,22
48,4,22
48,4,22
48,4,22
48,4,22
48,4,22
48,4,22
48,4,22
48,4,22
48,4,22
48,4,22
48,4,22
48,4,22
48,4,22
48,4,22
48,4,22
48,4,22
48,4,22
48,4,22
48,4,22
48,31,22
48,31,22
48,31,22
48,31,22
48,31,22
48,31,22
48,31,22
48,31,22
48,31,22
48,31,22
48,48,22
48,48,22
48,48,22
48,48,22
48,48,22
48,48,22
48,48,22
48,48,22
48,48,22
48,48,22
48,48,22
48,48,22
48,48,22
48,48,22
48,48,22
48,48,22
48,48,22
48,48,22
48,48,22
48,19,22
48,19,22
48,19,22
48,19,22
48,19,22
48,19,22
48,19,22
48,19,22
48,19,22
48,19,22
48,19,22
48,19,22
48,19,22
48,19,22
48,19,22
48,19,22
48,19,22
48,19,22
48,19,22
48,19,22
48,19,22
48,28,22
48,28,22
48,28,22
48,28,22
48,28,22
48,28,22
48,28,22
48,28,22
48,28,22
48,28,22
48,28,22
48,28,22
48,28,22
48,28,22
48,28,22
48,28,22
48,28,22
48,28,22
48,28,22
48,28,22
48,28,22
48,28,22
48,28,22
48,28,22
48,28,22
48,28,22
48,28,22
48,28,22
48,28,22
48,28,22
48,28,22
48,28,22
48,28,22
48,28,22
48,28,22
48,28,22
48,28,22
48,28,22
48,28,22
48,28,22
48,28,22
48,28,22
48,28,22
48,28,22
48,28,22
48,28,22
48,28,22
48,28,22
48,28,22
48,28,22
48,28,22
48,28,22
48,28,22
48,28,22
48,72,22
48,72,22
48,72,22
48,72,22
48,72,22
48,72,22
48,72,22
48,72,22
48,72,22
48,72,22
48,72,22
48,72,22
48,72,22
48,72,22
48,72,22
48,72,22
48,72,22
48,72,22
48,72,22
48,72,22
48,39,22
48,39,22
48,39,22
48,39,22
48,39,22
48,39,22
48,39,22
48,39,22
48,39,22
48,39,22
48,39,22
48,39,22
48,39,22
48,39,22
48,39,22
48,39,22
48,39,22
48,39,22
48,39,22
48,16,22
48,16,22
48,16,22
48,16,22
48,16,22
48,16,22
48,16,22
48,16,22
48,16,22
48,16,22
48,16,22
48,16,22
48,16,22
73,76,22
73,76,22
73,76,22
73,76,22
73,76,22
73,76,22
73,94,22
73,94,22
73,94,22
73,94,22
73,94,22
73,94,22
73,94,22
73,94,22
73,94,22
73,94,22
73,94,22
73,94,22
73,94,22
73,94,22
73,94,22
73,94,22
73,94,22
73,94,22
73,94,22
73,94,22
73,94,22
73,94,22
73,94,22
73,94,22
73,94,22
73,94,22
73,94,22
73,94,22
73,94,22
73,94,22
73,94,22
73,94,22
73,94,22
73,94,22
73,94,22
73,94,22
73,94,22
73,94,22
73,94,22
73,94,22
73,94,22
73,94,22
73,94,22
73,94,22
73,94,22
73,94,22
73,94,22
73,68,22
73,68,22
73,68,22
73,68,22
73,68,22
73,68,22
73,68,22
73,68,22
73,68,22
73,54,22
73,54,22
73,54,22
73,54,22
73,54,22
73,54,22
73,54,22
73,54,22
73,54,22
73,54,22
73,54,22
73,54,22
73,69,22
73,69,22
73,69,22
73,69,22
73,69,22
73,69,22
73,69,22
73,69,22
73,69,22
73,69,22
73,69,22
73,69,22
73,69,22
73,69,22
73,69,22
73,107,22
73,107,22
73,107,22
73,107,22
73,107,22
73,107,22
73,107,22
73,107,22
73,107,22
73,107,22
73,71,22
73,71,22
73,71,22
73,71,22
73,71,22
73,71,22
73,71,22
73,66,22
73,66,22
73,66,22
73,66,22
73,66,22
73,66,22
73,66,22
73,66,22
73,66,22
73,66,22
73,66,22
73,66,22
73,66,22
73,66,22
73,66,22
73,66,22
73,66,22
73,66,22
73,66,22
73,66,22
73,66,22
73,66,22
73,66,22
73,66,22
73,66,22
73,66,22
73,66,22
73,66,22
73,66,22
73,66,22
73,66,22
73,66,22
73,65,22
73,65,22
73,65,22
73,65,22
73,65,22
73,65,22
73,65,22
73,65,22
73,65,22
73,65,22
73,65,22
73,65,22
73,65,22
73,65,22
73,65,22
73,65,22
73,65,22
73,65,22
73,65,22
73,65,22
73,65,22
73,65,22
73,65,22
73,65,22
73,65,22
73,65,22
73,65,22
73,65,22
73,65,22
73,65,22
73,65,22
73,65,22
73,65,22
73,65,22
73,65,22
73,65,22
73,65,22
73,65,22
73,65,22
73,65,22
73,65,22
73,65,22
73,65,22
73,65,22
73,65,22
73,65,22
73,65,22
73,65,22
73,65,22
73,65,22
73,65,22
73,65,22
73,65,22
73,65,22
73,65,22
73,65,22
73,65,22
73,65,22
73,65,22
73,106,22
73,106,22
73,106,22
73,106,22
73,106,22
73,106,22
73,106,22
73,106,22
73,106,22
73,106,22
73,106,22
73,106,22
73,106,22
73,106,22
73,106,22
73,106,22
73,106,22
73,106,22
73,106,22
73,106,22
73,106,22
73,106,22
73,106,22
73,106,22
73,67,22
73,67,22
73,67,22
73,67,22
73,67,22
73,67,22
73,67,22
73,67,22
73,67,22
73,67,22
73,67,22
73,67,22
73,67,22
73,67,22
73,67,22
73,67,22
73,67,22
73,79,22
73,79,22
73,79,22
73,79,22
73,79,22
73,79,22
73,79,22
73,75,22
73,75,22
73,75,22
73,75,22
73,75,22
73,75,22
73,75,22
73,75,22
73,75,22
73,75,22
73,75,22
73,75,22
73,75,22
73,65,22
73,65,22
73,65,22
73,65,22
73,65,22
73,65,22
73,65,22
73,65,22
73,65,22
73,65,22
73,65,22
73,65,22
73,65,22
73,65,22
73,65,22
73,95,22
73,95,22
73,95,22
73,95,22
73,95,22
73,95,22
73,95,22
73,95,22
73,95,22
73,95,22
73,95,22
73,95,22
73,95,22
73,95,22
73,95,22
73,95,22
73,95,22
73,95,22
73,95,22
73,95,22
73,95,22
73,95,22
73,95,22
73,95,22
73,95,22
73,95,22
73,95,22
73,95,22
73,95,22
73,95,22
73,95,22
73,95,22
73,95,22
73,84,22
73,84,22
73,84,22
73,84,22
73,84,22
73,84,22
73,84,22
73,33,22
73,33,22
73,33,22
73,33,22
73,33,22
73,33,22
73,33,22
73,33,22
73,33,22
73,33,22
73,33,22
73,33,22
73,33,22
73,33,22
73,33,22
73,33,22
73,33,22
73,33,22
73,33,22
73,33,22
73,33,22
73,33,22
73,33,22
73,33,22
73,33,22
73,33,22
73,33,22
73,33,22
73,33,22
73,33,22
73,33,22
73,33,22
73,33,22
73,33,22
73,33,22
73,33,22
73,33,22
73,33,22
73,33,22
73,33,22
73,33,22
73,33,22
73,33,22
73,38,22
73,38,22
73,38,22
73,38,22
73,38,22
73,38,22
73,38,22
73,38,22
73,38,22
73,38,22
73,38,22
73,64,22
73,64,22
73,64,22
73,64,22
73,64,22
73,64,22
73,64,22
73,64,22
73,64,22
73,357,22
73,357,22
73,357,22
73,357,22
73,357,22
73,357,22
73,357,22
73,357,22
73,357,22
73,357,22
73,357,22
73,357,22
73,357,22
73,357,22
73,357,22
73,357,22
73,357,22
73,357,22
73,357,22
73,357,22
73,357,22
73,357,22
88,97,22
88,97,22
88,97,22
88,97,22
88,97,22
88,97,22
88,97,22
88,97,22
88,97,22
88,97,22
88,97,22
88,97,22
88,97,22
88,97,22
88,97,22
88,97,22
88,97,22
88,97,22
88,97,22
88,97,22
88,95,22
88,95,22
88,95,22
88,95,22
88,95,22
88,95,22
88,95,22
88,95,22
88,95,22
88,95,22
88,95,22
88,95,22
88,95,22
88,95,22
88,84,22
88,84,22
88,84,22
88,84,22
88,84,22
88,84,22
88,84,22
88,84,22
88,84,22
88,84,22
88,84,22
88,84,22
88,84,22
88,84,22
88,84,22
88,84,22
88,84,22
88,84,22
88,84,22
88,84,22
88,84,22
88,84,22
88,84,22
88,84,22
88,84,22
88,84,22
88,84,22
88,84,22
88,84,22
88,84,22
88,84,22
88,84,22
88,73,22
88,73,22
88,73,22
88,73,22
88,73,22
88,73,22
88,73,22
88,73,22
88,52,22
88,52,22
88,52,22
88,52,22
88,52,22
88,52,22
88,52,22
88,52,22
88,52,22
88,52,22
88,52,22
88,52,22
88,52,22
88,52,22
88,18,22
88,18,22
88,18,22
88,18,22
88,18,22
88,18,22
88,18,22
88,18,22
88,18,22
88,18,22
88,18,22
88,18,22
88,18,22
88,18,22
88,18,22
88,18,22
88,18,22
88,18,22
88,18,22
88,18,22
88,18,22
88,18,22
88,18,22
88,18,22
88,18,22
88,18,22
88,18,22
88,18,22
88,18,22
88,18,22
88,18,22
88,18,22
88,18,22
88,18,22
88,18,22
88,18,22
88,18,22
88,18,22
88,18,22
88,18,22
88,18,22
88,18,22
88,18,22
88,46,22
88,46,22
88,46,22
88,46,22
88,46,22
88,46,22
88,46,22
88,46,22
88,96,22
88,96,22
88,96,22
88,96,22
88,96,22
88,96,22
88,96,22
88,96,22
88,96,22
88,96,22
88,96,22
88,96,22
88,96,22
88,96,22
88,96,22
88,96,22
88,96,22
88,96,22
88,96,22
88,96,22
88,96,22
88,96,22
88,96,22
88,96,22
88,96,22
88,96,22
88,96,22
88,96,22
88,96,22
88,96,22
88,96,22
88,96,22
88,96,22
88,96,22
88,96,22
88,96,22
88,96,22
88,96,22
88,96,22
88,96,22
88,96,22
88,96,22
88,96,22
88,96,22
88,96,22
88,96,22
63,66,22
63,66,22
63,66,22
63,66,22
63,66,22
63,66,22
63,66,22
63,66,22
63,66,22
63,66,22
63,66,22
63,66,22
63,66,22
63,66,22
63,66,22
63,72,22
63,72,22
63,72,22
63,72,22
63,72,22
63,72,22
63,72,22
63,72,22
63,72,22
63,72,22
63,72,22
63,72,22
63,72,22
63,48,22
63,48,22
63,48,22
63,48,22
63,48,22
63,48,22
63,48,22
63,48,22
63,48,22
63,48,22
63,48,22
63,48,22
63,48,22
63,48,22
63,48,22
63,48,22
63,48,22
63,48,22
63,48,22
63,48,22
63,48,22
63,48,22
63,59,22
63,59,22
63,59,22
63,59,22
63,59,22
63,59,22
63,59,22
63,59,22
63,59,22
63,59,22
63,59,22
63,59,22
63,59,22
63,59,22
63,85,22
63,85,22
63,85,22
63,85,22
63,85,22
63,85,22
63,85,22
63,85,22
63,85,22
63,85,22
63,85,22
63,85,22
63,77,22
63,77,22
63,77,22
63,77,22
63,77,22
63,77,22
63,77,22
63,77,22
63,77,22
63,77,22
63,77,22
63,77,22
63,77,22
63,77,22
63,77,22
63,77,22
63,77,22
63,77,22
63,77,22
63,82,22
63,82,22
63,82,22
63,82,22
63,82,22
63,82,22
63,82,22
63,82,22
63,82,22
63,68,22
63,68,22
63,68,22
63,68,22
63,68,22
63,68,22
63,68,22
63,68,22
63,68,22
63,68,22
63,68,22
63,68,22
63,68,22
63,68,22
63,68,22
63,68,22
63,68,22
63,68,22
63,68,22
63,68,22
63,68,22
63,68,22
63,68,22
63,68,22
63,66,22
63,66,22
63,66,22
63,66,22
63,66,22
63,66,22
63,66,22
63,66,22
63,66,22
63,66,22
63,66,22
63,66,22
63,66,22
63,66,22
63,66,22
63,66,22
63,66,22
63,66,22
63,66,22
63,66,22
63,66,22
63,66,22
63,66,22
63,66,22
63,66,22
63,66,22
63,66,22
63,66,22
63,66,22
63,66,22
63,66,22
63,66,22
63,66,22
63,66,22
63,66,22
63,66,22
63,66,22
63,66,22
63,66,22
63,66,22
63,66,22
63,66,22
63,66,22
63,66,22
63,66,22
63,66,22
63,66,22
63,66,22
63,66,22
63,66,22
63,66,22
63,66,22
63,52,22
63,52,22
63,52,22
63,52,22
63,52,22
63,52,22
63,52,22
63,52,22
63,52,22
63,52,22
63,52,22
63,52,22
63,52,22
63,52,22
63,52,22
63,52,22
63,52,22
63,52,22
63,52,22
63,52,22
63,102,22
63,102,22
63,102,22
63,102,22
63,102,22
63,102,22
63,102,22
63,102,22
63,102,22
63,102,22
63,355,22
63,355,22
63,355,22
63,355,22
63,355,22
63,355,22
63,355,22
63,355,22
63,355,22
63,355,22
63,355,22
63,355,22
63,355,22
63,355,22
63,355,22
63,355,22
63,355,22
63,355,22
63,355,22
63,355,22
63,355,22
63,355,22
63,355,22
63,53,22
63,53,22
63,53,22
63,53,22
63,53,22
63,53,22
63,34,22
63,34,22
63,34,22
63,34,22
63,34,22
63,34,22
63,34,22
63,34,22
63,34,22
63,34,22
63,34,22
63,34,22
63,34,22
63,34,22
63,34,22
63,34,22
63,34,22
63,34,22
63,34,22
63,50,22
63,50,22
63,50,22
63,50,22
63,50,22
63,50,22
63,50,22
63,50,22
63,50,22
63,50,22
63,50,22
63,50,22
63,50,22
63,50,22
63,50,22
63,69,22
63,69,22
63,69,22
63,69,22
63,69,22
63,69,22
63,69,22
63,69,22
63,69,22
63,69,22
63,69,22
63,69,22
63,69,22
63,69,22
63,69,22
63,69,22
63,69,22
63,78,22
63,78,22
63,78,22
63,78,22
63,78,22
63,78,22
63,78,22
63,78,22
63,78,22
63,78,22
63,78,22
63,78,22
63,78,22
63,58,22
63,58,22
63,58,22
63,58,22
63,58,22
63,58,22
63,58,22
48,15,22
48,15,22
48,15,22
48,15,22
48,15,22
48,15,22
48,15,22
48,15,22
48,15,22
48,15,22
48,15,22
48,15,22
48,15,22
48,15,22
48,15,22
48,15,22
48,15,22
48,15,22
48,15,22
48,15,22
48,15,22
48,15,22
48,15,22
48,15,22
48,15,22
48,15,22
48,15,22
48,15,22
48,15,22
48,15,22
48,15,22
48,15,22
48,15,22
48,15,22
48,15,22
48,15,22
48,15,22
48,15,22
48,15,22
48,18,22
48,18,22
48,18,22
48,18,22
48,18,22
48,18,22
48,18,22
48,18,22
48,24,22
48,24,22
48,24,22
48,24,22
48,24,22
48,24,22
48,24,22
48,24,22
48,24,22
48,24,22
48,24,22
48,24,22
48,79,22
48,79,22
48,79,22
48,79,22
48,79,22
48,79,22
48,79,22
48,79,22
48,79,22
48,79,22
48,79,22
48,79,22
48,79,22
48,55,22
48,55,22
48,55,22
48,55,22
48,55,22
48,55,22
48,55,22
48,55,22
48,55,22
48,55,22
48,55,22
48,55,22
48,39,22
48,39,22
48,39,22
48,39,22
48,39,22
48,39,22
48,49,22
48,49,22
48,49,22
48,49,22
48,49,22
48,49,22
48,49,22
48,49,22
48,49,22
48,49,22
48,49,22
48,49,22
48,49,22
48,49,22
48,49,22
48,49,22
48,49,22
48,49,22
48,49,22
48,49,22
48,49,22
48,49,22
48,49,22
48,49,22
48,49,22
48,49,22
48,49,22
48,49,22
48,49,22
48,49,22
48,22,22
48,22,22
48,22,22
48,22,22
48,22,22
48,22,22
48,22,22
48,22,22
48,22,22
48,22,22
48,22,22
48,22,22
48,22,22
48,22,22
48,22,22
48,22,22
48,22,22
48,22,22
48,22,22
48,22,22
48,22,22
48,22,22
48,22,22
48,22,22
48,22,22
48,22,22
48,22,22
48,22,22
48,22,22
48,22,22
48,6,22
48,6,22
48,6,22
48,6,22
48,6,22
48,6,22
48,6,22
48,6,22
48,6,22
48,12,22
48,12,22
48,12,22
48,12,22
48,12,22
48,12,22
48,12,22
48,12,22
48,12,22
48,12,22
48,12,22
48,12,22
48,12,22
48,12,22
48,12,22
48,12,22
48,12,22
48,12,22
48,12,22
48,12,22
48,12,22
48,12,22
48,12,22
48,12,22
48,12,22
48,12,22
48,12,22
48,12,22
48,12,22
48,12,22
48,54,22
48,54,22
48,54,22
48,54,22
48,54,22
48,54,22
48,24,22
48,24,22
48,24,22
48,24,22
48,24,22
48,24,22
48,24,22
48,24,22
48,24,22
48,24,22
48,24,22
48,24,22
48,24,22
48,24,22
48,24,22
48,24,22
48,24,22
48,24,22
48,24,22
48,24,22
48,24,22
48,24,22
48,59,22
48,59,22
48,59,22
48,59,22
48,59,22
48,59,22
48,59,22
48,59,22
48,59,22
48,59,22
48,59,22
48,59,22
48,59,22
48,59,22
48,59,22
48,59,22
48,59,22
48,59,22
48,59,22
48,59,22
48,59,22
48,59,22
48,59,22
48,65,22
48,65,22
48,65,22
48,65,22
48,65,22
48,65,22
48,65,22
48,65,22
48,65,22
48,65,22
48,65,22
48,65,22
48,65,22
48,51,22
48,51,22
48,51,22
48,51,22
48,51,22
48,51,22
48,51,22
48,51,22
48,51,22
48,51,22
48,28,22
48,28,22
48,28,22
48,28,22
48,28,22
48,28,22
48,28,22
48,28,22
48,28,22
48,28,22
48,28,22
48,28,22
48,28,22
48,28,22
48,28,22
48,28,22
48,28,22
48,28,22
48,28,22
48,28,22
48,33,22
48,33,22
48,33,22
48,33,22
48,33,22
48,33,22
48,33,22
48,33,22
48,33,22
48,33,22
48,33,22
48,33,22
48,33,22
48,33,22
48,33,22
48,33,22
48,33,22
48,33,22
48,33,22
48,33,22
48,33,22
48,33,22
48,33,22
48,33,22
48,33,22
48,29,22
48,29,22
48,29,22
48,29,22
48,29,22
48,29,22
48,29,22
48,29,22
48,29,22
48,29,22
48,29,22
48,29,22
48,29,22
48,29,22
48,29,22
48,29,22
48,29,22
48,29,22
48,29,22
48,29,22
48,29,22
48,29,22
48,29,22
48,29,22
48,29,22
48,29,22
48,29,22
48,29,22
48,29,22
48,29,22
48,29,22
48,29,22
48,29,22
48,29,22
48,29,22
48,29,22
48,29,22
48,29,22
48,29,22
48,29,22
48,29,22
48,29,22
48,29,22
48,29,22
48,29,22
48,49,22
48,49,22
48,49,22
48,49,22
48,49,22
48,49,22
48,49,22
48,49,22
48,49,22
48,49,22
48,49,22
48,49,22
48,49,22
48,49,22
48,49,22
48,49,22
48,49,22
48,49,22
48,49,22
48,49,22
48,49,22
48,49,22
48,49,22
48,49,22
48,49,22
48,49,22
48,49,22
48,49,22
48,49,22
48,49,22
48,49,22
48,49,22
48,49,22
48,49,22
48,49,22
48,49,22
48,49,22
48,49,22
48,49,22
48,49,22
48,49,22
48,49,22
48,49,22
48,49,22
48,73,22
48,73,22
48,73,22
48,73,22
48,73,22
48,73,22
48,73,22
48,73,22
48,73,22
48,73,22
48,73,22
48,73,22
48,51,22
48,51,22
48,51,22
48,51,22
48,51,22
48,51,22
48,90,22
48,90,22
48,90,22
48,90,22
48,90,22
48,90,22
48,90,22
48,90,22
48,90,22
48,90,22
48,90,22
48,56,22
48,56,22
48,56,22
48,56,22
48,56,22
48,56,22
48,56,22
48,56,22
48,56,22
48,56,22
48,56,22
48,56,22
48,56,22
48,56,22
48,56,22
48,56,22
48,56,22
48,56,22
48,56,22
48,56,22
48,56,22
48,56,22
48,56,22
48,56,22
48,35,22
48,35,22
48,35,22
48,35,22
48,35,22
48,35,22
48,35,22
48,35,22
23,349,22
23,349,22
23,349,22
23,349,22
23,349,22
23,349,22
23,349,22
23,352,22
23,352,22
23,352,22
23,352,22
23,352,22
23,352,22
23,352,22
23,352,22
23,352,22
23,5,22
23,5,22
23,5,22
23,5,22
23,5,22
23,5,22
23,5,22
23,5,22
23,5,22
23,5,22
23,5,22
23,5,22
23,5,22
23,5,22
23,5,22
23,5,22
23,5,22
23,5,22
23,5,22
23,5,22
23,5,22
23,5,22
23,5,22
23,5,22
23,5,22
23,5,22
23,5,22
23,5,22
23,5,22
23,5,22
23,5,22
23,5,22
23,5,22
23,5,22
23,5,22
23,5,22
23,5,22
23,5,22
23,5,22
23,5,22
23,5,22
23,5,22
23,5,22
23,5,22
23,5,22
23,36,22
23,36,22
23,36,22
23,36,22
23,36,22
23,36,22
23,36,22
23,36,22
23,36,22
23,36,22
23,36,22
23,36,22
23,36,22
23,36,22
23,36,22
23,36,22
23,36,22
23,36,22
23,36,22
23,36,22
23,36,22
23,36,22
23,36,22
23,36,22
23,36,22
23,36,22
23,36,22
23,36,22
23,36,22
23,36,22
23,36,22
23,36,22
23,36,22
23,36,22
23,36,22
23,36,22
23,36,22
23,36,22
23,36,22
23,57,22
23,57,22
23,57,22
23,57,22
23,57,22
23,57,22
23,57,22
23,43,22
23,43,22
23,43,22
23,43,22
23,43,22
23,43,22
23,43,22
23,43,22
23,43,22
23,43,22
23,43,22
23,43,22
23,43,22
23,43,22
23,43,22
23,43,22
23,43,22
23,43,22
23,43,22
23,43,22
23,43,22
23,43,22
23,43,22
23,43,22
23,43,22
23,43,22
23,43,22
23,43,22
23,43,22
23,43,22
23,43,22
23,43,22
23,43,22
23,43,22
23,43,22
23,43,22
23,43,22
23,43,22
23,43,22
23,43,22
23,43,22
23,43,22
23,43,22
23,43,22
23,43,22
23,43,22
23,43,22
23,43,22
23,43,22
23,43,22
23,43,22
23,43,22
23,43,22
23,8,22
23,8,22
23,8,22
23,8,22
23,8,22
23,8,22
23,8,22
23,8,22
23,8,22
23,8,22
23,8,22
23,8,22
23,8,22
23,8,22
23,8,22
23,0,22
23,0,22
23,0,22
23,0,22
23,0,22
23,0,22
23,0,22
23,0,22
23,0,22
23,0,22
23,0,22
23,0,22
23,0,22
23,0,22
23,0,22
23,0,22
23,0,22
23,0,22
23,0,22
23,0,22
23,72,22
23,72,22
23,72,22
23,72,22
23,72,22
23,72,22
23,72,22
23,72,22
23,72,22
23,72,22
23,72,22
23,72,22
23,72,22
23,72,22
23,72,22
23,72,22
23,72,22
23,72,22
23,72,22
23,72,22
23,72,22
23,72,22
23,72,22
23,31,22
23,31,22
23,31,22
23,31,22
23,31,22
23,31,22
23,31,22
23,31,22
23,31,22
23,31,22
23,31,22
23,31,22
23,31,22
23,31,22
23,31,22
23,31,22
23,31,22
23,31,22
23,31,22
23,31,22
23,31,22
23,31,22
23,31,22
23,31,22
23,31,22
23,15,22
23,15,22
23,15,22
23,15,22
23,15,22
23,15,22
23,15,22
23,15,22
23,15,22
23,15,22
23,15,22
23,15,22
23,15,22
23,15,22
23,15,22
23,27,22
23,27,22
23,27,22
23,27,22
23,27,22
23,27,22
23,27,22
23,27,22
23,27,22
23,27,22
23,27,22
23,27,22
23,27,22
23,27,22
23,27,22
23,27,22
23,27,22
23,27,22
23,27,22
23,27,22
23,35,22
23,35,22
23,35,22
23,35,22
23,35,22
23,35,22
23,35,22
23,35,22
23,35,22
23,35,22
23,35,22
23,35,22
23,35,22
23,35,22
23,35,22
23,35,22
23,35,22
23,35,22
23,35,22
23,35,22
23,35,22
23,35,22
23,35,22
23,35,22
23,35,22
23,35,22
23,35,22
23,35,22
23,35,22
23,35,22
23,35,22
23,35,22
23,35,22
23,35,22
23,35,22
23,35,22
23,35,22
23,35,22
23,35,22
23,35,22
23,35,22
23,35,22
23,35,22
23,35,22
23,35,22
23,35,22
23,35,22
23,22,22
23,22,22
23,22,22
23,22,22
23,22,22
23,22,22
23,22,22
23,22,22
23,22,22
23,22,22
23,22,22
23,22,22
23,22,22
23,22,22
23,22,22
23,22,22
23,22,22
23,22,22
23,22,22
23,22,22
23,22,22
23,22,22
23,25,22
23,25,22
23,25,22
23,25,22
23,25,22
23,25,22
23,25,22
23,25,22
23,25,22
23,25,22
23,25,22
23,25,22
23,25,22
23,25,22
23,25,22
23,25,22
23,25,22
23,25,22
23,25,22
23,25,22
23,25,22
23,25,22
23,25,22
23,25,22
23,25,22
23,25,22
23,25,22
23,25,22
23,25,22
23,25,22
23,25,22
23,25,22
23,25,22
23,25,22
23,25,22
23,25,22
23,25,22
23,57,22
23,57,22
23,57,22
23,57,22
23,57,22
23,57,22
23,57,22
23,57,22
23,57,22
23,57,22
23,57,22
23,57,22
23,57,22
23,57,22
23,57,22
23,12,22
23,12,22
23,12,22
23,12,22
23,12,22
23,12,22
23,12,22
23,12,22
23,12,22
23,12,22
23,12,22
23,12,22
23,12,22
23,12,22
23,12,22
23,12,22
23,12,22
23,12,22
23,12,22
23,12,22
23,12,22
23,12,22
23,12,22
23,12,22
23,12,22
23,12,22
23,12,22
23,12,22
23,12,22
23,12,22
23,12,22
23,12,22
23,12,22
23,12,22
23,12,22
23,12,22
23,12,22
23,12,22
23,12,22
23,12,22
23,12,22
23,12,22
23,12,22
23,12,22
23,12,22
23,12,22
23,12,22
23,12,22
23,12,22
23,12,22
23,12,22
23,14,22
23,14,22
23,14,22
23,14,22
23,14,22
23,14,22
23,14,22
23,14,22
23,14,22
23,14,22
23,14,22
23,14,22
23,14,22
23,14,22
23,14,22
23,14,22
23,14,22
23,14,22
23,14,22
23,14,22
23,14,22
23,14,22
23,14,22
23,14,22
23,14,22
23,14,22
23,14,22
23,14,22
23,14,22
23,14,22
23,14,22
23,14,22
48,57,22
48,57,22
48,57,22
48,57,22
48,57,22
48,57,22
48,57,22
48,57,22
48,57,22
48,57,22
48,57,22
48,57,22
48,57,22
48,57,22
48,57,22
48,57,22
48,57,22
48,57,22
48,57,22
48,57,22
48,57,22
48,57,22
48,57,22
48,57,22
48,43,22
48,43,22
48,43,22
48,43,22
48,43,22
48,43,22
48,43,22
48,43,22
48,43,22
48,43,22
48,43,22
48,43,22
48,43,22
48,43,22
48,43,22
48,43,22
48,43,22
48,48,22
48,48,22
48,48,22
48,48,22
48,48,22
48,48,22
48,48,22
48,48,22
48,48,22
48,48,22
48,48,22
48,48,22
48,48,22
48,48,22
48,48,22
48,13,22
48,13,22
48,13,22
48,13,22
48,13,22
48,13,22
48,13,22
48,13,22
48,13,22
48,58,22
48,58,22
48,58,22
48,58,22
48,58,22
48,58,22
48,58,22
48,58,22
48,58,22
48,58,22
48,58,22
48,58,22
48,58,22
48,58,22
48,58,22
48,58,22
48,58,22
48,58,22
48,58,22
48,58,22
48,58,22
48,58,22
48,58,22
48,58,22
48,58,22
48,40,22
48,40,22
48,40,22
48,40,22
48,40,22
48,40,22
48,40,22
48,40,22
48,40,22
48,40,22
48,40,22
48,40,22
48,40,22
48,40,22
48,40,22
48,40,22
48,40,22
48,40,22
48,40,22
48,40,22
48,40,22
48,40,22
48,40,22
48,40,22
48,40,22
48,40,22
48,40,22
48,40,22
48,40,22
48,40,22
48,40,22
48,40,22
48,40,22
48,40,22
48,40,22
48,40,22
48,40,22
48,40,22
48,40,22
48,40,22
48,40,22
48,45,22
48,45,22
48,45,22
48,45,22
48,45,22
48,45,22
48,45,22
48,45,22
48,45,22
48,45,22
48,45,22
48,45,22
48,62,22
48,62,22
48,62,22
48,62,22
48,62,22
48,62,22
48,62,22
48,62,22
48,62,22
48,62,22
48,62,22
48,62,22
48,62,22
48,62,22
48,62,22
48,62,22
48,62,22
48,62,22
48,62,22
48,62,22
48,62,22
48,5,22
48,5,22
48,5,22
48,5,22
48,5,22
48,5,22
48,36,22
48,36,22
48,36,22
48,36,22
48,36,22
48,36,22
48,36,22
48,36,22
48,36,22
48,36,22
48,36,22
48,36,22
48,36,22
48,36,22
48,36,22
48,36,22
48,36,22
48,36,22
48,36,22
48,36,22
48,36,22
48,36,22
48,36,22
48,36,22
48,36,22
48,36,22
48,36,22
48,36,22
48,36,22
48,36,22
48,36,22
48,36,22
48,36,22
48,36,22
48,36,22
48,36,22
48,36,22
48,36,22
48,36,22
48,36,22
48,36,22
48,36,22
48,51,22
48,51,22
48,51,22
48,51,22
48,51,22
48,51,22
48,51,22
48,51,22
48,51,22
48,51,22
48,51,22
48,51,22
48,51,22
48,51,22
48,51,22
48,51,22
48,51,22
48,51,22
48,51,22
48,51,22
48,51,22
48,51,22
48,51,22
48,51,22
48,51,22
48,51,22
48,51,22
48,51,22
48,51,22
48,51,22
48,51,22
48,51,22
48,51,22
48,51,22
48,51,22
48,51,22
48,51,22
48,51,22
48,51,22
48,51,22
48,51,22
48,51,22
48,51,22
48,51,22
48,51,22
48,51,22
48,51,22
48,51,22
48,51,22
48,51,22
48,51,22
48,51,22
48,51,22
48,51,22
48,51,22
48,51,22
48,51,22
48,51,22
48,51,22
48,14,22
48,14,22
48,14,22
48,14,22
48,14,22
48,14,22
48,14,22
48,14,22
48,14,22
48,14,22
48,14,22
48,14,22
48,14,22
48,14,22
48,14,22
48,14,22
48,14,22
48,14,22
48,14,22
48,14,22
48,14,22
48,14,22
48,14,22
48,14,22
48,14,22
48,14,22
48,14,22
48,14,22
73,66,22
73,66,22
73,66,22
73,66,22
73,66,22
73,66,22
73,66,22
73,66,22
73,66,22
73,66,22
73,66,22
73,66,22
73,66,22
73,66,22
73,49,22
73,49,22
73,49,22
73,49,22
73,49,22
73,49,22
73,49,22
73,49,22
73,49,22
73,49,22
73,49,22
73,49,22
73,49,22
73,49,22
73,49,22
73,49,22
73,49,22
73,49,22
73,49,22
73,49,22
73,49,22
73,49,22
73,49,22
73,49,22
73,49,22
73,49,22
73,49,22
73,49,22
73,49,22
73,49,22
73,49,22
73,49,22
73,49,22
73,49,22
73,49,22
73,49,22
73,49,22
73,49,22
73,49,22
73,49,22
73,49,22
73,49,22
73,49,22
73,49,22
73,49,22
73,49,22
73,49,22
73,49,22
73,49,22
73,49,22
73,49,22
73,49,22
73,49,22
73,49,22
73,49,22
73,49,22
73,49,22
73,49,22
73,49,22
73,50,22
73,50,22
73,50,22
73,50,22
73,50,22
73,50,22
73,32,22
73,32,22
73,32,22
73,32,22
73,32,22
73,32,22
73,32,22
73,32,22
73,32,22
73,32,22
73,32,22
73,32,22
73,32,22
73,32,22
73,32,22
73,32,22
73,51,22
73,51,22
73,51,22
73,51,22
73,51,22
73,51,22
73,51,22
73,51,22
73,51,22
73,51,22
73,51,22
73,50,22
73,50,22
73,50,22
73,50,22
73,50,22
73,50,22
73,50,22
73,50,22
73,61,22
73,61,22
73,61,22
73,61,22
73,61,22
73,61,22
73,61,22
73,61,22
73,61,22
73,61,22
73,88,22
73,88,22
73,88,22
73,88,22
73,88,22
73,88,22
73,88,22
73,88,22
73,88,22
73,88,22
73,88,22
73,88,22
73,88,22
73,88,22
73,88,22
73,88,22
73,88,22
73,88,22
73,88,22
73,73,22
73,73,22
73,73,22
73,73,22
73,73,22
73,73,22
73,73,22
73,73,22
73,73,22
73,42,22
73,42,22
73,42,22
73,42,22
73,42,22
73,42,22
73,42,22
73,42,22
73,42,22
73,42,22
73,42,22
73,42,22
73,42,22
73,42,22
73,42,22
73,42,22
73,42,22
73,42,22
73,42,22
73,42,22
73,42,22
73,42,22
73,42,22
73,42,22
73,42,22
73,42,22
73,42,22
73,42,22
73,42,22
73,42,22
73,42,22
73,42,22
73,42,22
73,42,22
73,42,22
73,42,22
73,42,22
73,42,22
73,42,22
73,42,22
73,42,22
73,42,22
73,42,22
73,42,22
73,42,22
73,76,22
73,76,22
73,76,22
73,76,22
73,76,22
73,76,22
73,76,22
73,76,22
73,76,22
73,76,22
73,76,22
73,76,22
73,76,22
73,76,22
73,82,22
73,82,22
73,82,22
73,82,22
73,82,22
73,82,22
73,82,22
73,82,22
73,82,22
73,82,22
73,82,22
73,82,22
73,82,22
73,82,22
73,82,22
73,82,22
73,82,22
73,82,22
73,82,22
73,82,22
73,82,22
73,82,22
73,82,22
73,82,22
73,82,22
73,82,22
73,82,22
73,82,22
73,82,22
73,82,22
73,82,22
73,82,22
73,82,22
73,82,22
73,82,22
73,82,22
73,82,22
73,82,22
73,97,22
73,97,22
73,97,22
73,97,22
73,97,22
73,97,22
73,78,22
73,78,22
73,78,22
73,78,22
73,78,22
73,78,22
73,78,22
73,78,22
73,78,22
73,78,22
73,78,22
73,78,22
73,78,22
73,78,22
73,78,22
73,78,22
73,64,22
73,64,22
73,64,22
73,64,22
73,64,22
73,64,22
73,64,22
73,64,22
73,64,22
73,64,22
73,64,22
73,64,22
73,64,22
73,64,22
73,64,22
73,64,22
73,70,22
73,70,22
73,70,22
73,70,22
73,70,22
73,70,22
73,70,22
73,70,22
73,70,22
73,70,22
73,59,22
73,59,22
73,59,22
73,59,22
73,59,22
73,59,22
73,59,22
73,59,22
73,59,22
73,59,22
73,59,22
73,59,22
73,59,22
73,36,22
73,36,22
73,36,22
73,36,22
73,36,22
73,36,22
73,36,22
73,36,22
73,88,22
73,88,22
73,88,22
73,88,22
73,88,22
73,88,22
73,88,22
73,88,22
73,88,22
73,88,22
73,88,22
73,88,22
73,88,22
73,88,22
73,88,22
73,88,22
73,88,22
73,88,22
73,88,22
73,88,22
73,88,22
88,73,22
88,73,22
88,73,22
88,73,22
88,73,22
88,73,22
88,73,22
88,73,22
88,73,22
88,73,22
88,73,22
88,73,22
88,73,22
88,73,22
88,73,22
88,73,22
88,73,22
88,73,22
88,73,22
88,73,22
88,73,22
88,73,22
88,73,22
88,73,22
88,73,22
88,73,22
88,73,22
88,69,22
88,69,22
88,69,22
88,69,22
88,69,22
88,69,22
88,69,22
88,69,22
88,69,22
88,69,22
88,78,22
88,78,22
88,78,22
88,78,22
88,78,22
88,78,22
88,78,22
88,78,22
88,78,22
88,78,22
88,78,22
88,78,22
88,78,22
88,78,22
88,78,22
88,78,22
88,78,22
88,78,22
88,78,22
88,78,22
88,78,22
88,78,22
88,78,22
88,78,22
88,78,22
88,78,22
88,78,22
88,78,22
88,78,22
88,78,22
88,78,22
88,78,22
88,78,22
88,78,22
88,78,22
88,78,22
88,78,22
88,78,22
88,78,22
88,78,22
88,78,22
88,78,22
88,78,22
88,78,22
88,78,22
88,78,22
88,107,22
88,107,22
88,107,22
88,107,22
88,107,22
88,107,22
88,107,22
88,107,22
88,107,22
88,107,22
88,107,22
88,107,22
88,107,22
88,107,22
88,107,22
88,107,22
88,107,22
88,107,22
88,107,22
88,107,22
88,107,22
88,107,22
88,107,22
88,107,22
88,107,22
88,107,22
88,107,22
88,107,22
88,107,22
88,107,22
88,107,22
88,107,22
88,107,22
88,107,22
88,107,22
88,107,22
88,107,22
88,107,22
88,107,22
88,107,22
88,107,22
88,107,22
88,107,22
88,107,22
88,107,22
88,107,22
88,107,22
88,107,22
88,108,22
88,108,22
88,108,22
88,108,22
88,108,22
88,108,22
88,108,22
88,108,22
88,108,22
88,108,22
88,108,22
88,108,22
88,108,22
88,108,22
88,108,22
88,108,22
88,108,22
88,108,22
88,76,22
88,76,22
88,76,22
88,76,22
88,76,22
88,76,22
88,76,22
88,76,22
88,76,22
88,76,22
88,76,22
88,76,22
88,76,22
88,76,22
88,76,22
88,76,22
88,76,22
88,76,22
88,76,22
88,76,22
88,76,22
88,76,22
88,76,22
88,76,22
88,76,22
88,76,22
88,76,22
88,76,22
88,76,22
88,43,22
88,43,22
88,43,22
88,43,22
88,43,22
88,43,22
88,43,22
88,43,22
88,43,22
88,43,22
88,43,22
88,43,22
103,92,22
103,92,22
103,92,22
103,92,22
103,92,22
103,92,22
103,92,22
103,92,22
103,103,22
103,103,22
103,103,22
103,103,22
103,103,22
103,103,22
103,126,22
103,126,22
103,126,22
103,126,22
103,126,22
103,126,22
103,126,22
103,126,22
103,126,22
103,126,22
103,126,22
103,126,22
103,126,22
103,126,22
103,126,22
103,126,22
103,126,22
103,126,22
103,126,22
103,126,22
103,126,22
103,126,22
103,126,22
103,126,22
103,126,22
103,126,22
103,126,22
103,126,22
103,126,22
103,126,22
103,126,22
103,126,22
103,126,22
103,126,22
103,126,22
103,117,22
103,117,22
103,117,22
103,117,22
103,117,22
103,117,22
103,117,22
103,117,22
103,117,22
103,117,22
103,117,22
103,117,22
103,117,22
103,117,22
103,117,22
103,117,22
103,117,22
103,117,22
103,117,22
103,117,22
103,117,22
103,117,22
103,117,22
103,117,22
103,117,22
103,117,22
103,117,22
103,117,22
103,70,22
103,70,22
103,70,22
103,70,22
103,70,22
103,70,22
103,70,22
103,70,22
103,70,22
103,70,22
103,73,22
103,73,22
103,73,22
103,73,22
103,73,22
103,73,22
103,73,22
103,73,22
103,73,22
103,73,22
103,73,22
103,73,22
103,73,22
103,73,22
103,73,22
103,73,22
103,73,22
103,73,22
103,142,22
103,142,22
103,142,22
103,142,22
103,142,22
103,142,22
103,142,22
103,142,22
103,142,22
103,142,22
103,102,22
103,102,22
103,102,22
103,102,22
103,102,22
103,102,22
103,102,22
103,102,22
103,102,22
103,102,22
103,102,22
103,98,22
103,98,22
103,98,22
103,98,22
103,98,22
103,98,22
103,98,22
103,98,22
103,110,22
103,110,22
103,110,22
103,110,22
103,110,22
103,110,22
103,110,22
103,110,22
103,110,22
103,110,22
103,110,22
103,110,22
103,110,22
103,110,22
103,110,22
103,110,22
103,110,22
103,113,22
103,113,22
103,113,22
103,113,22
103,113,22
103,113,22
103,113,22
103,131,22
103,131,22
103,131,22
103,131,22
103,131,22
103,131,22
103,131,22
103,131,22
103,131,22
103,131,22
103,131,22
103,131,22
103,131,22
103,131,22
103,131,22
103,131,22
103,131,22
103,131,22
103,131,22
103,131,22
103,131,22
103,131,22
103,131,22
103,131,22
103,131,22
103,131,22
103,131,22
103,131,22
103,131,22
103,131,22
103,131,22
103,131,22
103,110,22
103,110,22
103,110,22
103,110,22
103,110,22
103,110,22
103,110,22
103,110,22
103,110,22
103,110,22
103,110,22
103,110,22
103,114,22
103,114,22
103,114,22
103,114,22
103,114,22
103,114,22
103,114,22
103,114,22
103,114,22
103,114,22
103,114,22
103,114,22
103,114,22
103,114,22
103,114,22
103,114,22
103,110,22
103,110,22
103,110,22
103,110,22
103,110,22
103,110,22
103,110,22
103,110,22
103,110,22
103,110,22
103,110,22
103,110,22
103,110,22
103,110,22
103,110,22
103,110,22
103,110,22
103,110,22
103,110,22
103,80,22
103,80,22
103,80,22
103,80,22
103,80,22
103,80,22
103,80,22
103,80,22
103,80,22
103,80,22
103,96,22
103,96,22
103,96,22
103,96,22
103,96,22
103,96,22
103,96,22
103,81,22
103,81,22
103,81,22
103,81,22
103,81,22
103,81,22
103,81,22
103,81,22
103,81,22
103,81,22
103,81,22
103,81,22
103,81,22
103,81,22
103,81,22
103,81,22
103,81,22
103,81,22
103,81,22
103,81,22
103,81,22
103,81,22
103,81,22
103,81,22
103,81,22
103,81,22
103,81,22
103,81,22
103,81,22
103,81,22
103,81,22
103,81,22
103,81,22
103,81,22
103,81,22
103,81,22
103,81,22
103,81,22
103,81,22
103,81,22
103,81,22
103,81,22
103,81,22
103,81,22
103,81,22
103,81,22
103,81,22
103,81,22
103,81,22
103,81,22
103,81,22
103,81,22
103,81,22
103,102,22
103,102,22
103,102,22
103,102,22
103,102,22
103,102,22
103,111,22
103,111,22
103,111,22
103,111,22
103,111,22
103,111,22
103,111,22
103,111,22
103,111,22
103,111,22
103,111,22
103,111,22
103,111,22
103,111,22
103,111,22
103,111,22
103,111,22
103,111,22
103,111,22
103,111,22
103,111,22
103,111,22
103,111,22
103,111,22
103,111,22
103,73,22
103,73,22
103,73,22
103,73,22
103,73,22
103,73,22
103,73,22
103,73,22
103,73,22
103,73,22
103,73,22
103,73,22
103,73,22
103,73,22
103,73,22
103,73,22
103,73,22
103,73,22
103,73,22
103,73,22
103,73,22
103,73,22
103,73,22
103,113,22
103,113,22
103,113,22
103,113,22
103,113,22
103,113,22
103,113,22
103,113,22
103,113,22
103,113,22
103,113,22
103,113,22
103,113,22
103,113,22
103,113,22
103,113,22
103,113,22
103,113,22
103,113,22
103,113,22
103,100,22
103,100,22
103,100,22
103,100,22
103,100,22
103,100,22
103,100,22
103,100,22
103,100,22
103,100,22
103,100,22
103,100,22
103,100,22
103,100,22
103,100,22
103,100,22
103,100,22
103,100,22
103,100,22
103,100,22
103,109,22
103,109,22
103,109,22
103,109,22
103,109,22
103,109,22
103,109,22
103,109,22
103,109,22
103,109,22
103,109,22
103,109,22
103,109,22
103,109,22
103,109,22
103,109,22
103,109,22
103,109,22
103,109,22
103,109,22
103,109,22
103,109,22
103,109,22
103,109,22
103,109,22
103,109,22
103,109,22
103,109,22
103,109,22
103,109,22
103,109,22
103,109,22
103,109,22
103,109,22
103,109,22
103,109,22
103,109,22
88,104,22
88,104,22
88,104,22
88,104,22
88,104,22
88,104,22
88,104,22
88,104,22
88,104,22
88,104,22
88,104,22
88,104,22
88,104,22
88,104,22
88,104,22
88,104,22
88,104,22
88,104,22
88,104,22
88,104,22
88,104,22
88,104,22
88,104,22
88,104,22
88,104,22
88,104,22
88,104,22
88,104,22
88,104,22
88,68,22
88,68,22
88,68,22
88,68,22
88,68,22
88,68,22
88,68,22
88,68,22
88,68,22
88,68,22
88,68,22
88,68,22
88,68,22
88,68,22
88,68,22
88,68,22
88,68,22
88,68,22
88,68,22
88,68,22
88,68,22
88,68,22
88,68,22
88,68,22
88,68,22
88,68,22
88,68,22
88,68,22
88,68,22
88,68,22
88,68,22
88,68,22
88,68,22
88,68,22
88,68,22
88,68,22
88,68,22
88,68,22
88,68,22
88,68,22
88,68,22
88,68,22
88,68,22
88,77,22
88,77,22
88,77,22
88,77,22
88,77,22
88,77,22
88,77,22
88,77,22
88,108,22
88,108,22
88,108,22
88,108,22
88,108,22
88,108,22
88,108,22
88,108,22
88,108,22
88,108,22
88,65,22
88,65,22
88,65,22
88,65,22
88,65,22
88,65,22
88,65,22
88,65,22
88,65,22
88,65,22
88,65,22
88,65,22
88,65,22
88,65,22
88,65,22
88,65,22
88,65,22
88,75,22
88,75,22
88,75,22
88,75,22
88,75,22
88,75,22
88,75,22
88,75,22
88,75,22
88,75,22
88,75,22
88,75,22
88,75,22
88,75,22
88,75,22
88,75,22
88,75,22
88,75,22
88,75,22
88,75,22
88,75,22
88,75,22
88,75,22
88,75,22
88,75,22
88,75,22
88,75,22
88,66,22
88,66,22
88,66,22
88,66,22
88,66,22
88,66,22
88,66,22
88,66,22
88,66,22
88,66,22
88,66,22
88,66,22
88,66,22
88,66,22
88,66,22
88,66,22
88,66,22
88,66,22
88,66,22
88,66,22
88,66,22
88,66,22
88,66,22
88,66,22
88,66,22
88,66,22
88,66,22
88,66,22
88,66,22
88,66,22
88,66,22
88,66,22
88,66,22
88,66,22
88,66,22
88,66,22
88,66,22
88,66,22
88,66,22
88,66,22
88,66,22
88,66,22
88,66,22
88,66,22
88,66,22
88,66,22
88,66,22
88,66,22
88,66,22
88,66,22
88,66,22
88,66,22
88,104,22
88,104,22
88,104,22
88,104,22
88,104,22
88,104,22
88,104,22
88,104,22
88,104,22
88,104,22
88,104,22
88,104,22
88,104,22
88,104,22
88,104,22
88,104,22
88,104,22
88,104,22
88,104,22
88,104,22
88,104,22
88,104,22
88,104,22
88,104,22
88,104,22
88,104,22
88,104,22
88,104,22
88,104,22
88,114,22
88,114,22
88,114,22
88,114,22
88,114,22
88,114,22
88,114,22
88,114,22
88,114,22
88,114,22
88,114,22
88,114,22
88,114,22
88,114,22
88,114,22
88,114,22
88,114,22
88,114,22
88,114,22
88,114,22
88,114,22
88,114,22
88,114,22
88,114,22
88,114,22
88,114,22
88,114,22
88,114,22
88,114,22
88,63,22
88,63,22
88,63,22
88,63,22
88,63,22
88,63,22
88,63,22
88,63,22
88,63,22
88,63,22
88,63,22
88,63,22
88,63,22
88,63,22
88,63,22
88,63,22
88,63,22
88,63,22
88,63,22
88,63,22
88,63,22
88,63,22
68,52,22
68,52,22
68,52,22
68,52,22
68,52,22
68,52,22
68,52,22
68,52,22
68,52,22
68,52,22
68,52,22
68,52,22
68,52,22
68,52,22
68,52,22
68,52,22
68,52,22
68,52,22
68,52,22
68,52,22
68,52,22
68,52,22
68,52,22
68,52,22
68,52,22
68,52,22
68,52,22
68,52,22
68,52,22
68,87,22
68,87,22
68,87,22
68,87,22
68,87,22
68,87,22
68,87,22
68,87,22
68,87,22
68,87,22
68,87,22
68,87,22
68,87,22
68,81,22
68,81,22
68,81,22
68,81,22
68,81,22
68,81,22
68,81,22
68,81,22
68,81,22
68,81,22
68,81,22
68,99,22
68,99,22
68,99,22
68,99,22
68,99,22
68,99,22
68,99,22
68,99,22
68,99,22
68,99,22
68,99,22
68,99,22
68,99,22
68,99,22
68,99,22
68,99,22
68,99,22
68,99,22
68,4,22
68,4,22
68,4,22
68,4,22
68,4,22
68,4,22
68,4,22
68,4,22
68,4,22
68,4,22
68,4,22
68,4,22
68,4,22
68,4,22
68,4,22
68,4,22
68,4,22
68,4,22
68,4,22
68,4,22
68,4,22
68,4,22
68,4,22
68,4,22
68,4,22
68,4,22
68,69,22
68,69,22
68,69,22
68,69,22
68,69,22
68,69,22
68,69,22
68,69,22
68,69,22
68,69,22
68,69,22
68,69,22
68,69,22
68,69,22
68,69,22
68,69,22
68,69,22
68,69,22
68,69,22
68,66,22
68,66,22
68,66,22
68,66,22
68,66,22
68,66,22
68,66,22
68,66,22
68,66,22
68,66,22
68,66,22
68,50,22
68,50,22
68,50,22
68,50,22
68,50,22
68,50,22
68,50,22
68,50,22
68,50,22
68,50,22
68,50,22
68,50,22
68,50,22
68,50,22
68,50,22
68,50,22
68,50,22
68,78,22
68,78,22
68,78,22
68,78,22
68,78,22
68,78,22
68,78,22
68,78,22
68,78,22
68,78,22
68,78,22
68,78,22
68,78,22
68,78,22
68,78,22
68,78,22
68,78,22
68,78,22
68,78,22
68,78,22
68,78,22
68,78,22
68,78,22
68,78,22
68,78,22
68,78,22
68,80,22
68,80,22
68,80,22
68,80,22
68,80,22
68,80,22
68,80,22
68,80,22
68,81,22
68,81,22
68,81,22
68,81,22
68,81,22
68,81,22
68,81,22
68,81,22
68,81,22
68,81,22
68,81,22
68,81,22
68,81,22
68,81,22
68,81,22
68,81,22
68,81,22
68,81,22
68,81,22
68,81,22
68,81,22
68,81,22
68,81,22
68,81,22
68,81,22
68,81,22
68,81,22
68,81,22
68,81,22
68,81,22
68,81,22
68,79,22
68,79,22
68,79,22
68,79,22
68,79,22
68,79,22
68,79,22
68,83,22
68,83,22
68,83,22
68,83,22
68,83,22
68,83,22
68,83,22
68,83,22
68,71,22
68,71,22
68,71,22
68,71,22
68,71,22
68,71,22
68,71,22
68,71,22
68,71,22
68,71,22
68,55,22
68,55,22
68,55,22
68,55,22
68,55,22
68,55,22
68,64,22
68,64,22
68,64,22
68,64,22
68,64,22
68,64,22
68,64,22
68,64,22
68,64,22
68,64,22
68,64,22
68,64,22
68,64,22
68,64,22
68,64,22
68,64,22
68,64,22
68,64,22
68,64,22
68,64,22
68,64,22
68,64,22
68,64,22
68,64,22
68,64,22
68,64,22
68,64,22
68,64,22
68,46,22
68,46,22
68,46,22
68,46,22
68,46,22
68,46,22
68,46,22
68,46,22
68,46,22
68,46,22
68,46,22
68,46,22
68,46,22
68,46,22
68,46,22
68,46,22
68,46,22
68,46,22
68,46,22
68,46,22
68,46,22
68,46,22
68,46,22
68,46,22
68,46,22
68,46,22
68,46,22
68,46,22
68,46,22
68,46,22
68,46,22
68,46,22
68,46,22
68,46,22
68,46,22
68,46,22
68,46,22
68,46,22
68,46,22
68,46,22
68,46,22
68,46,22
68,46,22
53,90,22
53,90,22
53,90,22
53,90,22
53,90,22
53,90,22
53,90,22
53,90,22
53,90,22
53,90,22
53,90,22
53,90,22
53,90,22
53,90,22
53,90,22
53,90,22
53,90,22
53,90,22
53,90,22
53,90,22
53,90,22
53,90,22
53,90,22
53,90,22
53,90,22
53,90,22
53,90,22
53,90,22
53,90,22
53,90,22
53,90,22
53,90,22
53,90,22
53,90,22
53,90,22
53,90,22
53,90,22
53,90,22
53,90,22
53,90,22
53,90,22
53,90,22
53,90,22
53,90,22
53,90,22
53,90,22
53,90,22
53,90,22
53,24,22
53,24,22
53,24,22
53,24,22
53,24,22
53,24,22
53,24,22
53,24,22
53,24,22
53,24,22
53,24,22
53,24,22
53,24,22
53,24,22
53,24,22
53,89,22
53,89,22
53,89,22
53,89,22
53,89,22
53,89,22
53,89,22
53,89,22
53,89,22
53,89,22
53,89,22
53,65,22
53,65,22
53,65,22
53,65,22
53,65,22
53,65,22
53,65,22
53,65,22
53,65,22
53,65,22
53,65,22
53,65,22
53,65,22
53,65,22
53,65,22
53,22,22
53,22,22
53,22,22
53,22,22
53,22,22
53,22,22
53,22,22
53,22,22
53,22,22
53,22,22
53,22,22
53,22,22
53,22,22
53,22,22
53,22,22
53,18,22
53,18,22
53,18,22
53,18,22
53,18,22
53,18,22
53,18,22
53,18,22
53,18,22
53,18,22
53,18,22
53,66,22
53,66,22
53,66,22
53,66,22
53,66,22
53,66,22
53,66,22
53,66,22
53,66,22
53,66,22
53,66,22
53,66,22
53,66,22
53,66,22
53,66,22
53,66,22
53,66,22
53,66,22
53,66,22
53,66,22
53,66,22
53,66,22
53,66,22
53,66,22
53,66,22
53,66,22
53,66,22
53,66,22
53,66,22
53,66,22
53,66,22
53,66,22
53,66,22
53,66,22
53,66,22
53,66,22
53,66,22
53,66,22
53,66,22
53,66,22
53,86,22
53,86,22
53,86,22
53,86,22
53,86,22
53,86,22
53,86,22
53,86,22
53,86,22
53,86,22
53,86,22
53,86,22
53,86,22
53,36,22
53,36,22
53,36,22
53,36,22
53,36,22
53,36,22
53,36,22
53,36,22
53,36,22
53,36,22
53,36,22
53,45,22
53,45,22
53,45,22
53,45,22
53,45,22
53,45,22
53,45,22
53,45,22
53,45,22
53,45,22
53,43,22
53,43,22
53,43,22
53,43,22
53,43,22
53,43,22
53,43,22
53,43,22
53,43,22
53,43,22
53,43,22
53,43,22
53,43,22
53,43,22
53,43,22
53,43,22
53,43,22
53,43,22
53,72,22
53,72,22
53,72,22
53,72,22
53,72,22
53,72,22
53,72,22
53,72,22
53,72,22
53,72,22
53,72,22
53,72,22
53,72,22
53,72,22
53,50,22
53,50,22
53,50,22
53,50,22
53,50,22
53,50,22
53,50,22
53,50,22
53,50,22
53,50,22
53,50,22
53,50,22
53,50,22
53,50,22
53,50,22
53,50,22
53,50,22
53,50,22
53,50,22
53,50,22
53,50,22
53,50,22
53,50,22
53,50,22
53,50,22
53,50,22
53,50,22
53,50,22
53,50,22
53,50,22
53,50,22
53,50,22
53,50,22
53,50,22
53,50,22
53,50,22
53,50,22
53,50,22
53,50,22
53,50,22
53,50,22
53,50,22
53,50,22
53,50,22
53,50,22
53,50,22
53,50,22
53,50,22
53,50,22
53,50,22
53,50,22
78,63,22
78,63,22
78,63,22
78,63,22
78,63,22
78,63,22
78,30,22
78,30,22
78,30,22
78,30,22
78,30,22
78,30,22
78,45,22
78,45,22
78,45,22
78,45,22
78,45,22
78,45,22
78,45,22
78,45,22
78,45,22
78,45,22
78,45,22
78,45,22
78,45,22
78,45,22
78,45,22
78,45,22
78,45,22
78,45,22
78,45,22
78,45,22
78,45,22
78,45,22
78,45,22
78,45,22
78,45,22
78,45,22
78,45,22
78,45,22
78,45,22
78,45,22
78,45,22
78,45,22
78,45,22
78,45,22
78,45,22
78,45,22
78,45,22
78,42,22
78,42,22
78,42,22
78,42,22
78,42,22
78,42,22
78,42,22
78,42,22
78,42,22
78,42,22
78,42,22
78,42,22
78,42,22
78,42,22
78,42,22
78,42,22
78,42,22
78,42,22
78,42,22
78,42,22
78,42,22
78,41,22
78,41,22
78,41,22
78,41,22
78,41,22
78,41,22
78,41,22
78,41,22
78,85,22
78,85,22
78,85,22
78,85,22
78,85,22
78,85,22
78,85,22
78,85,22
78,85,22
78,85,22
78,85,22
78,85,22
78,85,22
78,85,22
78,71,22
78,71,22
78,71,22
78,71,22
78,71,22
78,71,22
78,53,22
78,53,22
78,53,22
78,53,22
78,53,22
78,53,22
78,53,22
78,53,22
78,53,22
78,53,22
78,53,22
78,53,22
78,53,22
78,53,22
78,53,22
78,53,22
78,53,22
78,53,22
78,53,22
78,53,22
78,53,22
78,53,22
78,53,22
78,53,22
78,53,22
78,53,22
78,53,22
78,53,22
78,53,22
78,53,22
78,53,22
78,53,22
78,53,22
78,53,22
78,53,22
78,68,22
78,68,22
78,68,22
78,68,22
78,68,22
78,68,22
78,68,22
78,68,22
78,68,22
78,70,22
78,70,22
78,70,22
78,70,22
78,70,22
78,70,22
78,70,22
78,70,22
78,70,22
78,70,22
78,70,22
78,70,22
78,70,22
78,70,22
78,70,22
78,90,22
78,90,22
78,90,22
78,90,22
78,90,22
78,90,22
78,90,22
78,90,22
78,90,22
78,95,22
78,95,22
78,95,22
78,95,22
78,95,22
78,95,22
78,95,22
78,95,22
78,95,22
78,95,22
78,95,22
78,95,22
78,85,22
78,85,22
78,85,22
78,85,22
78,85,22
78,85,22
78,85,22
78,85,22
78,85,22
78,85,22
78,85,22
78,85,22
78,85,22
78,85,22
78,85,22
78,85,22
78,85,22
78,62,22
78,62,22
78,62,22
78,62,22
78,62,22
78,62,22
78,62,22
78,62,22
78,62,22
78,62,22
78,62,22
78,62,22
78,62,22
78,62,22
78,62,22
78,62,22
78,62,22
78,62,22
78,62,22
78,62,22
78,62,22
78,62,22
78,62,22
78,62,22
78,62,22
78,62,22
78,62,22
78,62,22
78,62,22
78,76,22
78,76,22
78,76,22
78,76,22
78,76,22
78,76,22
78,76,22
78,76,22
78,76,22
78,76,22
78,76,22
78,76,22
78,76,22
78,76,22
78,76,22
78,76,22
78,76,22
78,76,22
78,76,22
78,76,22
78,76,22
78,76,22
78,76,22
78,76,22
78,76,22
78,76,22
78,76,22
78,76,22
78,76,22
78,76,22
78,76,22
78,76,22
78,76,22
78,76,22
78,76,22
78,83,22
78,83,22
78,83,22
78,83,22
78,83,22
78,83,22
78,83,22
78,83,22
78,83,22
78,83,22
78,83,22
78,83,22
78,83,22
78,83,22
78,83,22
78,83,22
78,83,22
78,83,22
78,83,22
78,83,22
78,83,22
78,83,22
78,83,22
78,83,22
78,83,22
78,83,22
78,83,22
78,83,22
78,83,22
78,83,22
78,83,22
78,83,22
78,83,22
78,90,22
78,90,22
78,90,22
78,90,22
78,90,22
78,90,22
78,121,22
78,121,22
78,121,22
78,121,22
78,121,22
78,121,22
78,121,22
78,121,22
78,121,22
78,121,22
78,121,22
78,121,22
78,121,22
78,121,22
78,121,22
78,121,22
78,30,22
78,30,22
78,30,22
78,30,22
78,30,22
78,30,22
78,30,22
78,30,22
78,30,22
78,30,22
78,30,22
78,30,22
78,30,22
78,30,22
78,30,22
78,30,22
78,30,22
78,84,22
78,84,22
78,84,22
78,84,22
78,84,22
78,84,22
78,84,22
78,84,22
78,84,22
78,84,22
78,84,22
78,84,22
78,84,22
78,80,22
78,80,22
78,80,22
78,80,22
78,80,22
78,80,22
78,80,22
78,80,22
78,80,22
78,80,22
78,80,22
78,80,22
78,80,22
78,80,22
78,80,22
78,80,22
78,80,22
78,80,22
78,80,22
78,80,22
78,80,22
78,80,22
78,80,22
78,80,22
78,80,22
78,80,22
78,80,22
78,80,22
78,80,22
78,80,22
78,80,22
78,80,22
58,29,22
58,29,22
58,29,22
58,29,22
58,29,22
58,29,22
58,29,22
58,29,22
58,29,22
58,29,22
58,29,22
58,29,22
58,29,22
58,29,22
58,29,22
58,29,22
58,29,22
58,29,22
58,29,22
58,29,22
58,29,22
58,29,22
58,29,22
58,29,22
58,29,22
58,29,22
58,29,22
58,29,22
58,29,22
58,29,22
58,29,22
58,29,22
58,29,22
58,29,22
58,58,22
58,58,22
58,58,22
58,58,22
58,58,22
58,58,22
58,58,22
58,58,22
58,58,22
58,58,22
58,58,22
58,58,22
58,58,22
58,86,22
58,86,22
58,86,22
58,86,22
58,86,22
58,86,22
58,86,22
58,86,22
58,86,22
58,71,22
58,71,22
58,71,22
58,71,22
58,71,22
58,71,22
58,71,22
58,71,22
58,71,22
58,71,22
58,71,22
58,71,22
58,71,22
58,71,22
58,71,22
58,71,22
58,71,22
58,71,22
58,71,22
58,71,22
58,20,22
58,20,22
58,20,22
58,20,22
58,20,22
58,20,22
58,20,22
58,20,22
58,20,22
58,59,22
58,59,22
58,59,22
58,59,22
58,59,22
58,59,22
58,59,22
58,59,22
58,59,22
58,59,22
58,59,22
58,59,22
58,59,22
58,27,22
58,27,22
58,27,22
58,27,22
58,27,22
58,27,22
58,27,22
58,27,22
58,27,22
58,27,22
58,27,22
58,27,22
58,27,22
58,27,22
58,27,22
58,46,22
58,46,22
58,46,22
58,46,22
58,46,22
58,46,22
58,46,22
58,46,22
58,46,22
58,46,22
58,46,22
58,46,22
58,46,22
58,46,22
58,64,22
58,64,22
58,64,22
58,64,22
58,64,22
58,64,22
58,64,22
58,64,22
58,64,22
58,64,22
58,64,22
58,64,22
58,64,22
58,64,22
58,64,22
58,64,22
58,64,22
58,64,22
58,64,22
58,64,22
58,64,22
58,64,22
58,64,22
58,64,22
58,64,22
58,64,22
58,64,22
58,64,22
58,64,22
58,64,22
58,64,22
58,64,22
58,64,22
58,64,22
58,64,22
58,64,22
58,64,22
58,64,22
58,75,22
58,75,22
58,75,22
58,75,22
58,75,22
58,75,22
58,75,22
58,75,22
58,75,22
58,75,22
58,75,22
58,75,22
58,75,22
58,75,22
58,75,22
58,75,22
58,75,22
58,75,22
58,75,22
58,75,22
58,75,22
58,75,22
58,75,22
58,75,22
58,75,22
58,47,22
58,47,22
58,47,22
58,47,22
58,47,22
58,47,22
58,47,22
58,47,22
58,47,22
58,47,22
58,47,22
58,47,22
58,47,22
58,47,22
58,47,22
58,47,22
58,47,22
58,47,22
58,47,22
58,47,22
58,47,22
58,47,22
58,47,22
58,47,22
58,47,22
58,47,22
58,47,22
58,47,22
58,96,22
58,96,22
58,96,22
58,96,22
58,96,22
58,96,22
58,96,22
58,42,22
58,42,22
58,42,22
58,42,22
58,42,22
58,42,22
58,42,22
58,42,22
58,42,22
58,42,22
58,42,22
58,42,22
58,42,22
58,42,22
58,42,22
58,42,22
58,42,22
58,42,22
58,42,22
58,42,22
58,42,22
58,42,22
58,42,22
58,42,22
58,42,22
58,42,22
58,42,22
58,42,22
58,42,22
58,42,22
58,42,22
58,42,22
58,42,22
58,42,22
58,42,22
58,42,22
58,42,22
58,42,22
58,42,22
58,42,22
58,42,22
58,42,22
58,42,22
58,56,22
58,56,22
58,56,22
58,56,22
58,56,22
58,56,22
58,56,22
58,56,22
58,56,22
58,56,22
58,56,22
58,56,22
58,56,22
58,56,22
58,56,22
58,56,22
58,56,22
58,26,22
58,26,22
58,26,22
58,26,22
58,26,22
58,26,22
58,26,22
58,26,22
58,26,22
58,26,22
58,26,22
58,26,22
58,26,22
58,26,22
58,26,22
58,26,22
58,26,22
58,26,22
58,26,22
58,26,22
58,26,22
58,26,22
58,81,22
58,81,22
58,81,22
58,81,22
58,81,22
58,81,22
58,81,22
58,81,22
58,81,22
58,81,22
58,81,22
58,81,22
58,81,22
58,81,22
58,81,22
58,81,22
58,81,22
58,81,22
58,81,22
58,31,22
58,31,22
58,31,22
58,31,22
58,31,22
58,31,22
73,57,22
73,57,22
73,57,22
73,57,22
73,57,22
73,57,22
73,57,22
73,57,22
73,57,22
73,65,22
73,65,22
73,65,22
73,65,22
73,65,22
73,65,22
73,54,22
73,54,22
73,54,22
73,54,22
73,54,22
73,54,22
73,54,22
73,54,22
73,54,22
73,54,22
73,54,22
73,54,22
73,54,22
73,54,22
73,54,22
73,54,22
73,54,22
73,54,22
73,54,22
73,54,22
73,54,22
73,54,22
73,54,22
73,54,22
73,54,22
73,54,22
73,54,22
73,54,22
73,54,22
73,54,22
73,54,22
73,54,22
73,61,22
73,61,22
73,61,22
73,61,22
73,61,22
73,61,22
73,61,22
73,61,22
73,67,22
73,67,22
73,67,22
73,67,22
73,67,22
73,67,22
73,67,22
73,67,22
73,67,22
73,67,22
73,67,22
73,67,22
73,67,22
73,67,22
73,67,22
73,67,22
73,67,22
73,67,22
73,67,22
73,77,22
73,77,22
73,77,22
73,77,22
73,77,22
73,77,22
73,77,22
73,77,22
73,77,22
73,77,22
73,77,22
73,73,22
73,73,22
73,73,22
73,73,22
73,73,22
73,73,22
73,73,22
73,73,22
73,73,22
73,73,22
73,73,22
73,73,22
73,73,22
73,73,22
73,73,22
73,73,22
73,73,22
73,71,22
73,71,22
73,71,22
73,71,22
73,71,22
73,71,22
73,71,22
73,71,22
73,71,22
73,71,22
73,71,22
73,71,22
73,71,22
73,71,22
73,71,22
73,84,22
73,84,22
73,84,22
73,84,22
73,84,22
73,84,22
73,84,22
73,84,22
73,84,22
73,84,22
73,84,22
73,84,22
73,84,22
73,84,22
73,84,22
73,84,22
73,84,22
73,84,22
73,84,22
73,84,22
73,84,22
73,84,22
73,84,22
73,84,22
73,84,22
73,84,22
73,84,22
73,84,22
73,84,22
73,84,22
73,84,22
73,84,22
73,84,22
73,84,22
73,84,22
73,84,22
73,84,22
73,61,22
73,61,22
73,61,22
73,61,22
73,61,22
73,61,22
73,61,22
73,61,22
73,61,22
73,61,22
73,61,22
73,61,22
73,61,22
73,61,22
73,61,22
73,61,22
73,61,22
73,61,22
73,61,22
73,61,22
73,61,22
73,61,22
73,61,22
73,61,22
73,61,22
73,52,22
73,52,22
73,52,22
73,52,22
73,52,22
73,52,22
73,52,22
73,52,22
73,52,22
73,52,22
73,99,22
73,99,22
73,99,22
73,99,22
73,99,22
73,99,22
73,72,22
73,72,22
73,72,22
73,72,22
73,72,22
73,72,22
73,72,22
73,72,22
73,72,22
73,72,22
73,44,22
73,44,22
73,44,22
73,44,22
73,44,22
73,44,22
73,44,22
73,44,22
73,44,22
73,13,22
73,13,22
73,13,22
73,13,22
73,13,22
73,13,22
73,13,22
73,13,22
73,13,22
73,13,22
73,13,22
73,13,22
73,13,22
73,13,22
73,13,22
73,13,22
73,13,22
73,13,22
73,13,22
73,13,22
73,13,22
73,13,22
73,13,22
73,13,22
73,13,22
73,13,22
73,13,22
73,13,22
73,13,22
73,13,22
73,13,22
73,13,22
73,13,22
73,13,22
73,13,22
73,13,22
73,13,22
73,13,22
73,13,22
73,13,22
73,13,22
73,13,22
73,13,22
73,13,22
73,13,22
73,13,22
73,13,22
73,56,22
73,56,22
73,56,22
73,56,22
73,56,22
73,56,22
73,56,22
73,56,22
73,56,22
73,56,22
73,56,22
73,56,22
73,56,22
73,56,22
73,56,22
73,56,22
73,56,22
73,56,22
73,56,22
73,56,22
73,56,22
73,56,22
73,56,22
73,90,22
73,90,22
73,90,22
73,90,22
73,90,22
73,90,22
73,90,22
73,90,22
73,90,22
73,90,22
73,90,22
73,90,22
73,90,22
73,90,22
73,90,22
73,90,22
73,90,22
73,90,22
73,90,22
73,90,22
73,90,22
73,90,22
73,90,22
73,90,22
73,90,22
73,90,22
73,90,22
73,90,22
73,90,22
73,90,22
73,90,22
73,90,22
73,90,22
73,90,22
73,90,22
73,90,22
73,90,22
73,90,22
73,90,22
73,90,22
73,90,22
73,63,22
73,63,22
73,63,22
73,63,22
73,63,22
73,63,22
73,63,22
73,63,22
73,63,22
73,63,22
73,63,22
73,63,22
73,63,22
73,63,22
73,92,22
73,92,22
73,92,22
73,92,22
73,92,22
73,92,22
73,92,22
73,114,22
73,114,22
73,114,22
73,114,22
73,114,22
73,114,22
73,114,22
73,114,22
73,114,22
73,114,22
73,114,22
73,114,22
73,114,22
73,114,22
73,114,22
73,114,22
73,80,22
73,80,22
73,80,22
73,80,22
73,80,22
73,80,22
73,80,22
73,80,22
73,80,22
73,80,22
73,80,22
73,80,22
73,80,22
73,80,22
73,115,22
73,115,22
73,115,22
73,115,22
73,115,22
73,115,22
73,115,22
73,115,22
73,115,22
73,115,22
73,75,22
73,75,22
73,75,22
73,75,22
73,75,22
73,75,22
73,75,22
73,75,22
73,75,22
73,75,22
73,75,22
73,75,22
73,75,22
73,75,22
73,75,22
73,75,22
73,75,22
73,75,22
73,75,22
73,75,22
73,84,22
73,84,22
73,84,22
73,84,22
73,84,22
73,84,22
73,84,22
73,84,22
73,84,22
73,84,22
73,84,22
73,84,22
73,84,22
73,84,22
73,84,22
73,84,22
73,84,22
73,84,22
73,84,22
73,84,22
73,84,22
73,84,22
73,84,22
73,84,22
73,84,22
73,84,22
73,84,22
73,84,22
73,84,22
73,84,22
73,84,22
73,84,22
73,84,22
73,84,22
73,84,22
73,84,22
48,34,22
48,34,22
48,34,22
48,34,22
48,34,22
48,34,22
48,34,22
48,34,22
48,34,22
48,67,22
48,67,22
48,67,22
48,67,22
48,67,22
48,67,22
48,67,22
48,67,22
48,67,22
48,67,22
48,67,22
48,67,22
48,67,22
48,67,22
48,67,22
48,67,22
48,67,22
48,67,22
48,67,22
48,67,22
48,67,22
48,67,22
48,67,22
48,67,22
48,67,22
48,67,22
48,67,22
48,67,22
48,67,22
48,67,22
48,67,22
48,67,22
48,67,22
48,67,22
48,67,22
48,67,22
48,67,22
48,57,22
48,57,22
48,57,22
48,57,22
48,57,22
48,57,22
48,57,22
48,57,22
48,57,22
48,57,22
48,57,22
48,57,22
48,57,22
48,57,22
48,57,22
48,57,22
48,57,22
48,57,22
48,57,22
48,57,22
48,57,22
48,15,22
48,15,22
48,15,22
48,15,22
48,15,22
48,15,22
48,15,22
48,15,22
48,15,22
48,15,22
48,29,22
48,29,22
48,29,22
48,29,22
48,29,22
48,29,22
48,29,22
48,29,22
48,29,22
48,29,22
48,29,22
48,29,22
48,29,22
48,29,22
48,5,22
48,5,22
48,5,22
48,5,22
48,5,22
48,5,22
48,5,22
48,5,22
48,5,22
48,5,22
48,5,22
48,5,22
48,51,22
48,51,22
48,51,22
48,51,22
48,51,22
48,51,22
48,78,22
48,78,22
48,78,22
48,78,22
48,78,22
48,78,22
48,78,22
48,78,22
48,78,22
48,78,22
48,78,22
48,78,22
48,78,22
48,78,22
48,78,22
48,78,22
48,43,22
48,43,22
48,43,22
48,43,22
48,43,22
48,43,22
48,43,22
48,43,22
48,43,22
48,43,22
48,43,22
48,43,22
48,43,22
48,43,22
48,43,22
48,43,22
48,43,22
48,43,22
48,43,22
48,43,22
48,43,22
48,43,22
48,43,22
48,43,22
48,43,22
48,43,22
48,43,22
48,43,22
48,43,22
48,49,22
48,49,22
48,49,22
48,49,22
48,49,22
48,49,22
48,49,22
48,49,22
48,49,22
48,49,22
48,49,22
48,49,22
48,49,22
48,51,22
48,51,22
48,51,22
48,51,22
48,51,22
48,51,22
48,51,22
48,51,22
48,51,22
48,51,22
48,51,22
48,51,22
48,51,22
48,51,22
48,51,22
48,51,22
48,51,22
48,51,22
48,51,22
48,51,22
48,51,22
48,51,22
48,51,22
48,51,22
48,27,22
48,27,22
48,27,22
48,27,22
48,27,22
48,27,22
48,27,22
48,27,22
48,27,22
48,27,22
48,27,22
48,64,22
48,64,22
48,64,22
48,64,22
48,64,22
48,64,22
48,64,22
48,64,22
48,64,22
48,64,22
48,64,22
48,64,22
48,64,22
48,30,22
48,30,22
48,30,22
48,30,22
48,30,22
48,30,22
48,30,22
48,30,22
48,50,22
48,50,22
48,50,22
48,50,22
48,50,22
48,50,22
48,50,22
48,50,22
48,50,22
48,50,22
48,50,22
48,50,22
48,50,22
48,50,22
48,50,22
48,50,22
48,50,22
48,50,22
48,50,22
48,50,22
48,9,22
48,9,22
48,9,22
48,9,22
48,9,22
48,9,22
48,9,22
48,9,22
48,9,22
48,9,22
48,9,22
48,9,22
48,9,22
48,9,22
48,9,22
48,9,22
48,9,22
48,9,22
48,9,22
48,9,22
48,9,22
48,9,22
48,9,22
48,9,22
48,9,22
48,9,22
48,9,22
48,9,22
48,9,22
48,9,22
48,9,22
48,9,22
48,9,22
48,9,22
48,9,22
48,9,22
48,9,22
48,9,22
48,80,22
48,80,22
48,80,22
48,80,22
48,80,22
48,80,22
48,80,22
48,80,22
48,80,22
48,80,22
48,80,22
48,60,22
48,60,22
48,60,22
48,60,22
48,60,22
48,60,22
48,60,22
48,40,22
48,40,22
48,40,22
48,40,22
48,40,22
48,40,22
48,40,22
48,40,22
48,40,22
48,40,22
48,40,22
48,40,22
48,40,22
48,40,22
48,40,22
48,40,22
48,40,22
48,40,22
48,40,22
48,40,22
48,40,22
48,40,22
48,40,22
48,40,22
48,40,22
48,40,22
48,40,22
48,40,22
48,40,22
48,44,22
48,44,22
48,44,22
48,44,22
48,44,22
48,44,22
48,44,22
48,44,22
48,44,22
48,67,22
48,67,22
48,67,22
48,67,22
48,67,22
48,67,22
48,67,22
48,67,22
48,67,22
48,67,22
48,67,22
48,67,22
48,67,22
48,67,22
48,67,22
48,67,22
48,67,22
48,67,22
48,67,22
48,67,22
48,67,22
48,67,22
48,67,22
48,67,22
48,67,22
48,67,22
48,67,22
48,67,22
48,67,22
48,67,22
48,67,22
48,67,22
48,67,22
48,67,22
48,67,22
48,67,22
48,67,22
48,67,22
48,67,22
48,67,22
48,67,22
48,67,22
48,67,22
48,67,22
48,67,22
48,18,22
48,18,22
48,18,22
48,18,22
48,18,22
48,18,22
48,18,22
48,18,22
48,18,22
48,18,22
48,18,22
48,18,22
48,18,22
48,18,22
48,18,22
48,18,22
48,18,22
48,18,22
48,18,22
48,18,22
48,18,22
48,18,22
48,18,22
48,18,22
48,18,22
48,18,22
48,55,22
48,55,22
48,55,22
48,55,22
48,55,22
48,55,22
48,55,22
48,55,22
48,55,22
48,55,22
48,55,22
48,55,22
48,55,22
48,55,22
48,55,22
48,55,22
48,55,22
48,55,22
48,55,22
48,55,22
48,55,22
48,55,22
48,55,22
48,55,22
48,55,22
48,55,22
48,55,22
48,55,22
48,55,22
48,55,22
48,55,22
28,18,22
28,18,22
28,18,22
28,18,22
28,18,22
28,18,22
28,18,22
28,18,22
28,18,22
28,18,22
28,18,22
28,59,22
28,59,22
28,59,22
28,59,22
28,59,22
28,59,22
28,59,22
28,59,22
28,59,22
28,59,22
28,59,22
28,59,22
28,59,22
28,59,22
28,59,22
28,59,22
28,59,22
28,59,22
28,59,22
28,59,22
28,59,22
28,59,22
28,59,22
28,59,22
28,59,22
28,59,22
28,59,22
28,59,22
28,59,22
28,59,22
28,59,22
28,59,22
28,59,22
28,59,22
28,59,22
28,59,22
28,59,22
28,59,22
28,59,22
28,59,22
28,59,22
28,59,22
28,59,22
28,59,22
28,59,22
28,59,22
28,59,22
28,59,22
28,59,22
28,59,22
28,59,22
28,59,22
28,59,22
28,59,22
28,59,22
28,59,22
28,59,22
28,43,22
28,43,22
28,43,22
28,43,22
28,43,22
28,43,22
28,43,22
28,43,22
28,43,22
28,43,22
28,43,22
28,43,22
28,43,22
28,43,22
28,43,22
28,43,22
28,43,22
28,43,22
28,43,22
28,43,22
28,43,22
28,43,22
28,43,22
28,43,22
28,43,22
28,43,22
28,43,22
28,43,22
28,43,22
28,43,22
28,43,22
28,43,22
28,43,22
28,43,22
28,43,22
28,43,22
28,43,22
28,43,22
28,43,22
28,43,22
28,43,22
28,43,22
28,43,22
28,43,22
28,43,22
28,43,22
28,43,22
28,62,22
28,62,22
28,62,22
28,62,22
28,62,22
28,62,22
28,62,22
28,62,22
28,62,22
28,62,22
28,62,22
28,62,22
28,62,22
28,62,22
28,62,22
28,62,22
28,62,22
28,62,22
28,62,22
28,62,22
28,62,22
28,62,22
28,62,22
28,62,22
28,62,22
28,20,22
28,20,22
28,20,22
28,20,22
28,20,22
28,20,22
28,20,22
28,20,22
28,20,22
28,20,22
28,20,22
28,11,22
28,11,22
28,11,22
28,11,22
28,11,22
28,11,22
28,11,22
28,11,22
28,11,22
28,11,22
28,11,22
28,11,22
28,11,22
28,11,22
28,11,22
28,11,22
28,11,22
28,11,22
28,11,22
28,11,22
28,11,22
28,11,22
28,11,22
28,11,22
28,11,22
28,11,22
28,11,22
28,11,22
28,11,22
28,11,22
28,11,22
28,11,22
28,11,22
28,11,22
28,11,22
28,11,22
28,11,22
28,11,22
28,11,22
28,11,22
28,11,22
28,22,22
28,22,22
28,22,22
28,22,22
28,22,22
28,22,22
28,22,22
28,22,22
28,22,22
28,22,22
28,22,22
28,22,22
28,22,22
28,22,22
28,1,22
28,1,22
28,1,22
28,1,22
28,1,22
28,1,22
28,1,22
28,1,22
28,1,22
28,1,22
28,1,22
28,1,22
28,1,22
28,1,22
28,1,22
28,1,22
28,1,22
28,1,22
28,1,22
28,1,22
28,1,22
28,1,22
28,40,22
28,40,22
28,40,22
28,40,22
28,40,22
28,40,22
28,40,22
28,40,22
28,40,22
28,40,22
28,40,22
28,40,22
28,40,22
28,40,22
28,40,22
28,40,22
28,40,22
28,40,22
28,40,22
28,40,22
28,35,22
28,35,22
28,35,22
28,35,22
28,35,22
28,35,22
28,35,22
28,35,22
28,35,22
28,35,22
28,35,22
28,35,22
28,35,22
28,35,22
48,99,22
48,99,22
48,99,22
48,99,22
48,99,22
48,99,22
48,99,22
48,99,22
48,99,22
48,99,22
48,99,22
48,99,22
48,99,22
48,99,22
48,99,22
48,99,22
48,10,22
48,10,22
48,10,22
48,10,22
48,10,22
48,10,22
48,10,22
48,10,22
48,10,22
48,10,22
48,10,22
48,31,22
48,31,22
48,31,22
48,31,22
48,31,22
48,31,22
48,31,22
48,31,22
48,31,22
48,31,22
48,31,22
48,31,22
48,31,22
48,31,22
48,31,22
48,31,22
48,31,22
48,31,22
48,31,22
48,31,22
48,31,22
48,31,22
48,31,22
48,31,22
48,31,22
48,31,22
48,31,22
48,31,22
48,31,22
48,31,22
48,31,22
48,31,22
48,31,22
48,31,22
48,31,22
48,31,22
48,31,22
48,31,22
48,31,22
48,31,22
48,79,22
48,79,22
48,79,22
48,79,22
48,79,22
48,79,22
48,79,22
48,79,22
48,79,22
48,79,22
48,79,22
48,79,22
48,79,22
48,84,22
48,84,22
48,84,22
48,84,22
48,84,22
48,84,22
48,84,22
48,84,22
48,84,22
48,84,22
48,84,22
48,84,22
48,84,22
48,84,22
48,84,22
48,84,22
48,84,22
48,84,22
48,84,22
48,84,22
48,84,22
48,84,22
48,84,22
48,84,22
48,84,22
48,356,22
48,356,22
48,356,22
48,356,22
48,356,22
48,356,22
48,356,22
48,356,22
48,356,22
48,356,22
48,356,22
48,80,22
48,80,22
48,80,22
48,80,22
48,80,22
48,80,22
48,80,22
48,80,22
48,73,22
48,73,22
48,73,22
48,73,22
48,73,22
48,73,22
48,73,22
48,73,22
48,73,22
48,54,22
48,54,22
48,54,22
48,54,22
48,54,22
48,54,22
48,54,22
48,54,22
48,54,22
48,54,22
48,54,22
48,46,22
48,46,22
48,46,22
48,46,22
48,46,22
48,46,22
48,46,22
48,46,22
48,46,22
48,46,22
48,46,22
48,46,22
48,46,22
48,46,22
48,46,22
48,46,22
48,46,22
48,46,22
48,46,22
48,46,22
48,46,22
48,46,22
48,46,22
48,46,22
48,39,22
48,39,22
48,39,22
48,39,22
48,39,22
48,39,22
48,39,22
48,39,22
48,39,22
48,39,22
48,39,22
48,39,22
48,39,22
48,39,22
48,39,22
48,39,22
48,39,22
48,39,22
48,39,22
48,33,22
48,33,22
48,33,22
48,33,22
48,33,22
48,33,22
48,33,22
48,33,22
48,33,22
48,38,22
48,38,22
48,38,22
48,38,22
48,38,22
48,38,22
48,38,22
48,38,22
48,38,22
48,38,22
48,38,22
48,38,22
48,38,22
48,38,22
48,38,22
48,38,22
48,38,22
48,32,22
48,32,22
48,32,22
48,32,22
48,32,22
48,32,22
48,32,22
48,32,22
48,32,22
48,32,22
48,32,22
48,32,22
48,32,22
48,32,22
48,32,22
48,32,22
48,32,22
48,32,22
48,32,22
48,32,22
48,32,22
48,73,22
48,73,22
48,73,22
48,73,22
48,73,22
48,73,22
48,73,22
48,73,22
48,73,22
48,73,22
48,73,22
48,73,22
48,73,22
48,73,22
48,73,22
48,73,22
48,73,22
48,60,22
48,60,22
48,60,22
48,60,22
48,60,22
48,60,22
48,60,22
48,60,22
48,60,22
48,60,22
48,60,22
48,44,22
48,44,22
48,44,22
48,44,22
48,44,22
48,44,22
48,44,22
48,44,22
48,44,22
48,44,22
48,44,22
48,44,22
48,44,22
48,44,22
48,44,22
48,44,22
48,44,22
48,44,22
48,44,22
48,44,22
48,44,22
48,44,22
48,44,22
48,44,22
48,44,22
48,44,22
48,44,22
48,44,22
48,44,22
48,44,22
48,44,22
48,44,22
48,44,22
48,44,22
48,44,22
48,44,22
48,44,22
48,60,22
48,60,22
48,60,22
48,60,22
48,60,22
48,60,22
48,60,22
48,60,22
48,60,22
48,60,22
48,60,22
48,61,22
48,61,22
48,61,22
48,61,22
48,61,22
48,61,22
48,61,22
48,61,22
48,61,22
48,61,22
48,61,22
48,61,22
48,61,22
48,61,22
48,61,22
48,61,22
48,61,22
48,61,22
48,61,22
48,68,22
48,68,22
48,68,22
48,68,22
48,68,22
48,68,22
48,68,22
48,68,22
48,68,22
48,36,22
48,36,22
48,36,22
48,36,22
48,36,22
48,36,22
48,36,22
48,36,22
48,36,22
48,36,22
48,54,22
48,54,22
48,54,22
48,54,22
48,54,22
48,54,22
48,54,22
48,54,22
48,54,22
48,54,22
48,54,22
48,54,22
48,54,22
48,54,22
48,54,22
48,54,22
48,54,22
48,54,22
48,54,22
48,54,22
48,54,22
48,54,22
48,54,22
48,54,22
48,51,22
48,51,22
48,51,22
48,51,22
48,51,22
48,51,22
48,51,22
48,51,22
48,51,22
48,51,22
48,51,22
48,51,22
48,51,22
48,51,22
48,51,22
48,51,22
48,51,22
48,51,22
48,51,22
48,51,22
48,51,22
48,51,22
48,51,22
48,51,22
48,51,22
48,51,22
48,51,22
48,34,22
48,34,22
48,34,22
48,34,22
48,34,22
48,34,22
48,34,22
48,34,22
48,34,22
48,34,22
68,88,22
68,88,22
68,88,22
68,88,22
68,88,22
68,88,22
68,88,22
68,88,22
68,88,22
68,88,22
68,88,22
68,88,22
68,88,22
68,88,22
68,88,22
68,88,22
68,88,22
68,88,22
68,88,22
68,88,22
68,59,22
68,59,22
68,59,22
68,59,22
68,59,22
68,59,22
68,61,22
68,61,22
68,61,22
68,61,22
68,61,22
68,61,22
68,61,22
68,61,22
68,61,22
68,61,22
68,61,22
68,61,22
68,61,22
68,61,22
68,61,22
68,61,22
68,93,22
68,93,22
68,93,22
68,93,22
68,93,22
68,93,22
68,27,22
68,27,22
68,27,22
68,27,22
68,27,22
68,27,22
68,27,22
68,27,22
68,27,22
68,27,22
68,27,22
68,27,22
68,27,22
68,27,22
68,27,22
68,27,22
68,27,22
68,27,22
68,27,22
68,27,22
68,27,22
68,27,22
68,27,22
68,27,22
68,27,22
68,27,22
68,27,22
68,27,22
68,27,22
68,27,22
68,27,22
68,27,22
68,27,22
68,27,22
68,27,22
68,27,22
68,27,22
68,51,22
68,51,22
68,51,22
68,51,22
68,51,22
68,51,22
68,51,22
68,51,22
68,51,22
68,51,22
68,51,22
68,51,22
68,51,22
68,51,22
68,51,22
68,44,22
68,44,22
68,44,22
68,44,22
68,44,22
68,44,22
68,44,22
68,44,22
68,44,22
68,44,22
68,44,22
68,44,22
68,44,22
68,44,22
68,44,22
68,44,22
68,44,22
68,44,22
68,44,22
68,64,22
68,64,22
68,64,22
68,64,22
68,64,22
68,64,22
68,99,22
68,99,22
68,99,22
68,99,22
68,99,22
68,99,22
68,99,22
68,99,22
68,99,22
68,99,22
68,99,22
68,99,22
68,99,22
68,99,22
68,99,22
68,99,22
68,99,22
68,99,22
68,99,22
68,99,22
68,99,22
68,99,22
68,99,22
68,99,22
68,99,22
68,99,22
68,99,22
68,99,22
68,99,22
68,99,22
68,99,22
68,99,22
68,99,22
68,99,22
68,99,22
68,99,22
68,99,22
68,99,22
68,99,22
68,99,22
68,99,22
68,99,22
68,99,22
68,99,22
68,99,22
68,99,22
68,99,22
68,99,22
68,99,22
68,99,22
68,99,22
68,99,22
68,99,22
68,99,22
68,99,22
68,71,22
68,71,22
68,71,22
68,71,22
68,71,22
68,71,22
68,71,22
68,71,22
68,71,22
68,71,22
68,71,22
68,71,22
68,71,22
68,71,22
68,71,22
68,71,22
68,71,22
68,71,22
68,71,22
68,71,22
68,71,22
68,71,22
68,71,22
68,71,22
68,71,22
68,71,22
68,71,22
68,71,22
68,71,22
68,71,22
68,71,22
68,71,22
68,71,22
68,71,22
68,71,22
68,71,22
68,71,22
68,71,22
68,71,22
68,71,22
68,71,22
68,71,22
68,71,22
68,71,22
68,71,22
68,3,22
68,3,22
68,3,22
68,3,22
68,3,22
68,3,22
68,3,22
68,68,22
68,68,22
68,68,22
68,68,22
68,68,22
68,68,22
68,68,22
68,68,22
68,68,22
68,68,22
68,68,22
68,68,22
68,68,22
68,68,22
68,68,22
68,68,22
68,74,22
68,74,22
68,74,22
68,74,22
68,74,22
68,74,22
68,74,22
68,74,22
68,74,22
68,74,22
68,74,22
68,74,22
68,74,22
68,74,22
68,40,22
68,40,22
68,40,22
68,40,22
68,40,22
68,40,22
68,40,22
68,40,22
68,40,22
68,40,22
68,40,22
68,40,22
68,40,22
68,40,22
68,40,22
68,40,22
68,40,22
68,40,22
68,40,22
68,40,22
68,40,22
68,40,22
68,40,22
68,40,22
68,36,22
68,36,22
68,36,22
68,36,22
68,36,22
68,36,22
68,36,22
68,36,22
68,36,22
68,36,22
68,36,22
68,36,22
68,36,22
68,36,22
68,36,22
68,36,22
68,36,22
68,36,22
68,36,22
68,36,22
68,36,22
68,36,22
68,36,22
68,36,22
68,36,22
68,36,22
68,36,22
68,36,22
68,36,22
68,36,22
68,36,22
68,36,22
68,36,22
68,36,22
68,36,22
68,36,22
68,36,22
68,36,22
68,81,22
68,81,22
68,81,22
68,81,22
68,81,22
68,81,22
68,81,22
68,81,22
68,81,22
68,81,22
68,81,22
68,48,22
68,48,22
68,48,22
68,48,22
68,48,22
68,48,22
68,48,22
68,48,22
68,48,22
68,48,22
68,48,22
68,48,22
68,48,22
68,48,22
68,48,22
68,48,22
68,48,22
68,54,22
68,54,22
68,54,22
68,54,22
68,54,22
68,54,22
68,54,22
68,54,22
68,54,22
68,54,22
68,54,22
68,54,22
68,54,22
68,54,22
68,65,22
68,65,22
68,65,22
68,65,22
68,65,22
68,65,22
68,65,22
68,65,22
68,65,22
68,65,22
68,65,22
68,65,22
68,36,22
68,36,22
68,36,22
68,36,22
68,36,22
68,36,22
68,36,22
68,86,22
68,86,22
68,86,22
68,86,22
68,86,22
68,86,22
68,86,22
68,86,22
68,86,22
68,86,22
68,86,22
68,86,22
68,86,22
68,59,22
68,59,22
68,59,22
68,59,22
68,59,22
68,59,22
68,59,22
68,59,22
68,59,22
68,59,22
68,59,22
68,59,22
68,59,22
68,74,22
68,74,22
68,74,22
68,74,22
68,74,22
68,74,22
68,74,22
68,51,22
68,51,22
68,51,22
68,51,22
68,51,22
68,51,22
68,51,22
68,51,22
68,51,22
68,51,22
68,51,22
68,51,22
68,51,22
68,51,22
68,51,22
68,51,22
68,88,22
68,88,22
68,88,22
68,88,22
68,88,22
68,88,22
68,88,22
68,88,22
68,88,22
68,88,22
68,88,22
68,88,22
68,88,22
68,88,22
68,88,22
68,88,22
68,80,22
68,80,22
68,80,22
68,80,22
68,80,22
68,80,22
68,80,22
68,80,22
68,80,22
68,80,22
68,80,22
68,80,22
68,80,22
83,96,22
83,96,22
83,96,22
83,96,22
83,96,22
83,96,22
83,96,22
83,96,22
83,96,22
83,96,22
83,96,22
83,96,22
83,96,22
83,96,22
83,96,22
83,96,22
83,96,22
83,96,22
83,92,22
83,92,22
83,92,22
83,92,22
83,92,22
83,92,22
83,92,22
83,92,22
83,92,22
83,92,22
83,92,22
83,92,22
83,92,22
83,92,22
83,92,22
83,92,22
83,92,22
83,92,22
83,92,22
83,92,22
83,92,22
83,92,22
83,92,22
83,92,22
83,92,22
83,92,22
83,92,22
83,92,22
83,92,22
83,92,22
83,92,22
83,92,22
83,92,22
83,92,22
83,70,22
83,70,22
83,70,22
83,70,22
83,70,22
83,70,22
83,70,22
83,70,22
83,70,22
83,70,22
83,70,22
83,70,22
83,70,22
83,70,22
83,70,22
83,70,22
83,70,22
83,70,22
83,70,22
83,70,22
83,70,22
83,70,22
83,70,22
83,70,22
83,70,22
83,70,22
83,70,22
83,70,22
83,70,22
83,70,22
83,70,22
83,70,22
83,70,22
83,70,22
83,70,22
83,70,22
83,70,22
83,70,22
83,70,22
83,70,22
83,70,22
83,70,22
83,70,22
83,70,22
83,70,22
83,70,22
83,70,22
83,66,22
83,66,22
83,66,22
83,66,22
83,66,22
83,66,22
83,66,22
83,66,22
83,66,22
83,66,22
83,66,22
83,66,22
83,66,22
83,91,22
83,91,22
83,91,22
83,91,22
83,91,22
83,91,22
83,91,22
83,91,22
83,91,22
83,91,22
83,91,22
83,91,22
83,91,22
83,91,22
83,91,22
83,91,22
83,91,22
83,91,22
83,91,22
83,91,22
83,91,22
83,91,22
83,91,22
83,91,22
83,91,22
83,91,22
83,91,22
83,91,22
83,91,22
83,91,22
83,91,22
83,91,22
83,91,22
83,96,22
83,96,22
83,96,22
83,96,22
83,96,22
83,96,22
83,96,22
83,103,22
83,103,22
83,103,22
83,103,22
83,103,22
83,103,22
83,103,22
83,103,22
83,103,22
83,103,22
83,103,22
83,106,22
83,106,22
83,106,22
83,106,22
83,106,22
83,106,22
83,106,22
83,106,22
83,106,22
83,106,22
83,106,22
83,106,22
83,106,22
83,106,22
83,106,22
83,106,22
83,106,22
83,106,22
83,106,22
83,106,22
83,106,22
83,106,22
83,106,22
83,106,22
83,106,22
83,106,22
83,106,22
83,106,22
83,106,22
83,106,22
83,106,22
83,106,22
83,106,22
83,106,22
83,106,22
83,106,22
83,106,22
83,106,22
83,106,22
83,106,22
83,106,22
83,106,22
83,106,22
83,106,22
83,106,22
83,106,22
83,106,22
83,106,22
83,106,22
83,106,22
83,106,22
83,106,22
83,106,22
83,106,22
83,63,22
83,63,22
83,63,22
83,63,22
83,63,22
83,63,22
83,63,22
83,63,22
83,63,22
83,63,22
83,63,22
83,63,22
83,63,22
83,63,22
83,63,22
83,63,22
83,63,22
83,63,22
83,63,22
83,63,22
83,63,22
83,63,22
83,63,22
83,63,22
83,63,22
83,63,22
83,63,22
83,63,22
83,63,22
83,63,22
83,63,22
83,63,22
83,63,22
83,63,22
83,63,22
83,63,22
83,63,22
83,63,22
83,63,22
83,63,22
83,63,22
83,63,22
83,63,22
83,63,22
83,63,22
83,63,22
83,114,22
83,114,22
83,114,22
83,114,22
83,114,22
83,114,22
83,114,22
83,114,22
83,114,22
83,114,22
83,114,22
83,114,22
83,114,22
83,114,22
83,114,22
83,114,22
83,114,22
83,114,22
83,114,22
83,114,22
83,114,22
83,114,22
83,114,22
83,127,22
83,127,22
83,127,22
83,127,22
83,127,22
83,127,22
83,127,22
83,127,22
83,97,22
83,97,22
83,97,22
83,97,22
83,97,22
83,97,22
83,97,22
83,97,22
83,97,22
83,97,22
83,97,22
83,97,22
83,97,22
83,97,22
83,116,22
83,116,22
83,116,22
83,116,22
83,116,22
83,116,22
83,79,22
83,79,22
83,79,22
83,79,22
83,79,22
83,79,22
83,79,22
83,79,22
83,79,22
83,79,22
83,79,22
83,79,22
83,79,22
83,79,22
83,79,22
83,79,22
83,79,22
83,79,22
83,79,22
83,79,22
83,79,22
83,79,22
83,79,22
83,79,22
83,79,22
83,79,22
83,79,22
83,79,22
83,79,22
83,79,22
83,79,22
83,79,22
83,79,22
83,79,22
83,79,22
83,79,22
83,79,22
83,79,22
83,79,22
83,79,22
83,79,22
83,79,22
83,79,22
83,79,22
83,79,22
83,79,22
83,79,22
83,85,22
83,85,22
83,85,22
83,85,22
83,85,22
83,85,22
83,85,22
83,85,22
83,85,22
83,85,22
83,85,22
83,85,22
83,85,22
83,85,22
83,85,22
83,85,22
83,85,22
83,85,22
83,85,22
83,119,22
83,119,22
83,119,22
83,119,22
83,119,22
83,119,22
83,119,22
83,119,22
83,119,22
83,119,22
83,119,22
83,119,22
83,119,22
83,119,22
83,119,22
83,90,22
83,90,22
83,90,22
83,90,22
83,90,22
83,90,22
83,90,22
83,90,22
83,90,22
83,90,22
83,90,22
83,90,22
83,90,22
83,90,22
83,90,22
83,90,22
83,90,22
83,90,22
83,90,22
83,90,22
83,86,22
83,86,22
83,86,22
83,86,22
83,86,22
83,86,22
83,86,22
83,86,22
83,86,22
83,86,22
83,86,22
83,86,22
83,86,22
83,86,22
83,86,22
83,86,22
83,86,22
83,86,22
83,86,22
83,86,22
83,86,22
83,86,22
83,86,22
83,86,22
103,95,22
103,95,22
103,95,22
103,95,22
103,95,22
103,95,22
103,95,22
103,95,22
103,95,22
103,95,22
103,95,22
103,95,22
103,95,22
103,95,22
103,95,22
103,105,22
103,105,22
103,105,22
103,105,22
103,105,22
103,105,22
103,105,22
103,100,22
103,100,22
103,100,22
103,100,22
103,100,22
103,100,22
103,100,22
103,100,22
103,100,22
103,100,22
103,100,22
103,100,22
103,100,22
103,100,22
103,100,22
103,100,22
103,100,22
103,100,22
103,100,22
103,100,22
103,100,22
103,100,22
103,100,22
103,100,22
103,100,22
103,100,22
103,100,22
103,100,22
103,100,22
103,100,22
103,100,22
103,100,22
103,100,22
103,100,22
103,100,22
103,100,22
103,100,22
103,100,22
103,100,22
103,100,22
103,100,22
103,100,22
103,100,22
103,100,22
103,100,22
103,100,22
103,100,22
103,100,22
103,100,22
103,100,22
103,100,22
103,100,22
103,100,22
103,100,22
103,100,22
103,100,22
103,100,22
103,100,22
103,100,22
103,70,22
103,70,22
103,70,22
103,70,22
103,70,22
103,70,22
103,70,22
103,70,22
103,70,22
103,70,22
103,70,22
103,70,22
103,70,22
103,70,22
103,70,22
103,70,22
103,70,22
103,70,22
103,70,22
103,70,22
103,70,22
103,70,22
103,70,22
103,70,22
103,101,22
103,101,22
103,101,22
103,101,22
103,101,22
103,101,22
103,101,22
103,101,22
103,101,22
103,101,22
103,101,22
103,101,22
103,101,22
103,101,22
103,101,22
103,101,22
103,101,22
103,101,22
103,101,22
103,101,22
103,101,22
103,101,22
103,101,22
103,82,22
103,82,22
103,82,22
103,82,22
103,82,22
103,82,22
103,82,22
103,82,22
103,82,22
103,82,22
103,82,22
103,82,22
103,88,22
103,88,22
103,88,22
103,88,22
103,88,22
103,88,22
103,88,22
103,88,22
103,88,22
103,88,22
103,88,22
103,88,22
103,88,22
103,88,22
103,88,22
103,88,22
103,88,22
103,88,22
103,88,22
103,88,22
103,88,22
103,88,22
103,88,22
103,88,22
103,88,22
103,88,22
103,88,22
103,88,22
103,88,22
103,88,22
103,70,22
103,70,22
103,70,22
103,70,22
103,70,22
103,70,22
103,70,22
103,70,22
103,70,22
103,70,22
103,70,22
103,70,22
103,78,22
103,78,22
103,78,22
103,78,22
103,78,22
103,78,22
103,78,22
103,78,22
103,78,22
103,78,22
103,78,22
103,78,22
103,78,22
103,78,22
103,78,22
103,78,22
103,78,22
103,86,22
103,86,22
103,86,22
103,86,22
103,86,22
103,86,22
103,86,22
103,86,22
103,86,22
103,86,22
103,93,22
103,93,22
103,93,22
103,93,22
103,93,22
103,93,22
103,93,22
103,93,22
103,93,22
103,93,22
103,93,22
103,93,22
103,93,22
103,81,22
103,81,22
103,81,22
103,81,22
103,81,22
103,81,22
103,137,22
103,137,22
103,137,22
103,137,22
103,137,22
103,137,22
103,137,22
103,137,22
103,137,22
103,137,22
103,124,22
103,124,22
103,124,22
103,124,22
103,124,22
103,124,22
103,124,22
103,124,22
103,124,22
103,124,22
103,124,22
103,124,22
103,124,22
103,124,22
103,124,22
103,124,22
103,124,22
103,124,22
103,124,22
103,124,22
103,124,22
103,124,22
103,124,22
103,124,22
103,124,22
103,124,22
103,124,22
103,158,22
103,158,22
103,158,22
103,158,22
103,158,22
103,158,22
103,158,22
103,158,22
103,158,22
103,158,22
103,158,22
103,158,22
103,158,22
103,158,22
103,108,22
103,108,22
103,108,22
103,108,22
103,108,22
103,108,22
103,108,22
103,108,22
103,108,22
103,108,22
103,108,22
103,108,22
103,108,22
103,108,22
103,108,22
103,108,22
103,108,22
103,108,22
103,108,22
103,108,22
103,108,22
103,136,22
103,136,22
103,136,22
103,136,22
103,136,22
103,136,22
103,136,22
103,136,22
103,136,22
103,136,22
103,136,22
103,136,22
103,136,22
103,136,22
103,136,22
103,136,22
103,136,22
103,136,22
103,136,22
103,136,22
103,136,22
103,136,22
103,136,22
103,113,22
103,113,22
103,113,22
103,113,22
103,113,22
103,113,22
103,113,22
103,113,22
103,113,22
103,113,22
103,113,22
103,113,22
103,113,22
103,113,22
103,113,22
103,113,22
103,113,22
103,113,22
103,113,22
103,113,22
103,113,22
103,113,22
103,113,22
103,113,22
103,113,22
103,113,22
103,113,22
103,113,22
103,113,22
103,113,22
103,113,22
103,113,22
103,113,22
103,113,22
103,113,22
103,113,22
103,113,22
103,113,22
103,113,22
103,89,22
103,89,22
103,89,22
103,89,22
103,89,22
103,89,22
103,89,22
103,89,22
103,89,22
103,89,22
103,89,22
103,89,22
103,89,22
103,89,22
103,89,22
103,89,22
103,89,22
103,88,22
103,88,22
103,88,22
103,88,22
103,88,22
103,88,22
103,88,22
103,88,22
103,88,22
103,88,22
103,88,22
103,88,22
103,88,22
103,88,22
103,88,22
103,111,22
103,111,22
103,111,22
103,111,22
103,111,22
103,111,22
103,111,22
103,111,22
103,111,22
103,111,22
103,111,22
103,111,22
103,111,22
103,111,22
103,111,22
103,111,22
103,111,22
103,111,22
103,111,22
103,111,22
103,111,22
103,111,22
103,111,22
103,111,22
103,111,22
103,111,22
103,111,22
103,111,22
103,111,22
103,111,22
103,111,22
103,111,22
103,111,22
103,111,22
103,111,22
103,111,22
103,111,22
103,111,22
103,111,22
103,111,22
103,111,22
103,111,22
103,111,22
103,82,22
103,82,22
103,82,22
103,82,22
103,82,22
103,82,22
103,82,22
103,107,22
103,107,22
103,107,22
103,107,22
103,107,22
103,107,22
103,107,22
103,107,22
103,107,22
103,107,22
103,107,22
103,107,22
103,107,22
103,107,22
103,71,22
103,71,22
103,71,22
103,71,22
103,71,22
103,71,22
103,71,22
103,71,22
103,71,22
123,124,22
123,124,22
123,124,22
123,124,22
123,124,22
123,124,22
123,124,22
123,137,22
123,137,22
123,137,22
123,137,22
123,137,22
123,137,22
123,137,22
123,137,22
123,137,22
123,137,22
123,137,22
123,137,22
123,137,22
123,137,22
123,137,22
123,137,22
123,137,22
123,137,22
123,137,22
123,113,22
123,113,22
123,113,22
123,113,22
123,113,22
123,113,22
123,113,22
123,113,22
123,113,22
123,113,22
123,113,22
123,113,22
123,113,22
123,113,22
123,113,22
123,113,22
123,113,22
123,113,22
123,113,22
123,113,22
123,113,22
123,113,22
123,113,22
123,113,22
123,113,22
123,113,22
123,113,22
123,113,22
123,113,22
123,113,22
123,170,22
123,170,22
123,170,22
123,170,22
123,170,22
123,170,22
123,170,22
123,170,22
123,170,22
123,170,22
123,170,22
123,170,22
123,170,22
123,170,22
123,170,22
123,170,22
123,170,22
123,170,22
123,170,22
123,170,22
123,170,22
123,170,22
123,110,22
123,110,22
123,110,22
123,110,22
123,110,22
123,110,22
123,110,22
123,110,22
123,110,22
123,110,22
123,110,22
123,110,22
123,110,22
123,110,22
123,110,22
123,110,22
123,110,22
123,110,22
123,110,22
123,110,22
123,110,22
123,110,22
123,110,22
123,110,22
123,110,22
123,110,22
123,110,22
123,110,22
123,110,22
123,110,22
123,110,22
123,110,22
123,110,22
123,110,22
123,110,22
123,110,22
123,110,22
123,110,22
123,110,22
123,110,22
123,110,22
123,110,22
123,110,22
123,110,22
123,110,22
123,142,22
123,142,22
123,142,22
123,142,22
123,142,22
123,142,22
123,142,22
123,142,22
123,142,22
123,142,22
123,142,22
123,142,22
123,142,22
123,142,22
123,142,22
123,142,22
123,150,22
123,150,22
123,150,22
123,150,22
123,150,22
123,150,22
123,150,22
123,150,22
123,150,22
123,150,22
123,150,22
123,100,22
123,100,22
123,100,22
123,100,22
123,100,22
123,100,22
123,100,22
123,100,22
123,100,22
123,100,22
123,100,22
123,100,22
123,100,22
123,100,22
123,100,22
123,100,22
123,117,22
123,117,22
123,117,22
123,117,22
123,117,22
123,117,22
123,117,22
123,117,22
123,117,22
123,117,22
123,117,22
123,117,22
123,117,22
123,117,22
123,117,22
123,117,22
123,117,22
123,117,22
123,117,22
123,117,22
123,117,22
123,117,22
123,117,22
123,117,22
123,117,22
123,117,22
123,112,22
123,112,22
123,112,22
123,112,22
123,112,22
123,112,22
123,112,22
123,112,22
123,112,22
123,112,22
123,112,22
123,112,22
123,112,22
123,112,22
123,112,22
123,112,22
123,112,22
123,112,22
123,112,22
123,112,22
123,143,22
123,143,22
123,143,22
123,143,22
123,143,22
123,143,22
123,143,22
123,143,22
123,143,22
123,143,22
123,143,22
123,143,22
123,143,22
123,143,22
123,143,22
123,143,22
123,143,22
123,143,22
123,143,22
123,143,22
123,143,22
123,143,22
123,143,22
123,143,22
123,143,22
123,143,22
123,143,22
123,143,22
123,143,22
123,143,22
123,143,22
123,143,22
123,143,22
123,143,22
123,143,22
123,143,22
123,143,22
123,143,22
123,143,22
123,94,22
123,94,22
123,94,22
123,94,22
123,94,22
123,94,22
123,94,22
123,94,22
123,94,22
123,94,22
123,94,22
123,94,22
123,94,22
123,94,22
123,94,22
123,94,22
123,94,22
123,94,22
123,94,22
123,94,22
123,94,22
123,94,22
123,94,22
123,94,22
123,94,22
123,94,22
123,94,22
123,94,22
123,94,22
148,169,22
148,169,22
148,169,22
148,169,22
148,169,22
148,169,22
148,169,22
148,169,22
148,169,22
148,169,22
148,169,22
148,169,22
148,169,22
148,169,22
148,169,22
148,169,22
148,169,22
148,169,22
148,169,22
148,124,22
148,124,22
148,124,22
148,124,22
148,124,22
148,124,22
148,124,22
148,124,22
148,124,22
148,124,22
148,124,22
148,124,22
148,124,22
148,124,22
148,124,22
148,124,22
148,124,22
148,124,22
148,124,22
148,124,22
148,124,22
148,124,22
148,124,22
148,124,22
148,124,22
148,124,22
148,160,22
148,160,22
148,160,22
148,160,22
148,160,22
148,160,22
148,160,22
148,160,22
148,160,22
148,160,22
148,160,22
148,160,22
148,160,22
148,160,22
148,160,22
148,160,22
148,160,22
148,160,22
148,160,22
148,160,22
148,160,22
148,123,22
148,123,22
148,123,22
148,123,22
148,123,22
148,123,22
148,123,22
148,123,22
148,123,22
148,123,22
148,123,22
148,123,22
148,123,22
148,123,22
148,123,22
148,123,22
148,123,22
148,123,22
148,123,22
148,123,22
148,123,22
148,123,22
148,123,22
148,123,22
148,123,22
148,123,22
148,123,22
148,123,22
148,123,22
148,123,22
148,101,22
148,101,22
148,101,22
148,101,22
148,101,22
148,101,22
148,101,22
148,101,22
148,101,22
148,101,22
148,101,22
148,101,22
148,101,22
148,101,22
148,101,22
148,101,22
148,101,22
148,101,22
148,101,22
148,101,22
148,101,22
148,101,22
148,101,22
148,101,22
148,101,22
148,101,22
148,101,22
148,101,22
148,101,22
148,136,22
148,136,22
148,136,22
148,136,22
148,136,22
148,136,22
148,136,22
148,136,22
148,136,22
148,153,22
148,153,22
148,153,22
148,153,22
148,153,22
148,153,22
148,153,22
148,153,22
148,153,22
148,153,22
148,153,22
148,153,22
148,153,22
148,153,22
148,153,22
148,153,22
148,153,22
148,153,22
148,153,22
148,153,22
148,153,22
148,153,22
148,153,22
148,152,22
148,152,22
148,152,22
148,152,22
148,152,22
148,152,22
148,152,22
148,152,22
148,152,22
148,152,22
148,152,22
148,152,22
148,152,22
148,152,22
148,152,22
148,152,22
148,152,22
148,152,22
148,152,22
148,152,22
148,152,22
148,152,22
148,152,22
148,152,22
148,152,22
148,152,22
148,152,22
148,152,22
148,152,22
148,152,22
148,152,22
148,152,22
148,152,22
148,152,22
148,152,22
148,152,22
148,152,22
148,152,22
148,152,22
148,156,22
148,156,22
148,156,22
148,156,22
148,156,22
148,156,22
148,156,22
148,153,22
148,153,22
148,153,22
148,153,22
148,153,22
148,153,22
148,153,22
148,153,22
148,153,22
148,153,22
148,153,22
148,153,22
148,153,22
148,174,22
148,174,22
148,174,22
148,174,22
148,174,22
148,174,22
148,174,22
148,174,22
148,174,22
148,174,22
123,149,22
123,149,22
123,149,22
123,149,22
123,149,22
123,149,22
123,149,22
123,149,22
123,149,22
123,149,22
123,149,22
123,149,22
123,149,22
123,149,22
123,149,22
123,149,22
123,149,22
123,149,22
123,149,22
123,126,22
123,126,22
123,126,22
123,126,22
123,126,22
123,126,22
123,126,22
123,141,22
123,141,22
123,141,22
123,141,22
123,141,22
123,141,22
123,141,22
123,141,22
123,141,22
123,141,22
123,141,22
123,141,22
123,141,22
123,141,22
123,141,22
123,141,22
123,141,22
123,141,22
123,141,22
123,141,22
123,141,22
123,141,22
123,141,22
123,141,22
123,141,22
123,141,22
123,141,22
123,141,22
123,141,22
123,141,22
123,141,22
123,141,22
123,141,22
123,141,22
123,141,22
123,173,22
123,173,22
123,173,22
123,173,22
123,173,22
123,173,22
123,173,22
123,173,22
123,173,22
123,173,22
123,173,22
123,131,22
123,131,22
123,131,22
123,131,22
123,131,22
123,131,22
123,131,22
123,131,22
123,131,22
123,131,22
123,131,22
123,131,22
123,131,22
123,131,22
123,131,22
123,131,22
123,131,22
123,131,22
123,131,22
123,131,22
123,131,22
123,131,22
123,131,22
123,112,22
123,112,22
123,112,22
123,112,22
123,112,22
123,112,22
123,112,22
123,112,22
123,112,22
123,112,22
123,112,22
123,111,22
123,111,22
123,111,22
123,111,22
123,111,22
123,111,22
123,111,22
123,111,22
123,111,22
123,111,22
123,111,22
123,111,22
123,111,22
123,111,22
123,111,22
123,111,22
123,111,22
123,111,22
123,111,22
123,111,22
123,111,22
123,111,22
123,111,22
123,111,22
123,154,22
123,154,22
123,154,22
123,154,22
123,154,22
123,154,22
123,154,22
123,139,22
123,139,22
123,139,22
123,139,22
123,139,22
123,139,22
123,139,22
123,139,22
123,139,22
123,139,22
123,139,22
123,139,22
123,139,22
123,139,22
123,139,22
123,139,22
123,139,22
123,139,22
123,139,22
123,139,22
123,139,22
123,139,22
123,139,22
123,139,22
123,139,22
123,139,22
123,139,22
123,139,22
123,139,22
123,139,22
123,139,22
123,139,22
123,139,22
123,139,22
123,139,22
123,139,22
123,132,22
123,132,22
123,132,22
123,132,22
123,132,22
123,132,22
123,132,22
123,132,22
123,132,22
123,132,22
123,132,22
123,132,22
123,132,22
123,132,22
123,132,22
123,132,22
123,132,22
123,132,22
123,132,22
123,132,22
123,132,22
123,132,22
123,132,22
123,132,22
123,132,22
123,132,22
123,132,22
123,132,22
123,132,22
123,132,22
123,132,22
123,132,22
123,132,22
123,105,22
123,105,22
123,105,22
123,105,22
123,105,22
123,105,22
123,105,22
123,105,22
123,105,22
123,105,22
123,105,22
123,105,22
123,105,22
123,105,22
123,105,22
123,105,22
123,105,22
123,105,22
123,105,22
123,105,22
123,105,22
123,105,22
123,105,22
123,105,22
123,105,22
123,105,22
123,153,22
123,153,22
123,153,22
123,153,22
123,153,22
123,153,22
123,153,22
123,153,22
123,153,22
123,153,22
123,153,22
123,153,22
123,153,22
123,153,22
123,153,22
123,153,22
123,153,22
123,153,22
123,153,22
123,153,22
123,153,22
123,153,22
123,153,22
123,153,22
123,153,22
123,153,22
123,153,22
123,153,22
123,153,22
123,153,22
123,153,22
123,153,22
123,153,22
123,153,22
123,153,22
123,153,22
123,153,22
123,153,22
123,153,22
123,153,22
123,153,22
123,153,22
123,125,22
123,125,22
123,125,22
123,125,22
123,125,22
123,125,22
123,125,22
123,125,22
123,125,22
123,125,22
123,125,22
123,125,22
123,125,22
123,125,22
123,159,22
123,159,22
123,159,22
123,159,22
123,159,22
123,159,22
123,159,22
123,159,22
123,159,22
123,159,22
123,159,22
123,159,22
123,159,22
123,159,22
123,159,22
123,159,22
123,159,22
123,159,22
123,159,22
123,159,22
123,159,22
123,159,22
123,159,22
123,159,22
123,159,22
123,159,22
123,159,22
123,159,22
123,159,22
123,159,22
123,159,22
123,159,22
123,159,22
123,159,22
123,159,22
123,159,22
123,159,22
123,123,22
123,123,22
123,123,22
123,123,22
123,123,22
123,123,22
123,101,22
123,101,22
123,101,22
123,101,22
123,101,22
123,101,22
138,119,22
138,119,22
138,119,22
138,119,22
138,119,22
138,119,22
138,119,22
138,119,22
138,128,22
138,128,22
138,128,22
138,128,22
138,128,22
138,128,22
138,128,22
138,128,22
138,128,22
138,128,22
138,128,22
138,128,22
138,128,22
138,128,22
138,128,22
138,128,22
138,128,22
138,128,22
138,128,22
138,128,22
138,128,22
138,128,22
138,128,22
138,128,22
138,128,22
138,128,22
138,128,22
138,128,22
138,128,22
138,128,22
138,128,22
138,128,22
138,165,22
138,165,22
138,165,22
138,165,22
138,165,22
138,165,22
138,165,22
138,165,22
138,182,22
138,182,22
138,182,22
138,182,22
138,182,22
138,182,22
138,182,22
138,182,22
138,121,22
138,121,22
138,121,22
138,121,22
138,121,22
138,121,22
138,121,22
138,121,22
138,121,22
138,121,22
138,121,22
138,121,22
138,121,22
138,121,22
138,121,22
138,167,22
138,167,22
138,167,22
138,167,22
138,167,22
138,167,22
138,167,22
138,157,22
138,157,22
138,157,22
138,157,22
138,157,22
138,157,22
138,157,22
138,157,22
138,157,22
138,157,22
138,157,22
138,157,22
138,157,22
138,157,22
138,157,22
138,157,22
138,157,22
138,157,22
138,157,22
138,157,22
138,157,22
138,157,22
138,157,22
138,157,22
138,157,22
138,128,22
138,128,22
138,128,22
138,128,22
138,128,22
138,128,22
138,128,22
138,128,22
138,128,22
138,128,22
138,128,22
138,128,22
138,128,22
138,128,22
138,128,22
138,128,22
138,128,22
138,128,22
138,128,22
138,128,22
138,128,22
138,128,22
138,128,22
138,128,22
138,128,22
138,128,22
138,128,22
138,128,22
138,128,22
138,128,22
138,128,22
138,128,22
138,128,22
138,128,22
138,128,22
138,128,22
138,128,22
138,128,22
138,128,22
138,128,22
138,128,22
138,128,22
138,128,22
138,128,22
138,128,22
138,128,22
138,128,22
138,128,22
138,128,22
138,128,22
138,128,22
138,128,22
138,128,22
138,128,22
138,128,22
138,128,22
138,128,22
138,128,22
138,135,22
138,135,22
138,135,22
138,135,22
138,135,22
138,135,22
138,135,22
138,135,22
138,135,22
138,135,22
138,135,22
138,135,22
138,135,22
138,135,22
138,135,22
138,135,22
138,135,22
138,135,22
138,135,22
138,135,22
138,135,22
138,135,22
138,135,22
138,135,22
138,135,22
138,135,22
138,157,22
138,157,22
138,157,22
138,157,22
138,157,22
138,157,22
138,157,22
138,157,22
138,157,22
138,157,22
138,157,22
138,157,22
138,157,22
138,157,22
138,157,22
138,157,22
138,157,22
138,157,22
138,157,22
138,138,22
138,138,22
138,138,22
138,138,22
138,138,22
138,138,22
138,138,22
138,138,22
138,141,22
138,141,22
138,141,22
138,141,22
138,141,22
138,141,22
138,141,22
138,141,22
138,141,22
138,141,22
138,141,22
138,141,22
138,141,22
138,141,22
138,141,22
138,141,22
138,141,22
138,141,22
138,141,22
138,141,22
138,171,22
138,171,22
138,171,22
138,171,22
138,171,22
138,171,22
138,171,22
138,171,22
138,171,22
138,171,22
138,171,22
138,171,22
138,117,22
138,117,22
138,117,22
138,117,22
138,117,22
138,117,22
138,117,22
138,117,22
138,117,22
138,117,22
138,117,22
138,117,22
138,117,22
138,117,22
138,117,22
138,117,22
138,117,22
138,117,22
138,117,22
138,117,22
138,117,22
138,117,22
138,117,22
138,117,22
138,117,22
138,117,22
138,136,22
138,136,22
138,136,22
138,136,22
138,136,22
138,136,22
138,136,22
138,136,22
138,136,22
138,136,22
138,136,22
158,118,22
158,118,22
158,118,22
158,118,22
158,118,22
158,118,22
158,118,22
158,155,22
158,155,22
158,155,22
158,155,22
158,155,22
158,155,22
158,155,22
158,155,22
158,155,22
158,155,22
158,155,22
158,155,22
158,155,22
158,155,22
158,155,22
158,155,22
158,172,22
158,172,22
158,172,22
158,172,22
158,172,22
158,172,22
158,172,22
158,172,22
158,172,22
158,172,22
158,172,22
158,172,22
158,172,22
158,172,22
158,172,22
158,172,22
158,172,22
158,172,22
158,172,22
158,172,22
158,172,22
158,172,22
158,172,22
158,172,22
158,172,22
158,172,22
158,172,22
158,172,22
158,172,22
158,172,22
158,188,22
158,188,22
158,188,22
158,188,22
158,188,22
158,188,22
158,188,22
158,188,22
158,188,22
158,188,22
158,188,22
158,188,22
158,188,22
158,188,22
158,188,22
158,188,22
158,188,22
158,188,22
158,188,22
158,188,22
158,188,22
158,188,22
158,188,22
158,118,22
158,118,22
158,118,22
158,118,22
158,118,22
158,118,22
158,156,22
158,156,22
158,156,22
158,156,22
158,156,22
158,156,22
158,156,22
158,156,22
158,156,22
158,156,22
158,156,22
158,156,22
158,156,22
158,156,22
158,156,22
158,156,22
158,156,22
158,156,22
158,156,22
158,156,22
158,156,22
158,141,22
158,141,22
158,141,22
158,141,22
158,141,22
158,141,22
158,141,22
158,141,22
158,141,22
158,141,22
158,141,22
158,141,22
158,141,22
158,141,22
158,141,22
158,141,22
158,141,22
158,141,22
158,141,22
158,141,22
158,141,22
158,141,22
158,141,22
158,141,22
158,141,22
158,141,22
158,141,22
158,141,22
158,141,22
158,141,22
158,141,22
158,141,22
158,141,22
158,141,22
158,141,22
158,141,22
158,141,22
158,141,22
158,141,22
158,141,22
158,141,22
158,141,22
158,141,22
158,141,22
158,141,22
158,141,22
158,141,22
158,132,22
158,132,22
158,132,22
158,132,22
158,132,22
158,132,22
158,132,22
158,132,22
158,132,22
158,132,22
158,132,22
158,132,22
158,132,22
158,132,22
158,132,22
158,132,22
158,132,22
158,132,22
158,132,22
158,132,22
158,132,22
158,132,22
158,132,22
158,132,22
158,132,22
158,132,22
158,132,22
158,132,22
158,132,22
158,132,22
158,132,22
158,132,22
158,132,22
158,132,22
158,132,22
158,132,22
158,132,22
158,132,22
158,132,22
158,132,22
158,132,22
158,132,22
158,132,22
158,132,22
158,132,22
158,132,22
158,132,22
158,132,22
158,132,22
158,132,22
158,132,22
158,132,22
158,132,22
158,154,22
158,154,22
158,154,22
158,154,22
158,154,22
158,154,22
158,154,22
158,154,22
158,154,22
158,154,22
158,154,22
158,154,22
158,159,22
158,159,22
158,159,22
158,159,22
158,159,22
158,159,22
158,159,22
158,159,22
158,159,22
158,159,22
158,159,22
158,159,22
158,159,22
158,159,22
158,159,22
158,159,22
158,159,22
158,159,22
158,159,22
158,159,22
158,159,22
158,159,22
158,159,22
158,159,22
158,159,22
158,159,22
158,159,22
158,168,22
158,168,22
158,168,22
158,168,22
158,168,22
158,168,22
158,168,22
158,168,22
158,168,22
158,168,22
158,168,22
158,168,22
158,168,22
158,168,22
158,168,22
158,168,22
158,168,22
158,168,22
158,168,22
158,168,22
158,168,22
158,168,22
158,168,22
158,168,22
158,168,22
158,168,22
158,168,22
158,168,22
158,168,22
158,168,22
158,202,22
158,202,22
158,202,22
158,202,22
158,202,22
158,202,22
158,202,22
158,202,22
158,202,22
158,202,22
158,202,22
158,202,22
158,202,22
158,202,22
158,202,22
158,202,22
158,202,22
158,202,22
158,202,22
158,202,22
158,202,22
158,118,22
158,118,22
158,118,22
158,118,22
158,118,22
158,118,22
158,118,22
158,118,22
158,118,22
158,118,22
158,118,22
158,118,22
158,118,22
158,118,22
158,118,22
158,118,22
158,118,22
158,118,22
158,118,22
158,118,22
158,118,22
158,118,22
158,118,22
158,118,22
158,118,22
158,118,22
158,118,22
158,118,22
158,118,22
158,118,22
158,118,22
158,118,22
158,118,22
158,139,22
158,139,22
158,139,22
158,139,22
158,139,22
158,139,22
158,139,22
158,139,22
158,139,22
158,169,22
158,169,22
158,169,22
158,169,22
158,169,22
158,169,22
158,169,22
158,169,22
158,169,22
158,169,22
158,169,22
158,169,22
158,169,22
158,169,22
158,169,22
158,169,22
158,169,22
158,169,22
158,169,22
158,169,22
158,169,22
158,169,22
158,169,22
158,169,22
158,169,22
158,169,22
158,169,22
158,169,22
158,169,22
158,169,22
158,169,22
158,169,22
158,169,22
158,149,22
158,149,22
158,149,22
158,149,22
158,149,22
158,149,22
158,149,22
158,149,22
158,149,22
158,149,22
158,149,22
158,149,22
158,149,22
158,149,22
158,149,22
158,149,22
158,149,22
158,149,22
158,149,22
158,149,22
158,149,22
158,149,22
158,149,22
158,149,22
158,149,22
158,149,22
158,149,22
158,149,22
158,149,22
158,149,22
158,149,22
158,149,22
158,149,22
158,149,22
158,157,22
158,157,22
158,157,22
158,157,22
158,157,22
158,157,22
158,157,22
158,157,22
158,157,22
183,174,22
183,174,22
183,174,22
183,174,22
183,174,22
183,174,22
183,174,22
183,174,22
183,177,22
183,177,22
183,177,22
183,177,22
183,177,22
183,177,22
183,177,22
183,177,22
183,210,22
183,210,22
183,210,22
183,210,22
183,210,22
183,210,22
183,210,22
183,210,22
183,210,22
183,210,22
183,210,22
183,210,22
183,210,22
183,206,22
183,206,22
183,206,22
183,206,22
183,206,22
183,206,22
183,206,22
183,206,22
183,206,22
183,206,22
183,206,22
183,206,22
183,206,22
183,206,22
183,206,22
183,206,22
183,206,22
183,206,22
183,206,22
183,206,22
183,206,22
183,206,22
183,206,22
183,206,22
183,206,22
183,206,22
183,206,22
183,206,22
183,206,22
183,206,22
183,206,22
183,206,22
183,206,22
183,206,22
183,206,22
183,206,22
183,206,22
183,175,22
183,175,22
183,175,22
183,175,22
183,175,22
183,175,22
183,175,22
183,175,22
183,175,22
183,175,22
183,175,22
183,175,22
183,175,22
183,175,22
183,160,22
183,160,22
183,160,22
183,160,22
183,160,22
183,160,22
183,160,22
183,160,22
183,160,22
183,160,22
183,160,22
183,160,22
183,160,22
183,160,22
183,160,22
183,160,22
183,160,22
183,160,22
183,160,22
183,160,22
183,160,22
183,160,22
183,160,22
183,160,22
183,160,22
183,160,22
183,160,22
183,160,22
183,160,22
183,160,22
183,160,22
183,160,22
183,160,22
183,160,22
183,160,22
183,160,22
183,160,22
183,160,22
183,160,22
183,231,22
183,231,22
183,231,22
183,231,22
183,231,22
183,231,22
183,231,22
183,231,22
183,231,22
183,231,22
183,231,22
183,231,22
183,231,22
183,231,22
183,231,22
183,231,22
183,231,22
183,231,22
183,201,22
183,201,22
183,201,22
183,201,22
183,201,22
183,201,22
183,201,22
183,201,22
183,201,22
183,201,22
183,201,22
183,201,22
183,201,22
183,201,22
183,201,22
183,201,22
183,201,22
183,201,22
183,201,22
183,201,22
183,201,22
183,201,22
183,201,22
183,201,22
183,201,22
183,201,22
