true_pos,obs_pos,true_var
35,32,22
33,32,22
31,32,22
30,32,22
30,32,22
31,32,22
33,32,22
34,29,22
34,29,22
33,29,22
37,29,22
37,29,22
36,29,22
36,29,22
35,29,22
32,29,22
32,29,22
31,29,22
29,29,22
28,29,22
26,29,22
22,29,22
24,29,22
28,29,22
28,29,22
32,29,22
32,29,22
32,29,22
33,29,22
31,29,22
33,29,22
29,29,22
29,65,22
25,65,22
22,65,22
22,65,22
21,65,22
22,65,22
24,65,22
24,65,22
24,65,22
27,65,22
27,65,22
27,65,22
26,65,22
26,65,22
25,65,22
25,65,22
24,65,22
22,65,22
22,65,22
19,65,22
23,65,22
23,65,22
26,65,22
25,65,22
21,13,22
19,13,22
19,13,22
17,13,22
16,13,22
16,13,22
17,13,22
18,13,22
19,52,22
18,52,22
19,52,22
21,52,22
21,52,22
20,52,22
19,52,22
22,52,22
25,52,22
23,52,22
22,52,22
22,2,22
20,2,22
24,2,22
22,2,22
21,2,22
21,2,22
19,37,22
23,37,22
25,37,22
28,37,22
28,37,22
30,37,22
30,37,22
30,37,22
26,37,22
24,37,22
25,37,22
22,37,22
23,37,22
22,37,22
18,37,22
17,37,22
17,37,22
16,37,22
16,37,22
16,37,22
12,37,22
13,37,22
16,37,22
15,37,22
17,37,22
16,37,22
16,13,22
15,13,22
13,13,22
14,13,22
19,13,22
21,13,22
21,13,22
20,13,22
20,13,22
20,13,22
18,13,22
18,13,22
17,13,22
18,13,22
19,13,22
19,13,22
19,13,22
16,13,22
14,13,22
11,13,22
10,13,22
14,13,22
15,13,22
14,13,22
14,13,22
15,13,22
14,13,22
16,13,22
16,13,22
12,13,22
11,13,22
9,13,22
9,26,22
7,26,22
5,26,22
2,26,22
4,26,22
4,26,22
6,26,22
3,7,22
0,7,22
1,7,22
1,7,22
359,7,22
359,7,22
3,7,22
4,7,22
6,7,22
4,7,22
5,7,22
9,7,22
8,7,22
4,7,22
4,7,22
5,7,22
7,7,22
8,7,22
12,7,22
12,7,22
10,7,22
10,7,22
10,7,22
10,7,22
9,7,22
13,7,22
14,7,22
16,7,22
12,7,22
13,7,22
17,7,22
17,7,22
16,7,22
17,7,22
17,7,22
20,7,22
19,7,22
22,7,22
21,7,22
20,39,22
19,39,22
19,39,22
19,39,22
17,39,22
16,39,22
15,39,22
15,39,22
17,39,22
17,39,22
19,39,22
19,39,22
19,39,22
19,39,22
24,39,22
27,39,22
28,39,22
27,39,22
27,39,22
31,39,22
32,39,22
34,39,22
34,39,22
32,39,22
34,39,22
35,39,22
33,39,22
34,39,22
33,39,22
36,39,22
39,39,22
38,39,22
37,39,22
38,39,22
38,61,22
42,61,22
41,61,22
39,61,22
42,61,22
41,61,22
42,61,22
41,61,22
37,61,22
35,61,22
32,61,22
32,61,22
29,61,22
30,61,22
31,61,22
30,61,22
29,61,22
24,61,22
25,61,22
24,61,22
23,61,22
23,61,22
19,346,22
17,346,22
17,346,22
18,346,22
17,346,22
16,346,22
19,346,22
23,346,22
22,346,22
20,346,22
16,346,22
15,346,22
13,346,22
10,346,22
9,346,22
4,346,22
7,346,22
7,346,22
10,346,22
8,346,22
10,346,22
8,346,22
8,346,22
5,346,22
4,346,22
7,346,22
11,31,22
10,31,22
8,31,22
6,31,22
8,31,22
9,31,22
10,31,22
9,31,22
8,31,22
4,31,22
5,31,22
5,31,22
3,31,22
3,13,22
2,13,22
5,13,22
3,13,22
3,13,22
1,13,22
5,13,22
3,13,22
2,46,22
1,46,22
0,46,22
1,46,22
359,46,22
3,46,22
2,46,22
2,46,22
5,46,22
6,46,22
3,7,22
2,7,22
2,7,22
2,7,22
4,7,22
1,7,22
1,7,22
357,7,22
0,7,22
358,7,22
359,7,22
356,25,22
358,25,22
0,25,22
358,25,22
357,25,22
358,25,22
358,25,22
355,25,22
358,11,22
3,11,22
5,11,22
5,11,22
1,11,22
0,11,22
2,11,22
4,11,22
1,11,22
2,11,22
0,11,22
0,11,22
358,11,22
357,11,22
357,11,22
2,11,22
6,11,22
3,11,22
6,11,22
8,11,22
9,11,22
7,11,22
4,11,22
4,11,22
7,11,22
7,11,22
10,11,22
10,11,22
6,11,22
7,11,22
7,11,22
6,11,22
4,9,22
5,9,22
5,9,22
6,9,22
3,9,22
3,9,22
2,9,22
359,9,22
358,9,22
356,9,22
354,9,22
359,9,22
358,9,22
355,9,22
356,9,22
354,9,22
353,9,22
350,9,22
353,9,22
357,9,22
356,9,22
354,9,22
354,29,22
353,29,22
353,29,22
353,29,22
355,29,22
354,29,22
356,29,22
356,29,22
355,29,22
356,29,22
356,29,22
353,29,22
352,29,22
352,29,22
351,29,22
351,29,22
353,29,22
354,29,22
353,29,22
350,29,22
350,29,22
353,29,22
349,29,22
343,338,22
341,338,22
342,338,22
348,338,22
348,338,22
351,338,22
351,338,22
352,338,22
354,338,22
355,338,22
354,338,22
352,338,22
355,338,22
355,338,22
355,338,22
358,338,22
359,338,22
357,338,22
358,338,22
359,338,22
358,338,22
359,338,22
358,338,22
353,338,22
352,338,22
355,338,22
358,338,22
356,338,22
354,338,22
353,338,22
355,338,22
358,338,22
1,338,22
2,338,22
3,338,22
2,338,22
0,338,22
358,338,22
357,338,22
356,338,22
354,338,22
356,338,22
356,338,22
0,338,22
5,338,22
5,338,22
2,6,22
0,6,22
357,6,22
356,6,22
353,6,22
351,6,22
354,6,22
352,6,22
352,6,22
350,6,22
353,6,22
351,19,22
351,19,22
352,19,22
348,19,22
348,19,22
345,19,22
348,19,22
349,19,22
347,19,22
343,19,22
344,19,22
346,19,22
347,320,22
345,320,22
347,320,22
343,320,22
343,320,22
343,320,22
345,320,22
341,320,22
344,320,22
347,320,22
343,320,22
342,320,22
341,320,22
342,320,22
341,320,22
340,320,22
338,320,22
337,320,22
336,320,22
331,320,22
331,291,22
330,291,22
329,291,22
331,291,22
330,291,22
328,291,22
326,291,22
329,291,22
325,291,22
326,291,22
329,291,22
329,291,22
329,291,22
329,291,22
330,291,22
332,291,22
332,291,22
333,291,22
337,323,22
335,323,22
334,323,22
334,323,22
338,323,22
337,323,22
336,323,22
339,323,22
340,45,22
343,45,22
343,45,22
342,45,22
342,45,22
341,45,22
346,45,22
348,45,22
352,45,22
353,45,22
354,45,22
355,45,22
355,45,22
357,45,22
358,45,22
358,45,22
358,45,22
358,45,22
2,45,22
4,45,22
2,45,22
4,45,22
5,45,22
3,45,22
3,45,22
3,45,22
6,45,22
5,45,22
8,45,22
9,45,22
11,45,22
10,45,22
11,45,22
7,45,22
8,45,22
9,45,22
7,45,22
5,45,22
5,45,22
4,45,22
3,354,22
3,354,22
359,354,22
356,354,22
354,354,22
354,354,22
353,354,22
354,354,22
352,354,22
356,354,22
354,354,22
352,354,22
352,354,22
352,354,22
352,354,22
352,354,22
350,354,22
351,354,22
353,354,22
353,354,22
355,354,22
351,354,22
356,354,22
354,354,22
350,354,22
347,354,22
346,354,22
349,354,22
349,354,22
344,354,22
344,12,22
344,12,22
346,12,22
346,12,22
343,12,22
348,12,22
345,12,22
346,12,22
346,12,22
344,12,22
347,12,22
344,12,22
346,12,22
346,12,22
348,12,22
348,12,22
345,12,22
345,12,22
344,12,22
343,324,22
344,324,22
345,324,22
343,324,22
343,324,22
342,324,22
344,324,22
344,324,22
342,324,22
342,324,22
343,324,22
344,324,22
344,324,22
342,337,22
341,337,22
345,337,22
348,337,22
348,337,22
346,337,22
345,337,22
344,337,22
345,337,22
343,337,22
343,337,22
343,337,22
340,337,22
341,337,22
338,337,22
341,337,22
343,337,22
341,337,22
342,337,22
346,16,22
345,16,22
341,16,22
343,16,22
342,16,22
342,16,22
344,16,22
343,16,22
344,16,22
344,19,22
343,19,22
341,19,22
340,19,22
339,19,22
336,19,22
334,19,22
332,343,22
326,343,22
325,343,22
324,343,22
326,343,22
324,343,22
323,343,22
323,343,22
321,343,22
320,343,22
322,343,22
323,343,22
323,343,22
327,321,22
327,321,22
325,321,22
322,321,22
328,321,22
328,321,22
330,321,22
330,321,22
330,321,22
334,308,22
331,308,22
326,308,22
326,308,22
329,308,22
330,308,22
325,308,22
325,308,22
326,308,22
324,308,22
321,308,22
320,308,22
319,308,22
318,308,22
317,308,22
317,308,22
316,308,22
315,308,22
313,308,22
310,308,22
314,308,22
314,308,22
310,308,22
314,308,22
312,308,22
313,308,22
313,308,22
310,308,22
307,308,22
306,308,22
303,308,22
303,308,22
303,320,22
302,320,22
302,320,22
302,320,22
303,320,22
304,320,22
302,320,22
302,320,22
298,272,22
296,272,22
297,272,22
301,272,22
299,272,22
299,272,22
302,272,22
301,272,22
301,272,22
302,272,22
305,272,22
302,272,22
306,272,22
306,272,22
308,272,22
309,272,22
308,272,22
307,272,22
309,272,22
309,272,22
310,272,22
310,272,22
308,272,22
309,272,22
311,272,22
311,272,22
308,272,22
309,272,22
307,272,22
306,272,22
305,272,22
303,272,22
303,305,22
301,305,22
299,305,22
299,305,22
299,305,22
296,305,22
293,305,22
292,305,22
291,305,22
289,305,22
289,305,22
287,305,22
291,281,22
293,281,22
296,281,22
292,281,22
291,281,22
289,281,22
286,281,22
287,281,22
286,281,22
283,281,22
281,281,22
284,331,22
281,331,22
280,331,22
283,331,22
283,331,22
281,331,22
280,331,22
279,331,22
281,331,22
282,331,22
280,331,22
280,331,22
279,331,22
280,331,22
278,331,22
275,331,22
276,331,22
275,331,22
270,331,22
272,331,22
271,331,22
272,331,22
269,331,22
269,331,22
267,331,22
268,331,22
270,331,22
269,331,22
270,331,22
268,331,22
266,331,22
261,331,22
264,331,22
265,331,22
268,331,22
269,331,22
267,331,22
266,331,22
265,331,22
265,331,22
268,331,22
267,331,22
267,291,22
267,291,22
267,291,22
266,291,22
266,291,22
271,291,22
274,242,22
271,242,22
270,242,22
271,242,22
271,242,22
270,242,22
269,242,22
270,242,22
272,242,22
271,242,22
273,242,22
272,242,22
272,242,22
272,244,22
268,244,22
271,244,22
273,244,22
273,244,22
276,244,22
274,244,22
273,244,22
272,244,22
270,244,22
271,244,22
272,244,22
273,244,22
275,244,22
274,244,22
276,244,22
275,244,22
274,244,22
276,244,22
274,244,22
272,244,22
270,244,22
270,244,22
273,244,22
271,244,22
269,244,22
270,244,22
272,244,22
275,244,22
273,244,22
273,244,22
271,244,22
270,244,22
265,244,22
260,244,22
262,244,22
262,244,22
264,244,22
261,244,22
261,244,22
260,244,22
262,244,22
259,244,22
261,244,22
259,244,22
261,244,22
259,244,22
258,244,22
260,244,22
261,244,22
262,244,22
261,244,22
258,261,22
262,261,22
260,261,22
261,261,22
262,261,22
265,261,22
264,261,22
265,261,22
264,261,22
265,261,22
264,261,22
261,261,22
259,261,22
261,261,22
262,261,22
265,261,22
263,261,22
261,261,22
263,246,22
263,246,22
261,246,22
258,246,22
256,246,22
256,246,22
254,246,22
254,246,22
254,246,22
257,246,22
255,246,22
255,233,22
254,233,22
251,233,22
248,233,22
249,233,22
249,233,22
247,233,22
244,233,22
244,233,22
246,233,22
247,233,22
249,233,22
249,233,22
251,233,22
249,233,22
252,233,22
251,233,22
253,233,22
256,233,22
257,233,22
261,233,22
259,233,22
262,233,22
264,261,22
261,261,22
260,261,22
255,261,22
255,261,22
253,261,22
251,261,22
250,261,22
254,261,22
254,261,22
255,261,22
258,261,22
261,261,22
257,261,22
258,261,22
256,276,22
258,276,22
258,276,22
259,276,22
259,276,22
260,276,22
261,276,22
260,276,22
259,276,22
255,276,22
258,276,22
260,276,22
259,276,22
260,276,22
261,276,22
261,276,22
260,276,22
261,276,22
260,276,22
262,276,22
263,276,22
262,276,22
261,276,22
265,276,22
267,276,22
267,276,22
266,276,22
267,276,22
265,276,22
265,276,22
262,276,22
265,276,22
267,276,22
266,276,22
266,276,22
264,276,22
263,276,22
265,276,22
266,276,22
264,257,22
263,257,22
265,257,22
266,257,22
267,257,22
265,257,22
268,258,22
265,258,22
264,258,22
267,258,22
269,258,22
271,258,22
270,258,22
266,258,22
268,258,22
267,258,22
266,258,22
266,293,22
268,293,22
268,293,22
265,293,22
262,293,22
263,293,22
265,293,22
264,293,22
266,293,22
266,293,22
265,293,22
268,293,22
266,293,22
266,293,22
268,293,22
268,293,22
272,293,22
268,293,22
271,293,22
271,293,22
270,293,22
273,293,22
275,293,22
278,293,22
280,293,22
279,293,22
280,293,22
282,293,22
282,293,22
280,293,22
280,293,22
281,293,22
280,293,22
278,293,22
283,293,22
282,293,22
278,293,22
276,293,22
280,293,22
280,293,22
279,293,22
277,293,22
276,293,22
275,245,22
274,245,22
274,245,22
272,245,22
276,245,22
278,245,22
277,245,22
275,245,22
276,245,22
278,245,22
281,245,22
284,245,22
285,245,22
286,245,22
284,245,22
284,245,22
284,245,22
280,245,22
275,245,22
276,245,22
277,245,22
277,245,22
277,245,22
278,245,22
276,245,22
275,245,22
274,245,22
274,245,22
272,245,22
273,245,22
272,245,22
271,245,22
272,245,22
270,245,22
272,245,22
271,245,22
270,245,22
272,245,22
270,245,22
268,245,22
270,245,22
269,245,22
271,245,22
268,245,22
268,245,22
268,245,22
269,245,22
271,245,22
272,245,22
269,245,22
267,245,22
265,245,22
267,245,22
266,245,22
266,268,22
266,268,22
264,268,22
262,268,22
263,268,22
262,268,22
263,268,22
262,268,22
263,268,22
264,268,22
263,268,22
262,268,22
264,268,22
263,268,22
265,268,22
267,268,22
268,268,22
269,268,22
267,268,22
265,268,22
267,268,22
268,248,22
269,248,22
270,248,22
270,248,22
271,248,22
271,248,22
272,248,22
271,248,22
271,248,22
271,248,22
271,248,22
273,248,22
274,248,22
275,248,22
274,248,22
273,248,22
271,248,22
274,248,22
272,248,22
271,248,22
269,248,22
271,248,22
274,248,22
273,248,22
274,248,22
275,248,22
277,248,22
272,248,22
274,285,22
271,285,22
271,285,22
270,285,22
273,285,22
273,285,22
273,285,22
274,285,22
273,285,22
273,285,22
271,285,22
273,285,22
271,285,22
271,285,22
270,285,22
273,285,22
270,285,22
269,285,22
271,285,22
267,285,22
271,285,22
270,285,22
270,285,22
272,285,22
273,285,22
277,285,22
279,285,22
279,285,22
281,285,22
279,285,22
282,285,22
282,285,22
278,285,22
277,285,22
278,285,22
281,285,22
284,285,22
280,285,22
279,285,22
277,285,22
280,285,22
280,285,22
277,285,22
275,285,22
276,285,22
280,285,22
280,285,22
280,285,22
280,285,22
282,285,22
281,285,22
283,285,22
280,285,22
277,285,22
278,306,22
276,306,22
275,306,22
275,306,22
277,306,22
280,306,22
282,306,22
283,306,22
281,306,22
281,306,22
283,306,22
278,306,22
277,306,22
276,306,22
274,306,22
273,306,22
274,306,22
275,306,22
274,306,22
270,306,22
268,306,22
270,306,22
273,285,22
271,285,22
269,285,22
267,285,22
266,285,22
267,285,22
270,285,22
268,285,22
268,285,22
265,285,22
266,285,22
270,285,22
271,285,22
270,285,22
270,285,22
268,285,22
268,285,22
268,285,22
270,285,22
269,285,22
271,285,22
274,285,22
274,285,22
276,285,22
279,285,22
276,285,22
277,285,22
276,285,22
275,285,22
274,285,22
272,281,22
270,281,22
271,281,22
270,281,22
269,281,22
267,281,22
267,281,22
268,281,22
266,281,22
266,281,22
264,281,22
263,281,22
261,281,22
258,281,22
260,281,22
260,281,22
260,281,22
259,281,22
258,297,22
254,297,22
253,297,22
252,297,22
254,297,22
253,297,22
255,297,22
254,297,22
256,297,22
256,297,22
257,297,22
255,297,22
256,297,22
255,297,22
253,297,22
255,297,22
256,297,22
257,297,22
255,297,22
254,297,22
252,297,22
252,297,22
251,297,22
248,297,22
248,297,22
245,297,22
245,297,22
241,297,22
242,297,22
245,297,22
249,297,22
250,297,22
253,282,22
252,282,22
253,282,22
256,282,22
257,282,22
254,282,22
255,282,22
256,234,22
256,234,22
255,234,22
259,234,22
255,234,22
257,234,22
258,234,22
257,234,22
259,234,22
259,234,22
262,234,22
263,234,22
262,234,22
266,234,22
265,234,22
268,234,22
270,234,22
271,234,22
268,234,22
268,265,22
266,265,22
267,265,22
266,265,22
266,265,22
267,265,22
266,265,22
267,265,22
269,265,22
271,265,22
270,261,22
273,261,22
274,261,22
274,261,22
277,261,22
279,261,22
278,261,22
278,261,22
277,261,22
278,261,22
277,261,22
280,261,22
279,261,22
275,261,22
277,261,22
278,261,22
278,261,22
281,261,22
281,261,22
280,261,22
280,261,22
284,261,22
285,261,22
289,261,22
288,261,22
284,286,22
287,286,22
287,286,22
286,286,22
286,286,22
287,286,22
286,286,22
289,286,22
286,286,22
285,286,22
287,286,22
289,286,22
290,286,22
290,286,22
288,286,22
290,286,22
289,286,22
292,286,22
290,286,22
292,278,22
295,278,22
292,278,22
290,278,22
292,278,22
295,278,22
295,278,22
296,278,22
294,278,22
297,278,22
302,278,22
298,278,22
299,278,22
299,278,22
298,278,22
296,278,22
299,341,22
297,341,22
298,341,22
299,341,22
300,341,22
301,341,22
299,341,22
296,341,22
292,341,22
292,341,22
291,341,22
291,341,22
290,341,22
287,341,22
285,341,22
283,341,22
284,341,22
282,285,22
282,285,22
282,285,22
281,285,22
279,285,22
280,285,22
277,285,22
280,285,22
282,285,22
285,288,22
285,288,22
287,288,22
288,288,22
287,288,22
285,288,22
286,288,22
289,288,22
290,288,22
290,288,22
290,288,22
290,288,22
292,288,22
294,288,22
294,288,22
293,288,22
293,288,22
294,288,22
294,288,22
292,288,22
291,284,22
293,284,22
290,284,22
292,284,22
292,284,22
293,284,22
292,284,22
291,284,22
291,284,22
291,284,22
289,284,22
290,284,22
291,284,22
290,276,22
292,276,22
294,276,22
294,276,22
292,276,22
292,276,22
293,276,22
290,291,22
287,291,22
291,291,22
292,291,22
291,291,22
293,291,22
291,291,22
289,291,22
289,291,22
291,278,22
289,278,22
290,278,22
289,278,22
290,278,22
290,278,22
293,278,22
292,278,22
295,278,22
295,285,22
293,285,22
291,285,22
290,285,22
290,285,22
288,285,22
289,285,22
288,285,22
289,285,22
287,285,22
287,285,22
289,285,22
290,285,22
289,285,22
288,285,22
290,285,22
289,285,22
291,285,22
292,285,22
290,285,22
292,285,22
292,285,22
294,285,22
297,285,22
296,285,22
300,285,22
304,285,22
306,285,22
304,285,22
302,285,22
302,285,22
301,285,22
301,285,22
302,285,22
299,285,22
301,285,22
299,285,22
299,285,22
300,285,22
296,285,22
296,286,22
297,286,22
294,286,22
298,286,22
294,286,22
293,286,22
295,286,22
296,286,22
299,286,22
298,286,22
300,286,22
301,286,22
305,286,22
304,286,22
307,286,22
308,286,22
305,286,22
305,293,22
307,293,22
302,293,22
302,293,22
300,293,22
300,293,22
299,293,22
297,293,22
299,293,22
300,293,22
299,293,22
299,293,22
298,293,22
300,293,22
300,293,22
300,293,22
299,293,22
299,293,22
298,293,22
300,293,22
297,291,22
294,291,22
292,291,22
294,291,22
292,291,22
294,291,22
296,274,22
296,274,22
297,274,22
296,274,22
296,274,22
297,274,22
297,274,22
294,282,22
294,282,22
289,282,22
289,282,22
292,282,22
292,282,22
292,282,22
292,316,22
289,316,22
292,316,22
294,316,22
292,316,22
293,316,22
290,316,22
291,316,22
286,316,22
282,316,22
282,316,22
284,316,22
284,316,22
285,275,22
284,275,22
286,275,22
283,275,22
280,275,22
280,275,22
278,275,22
278,275,22
279,275,22
278,275,22
277,275,22
277,275,22
278,275,22
277,275,22
273,275,22
274,275,22
272,275,22
274,275,22
275,275,22
277,275,22
272,275,22
271,275,22
273,275,22
274,275,22
274,275,22
272,275,22
275,275,22
274,275,22
276,275,22
277,275,22
278,275,22
277,275,22
277,275,22
275,290,22
276,290,22
275,290,22
274,290,22
278,290,22
280,290,22
281,290,22
278,290,22
276,290,22
274,290,22
274,290,22
277,290,22
280,301,22
283,301,22
283,301,22
280,301,22
281,301,22
282,301,22
286,301,22
287,301,22
287,301,22
284,301,22
283,301,22
284,301,22
285,301,22
287,301,22
286,301,22
285,272,22
289,272,22
288,272,22
288,272,22
290,272,22
289,272,22
286,272,22
282,272,22
286,272,22
285,272,22
288,272,22
287,272,22
288,271,22
287,271,22
288,271,22
287,271,22
290,271,22
293,271,22
293,271,22
295,271,22
294,271,22
291,271,22
287,271,22
288,271,22
288,271,22
287,271,22
286,271,22
285,271,22
283,271,22
283,271,22
283,271,22
283,258,22
280,258,22
280,258,22
280,258,22
278,258,22
281,258,22
278,258,22
278,258,22
277,258,22
276,258,22
275,288,22
276,288,22
274,288,22
272,288,22
272,288,22
270,288,22
272,288,22
272,288,22
273,288,22
276,288,22
274,288,22
274,288,22
277,288,22
277,288,22
281,288,22
283,300,22
284,300,22
286,300,22
285,300,22
287,300,22
288,300,22
290,300,22
288,300,22
288,300,22
289,300,22
289,300,22
287,300,22
286,300,22
287,300,22
283,300,22
282,300,22
282,300,22
283,300,22
281,300,22
281,270,22
284,270,22
286,270,22
286,270,22
286,270,22
288,270,22
290,270,22
292,274,22
293,274,22
295,274,22
293,274,22
291,274,22
290,274,22
289,274,22
286,274,22
284,274,22
283,274,22
284,274,22
287,274,22
290,274,22
294,274,22
295,274,22
299,274,22
301,274,22
303,274,22
300,274,22
302,274,22
304,274,22
307,274,22
311,274,22
314,274,22
314,274,22
313,274,22
314,274,22
313,274,22
310,274,22
308,274,22
308,274,22
307,274,22
306,274,22
306,308,22
303,308,22
305,308,22
303,308,22
302,308,22
304,308,22
304,308,22
308,308,22
309,308,22
309,308,22
311,310,22
310,310,22
309,310,22
312,310,22
312,310,22
309,310,22
307,280,22
309,280,22
307,280,22
305,280,22
302,280,22
304,280,22
307,280,22
306,280,22
305,280,22
305,280,22
306,280,22
302,280,22
298,280,22
298,280,22
289,280,22
291,280,22
288,280,22
286,280,22
284,280,22
284,280,22
287,280,22
285,280,22
285,280,22
285,280,22
286,280,22
283,280,22
285,280,22
284,280,22
285,280,22
287,280,22
286,280,22
287,280,22
289,280,22
287,280,22
291,280,22
291,280,22
294,280,22
295,283,22
295,283,22
300,283,22
300,283,22
298,283,22
297,283,22
299,283,22
298,283,22
302,283,22
304,283,22
306,283,22
308,283,22
308,283,22
309,283,22
309,283,22
313,283,22
310,283,22
312,283,22
309,283,22
310,283,22
311,283,22
314,296,22
317,296,22
314,296,22
316,296,22
316,296,22
314,296,22
315,296,22
314,296,22
313,296,22
315,296,22
315,296,22
313,296,22
314,296,22
314,296,22
314,296,22
316,296,22
312,296,22
310,296,22
309,296,22
310,296,22
310,296,22
310,296,22
308,296,22
304,296,22
304,296,22
305,296,22
306,296,22
309,296,22
309,262,22
307,262,22
309,262,22
307,262,22
306,262,22
304,262,22
305,262,22
305,291,22
301,291,22
303,291,22
303,291,22
304,291,22
303,291,22
303,291,22
304,291,22
305,291,22
308,291,22
307,291,22
307,291,22
306,291,22
307,291,22
308,291,22
307,291,22
304,291,22
305,291,22
310,291,22
308,291,22
312,291,22
309,291,22
307,291,22
306,291,22
303,291,22
300,291,22
299,291,22
301,291,22
297,291,22
300,291,22
297,323,22
298,323,22
296,323,22
296,323,22
298,323,22
299,323,22
296,323,22
293,323,22
291,323,22
291,323,22
287,323,22
287,323,22
287,323,22
284,323,22
284,323,22
284,323,22
288,323,22
287,323,22
288,298,22
288,298,22
289,298,22
286,298,22
287,298,22
289,298,22
291,298,22
290,298,22
287,298,22
290,298,22
287,298,22
287,298,22
285,298,22
282,298,22
285,243,22
286,243,22
284,243,22
282,243,22
284,243,22
285,243,22
285,243,22
283,243,22
285,243,22
288,243,22
293,243,22
292,243,22
289,243,22
290,243,22
290,243,22
289,243,22
288,243,22
289,243,22
287,243,22
289,243,22
291,243,22
286,243,22
286,243,22
291,267,22
293,267,22
291,267,22
290,267,22
288,267,22
290,267,22
291,267,22
293,267,22
293,267,22
297,267,22
299,267,22
298,267,22
297,267,22
299,267,22
296,267,22
294,267,22
290,267,22
290,267,22
290,267,22
292,267,22
292,267,22
296,267,22
297,267,22
298,267,22
298,267,22
297,267,22
296,267,22
294,267,22
294,267,22
296,267,22
301,267,22
299,267,22
300,267,22
298,267,22
298,267,22
299,267,22
298,267,22
301,267,22
302,313,22
303,313,22
305,313,22
304,313,22
304,313,22
305,313,22
306,313,22
306,313,22
310,313,22
312,307,22
314,307,22
314,307,22
313,307,22
313,307,22
311,307,22
311,307,22
309,307,22
307,307,22
306,277,22
305,277,22
301,277,22
302,277,22
303,277,22
303,277,22
304,277,22
305,277,22
304,277,22
304,277,22
304,277,22
302,277,22
303,277,22
301,283,22
302,283,22
305,283,22
302,283,22
301,283,22
299,283,22
301,283,22
299,283,22
302,283,22
301,283,22
298,283,22
300,283,22
299,283,22
300,290,22
302,290,22
304,290,22
303,290,22
301,290,22
301,290,22
301,290,22
300,290,22
300,329,22
298,329,22
297,329,22
301,329,22
302,329,22
302,329,22
304,329,22
302,329,22
303,329,22
307,329,22
304,329,22
306,329,22
306,329,22
306,329,22
308,329,22
306,329,22
308,329,22
309,313,22
307,313,22
310,313,22
311,313,22
309,313,22
309,313,22
304,313,22
303,313,22
302,313,22
303,313,22
298,313,22
296,313,22
296,313,22
295,313,22
293,313,22
295,313,22
295,313,22
292,313,22
288,313,22
285,313,22
287,313,22
289,313,22
288,313,22
289,313,22
288,313,22
290,313,22
290,313,22
291,320,22
290,320,22
293,320,22
294,320,22
298,320,22
298,320,22
299,320,22
299,320,22
302,320,22
302,320,22
303,320,22
303,320,22
304,320,22
306,326,22
301,326,22
301,326,22
301,326,22
299,326,22
301,326,22
298,326,22
297,326,22
298,326,22
301,326,22
301,326,22
301,326,22
303,327,22
304,327,22
305,327,22
300,327,22
302,327,22
301,327,22
303,327,22
303,327,22
304,327,22
304,327,22
303,327,22
303,327,22
303,327,22
305,327,22
303,306,22
303,306,22
306,306,22
308,306,22
308,306,22
306,306,22
306,306,22
306,306,22
307,306,22
307,306,22
309,328,22
310,328,22
309,328,22
308,328,22
307,328,22
304,328,22
305,328,22
305,328,22
302,328,22
297,328,22
298,328,22
298,328,22
299,328,22
298,328,22
299,328,22
301,328,22
301,328,22
301,328,22
300,328,22
301,328,22
301,328,22
300,330,22
301,330,22
301,330,22
300,330,22
299,330,22
298,330,22
295,330,22
298,330,22
295,330,22
288,330,22
289,330,22
289,330,22
289,330,22
289,330,22
287,330,22
290,330,22
288,330,22
292,330,22
288,330,22
287,330,22
291,330,22
293,330,22
290,294,22
293,294,22
296,294,22
295,294,22
296,294,22
296,294,22
296,294,22
294,294,22
294,294,22
297,294,22
296,294,22
297,294,22
296,294,22
296,289,22
294,289,22
296,289,22
297,289,22
296,289,22
297,289,22
297,289,22
299,289,22
299,289,22
299,289,22
301,289,22
300,289,22
301,289,22
297,289,22
298,289,22
297,289,22
297,289,22
293,289,22
290,289,22
289,289,22
289,289,22
290,289,22
288,289,22
287,289,22
286,289,22
285,289,22
282,289,22
282,289,22
279,314,22
277,314,22
278,314,22
275,314,22
279,314,22
278,314,22
280,314,22
280,314,22
280,314,22
280,314,22
280,314,22
276,314,22
276,295,22
277,295,22
281,295,22
277,295,22
275,295,22
274,295,22
273,295,22
273,295,22
272,295,22
271,295,22
271,295,22
269,295,22
269,293,22
269,293,22
269,293,22
271,293,22
267,293,22
263,293,22
260,293,22
260,293,22
261,293,22
258,293,22
257,293,22
255,293,22
257,293,22
256,293,22
257,293,22
256,293,22
260,293,22
264,293,22
263,293,22
264,293,22
261,293,22
260,255,22
257,255,22
257,255,22
257,255,22
256,255,22
256,255,22
255,255,22
253,255,22
256,255,22
254,255,22
254,255,22
253,255,22
255,255,22
254,255,22
252,255,22
252,255,22
251,255,22
251,255,22
250,255,22
247,255,22
250,255,22
251,255,22
252,255,22
254,255,22
255,255,22
255,255,22
256,255,22
252,255,22
254,255,22
248,255,22
249,255,22
248,255,22
244,241,22
244,241,22
244,241,22
244,241,22
242,241,22
244,241,22
245,241,22
247,241,22
250,241,22
247,241,22
247,241,22
249,241,22
248,241,22
252,241,22
252,241,22
249,241,22
250,241,22
247,241,22
248,241,22
248,241,22
251,241,22
251,241,22
250,241,22
249,241,22
248,241,22
248,241,22
247,241,22
248,241,22
247,241,22
247,241,22
250,241,22
251,241,22
249,241,22
250,241,22
246,241,22
247,241,22
244,241,22
246,241,22
246,241,22
246,241,22
247,241,22
245,241,22
245,241,22
243,241,22
242,241,22
243,258,22
245,258,22
242,258,22
244,258,22
246,258,22
244,258,22
243,258,22
243,258,22
244,258,22
244,258,22
244,258,22
244,258,22
247,258,22
243,258,22
243,258,22
244,258,22
245,258,22
244,258,22
246,258,22
243,258,22
243,258,22
246,258,22
246,258,22
245,258,22
243,258,22
243,258,22
240,258,22
240,258,22
242,258,22
244,258,22
241,258,22
238,258,22
237,258,22
234,258,22
230,258,22
232,245,22
233,245,22
232,245,22
233,245,22
232,245,22
233,245,22
234,245,22
239,245,22
245,245,22
247,245,22
245,245,22
248,245,22
249,245,22
243,245,22
243,245,22
243,245,22
244,260,22
244,260,22
246,260,22
247,260,22
249,260,22
249,260,22
249,260,22
249,260,22
248,260,22
249,260,22
251,260,22
251,260,22
248,260,22
250,260,22
251,260,22
253,260,22
256,260,22
259,260,22
258,260,22
256,260,22
255,260,22
258,260,22
257,260,22
257,260,22
256,260,22
254,260,22
253,260,22
254,260,22
252,260,22
254,260,22
252,260,22
250,260,22
247,260,22
250,260,22
245,260,22
246,260,22
247,260,22
246,260,22
244,260,22
243,260,22
246,260,22
246,260,22
246,260,22
245,260,22
248,260,22
252,260,22
255,260,22
255,260,22
257,260,22
256,260,22
258,260,22
260,260,22
258,260,22
257,260,22
257,260,22
257,260,22
254,260,22
257,260,22
261,260,22
261,260,22
261,283,22
258,283,22
255,283,22
253,283,22
255,283,22
256,283,22
253,283,22
254,210,22
253,210,22
253,210,22
256,210,22
255,210,22
259,210,22
258,210,22
257,250,22
255,250,22
257,250,22
255,250,22
255,250,22
253,250,22
253,250,22
255,250,22
255,250,22
254,250,22
252,250,22
255,250,22
256,250,22
254,250,22
254,250,22
256,250,22
258,250,22
255,250,22
252,250,22
253,250,22
249,250,22
247,250,22
247,250,22
249,250,22
248,250,22
247,250,22
245,250,22
247,250,22
245,250,22
243,250,22
241,241,22
243,241,22
242,241,22
245,241,22
243,241,22
241,241,22
240,241,22
239,241,22
241,241,22
243,241,22
241,241,22
244,241,22
243,241,22
243,241,22
247,241,22
248,241,22
250,241,22
250,241,22
252,241,22
253,241,22
255,241,22
256,241,22
256,241,22
253,241,22
251,241,22
249,241,22
251,241,22
252,241,22
253,241,22
255,241,22
255,241,22
257,241,22
260,241,22
260,241,22
262,241,22
262,241,22
263,241,22
263,241,22
263,241,22
261,241,22
261,241,22
260,241,22
256,286,22
254,286,22
254,286,22
250,286,22
249,286,22
249,286,22
252,286,22
256,240,22
254,240,22
252,240,22
253,240,22
254,240,22
257,240,22
257,240,22
254,240,22
256,240,22
260,240,22
260,240,22
263,240,22
264,258,22
265,258,22
264,258,22
260,258,22
260,258,22
259,258,22
257,258,22
258,258,22
255,258,22
255,258,22
257,258,22
258,258,22
259,258,22
257,258,22
255,285,22
256,285,22
255,285,22
253,285,22
251,285,22
250,285,22
247,285,22
245,285,22
243,285,22
246,285,22
246,285,22
248,285,22
245,285,22
240,285,22
240,285,22
238,285,22
238,285,22
237,270,22
238,270,22
238,270,22
238,270,22
238,270,22
236,270,22
238,270,22
241,270,22
241,270,22
238,270,22
238,270,22
238,270,22
237,270,22
236,270,22
237,270,22
239,270,22
239,270,22
243,270,22
242,270,22
240,270,22
237,270,22
236,270,22
234,270,22
233,238,22
234,238,22
234,238,22
235,238,22
237,238,22
237,238,22
237,238,22
235,238,22
233,238,22
231,238,22
230,238,22
227,238,22
231,238,22
232,238,22
234,238,22
232,238,22
232,245,22
231,245,22
231,245,22
229,245,22
230,245,22
229,245,22
232,216,22
230,216,22
231,216,22
230,216,22
230,216,22
226,216,22
225,216,22
225,216,22
224,216,22
223,216,22
222,216,22
224,216,22
222,216,22
225,216,22
224,216,22
225,216,22
226,216,22
224,216,22
225,216,22
224,216,22
227,216,22
228,216,22
229,216,22
230,216,22
230,216,22
231,216,22
231,216,22
232,216,22
231,216,22
230,216,22
229,216,22
226,216,22
222,216,22
221,216,22
221,216,22
221,216,22
222,216,22
225,216,22
225,216,22
220,216,22
223,216,22
223,216,22
220,216,22
218,216,22
219,216,22
218,216,22
219,216,22
217,216,22
218,216,22
220,216,22
219,216,22
223,220,22
221,220,22
216,220,22
217,220,22
215,220,22
215,220,22
217,220,22
213,220,22
212,254,22
212,254,22
210,254,22
210,254,22
209,254,22
212,254,22
210,254,22
209,254,22
207,254,22
207,254,22
208,212,22
209,212,22
208,212,22
209,212,22
204,212,22
202,212,22
203,212,22
204,212,22
206,212,22
206,212,22
209,212,22
213,212,22
213,212,22
215,212,22
217,212,22
217,212,22
217,212,22
219,212,22
219,212,22
220,212,22
222,227,22
226,227,22
228,227,22
227,227,22
225,227,22
221,227,22
221,227,22
223,227,22
224,227,22
225,227,22
225,227,22
225,227,22
226,227,22
224,227,22
224,227,22
226,227,22
227,227,22
225,227,22
223,227,22
226,227,22
227,227,22
226,227,22
227,227,22
227,227,22
228,227,22
230,227,22
228,227,22
230,227,22
230,227,22
230,227,22
229,227,22
230,227,22
230,227,22
228,227,22
229,227,22
230,227,22
229,227,22
231,227,22
232,227,22
232,248,22
231,248,22
231,248,22
228,248,22
228,248,22
228,248,22
226,248,22
228,248,22
227,248,22
228,248,22
232,248,22
232,248,22
231,248,22
230,248,22
229,248,22
228,248,22
228,248,22
229,248,22
230,248,22
231,248,22
230,248,22
231,248,22
229,248,22
229,248,22
231,248,22
232,248,22
232,248,22
228,248,22
227,248,22
227,248,22
226,248,22
227,248,22
225,248,22
224,248,22
224,248,22
227,248,22
225,248,22
223,247,22
220,247,22
225,247,22
228,247,22
230,247,22
231,247,22
234,247,22
231,247,22
234,247,22
233,247,22
231,247,22
232,242,22
229,242,22
229,242,22
232,242,22
228,242,22
230,242,22
230,242,22
230,242,22
228,242,22
228,242,22
226,242,22
222,252,22
221,252,22
222,252,22
219,252,22
218,252,22
216,252,22
215,252,22
214,252,22
213,252,22
214,252,22
214,252,22
216,252,22
215,252,22
213,252,22
214,233,22
212,233,22
212,233,22
214,233,22
214,233,22
211,233,22
209,233,22
212,233,22
212,233,22
212,233,22
212,233,22
213,233,22
211,233,22
213,233,22
213,233,22
213,233,22
213,233,22
214,233,22
212,233,22
213,233,22
211,233,22
211,233,22
208,233,22
210,233,22
214,233,22
213,233,22
214,233,22
210,233,22
209,233,22
207,223,22
206,223,22
206,223,22
208,223,22
210,223,22
208,223,22
208,223,22
209,223,22
211,223,22
214,223,22
213,223,22
213,223,22
214,223,22
213,215,22
212,215,22
213,215,22
215,215,22
216,215,22
215,215,22
214,261,22
211,261,22
216,261,22
216,261,22
218,261,22
215,261,22
215,261,22
214,261,22
211,261,22
211,261,22
211,213,22
209,213,22
209,213,22
211,213,22
211,213,22
210,213,22
214,213,22
216,213,22
216,213,22
216,213,22
214,213,22
213,213,22
212,213,22
214,213,22
213,213,22
212,213,22
210,213,22
209,213,22
208,213,22
207,213,22
208,213,22
206,213,22
210,213,22
210,213,22
211,213,22
214,213,22
212,192,22
213,192,22
215,192,22
218,192,22
219,192,22
219,192,22
219,192,22
215,192,22
216,192,22
212,192,22
210,192,22
212,192,22
213,192,22
214,192,22
213,192,22
214,192,22
214,192,22
220,192,22
219,192,22
214,192,22
214,192,22
211,192,22
208,192,22
207,192,22
210,192,22
210,192,22
215,192,22
216,192,22
217,192,22
216,192,22
215,192,22
212,192,22
214,192,22
221,192,22
219,192,22
219,192,22
224,192,22
224,192,22
227,192,22
232,192,22
231,284,22
229,284,22
228,284,22
224,284,22
222,284,22
221,284,22
224,284,22
226,284,22
229,284,22
226,284,22
227,284,22
228,284,22
228,284,22
227,284,22
223,284,22
223,284,22
222,284,22
224,284,22
226,284,22
228,284,22
229,284,22
228,284,22
226,284,22
226,284,22
228,284,22
228,284,22
223,284,22
224,284,22
223,284,22
222,284,22
221,284,22
220,284,22
218,234,22
218,234,22
219,234,22
219,234,22
217,234,22
218,234,22
218,234,22
220,234,22
220,231,22
219,231,22
221,231,22
220,231,22
217,231,22
217,231,22
217,231,22
216,231,22
213,231,22
215,231,22
215,231,22
214,231,22
214,231,22
212,191,22
207,191,22
207,191,22
210,191,22
210,191,22
210,191,22
210,191,22
211,191,22
216,191,22
215,191,22
213,191,22
214,186,22
213,186,22
213,186,22
213,186,22
213,186,22
214,186,22
213,186,22
210,186,22
211,186,22
211,186,22
214,186,22
214,186,22
213,186,22
215,186,22
215,186,22
216,186,22
214,186,22
214,186,22
209,186,22
210,186,22
212,186,22
210,186,22
206,186,22
206,186,22
207,186,22
209,186,22
207,186,22
209,186,22
213,186,22
212,186,22
211,186,22
211,186,22
214,186,22
210,186,22
211,186,22
208,186,22
207,186,22
205,186,22
202,193,22
201,193,22
198,193,22
200,193,22
199,193,22
199,193,22
198,193,22
198,193,22
198,193,22
196,193,22
193,193,22
194,190,22
191,190,22
192,190,22
193,190,22
192,190,22
191,190,22
190,190,22
190,190,22
192,190,22
190,190,22
191,190,22
192,190,22
189,190,22
191,190,22
192,190,22
192,190,22
191,190,22
194,190,22
198,190,22
198,190,22
198,190,22
199,190,22
202,190,22
206,190,22
205,190,22
206,190,22
206,190,22
204,190,22
206,190,22
201,190,22
202,190,22
203,190,22
206,190,22
202,190,22
200,190,22
201,190,22
202,190,22
199,190,22
195,190,22
196,190,22
195,190,22
197,190,22
197,190,22
198,190,22
195,190,22
194,190,22
194,190,22
195,190,22
196,190,22
199,190,22
198,243,22
199,243,22
197,243,22
202,243,22
200,243,22
200,243,22
201,243,22
200,209,22
200,209,22
200,209,22
202,209,22
204,209,22
205,209,22
207,209,22
207,209,22
207,209,22
208,209,22
212,209,22
212,209,22
210,209,22
211,209,22
212,209,22
211,209,22
214,209,22
216,209,22
217,209,22
214,209,22
216,209,22
214,209,22
212,209,22
215,209,22
213,209,22
214,209,22
213,209,22
214,209,22
212,209,22
209,209,22
210,209,22
210,209,22
209,209,22
208,209,22
208,209,22
208,209,22
210,209,22
211,209,22
209,209,22
206,209,22
209,178,22
210,178,22
209,178,22
210,178,22
211,178,22
215,178,22
215,178,22
214,178,22
213,178,22
214,178,22
213,178,22
214,178,22
216,178,22
216,178,22
218,178,22
220,178,22
222,178,22
222,178,22
224,178,22
226,178,22
226,178,22
225,178,22
223,227,22
221,227,22
223,227,22
225,227,22
222,227,22
218,227,22
218,227,22
218,227,22
219,227,22
221,227,22
216,227,22
216,227,22
214,227,22
218,227,22
220,227,22
217,250,22
217,250,22
216,250,22
217,250,22
216,250,22
215,250,22
215,250,22
215,250,22
217,250,22
216,250,22
215,250,22
218,250,22
217,250,22
217,250,22
218,250,22
218,250,22
219,250,22
218,250,22
218,250,22
218,250,22
223,250,22
221,250,22
221,241,22
223,241,22
226,241,22
231,241,22
236,241,22
237,241,22
235,241,22
235,241,22
236,241,22
237,241,22
235,241,22
234,241,22
234,241,22
232,241,22
234,241,22
232,241,22
231,241,22
228,241,22
231,241,22
232,241,22
230,239,22
230,239,22
230,239,22
229,239,22
228,239,22
227,239,22
227,239,22
226,239,22
227,239,22
228,239,22
228,239,22
228,239,22
229,239,22
229,239,22
229,239,22
227,239,22
226,239,22
228,239,22
228,239,22
228,239,22
230,239,22
230,239,22
231,239,22
230,239,22
232,239,22
234,239,22
234,247,22
235,247,22
237,247,22
240,247,22
238,247,22
238,247,22
237,247,22
236,247,22
238,247,22
238,251,22
241,251,22
241,251,22
240,251,22
239,251,22
238,251,22
239,251,22
239,251,22
236,251,22
237,251,22
238,251,22
238,251,22
241,259,22
243,259,22
242,259,22
247,259,22
249,259,22
248,259,22
248,259,22
251,259,22
251,259,22
249,259,22
250,259,22
252,259,22
250,259,22
251,259,22
252,258,22
253,258,22
252,258,22
249,258,22
247,258,22
245,258,22
246,258,22
245,258,22
243,258,22
242,258,22
242,258,22
244,258,22
247,258,22
250,258,22
249,258,22
249,258,22
250,258,22
249,258,22
251,258,22
251,258,22
250,258,22
247,258,22
246,258,22
245,258,22
245,258,22
245,258,22
244,258,22
241,258,22
241,258,22
240,261,22
240,261,22
235,261,22
236,261,22
235,261,22
233,261,22
236,261,22
239,261,22
235,261,22
235,261,22
238,261,22
236,261,22
237,261,22
236,261,22
236,261,22
235,261,22
238,261,22
240,261,22
241,261,22
242,222,22
242,222,22
241,222,22
237,222,22
238,222,22
237,222,22
237,222,22
237,222,22
237,222,22
234,222,22
234,222,22
231,222,22
230,222,22
230,204,22
231,204,22
232,204,22
227,204,22
227,204,22
222,204,22
218,204,22
219,204,22
218,204,22
221,204,22
218,204,22
219,204,22
222,204,22
221,204,22
220,204,22
219,204,22
220,232,22
220,232,22
218,232,22
220,232,22
220,232,22
223,232,22
219,232,22
219,232,22
222,232,22
220,232,22
219,232,22
222,232,22
222,232,22
223,232,22
224,202,22
224,202,22
218,202,22
219,202,22
215,202,22
216,202,22
217,223,22
217,223,22
218,223,22
219,223,22
219,223,22
220,223,22
220,223,22
220,224,22
221,224,22
218,224,22
219,224,22
220,224,22
222,224,22
223,237,22
225,237,22
225,237,22
223,237,22
221,237,22
222,237,22
223,237,22
223,237,22
224,237,22
225,199,22
226,199,22
226,199,22
229,199,22
229,199,22
231,199,22
232,199,22
232,245,22
231,245,22
234,245,22
235,245,22
234,245,22
235,245,22
238,268,22
236,268,22
238,268,22
236,268,22
235,268,22
238,268,22
236,268,22
239,268,22
240,268,22
239,268,22
236,268,22
238,268,22
236,268,22
235,268,22
238,268,22
237,268,22
236,235,22
236,235,22
232,235,22
236,235,22
237,235,22
239,235,22
238,235,22
240,235,22
239,235,22
238,235,22
239,235,22
237,235,22
240,235,22
240,235,22
239,235,22
238,235,22
238,235,22
234,235,22
233,235,22
234,235,22
236,235,22
234,235,22
236,235,22
235,235,22
232,235,22
234,235,22
235,235,22
236,235,22
234,235,22
231,235,22
236,235,22
237,235,22
237,235,22
238,235,22
241,235,22
239,235,22
239,235,22
240,235,22
241,241,22
244,241,22
246,241,22
246,241,22
249,241,22
252,241,22
255,252,22
254,252,22
255,252,22
256,252,22
256,252,22
257,252,22
259,252,22
258,252,22
258,252,22
257,252,22
256,252,22
256,252,22
259,252,22
263,252,22
260,252,22
262,252,22
259,252,22
261,252,22
259,252,22
259,252,22
260,252,22
260,252,22
258,252,22
255,252,22
254,252,22
254,252,22
254,252,22
255,252,22
255,252,22
257,252,22
258,252,22
259,252,22
257,252,22
258,252,22
256,252,22
252,252,22
250,252,22
253,252,22
252,252,22
251,252,22
251,252,22
251,252,22
252,252,22
252,252,22
252,252,22
255,252,22
254,252,22
251,252,22
250,252,22
250,238,22
247,238,22
247,238,22
244,238,22
245,238,22
247,238,22
248,238,22
248,238,22
249,238,22
251,238,22
251,238,22
250,238,22
248,238,22
251,238,22
253,238,22
253,238,22
254,238,22
254,238,22
251,238,22
252,238,22
254,238,22
255,238,22
256,238,22
256,238,22
258,238,22
256,238,22
253,238,22
252,238,22
252,238,22
255,238,22
255,238,22
252,238,22
252,238,22
250,238,22
250,238,22
251,238,22
249,238,22
249,238,22
249,238,22
250,238,22
251,266,22
253,266,22
251,266,22
250,266,22
252,266,22
254,266,22
253,266,22
254,275,22
252,275,22
252,275,22
252,275,22
249,275,22
248,275,22
249,275,22
248,275,22
253,275,22
252,275,22
253,275,22
253,275,22
252,275,22
252,275,22
251,275,22
247,275,22
248,196,22
247,196,22
244,196,22
241,196,22
243,196,22
242,196,22
244,196,22
246,196,22
247,196,22
246,196,22
244,254,22
243,254,22
246,254,22
244,254,22
246,254,22
246,254,22
250,254,22
252,254,22
251,254,22
250,254,22
249,254,22
247,254,22
248,254,22
249,254,22
250,254,22
247,254,22
245,254,22
244,254,22
244,254,22
245,254,22
246,254,22
246,254,22
250,254,22
253,254,22
250,254,22
247,254,22
245,254,22
246,254,22
249,254,22
250,254,22
251,254,22
248,254,22
246,254,22
244,254,22
246,254,22
250,254,22
248,254,22
247,254,22
248,254,22
250,254,22
252,254,22
253,254,22
253,254,22
251,254,22
249,254,22
247,254,22
246,254,22
247,254,22
249,254,22
246,254,22
247,254,22
246,254,22
244,245,22
247,245,22
244,245,22
242,245,22
242,245,22
238,245,22
235,245,22
235,245,22
233,245,22
233,245,22
233,245,22
234,245,22
237,245,22
235,245,22
235,245,22
235,245,22
233,245,22
231,220,22
228,220,22
225,220,22
225,220,22
226,220,22
226,220,22
226,220,22
223,220,22
224,220,22
224,220,22
220,220,22
216,220,22
214,220,22
214,220,22
214,220,22
213,220,22
210,220,22
213,220,22
210,220,22
210,220,22
212,220,22
213,220,22
215,220,22
217,220,22
221,220,22
226,220,22
226,220,22
225,220,22
223,220,22
220,220,22
223,220,22
220,220,22
220,220,22
224,220,22
226,227,22
224,227,22
222,227,22
224,227,22
224,227,22
221,227,22
219,227,22
218,227,22
216,227,22
216,227,22
216,227,22
217,214,22
213,214,22
213,214,22
210,214,22
210,214,22
210,214,22
210,214,22
212,214,22
213,214,22
215,201,22
211,201,22
214,201,22
214,201,22
214,201,22
210,201,22
205,201,22
204,201,22
203,201,22
207,201,22
207,201,22
211,201,22
212,201,22
210,201,22
208,201,22
206,201,22
209,201,22
208,201,22
206,201,22
204,201,22
204,201,22
204,201,22
203,201,22
201,201,22
201,201,22
199,201,22
197,201,22
199,201,22
198,201,22
196,201,22
197,201,22
197,201,22
195,201,22
194,201,22
197,201,22
197,201,22
196,201,22
198,201,22
198,201,22
200,201,22
200,201,22
201,201,22
199,201,22
199,201,22
201,201,22
202,201,22
204,201,22
207,165,22
208,165,22
208,165,22
206,165,22
205,165,22
206,165,22
205,165,22
204,165,22
201,165,22
199,211,22
198,211,22
199,211,22
200,211,22
200,211,22
203,211,22
200,211,22
204,211,22
210,211,22
210,211,22
210,211,22
212,211,22
213,211,22
209,211,22
208,211,22
209,211,22
210,211,22
210,211,22
213,211,22
211,211,22
210,211,22
212,211,22
213,211,22
215,211,22
215,211,22
216,211,22
217,211,22
215,211,22
218,211,22
221,211,22
223,194,22
225,194,22
222,194,22
221,194,22
219,194,22
221,194,22
222,194,22
222,194,22
225,194,22
223,194,22
223,222,22
220,222,22
221,222,22
223,222,22
224,222,22
221,222,22
217,222,22
215,222,22
215,244,22
217,244,22
217,244,22
220,244,22
219,244,22
220,244,22
219,244,22
219,244,22
219,244,22
218,244,22
219,244,22
221,244,22
219,244,22
222,187,22
218,187,22
216,187,22
217,187,22
217,187,22
221,187,22
220,187,22
221,235,22
221,235,22
225,235,22
225,235,22
227,235,22
229,235,22
229,235,22
228,235,22
231,235,22
230,235,22
230,235,22
229,235,22
229,235,22
225,235,22
226,235,22
226,235,22
227,235,22
228,235,22
229,235,22
227,235,22
228,235,22
230,235,22
230,235,22
231,235,22
227,235,22
228,235,22
224,235,22
223,235,22
219,235,22
217,235,22
215,235,22
212,235,22
211,235,22
210,235,22
211,235,22
210,235,22
211,226,22
214,226,22
212,226,22
214,226,22
214,226,22
217,226,22
218,226,22
219,204,22
219,204,22
218,204,22
217,204,22
219,204,22
218,204,22
213,204,22
215,204,22
214,204,22
216,204,22
215,204,22
217,204,22
217,204,22
215,204,22
214,204,22
219,204,22
219,204,22
219,204,22
219,204,22
220,201,22
220,201,22
221,201,22
221,201,22
219,201,22
218,201,22
220,201,22
220,201,22
217,201,22
218,201,22
217,201,22
218,201,22
217,201,22
216,218,22
215,218,22
215,218,22
215,218,22
214,218,22
215,218,22
216,218,22
218,220,22
218,220,22
218,220,22
219,220,22
220,220,22
219,220,22
217,220,22
217,220,22
216,220,22
215,220,22
219,220,22
218,220,22
217,220,22
217,220,22
215,220,22
215,220,22
217,220,22
216,220,22
217,220,22
222,220,22
220,220,22
225,220,22
226,220,22
223,220,22
220,220,22
222,220,22
225,220,22
225,220,22
225,220,22
223,220,22
224,220,22
223,220,22
223,220,22
225,220,22
224,220,22
225,220,22
225,220,22
224,220,22
226,220,22
226,220,22
223,220,22
226,237,22
224,237,22
226,237,22
224,237,22
223,237,22
223,237,22
224,237,22
221,237,22
220,237,22
220,234,22
220,234,22
220,234,22
222,234,22
220,234,22
219,234,22
220,234,22
217,234,22
219,234,22
217,234,22
215,234,22
218,229,22
217,229,22
216,229,22
214,229,22
215,229,22
212,229,22
211,229,22
209,229,22
210,229,22
209,229,22
209,229,22
210,229,22
207,229,22
211,229,22
210,229,22
209,229,22
211,229,22
212,229,22
214,229,22
212,229,22
210,229,22
211,229,22
212,229,22
212,229,22
215,229,22
213,229,22
216,229,22
216,229,22
215,229,22
215,229,22
214,229,22
216,229,22
215,199,22
214,199,22
215,199,22
218,199,22
217,199,22
214,199,22
215,199,22
214,199,22
215,199,22
215,199,22
211,222,22
211,222,22
211,222,22
209,222,22
208,222,22
210,222,22
209,222,22
213,222,22
214,222,22
214,222,22
210,222,22
211,222,22
210,203,22
209,203,22
211,203,22
209,203,22
212,203,22
211,203,22
208,203,22
208,203,22
205,203,22
202,203,22
201,203,22
199,203,22
199,203,22
199,203,22
201,203,22
203,203,22
206,203,22
208,203,22
208,203,22
205,217,22
207,217,22
209,217,22
208,217,22
209,217,22
209,217,22
209,217,22
213,217,22
217,217,22
214,217,22
212,217,22
213,217,22
213,217,22
211,217,22
209,203,22
209,203,22
206,203,22
204,203,22
206,203,22
203,203,22
200,203,22
201,203,22
203,203,22
199,203,22
201,203,22
199,203,22
198,203,22
199,203,22
200,203,22
199,203,22
195,203,22
195,203,22
197,203,22
195,203,22
195,203,22
196,203,22
196,203,22
195,203,22
202,203,22
205,203,22
203,203,22
203,203,22
203,197,22
204,197,22
202,197,22
202,197,22
201,197,22
199,197,22
200,197,22
202,197,22
204,197,22
205,242,22
204,242,22
202,242,22
202,242,22
203,242,22
201,242,22
203,242,22
201,242,22
205,242,22
203,242,22
200,242,22
202,242,22
204,242,22
202,242,22
202,176,22
201,176,22
198,176,22
198,176,22
198,176,22
196,176,22
196,176,22
198,176,22
196,176,22
195,176,22
193,176,22
193,176,22
197,176,22
195,176,22
195,176,22
199,208,22
197,208,22
200,208,22
201,208,22
199,208,22
199,208,22
202,208,22
202,208,22
203,208,22
204,208,22
203,208,22
204,208,22
202,208,22
205,208,22
201,207,22
201,207,22
202,207,22
201,207,22
201,207,22
199,207,22
199,207,22
197,207,22
198,189,22
199,189,22
196,189,22
194,189,22
194,189,22
199,189,22
201,189,22
201,189,22
197,189,22
200,189,22
200,189,22
200,189,22
199,189,22
198,189,22
200,189,22
200,189,22
207,189,22
208,189,22
209,189,22
211,189,22
213,189,22
214,189,22
216,189,22
214,189,22
213,189,22
214,189,22
214,189,22
214,189,22
214,189,22
214,189,22
211,189,22
209,192,22
210,192,22
211,192,22
208,192,22
207,192,22
210,192,22
209,192,22
208,192,22
213,192,22
211,192,22
215,192,22
211,192,22
209,192,22
213,192,22
210,192,22
209,192,22
203,192,22
205,192,22
199,192,22
196,192,22
193,236,22
192,236,22
192,236,22
192,236,22
194,236,22
194,236,22
195,236,22
196,236,22
192,236,22
194,236,22
194,236,22
195,236,22
194,201,22
189,201,22
186,201,22
182,201,22
181,201,22
182,201,22
183,201,22
179,201,22
177,201,22
173,201,22
173,201,22
170,201,22
168,201,22
166,201,22
169,201,22
169,201,22
171,201,22
173,201,22
173,201,22
171,201,22
174,201,22
177,201,22
180,201,22
179,201,22
181,201,22
182,201,22
186,201,22
189,201,22
189,201,22
188,201,22
189,201,22
188,201,22
187,201,22
187,201,22
186,201,22
189,201,22
187,201,22
185,201,22
186,201,22
186,201,22
188,201,22
188,201,22
183,201,22
180,201,22
178,201,22
179,201,22
173,197,22
174,197,22
175,197,22
169,197,22
166,197,22
167,197,22
168,197,22
169,197,22
168,197,22
165,197,22
168,197,22
168,197,22
171,197,22
170,197,22
171,180,22
169,180,22
169,180,22
166,180,22
166,180,22
165,180,22
163,180,22
161,180,22
159,180,22
163,180,22
161,180,22
160,180,22
160,180,22
163,180,22
166,180,22
164,180,22
165,180,22
162,180,22
162,180,22
163,167,22
161,167,22
160,167,22
160,167,22
156,167,22
158,167,22
156,167,22
159,167,22
157,167,22
156,167,22
156,167,22
156,167,22
154,167,22
157,167,22
154,167,22
151,167,22
149,167,22
153,167,22
150,167,22
145,167,22
147,167,22
144,167,22
145,140,22
146,140,22
146,140,22
146,140,22
146,140,22
145,140,22
147,140,22
148,140,22
150,140,22
153,140,22
152,140,22
150,140,22
150,140,22
152,140,22
151,156,22
153,156,22
154,156,22
158,156,22
157,156,22
152,156,22
155,156,22
157,156,22
157,156,22
157,156,22
158,156,22
160,156,22
159,156,22
160,156,22
159,156,22
157,156,22
155,156,22
157,156,22
158,156,22
159,156,22
159,156,22
161,156,22
159,156,22
158,156,22
159,156,22
161,156,22
161,156,22
160,156,22
159,156,22
161,156,22
159,156,22
161,156,22
162,148,22
163,148,22
163,148,22
162,148,22
162,148,22
161,148,22
157,148,22
160,148,22
160,148,22
160,148,22
161,148,22
162,148,22
158,148,22
163,148,22
164,148,22
162,148,22
166,148,22
163,148,22
160,148,22
162,148,22
161,148,22
162,148,22
157,148,22
156,148,22
159,148,22
154,148,22
156,148,22
156,148,22
155,148,22
158,148,22
159,148,22
159,148,22
160,180,22
159,180,22
159,180,22
160,180,22
161,180,22
162,180,22
163,180,22
165,180,22
166,180,22
167,180,22
168,147,22
163,147,22
165,147,22
164,147,22
160,147,22
161,147,22
161,147,22
166,147,22
167,147,22
162,171,22
164,171,22
168,171,22
168,171,22
167,171,22
164,171,22
164,171,22
162,171,22
163,171,22
161,171,22
159,171,22
157,171,22
160,171,22
160,171,22
160,171,22
162,171,22
161,171,22
163,171,22
161,171,22
163,171,22
162,171,22
161,171,22
162,171,22
162,171,22
162,171,22
161,173,22
163,173,22
162,173,22
161,173,22
163,173,22
163,173,22
166,173,22
166,173,22
169,173,22
166,173,22
166,173,22
169,173,22
174,173,22
173,173,22
171,173,22
170,173,22
167,173,22
164,173,22
163,173,22
161,173,22
160,173,22
163,183,22
162,183,22
160,183,22
161,183,22
160,183,22
165,183,22
164,183,22
166,183,22
165,183,22
167,183,22
168,183,22
169,183,22
171,183,22
173,183,22
171,183,22
173,183,22
173,183,22
170,183,22
172,183,22
171,183,22
172,183,22
172,183,22
172,183,22
172,141,22
167,141,22
169,141,22
168,141,22
167,141,22
165,141,22
168,141,22
166,141,22
168,141,22
168,141,22
169,141,22
169,141,22
169,141,22
167,141,22
164,141,22
165,141,22
163,141,22
164,141,22
164,141,22
164,141,22
163,141,22
165,141,22
162,141,22
165,141,22
166,141,22
163,141,22
161,141,22
159,141,22
157,141,22
160,141,22
159,141,22
164,141,22
163,141,22
161,141,22
163,141,22
164,141,22
162,141,22
162,141,22
164,141,22
164,141,22
167,141,22
168,141,22
169,141,22
172,141,22
172,141,22
171,141,22
171,141,22
171,141,22
168,141,22
167,141,22
165,141,22
165,141,22
166,141,22
165,141,22
165,141,22
164,141,22
164,141,22
164,141,22
161,158,22
162,158,22
165,158,22
163,158,22
159,158,22
159,158,22
159,158,22
158,158,22
156,158,22
152,158,22
152,158,22
150,158,22
152,158,22
151,158,22
146,158,22
147,158,22
150,158,22
151,158,22
150,158,22
149,158,22
148,158,22
150,158,22
150,158,22
148,158,22
148,158,22
148,158,22
148,158,22
149,158,22
150,158,22
149,158,22
153,158,22
153,158,22
155,158,22
153,158,22
149,158,22
148,158,22
146,158,22
145,158,22
144,158,22
146,158,22
148,158,22
148,137,22
147,137,22
149,137,22
151,137,22
149,137,22
150,137,22
148,137,22
147,137,22
150,137,22
155,120,22
158,120,22
157,120,22
157,120,22
156,120,22
157,120,22
156,120,22
158,120,22
158,120,22
162,120,22
163,120,22
164,120,22
162,120,22
162,120,22
165,120,22
163,120,22
164,135,22
164,135,22
165,135,22
163,135,22
166,135,22
166,135,22
165,135,22
162,135,22
167,135,22
161,153,22
162,153,22
159,153,22
161,153,22
159,153,22
158,153,22
158,153,22
158,153,22
157,153,22
159,153,22
161,153,22
160,153,22
162,157,22
159,157,22
157,157,22
159,157,22
162,157,22
162,157,22
160,157,22
160,157,22
162,157,22
158,157,22
158,157,22
158,157,22
160,157,22
161,157,22
161,157,22
164,157,22
163,157,22
163,157,22
162,157,22
163,157,22
164,157,22
164,185,22
164,185,22
166,185,22
166,185,22
165,185,22
162,185,22
162,185,22
163,185,22
161,185,22
161,185,22
164,185,22
167,185,22
166,185,22
168,185,22
168,185,22
165,185,22
167,185,22
165,185,22
165,185,22
163,185,22
164,185,22
162,185,22
162,185,22
160,185,22
157,185,22
158,185,22
160,153,22
158,153,22
155,153,22
156,153,22
156,153,22
156,153,22
156,153,22
152,153,22
154,153,22
154,153,22
154,153,22
152,153,22
151,153,22
152,134,22
153,134,22
154,134,22
153,134,22
154,134,22
156,134,22
152,134,22
153,139,22
153,139,22
153,139,22
149,139,22
150,139,22
155,139,22
156,139,22
158,175,22
159,175,22
163,175,22
162,175,22
165,175,22
163,175,22
161,175,22
161,175,22
159,175,22
159,175,22
161,175,22
161,175,22
157,175,22
155,175,22
156,175,22
154,175,22
156,175,22
159,149,22
159,149,22
156,149,22
157,149,22
154,149,22
157,149,22
160,163,22
161,163,22
163,163,22
164,163,22
160,163,22
158,163,22
155,163,22
156,163,22
158,163,22
158,172,22
154,172,22
156,172,22
156,172,22
155,172,22
158,172,22
159,172,22
158,172,22
153,172,22
153,172,22
153,172,22
152,172,22
155,172,22
155,172,22
152,172,22
152,172,22
154,172,22
154,172,22
151,172,22
150,172,22
149,172,22
151,172,22
150,172,22
150,172,22
148,172,22
150,172,22
151,135,22
153,135,22
154,135,22
152,135,22
151,135,22
148,135,22
147,135,22
152,135,22
155,135,22
152,135,22
150,135,22
148,135,22
144,135,22
143,135,22
143,135,22
145,135,22
149,135,22
145,135,22
143,135,22
141,135,22
142,135,22
143,135,22
142,135,22
141,135,22
144,135,22
142,155,22
140,155,22
142,155,22
139,155,22
140,155,22
136,155,22
141,155,22
144,155,22
145,155,22
144,155,22
146,155,22
146,155,22
144,155,22
145,155,22
146,155,22
149,155,22
148,155,22
146,155,22
149,155,22
152,155,22
156,155,22
154,155,22
154,155,22
153,155,22
154,155,22
155,155,22
155,155,22
156,155,22
156,155,22
155,155,22
160,155,22
160,155,22
158,155,22
157,142,22
157,142,22
156,142,22
159,142,22
162,142,22
161,142,22
164,142,22
161,142,22
159,140,22
162,140,22
160,140,22
157,140,22
156,140,22
155,140,22
158,140,22
159,140,22
159,140,22
157,140,22
158,140,22
156,140,22
154,140,22
157,140,22
158,140,22
159,140,22
156,143,22
155,143,22
154,143,22
153,143,22
152,143,22
154,143,22
153,143,22
151,143,22
149,143,22
151,143,22
148,126,22
148,126,22
149,126,22
151,126,22
149,126,22
151,126,22
146,126,22
147,126,22
146,126,22
142,126,22
140,126,22
142,126,22
144,126,22
143,126,22
145,126,22
147,126,22
148,126,22
148,126,22
147,126,22
142,126,22
140,125,22
140,125,22
139,125,22
140,125,22
137,125,22
138,125,22
139,125,22
137,125,22
138,125,22
140,125,22
140,125,22
138,125,22
134,125,22
135,125,22
137,125,22
136,125,22
136,125,22
135,125,22
131,125,22
131,125,22
133,125,22
133,125,22
136,125,22
136,125,22
138,125,22
141,125,22
141,125,22
143,125,22
141,125,22
138,125,22
137,125,22
134,125,22
134,125,22
134,125,22
132,125,22
130,125,22
128,125,22
125,125,22
127,125,22
127,125,22
130,125,22
128,125,22
132,125,22
135,125,22
138,125,22
138,125,22
135,125,22
135,125,22
132,125,22
137,125,22
134,125,22
133,126,22
129,126,22
128,126,22
127,126,22
126,126,22
123,126,22
124,126,22
126,126,22
123,126,22
125,126,22
124,126,22
121,126,22
121,126,22
119,126,22
121,126,22
121,126,22
124,126,22
125,126,22
127,144,22
125,144,22
125,144,22
123,144,22
124,144,22
121,144,22
118,144,22
116,144,22
116,144,22
117,144,22
121,144,22
121,144,22
122,144,22
121,144,22
120,144,22
119,144,22
120,144,22
122,144,22
119,144,22
119,144,22
119,144,22
115,144,22
122,144,22
119,144,22
118,144,22
119,144,22
118,144,22
119,144,22
119,144,22
119,144,22
118,144,22
120,144,22
119,144,22
117,144,22
118,144,22
116,144,22
116,144,22
118,144,22
118,144,22
115,144,22
117,144,22
115,144,22
114,144,22
113,144,22
110,144,22
109,144,22
107,144,22
104,144,22
105,144,22
101,144,22
104,144,22
104,144,22
106,144,22
106,144,22
105,144,22
103,144,22
102,144,22
99,144,22
97,144,22
99,144,22
97,76,22
99,76,22
100,76,22
102,76,22
101,76,22
102,76,22
102,76,22
101,76,22
104,76,22
104,76,22
103,76,22
104,76,22
106,76,22
104,76,22
104,76,22
106,76,22
105,76,22
105,76,22
108,76,22
103,97,22
100,97,22
101,97,22
101,97,22
98,97,22
97,97,22
98,97,22
97,97,22
95,97,22
95,97,22
93,97,22
93,97,22
96,97,22
91,97,22
89,97,22
88,97,22
86,97,22
88,97,22
89,97,22
90,97,22
91,74,22
90,74,22
93,74,22
93,74,22
93,74,22
90,74,22
90,74,22
88,99,22
90,99,22
89,99,22
88,99,22
87,99,22
86,99,22
89,99,22
95,99,22
95,99,22
94,99,22
97,99,22
96,99,22
97,99,22
98,99,22
99,99,22
97,99,22
96,99,22
96,99,22
95,99,22
95,99,22
100,99,22
101,99,22
103,99,22
104,99,22
102,99,22
106,99,22
109,99,22
110,99,22
111,99,22
112,99,22
110,99,22
109,99,22
106,99,22
106,99,22
110,99,22
110,99,22
106,99,22
105,99,22
103,99,22
104,99,22
102,99,22
105,99,22
107,99,22
104,99,22
104,99,22
102,99,22
103,99,22
101,102,22
101,102,22
98,102,22
98,102,22
96,102,22
95,102,22
94,98,22
94,98,22
96,98,22
97,98,22
97,98,22
97,98,22
97,98,22
96,72,22
97,72,22
99,72,22
99,72,22
100,72,22
98,72,22
98,72,22
99,72,22
101,72,22
104,72,22
104,72,22
107,81,22
110,81,22
110,81,22
109,81,22
109,81,22
107,81,22
107,81,22
110,81,22
108,81,22
106,81,22
107,81,22
106,81,22
107,81,22
107,81,22
108,81,22
111,81,22
107,81,22
103,81,22
104,81,22
104,81,22
105,81,22
106,81,22
104,81,22
102,81,22
104,81,22
101,81,22
100,81,22
103,81,22
104,81,22
101,81,22
102,81,22
101,81,22
101,81,22
101,101,22
98,101,22
96,101,22
97,101,22
100,101,22
100,101,22
102,101,22
103,101,22
107,101,22
107,101,22
105,101,22
106,101,22
106,101,22
102,101,22
103,101,22
100,101,22
103,101,22
103,101,22
105,101,22
102,101,22
102,101,22
100,101,22
99,101,22
95,101,22
96,101,22
93,118,22
91,118,22
92,118,22
91,118,22
89,118,22
89,118,22
87,118,22
85,118,22
79,118,22
81,118,22
76,101,22
76,101,22
77,101,22
82,101,22
81,101,22
80,101,22
82,101,22
82,101,22
82,101,22
81,101,22
83,101,22
84,101,22
84,101,22
86,101,22
84,101,22
84,101,22
83,101,22
82,101,22
84,81,22
81,81,22
81,81,22
81,81,22
82,81,22
83,81,22
82,81,22
80,81,22
78,81,22
79,81,22
79,81,22
79,81,22
79,121,22
82,121,22
82,121,22
83,121,22
83,121,22
84,121,22
83,121,22
85,121,22
88,121,22
87,121,22
85,121,22
81,121,22
78,121,22
78,121,22
76,121,22
74,81,22
75,81,22
76,81,22
74,81,22
74,81,22
75,81,22
72,81,22
71,81,22
68,81,22
66,81,22
65,81,22
68,81,22
69,81,22
68,81,22
67,81,22
66,81,22
67,81,22
68,81,22
69,81,22
71,81,22
75,81,22
79,81,22
78,80,22
79,80,22
82,80,22
85,80,22
82,80,22
87,80,22
84,80,22
87,80,22
88,80,22
85,80,22
84,80,22
86,80,22
85,80,22
82,80,22
85,80,22
88,87,22
86,87,22
88,87,22
89,87,22
91,87,22
93,87,22
96,87,22
99,87,22
100,87,22
101,87,22
97,87,22
99,87,22
98,87,22
99,87,22
98,87,22
97,87,22
99,87,22
101,87,22
100,87,22
102,87,22
103,87,22
100,87,22
100,87,22
96,87,22
96,87,22
96,87,22
92,87,22
90,87,22
86,80,22
85,80,22
87,80,22
84,80,22
85,80,22
85,80,22
84,80,22
83,80,22
83,80,22
85,80,22
84,80,22
86,80,22
87,80,22
88,80,22
91,80,22
91,80,22
91,80,22
86,80,22
85,80,22
87,80,22
85,80,22
85,80,22
86,80,22
88,80,22
89,80,22
88,80,22
85,86,22
85,86,22
86,86,22
84,86,22
81,86,22
81,86,22
81,86,22
82,86,22
82,86,22
80,86,22
79,86,22
76,86,22
75,86,22
73,86,22
74,86,22
77,67,22
79,67,22
78,67,22
77,67,22
79,67,22
80,67,22
80,67,22
74,67,22
75,67,22
78,67,22
83,67,22
85,67,22
83,67,22
79,67,22
76,67,22
73,77,22
76,77,22
75,77,22
78,77,22
81,77,22
79,77,22
78,77,22
78,77,22
78,77,22
80,77,22
83,77,22
83,77,22
82,77,22
82,77,22
80,77,22
79,77,22
83,57,22
83,57,22
81,57,22
78,57,22
83,57,22
83,57,22
82,57,22
84,57,22
81,57,22
80,57,22
79,57,22
79,57,22
80,57,22
80,57,22
81,57,22
83,57,22
85,57,22
83,114,22
82,114,22
80,114,22
81,114,22
80,114,22
79,114,22
79,114,22
79,114,22
85,72,22
86,72,22
86,72,22
88,72,22
87,72,22
89,72,22
89,72,22
86,72,22
85,72,22
85,72,22
87,72,22
87,72,22
86,72,22
86,72,22
91,72,22
89,72,22
93,72,22
92,72,22
90,80,22
94,80,22
93,80,22
94,80,22
96,80,22
96,80,22
94,80,22
96,80,22
95,80,22
95,80,22
96,80,22
96,80,22
94,80,22
95,80,22
94,80,22
94,80,22
94,80,22
96,80,22
97,80,22
96,80,22
94,80,22
95,80,22
99,80,22
102,80,22
104,80,22
106,80,22
107,80,22
109,80,22
112,80,22
113,80,22
114,80,22
116,80,22
118,128,22
121,128,22
124,128,22
126,128,22
127,128,22
128,128,22
126,128,22
124,128,22
121,128,22
121,128,22
119,128,22
121,128,22
122,128,22
122,128,22
120,128,22
123,128,22
120,128,22
120,126,22
120,126,22
121,126,22
120,126,22
119,126,22
118,126,22
116,126,22
117,126,22
114,126,22
113,126,22
115,126,22
116,126,22
116,126,22
114,126,22
112,126,22
112,126,22
112,114,22
111,114,22
114,114,22
116,114,22
112,114,22
112,114,22
112,114,22
112,114,22
110,114,22
109,114,22
110,114,22
108,114,22
110,120,22
109,120,22
107,120,22
105,120,22
105,120,22
102,120,22
100,120,22
102,105,22
103,105,22
103,105,22
102,105,22
102,105,22
100,105,22
102,105,22
102,105,22
101,105,22
100,105,22
101,105,22
102,105,22
103,105,22
101,105,22
97,105,22
96,105,22
96,105,22
96,105,22
94,105,22
94,105,22
96,105,22
95,105,22
91,105,22
92,105,22
90,105,22
92,105,22
89,105,22
88,105,22
87,105,22
85,105,22
86,105,22
91,105,22
91,105,22
92,105,22
91,105,22
86,105,22
90,105,22
90,105,22
90,105,22
93,119,22
97,119,22
98,119,22
99,119,22
102,119,22
104,119,22
102,119,22
102,119,22
105,119,22
107,119,22
110,119,22
110,119,22
110,119,22
112,119,22
114,119,22
112,119,22
116,119,22
116,119,22
112,119,22
111,119,22
109,119,22
110,119,22
109,119,22
111,119,22
109,119,22
111,119,22
111,119,22
108,119,22
109,119,22
107,119,22
107,119,22
105,119,22
102,119,22
101,119,22
97,119,22
96,119,22
97,116,22
95,116,22
97,116,22
97,116,22
96,116,22
97,116,22
97,116,22
98,116,22
97,116,22
98,116,22
99,116,22
98,116,22
97,116,22
96,116,22
97,116,22
99,116,22
100,116,22
100,116,22
99,116,22
96,116,22
97,116,22
100,116,22
101,116,22
102,128,22
103,128,22
105,128,22
103,128,22
105,128,22
105,128,22
107,128,22
109,128,22
108,128,22
109,128,22
110,128,22
109,128,22
107,128,22
106,128,22
109,128,22
108,128,22
106,128,22
107,128,22
108,128,22
108,128,22
109,128,22
107,128,22
107,128,22
105,128,22
102,128,22
99,128,22
99,128,22
100,128,22
104,128,22
103,128,22
110,128,22
108,128,22
109,128,22
113,128,22
114,128,22
111,128,22
109,128,22
109,128,22
109,128,22
108,128,22
103,128,22
103,128,22
101,128,22
102,128,22
100,128,22
103,128,22
99,128,22
96,128,22
100,128,22
102,128,22
105,128,22
104,128,22
106,128,22
107,128,22
110,128,22
112,128,22
110,128,22
112,128,22
115,137,22
116,137,22
115,137,22
113,137,22
113,137,22
113,137,22
110,137,22
109,137,22
107,137,22
105,137,22
104,137,22
106,137,22
100,137,22
103,137,22
104,137,22
104,110,22
106,110,22
104,110,22
104,110,22
104,110,22
104,110,22
101,110,22
102,110,22
102,110,22
105,110,22
101,110,22
101,110,22
97,110,22
95,110,22
93,110,22
94,110,22
97,110,22
98,110,22
96,110,22
99,110,22
98,110,22
103,110,22
102,110,22
103,110,22
105,110,22
103,110,22
105,110,22
107,110,22
103,110,22
104,110,22
106,110,22
105,110,22
105,110,22
103,110,22
105,110,22
105,110,22
105,110,22
105,110,22
104,110,22
104,110,22
105,110,22
106,110,22
107,110,22
109,110,22
109,69,22
105,69,22
106,69,22
106,69,22
105,69,22
102,69,22
102,69,22
100,69,22
99,69,22
98,97,22
101,97,22
102,97,22
99,97,22
97,97,22
98,97,22
98,97,22
97,97,22
97,97,22
96,83,22
96,83,22
97,83,22
98,83,22
100,83,22
101,83,22
99,83,22
98,83,22
100,83,22
102,83,22
103,83,22
105,83,22
106,83,22
104,83,22
103,83,22
107,83,22
105,83,22
106,83,22
107,98,22
104,98,22
104,98,22
109,98,22
108,98,22
109,98,22
108,98,22
110,98,22
107,98,22
109,98,22
110,98,22
111,98,22
113,98,22
114,98,22
116,98,22
117,98,22
117,98,22
117,98,22
120,98,22
117,98,22
116,98,22
118,98,22
120,98,22
119,98,22
119,98,22
123,98,22
122,98,22
121,98,22
120,98,22
123,98,22
124,119,22
125,119,22
126,119,22
124,119,22
122,119,22
124,119,22
126,119,22
126,119,22
128,119,22
128,119,22
130,119,22
131,119,22
131,119,22
129,119,22
132,119,22
133,119,22
135,119,22
130,119,22
133,119,22
134,119,22
133,119,22
133,119,22
131,119,22
129,119,22
130,119,22
131,119,22
133,119,22
133,119,22
133,119,22
132,115,22
132,115,22
131,115,22
131,115,22
132,115,22
132,115,22
128,115,22
131,115,22
133,115,22
131,115,22
132,148,22
132,148,22
133,148,22
130,148,22
131,148,22
133,148,22
131,148,22
130,148,22
128,148,22
127,148,22
127,148,22
124,158,22
129,158,22
129,158,22
132,158,22
130,158,22
130,158,22
131,158,22
132,158,22
133,154,22
128,154,22
127,154,22
129,154,22
134,154,22
136,154,22
136,154,22
137,154,22
136,154,22
138,154,22
138,154,22
139,154,22
138,154,22
134,154,22
130,154,22
130,154,22
129,154,22
131,154,22
130,154,22
132,154,22
131,154,22
127,154,22
128,122,22
128,122,22
130,122,22
133,122,22
136,122,22
135,122,22
136,122,22
135,122,22
136,122,22
136,122,22
137,122,22
137,122,22
135,122,22
135,122,22
133,122,22
135,122,22
134,122,22
133,122,22
131,122,22
132,122,22
132,122,22
132,136,22
132,136,22
135,136,22
135,136,22
135,136,22
131,136,22
133,136,22
129,136,22
129,136,22
126,136,22
125,136,22
123,136,22
124,136,22
125,136,22
122,136,22
119,136,22
117,136,22
116,136,22
118,136,22
115,136,22
115,136,22
118,136,22
119,136,22
119,136,22
121,136,22
120,136,22
118,136,22
122,136,22
122,136,22
125,136,22
124,136,22
122,136,22
119,136,22
117,136,22
120,136,22
119,132,22
121,132,22
119,132,22
119,132,22
120,132,22
119,132,22
117,105,22
117,105,22
117,105,22
114,105,22
116,105,22
117,105,22
114,105,22
114,105,22
111,105,22
114,105,22
115,105,22
114,105,22
111,105,22
111,173,22
111,173,22
113,173,22
113,173,22
116,173,22
114,173,22
114,173,22
113,173,22
114,173,22
114,173,22
113,127,22
115,127,22
116,127,22
116,127,22
118,127,22
120,127,22
119,127,22
121,127,22
121,127,22
119,127,22
118,127,22
119,127,22
117,127,22
119,127,22
120,127,22
118,127,22
119,127,22
121,127,22
122,145,22
122,145,22
120,145,22
119,145,22
119,145,22
118,145,22
116,145,22
115,145,22
111,145,22
111,145,22
114,145,22
116,145,22
113,145,22
114,145,22
112,145,22
111,145,22
110,145,22
109,145,22
111,145,22
114,145,22
113,145,22
115,145,22
115,119,22
116,119,22
113,119,22
110,119,22
109,119,22
108,119,22
110,119,22
109,119,22
107,119,22
105,119,22
104,119,22
105,119,22
103,119,22
103,119,22
105,119,22
105,119,22
107,119,22
105,119,22
108,119,22
106,119,22
109,119,22
109,119,22
107,123,22
107,123,22
108,123,22
105,123,22
99,123,22
96,123,22
93,123,22
96,123,22
96,123,22
95,123,22
96,123,22
99,123,22
99,123,22
99,135,22
100,135,22
102,135,22
101,135,22
98,135,22
95,135,22
97,135,22
97,135,22
97,135,22
100,135,22
96,135,22
96,135,22
97,135,22
98,135,22
101,135,22
100,135,22
100,135,22
104,135,22
104,135,22
107,135,22
109,135,22
109,163,22
111,163,22
106,163,22
105,163,22
100,163,22
102,163,22
103,163,22
101,163,22
103,163,22
105,163,22
102,163,22
104,163,22
103,163,22
101,163,22
97,163,22
96,163,22
96,163,22
94,163,22
98,163,22
99,163,22
98,163,22
100,163,22
101,163,22
99,80,22
100,80,22
97,80,22
98,80,22
100,80,22
101,80,22
102,80,22
100,80,22
99,80,22
95,80,22
100,80,22
99,80,22
97,80,22
100,80,22
99,80,22
98,80,22
97,80,22
94,80,22
94,80,22
93,80,22
91,80,22
93,80,22
93,80,22
94,80,22
92,80,22
93,80,22
88,80,22
88,80,22
90,80,22
86,80,22
88,80,22
85,80,22
84,80,22
85,80,22
88,80,22
87,80,22
90,80,22
90,80,22
90,80,22
90,80,22
90,80,22
94,80,22
95,80,22
91,101,22
91,101,22
93,101,22
93,101,22
96,101,22
94,101,22
95,101,22
96,101,22
94,101,22
93,101,22
94,101,22
96,101,22
97,101,22
101,101,22
100,101,22
97,101,22
98,88,22
98,88,22
95,88,22
96,88,22
95,88,22
96,88,22
92,88,22
93,88,22
93,88,22
95,88,22
95,88,22
97,88,22
95,88,22
94,88,22
94,88,22
96,88,22
94,88,22
94,88,22
95,88,22
91,88,22
89,104,22
88,104,22
88,104,22
87,104,22
87,104,22
84,104,22
84,104,22
85,104,22
83,104,22
82,104,22
84,104,22
87,104,22
91,104,22
91,104,22
94,104,22
93,104,22
92,104,22
96,104,22
97,104,22
94,104,22
96,104,22
97,104,22
99,104,22
100,104,22
98,104,22
101,104,22
103,104,22
103,104,22
108,104,22
104,104,22
104,104,22
102,104,22
101,104,22
101,104,22
101,104,22
104,104,22
105,104,22
105,96,22
103,96,22
104,96,22
106,96,22
105,96,22
108,96,22
108,96,22
111,96,22
112,96,22
116,96,22
117,96,22
118,96,22
119,148,22
118,148,22
117,148,22
119,148,22
120,148,22
120,148,22
122,148,22
121,148,22
119,148,22
121,148,22
124,148,22
124,148,22
123,148,22
125,148,22
126,148,22
124,148,22
123,148,22
122,148,22
121,148,22
120,148,22
118,148,22
118,148,22
116,148,22
116,148,22
114,148,22
114,148,22
115,115,22
116,115,22
115,115,22
114,115,22
113,115,22
112,115,22
111,115,22
108,115,22
106,115,22
107,106,22
108,106,22
108,106,22
109,106,22
110,106,22
112,106,22
114,106,22
115,106,22
113,106,22
113,106,22
113,106,22
108,106,22
109,106,22
106,106,22
107,106,22
108,106,22
108,106,22
110,106,22
113,106,22
112,106,22
115,106,22
116,106,22
115,106,22
116,106,22
114,106,22
115,106,22
117,106,22
116,106,22
116,106,22
114,106,22
114,106,22
116,106,22
117,106,22
114,106,22
114,106,22
116,106,22
113,106,22
114,106,22
107,106,22
112,106,22
114,106,22
116,124,22
115,124,22
116,124,22
116,124,22
113,124,22
111,124,22
113,124,22
114,124,22
115,124,22
113,124,22
114,124,22
116,124,22
113,124,22
114,124,22
117,124,22
118,124,22
117,124,22
115,124,22
115,134,22
115,134,22
118,134,22
114,134,22
115,134,22
116,134,22
116,134,22
114,134,22
111,134,22
113,134,22
112,134,22
109,134,22
109,134,22
112,134,22
112,134,22
114,134,22
116,100,22
116,100,22
119,100,22
116,100,22
118,100,22
118,100,22
120,100,22
118,100,22
115,100,22
117,100,22
115,100,22
115,100,22
113,100,22
111,100,22
111,100,22
111,100,22
107,100,22
107,100,22
108,100,22
109,100,22
111,100,22
116,100,22
113,100,22
111,100,22
113,100,22
109,100,22
108,97,22
111,97,22
113,97,22
114,97,22
115,97,22
110,97,22
108,97,22
106,97,22
103,97,22
103,97,22
100,97,22
100,97,22
100,97,22
103,97,22
101,97,22
100,97,22
99,97,22
99,97,22
101,97,22
103,97,22
106,97,22
105,97,22
104,97,22
104,97,22
103,97,22
102,97,22
106,97,22
106,97,22
106,91,22
105,91,22
107,91,22
108,91,22
107,91,22
109,91,22
109,91,22
108,91,22
106,91,22
108,91,22
105,91,22
107,91,22
105,91,22
103,91,22
100,91,22
96,91,22
95,91,22
93,91,22
94,91,22
92,91,22
91,91,22
90,91,22
91,91,22
91,91,22
88,91,22
88,91,22
94,91,22
94,91,22
96,91,22
93,91,22
93,91,22
94,91,22
93,91,22
94,91,22
93,105,22
92,105,22
93,105,22
93,105,22
98,105,22
99,105,22
100,105,22
103,105,22
102,105,22
102,105,22
99,105,22
97,105,22
95,105,22
98,104,22
97,104,22
96,104,22
97,104,22
97,104,22
98,104,22
97,65,22
96,65,22
97,65,22
98,65,22
98,65,22
98,65,22
97,65,22
99,65,22
99,65,22
97,65,22
98,65,22
94,65,22
89,65,22
93,65,22
94,65,22
97,65,22
95,65,22
97,65,22
99,113,22
100,113,22
101,113,22
101,113,22
99,113,22
100,113,22
101,113,22
96,113,22
97,113,22
98,113,22
95,113,22
94,113,22
95,113,22
93,113,22
93,58,22
91,58,22
92,58,22
93,58,22
94,58,22
92,58,22
88,75,22
89,75,22
89,75,22
92,75,22
88,75,22
91,75,22
90,75,22
90,75,22
90,75,22
83,75,22
84,75,22
79,75,22
81,75,22
82,75,22
82,75,22
85,75,22
86,75,22
84,75,22
86,75,22
88,75,22
90,80,22
91,80,22
91,80,22
86,80,22
88,80,22
87,80,22
90,80,22
93,80,22
94,80,22
94,80,22
94,80,22
91,80,22
93,80,22
94,80,22
93,80,22
97,80,22
98,80,22
99,80,22
102,80,22
103,80,22
103,80,22
101,118,22
102,118,22
100,118,22
101,118,22
101,118,22
103,118,22
98,118,22
98,118,22
94,118,22
91,118,22
91,118,22
93,118,22
92,118,22
94,118,22
94,118,22
93,118,22
91,118,22
95,118,22
99,118,22
98,118,22
97,118,22
97,118,22
99,118,22
95,118,22
99,118,22
98,118,22
98,118,22
98,118,22
97,118,22
97,118,22
96,118,22
96,118,22
95,118,22
97,118,22
93,118,22
94,104,22
92,104,22
93,104,22
91,104,22
91,104,22
92,104,22
92,104,22
93,104,22
94,104,22
98,104,22
99,104,22
98,104,22
97,104,22
99,104,22
96,104,22
97,104,22
96,104,22
93,55,22
95,55,22
98,55,22
96,55,22
97,55,22
97,55,22
97,55,22
94,55,22
96,55,22
94,55,22
94,55,22
93,55,22
96,55,22
95,55,22
94,55,22
95,55,22
95,55,22
94,55,22
93,55,22
94,55,22
94,55,22
93,55,22
97,55,22
97,55,22
99,55,22
99,55,22
96,55,22
100,55,22
101,55,22
102,55,22
100,55,22
97,55,22
95,55,22
93,55,22
89,55,22
89,55,22
88,55,22
86,55,22
84,55,22
84,55,22
87,55,22
87,55,22
85,55,22
84,55,22
84,55,22
85,99,22
86,99,22
89,99,22
88,99,22
92,99,22
93,99,22
96,99,22
97,99,22
95,99,22
92,99,22
88,99,22
90,99,22
92,99,22
92,99,22
92,99,22
95,99,22
97,99,22
95,99,22
96,99,22
95,99,22
94,99,22
91,99,22
94,99,22
92,99,22
90,99,22
92,95,22
94,95,22
95,95,22
98,95,22
98,95,22
98,95,22
100,95,22
101,95,22
97,83,22
95,83,22
92,83,22
93,83,22
96,83,22
96,83,22
95,83,22
94,83,22
96,83,22
96,83,22
94,83,22
90,83,22
92,83,22
92,83,22
88,83,22
89,83,22
87,83,22
86,83,22
88,83,22
88,83,22
88,83,22
87,83,22
88,83,22
89,83,22
86,83,22
86,83,22
87,83,22
86,83,22
83,83,22
80,83,22
83,83,22
85,83,22
87,83,22
89,83,22
88,83,22
92,83,22
93,83,22
92,83,22
94,83,22
94,83,22
95,93,22
95,93,22
94,93,22
95,93,22
99,93,22
101,93,22
101,93,22
101,93,22
99,93,22
101,93,22
103,93,22
103,93,22
105,93,22
104,93,22
101,93,22
102,93,22
101,93,22
102,93,22
102,106,22
102,106,22
100,106,22
100,106,22
101,106,22
101,106,22
103,106,22
103,106,22
103,106,22
105,106,22
108,106,22
106,106,22
104,106,22
106,106,22
107,106,22
107,106,22
104,106,22
104,106,22
106,106,22
105,106,22
105,106,22
105,106,22
105,106,22
105,106,22
104,106,22
103,106,22
101,106,22
102,106,22
101,123,22
102,123,22
98,123,22
97,123,22
98,123,22
95,123,22
92,123,22
94,123,22
94,123,22
92,123,22
93,123,22
93,123,22
91,81,22
93,81,22
93,81,22
95,81,22
96,81,22
95,81,22
94,81,22
93,81,22
91,81,22
92,81,22
97,81,22
98,81,22
101,110,22
104,110,22
105,110,22
100,110,22
94,110,22
93,110,22
93,110,22
93,110,22
94,107,22
93,107,22
94,107,22
90,107,22
92,107,22
89,107,22
91,107,22
91,107,22
92,107,22
89,107,22
90,107,22
96,107,22
95,114,22
96,114,22
97,114,22
98,114,22
101,114,22
99,114,22
99,114,22
97,114,22
98,114,22
95,114,22
93,114,22
94,114,22
92,114,22
94,114,22
95,114,22
94,114,22
96,114,22
100,114,22
100,114,22
97,114,22
98,114,22
99,114,22
99,114,22
100,114,22
97,114,22
97,114,22
94,114,22
99,114,22
102,114,22
95,114,22
98,114,22
97,114,22
98,114,22
96,114,22
97,98,22
95,98,22
95,98,22
95,98,22
96,98,22
94,98,22
94,98,22
91,98,22
90,98,22
93,98,22
91,98,22
93,98,22
93,98,22
91,98,22
94,98,22
92,98,22
95,98,22
96,98,22
93,98,22
90,98,22
94,98,22
92,98,22
93,98,22
92,98,22
93,98,22
93,98,22
94,98,22
93,98,22
94,98,22
91,98,22
92,98,22
92,98,22
90,98,22
88,98,22
88,98,22
88,98,22
89,98,22
90,98,22
87,98,22
88,98,22
87,98,22
87,98,22
84,98,22
84,98,22
84,98,22
85,98,22
86,98,22
89,87,22
91,87,22
94,87,22
93,87,22
92,87,22
92,87,22
92,87,22
92,87,22
89,87,22
87,87,22
85,87,22
83,87,22
86,87,22
86,87,22
90,87,22
91,87,22
93,87,22
93,87,22
94,87,22
89,87,22
89,87,22
91,87,22
92,87,22
94,87,22
90,87,22
91,87,22
93,87,22
98,87,22
96,87,22
95,87,22
98,87,22
101,87,22
103,87,22
104,87,22
103,87,22
103,87,22
100,87,22
103,87,22
103,87,22
102,87,22
101,87,22
100,87,22
101,87,22
101,87,22
104,87,22
103,87,22
103,87,22
98,87,22
100,87,22
97,87,22
100,87,22
99,69,22
100,69,22
103,69,22
104,69,22
103,69,22
101,69,22
102,69,22
104,69,22
101,69,22
103,69,22
104,69,22
109,69,22
111,74,22
110,74,22
111,74,22
109,74,22
108,74,22
111,74,22
110,74,22
108,74,22
108,74,22
109,131,22
113,131,22
115,131,22
117,131,22
115,131,22
116,131,22
117,131,22
117,131,22
113,131,22
110,131,22
110,131,22
114,131,22
116,131,22
117,131,22
117,131,22
115,131,22
116,131,22
116,131,22
114,131,22
111,131,22
110,131,22
112,131,22
114,131,22
114,131,22
115,131,22
115,131,22
118,131,22
114,131,22
115,131,22
116,114,22
116,114,22
118,114,22
121,114,22
121,114,22
123,114,22
121,114,22
119,114,22
118,114,22
117,114,22
114,114,22
114,114,22
115,114,22
115,114,22
116,114,22
117,114,22
115,114,22
112,114,22
112,114,22
115,114,22
114,114,22
110,114,22
105,114,22
107,128,22
104,128,22
105,128,22
106,128,22
104,128,22
104,128,22
107,128,22
108,128,22
105,128,22
104,128,22
106,128,22
106,128,22
104,128,22
103,128,22
100,128,22
99,128,22
100,128,22
96,128,22
96,128,22
98,128,22
98,128,22
96,128,22
97,128,22
96,128,22
99,128,22
101,128,22
99,128,22
99,128,22
100,128,22
97,128,22
96,128,22
93,128,22
92,128,22
93,128,22
91,67,22
90,67,22
92,67,22
92,67,22
91,67,22
91,67,22
93,67,22
92,67,22
96,67,22
97,67,22
96,67,22
92,67,22
88,67,22
90,67,22
89,67,22
85,67,22
85,67,22
85,67,22
88,67,22
92,67,22
94,67,22
93,67,22
93,67,22
92,67,22
89,67,22
91,67,22
87,67,22
89,67,22
89,67,22
85,67,22
90,67,22
89,67,22
87,67,22
86,67,22
85,67,22
86,67,22
86,67,22
86,67,22
89,67,22
86,67,22
85,67,22
85,67,22
86,111,22
90,111,22
90,111,22
87,111,22
85,111,22
82,111,22
80,111,22
80,111,22
80,111,22
80,111,22
81,93,22
80,93,22
81,93,22
78,93,22
79,93,22
78,93,22
77,93,22
77,93,22
75,93,22
74,93,22
70,93,22
68,93,22
67,93,22
70,93,22
70,93,22
74,93,22
76,93,22
74,93,22
73,93,22
71,93,22
72,93,22
68,93,22
70,93,22
69,93,22
72,93,22
74,93,22
71,93,22
72,93,22
75,93,22
76,93,22
81,93,22
81,93,22
82,93,22
81,93,22
81,93,22
83,93,22
85,93,22
84,93,22
80,93,22
76,94,22
78,94,22
80,94,22
81,94,22
80,94,22
84,94,22
84,94,22
83,94,22
83,94,22
80,94,22
80,94,22
82,112,22
83,112,22
82,112,22
83,112,22
83,112,22
80,112,22
80,112,22
80,112,22
80,112,22
80,112,22
81,112,22
81,112,22
81,112,22
79,112,22
83,112,22
82,112,22
79,112,22
80,112,22
80,112,22
80,112,22
80,112,22
79,112,22
80,112,22
80,112,22
79,112,22
78,112,22
75,112,22
74,112,22
73,112,22
74,112,22
72,112,22
70,112,22
70,112,22
65,112,22
69,112,22
70,112,22
68,112,22
69,112,22
67,112,22
69,112,22
71,112,22
69,112,22
68,112,22
70,112,22
68,112,22
68,112,22
70,112,22
71,112,22
73,112,22
75,73,22
77,73,22
76,73,22
76,73,22
77,73,22
74,73,22
74,73,22
76,73,22
76,73,22
75,73,22
74,73,22
74,73,22
72,73,22
73,73,22
74,73,22
74,73,22
73,73,22
74,73,22
74,73,22
75,73,22
73,73,22
70,73,22
70,73,22
68,73,22
66,73,22
69,73,22
70,73,22
71,73,22
72,73,22
72,73,22
73,73,22
75,73,22
75,73,22
72,73,22
71,73,22
68,73,22
65,73,22
67,73,22
62,73,22
58,73,22
59,73,22
63,73,22
65,73,22
64,73,22
67,73,22
69,73,22
68,73,22
68,73,22
67,73,22
66,73,22
66,73,22
64,73,22
61,118,22
61,118,22
63,118,22
65,118,22
65,118,22
63,118,22
62,64,22
65,64,22
68,64,22
69,64,22
64,64,22
62,64,22
62,64,22
63,64,22
62,64,22
59,64,22
63,64,22
62,68,22
59,68,22
60,68,22
61,68,22
60,68,22
61,68,22
59,68,22
60,68,22
57,68,22
58,68,22
58,68,22
56,68,22
59,68,22
58,48,22
56,48,22
53,48,22
50,48,22
54,48,22
57,48,22
60,48,22
61,66,22
65,66,22
67,66,22
69,66,22
71,66,22
74,66,22
73,66,22
75,66,22
72,66,22
73,66,22
71,66,22
70,66,22
69,66,22
72,66,22
73,66,22
72,66,22
75,66,22
75,78,22
76,78,22
76,78,22
77,78,22
76,78,22
76,78,22
77,78,22
76,78,22
74,78,22
70,78,22
71,78,22
71,78,22
70,78,22
73,78,22
71,78,22
74,68,22
74,68,22
76,68,22
73,68,22
72,68,22
69,68,22
67,68,22
64,68,22
63,68,22
65,68,22
63,68,22
63,68,22
66,68,22
68,68,22
69,68,22
68,68,22
67,68,22
66,68,22
66,68,22
69,68,22
72,68,22
69,68,22
71,68,22
69,68,22
68,68,22
70,68,22
68,68,22
67,68,22
69,68,22
69,68,22
70,68,22
68,68,22
70,68,22
68,68,22
70,68,22
66,68,22
65,68,22
63,68,22
66,68,22
65,68,22
64,68,22
64,68,22
62,68,22
61,68,22
62,36,22
64,36,22
63,36,22
62,36,22
62,36,22
62,36,22
66,36,22
66,36,22
66,36,22
68,36,22
67,36,22
66,67,22
63,67,22
62,67,22
64,67,22
62,67,22
62,67,22
64,67,22
64,67,22
63,67,22
60,67,22
60,67,22
62,67,22
58,67,22
58,67,22
57,67,22
57,67,22
57,67,22
54,67,22
56,67,22
54,67,22
54,67,22
56,67,22
56,67,22
57,67,22
59,68,22
60,68,22
61,68,22
65,68,22
63,68,22
63,68,22
64,68,22
61,68,22
64,68,22
63,68,22
66,68,22
68,67,22
72,67,22
73,67,22
73,67,22
73,67,22
69,67,22
70,85,22
73,85,22
73,85,22
73,85,22
70,85,22
71,85,22
71,85,22
70,85,22
70,85,22
70,85,22
72,85,22
75,85,22
80,85,22
81,85,22
81,85,22
81,85,22
77,85,22
75,85,22
76,85,22
74,44,22
72,44,22
72,44,22
76,44,22
73,44,22
76,44,22
72,44,22
69,44,22
74,44,22
78,44,22
76,64,22
79,64,22
77,64,22
82,64,22
84,64,22
83,64,22
83,64,22
82,64,22
85,64,22
84,51,22
85,51,22
87,51,22
85,51,22
85,51,22
84,51,22
84,51,22
85,51,22
88,51,22
84,51,22
87,51,22
83,51,22
85,51,22
88,51,22
86,51,22
87,51,22
90,51,22
90,51,22
91,51,22
88,51,22
90,51,22
89,51,22
91,51,22
90,83,22
90,83,22
92,83,22
90,83,22
90,83,22
87,83,22
89,83,22
90,83,22
92,83,22
95,83,22
93,83,22
95,83,22
95,83,22
95,83,22
97,83,22
98,83,22
100,83,22
99,83,22
97,83,22
100,83,22
98,83,22
101,83,22
98,83,22
99,83,22
97,83,22
98,83,22
97,83,22
96,83,22
95,83,22
95,83,22
94,83,22
93,83,22
94,83,22
94,83,22
93,83,22
94,83,22
91,83,22
90,83,22
89,83,22
90,85,22
91,85,22
90,85,22
89,85,22
88,85,22
87,85,22
85,85,22
80,85,22
81,85,22
81,104,22
83,104,22
83,104,22
81,104,22
80,104,22
79,104,22
78,104,22
75,64,22
76,64,22
72,64,22
71,64,22
72,64,22
70,64,22
70,73,22
69,73,22
72,73,22
68,73,22
72,73,22
76,73,22
77,73,22
79,73,22
78,73,22
79,73,22
80,73,22
79,73,22
77,73,22
81,122,22
81,122,22
81,122,22
83,122,22
83,122,22
86,122,22
83,122,22
84,122,22
82,122,22
84,122,22
82,122,22
85,122,22
86,122,22
86,122,22
88,122,22
88,122,22
87,122,22
88,122,22
88,122,22
91,122,22
90,85,22
89,85,22
89,85,22
92,85,22
89,85,22
89,85,22
86,95,22
87,95,22
86,95,22
87,95,22
88,95,22
90,95,22
90,95,22
91,95,22
92,95,22
89,95,22
89,95,22
92,95,22
90,95,22
87,95,22
88,95,22
89,95,22
87,95,22
86,95,22
88,95,22
89,95,22
89,95,22
90,95,22
91,95,22
89,95,22
89,95,22
87,95,22
86,95,22
91,95,22
90,95,22
92,95,22
91,95,22
91,95,22
89,95,22
86,95,22
86,95,22
87,95,22
88,95,22
86,95,22
84,95,22
84,95,22
80,79,22
80,79,22
78,79,22
79,79,22
80,79,22
81,79,22
79,79,22
82,79,22
83,79,22
85,79,22
86,79,22
88,79,22
93,79,22
93,79,22
90,79,22
90,79,22
89,79,22
86,79,22
87,79,22
87,79,22
88,79,22
89,79,22
90,79,22
90,79,22
88,79,22
85,79,22
84,79,22
84,79,22
86,79,22
87,79,22
82,79,22
83,79,22
82,79,22
85,79,22
84,79,22
84,79,22
87,79,22
84,79,22
83,79,22
82,79,22
82,79,22
82,79,22
86,79,22
87,79,22
89,79,22
89,79,22
88,79,22
88,86,22
89,86,22
91,86,22
91,86,22
88,86,22
87,86,22
85,86,22
81,86,22
82,86,22
82,86,22
83,43,22
83,43,22
82,43,22
82,43,22
80,43,22
78,43,22
82,43,22
80,43,22
80,43,22
82,43,22
84,43,22
86,43,22
86,43,22
85,43,22
85,43,22
84,43,22
85,43,22
86,43,22
83,43,22
84,43,22
84,43,22
83,43,22
82,74,22
84,74,22
84,74,22
83,74,22
83,74,22
85,74,22
88,74,22
88,74,22
88,74,22
88,74,22
87,74,22
89,74,22
89,74,22
93,74,22
92,74,22
92,74,22
94,74,22
96,74,22
94,130,22
94,130,22
95,130,22
92,130,22
91,130,22
91,130,22
90,130,22
87,130,22
86,130,22
84,61,22
83,61,22
83,61,22
79,61,22
78,61,22
77,61,22
80,61,22
80,61,22
76,61,22
73,61,22
71,61,22
68,61,22
72,61,22
69,61,22
65,61,22
68,61,22
67,61,22
67,61,22
67,61,22
64,61,22
62,61,22
61,61,22
64,61,22
67,61,22
68,61,22
68,61,22
66,61,22
67,61,22
69,61,22
67,61,22
66,61,22
67,61,22
67,61,22
65,61,22
66,61,22
68,61,22
69,61,22
71,61,22
69,61,22
68,61,22
68,61,22
67,61,22
68,61,22
69,61,22
67,61,22
64,61,22
66,75,22
62,75,22
62,75,22
60,75,22
58,75,22
57,75,22
58,75,22
58,27,22
60,27,22
61,27,22
60,27,22
56,27,22
59,27,22
59,27,22
61,27,22
62,27,22
63,27,22
60,27,22
60,27,22
62,27,22
66,42,22
66,42,22
63,42,22
66,42,22
66,42,22
65,42,22
66,42,22
63,42,22
64,42,22
65,42,22
65,42,22
68,42,22
67,42,22
67,42,22
68,42,22
66,42,22
64,42,22
62,42,22
67,42,22
67,42,22
68,42,22
70,42,22
68,42,22
70,42,22
70,42,22
69,74,22
70,74,22
67,74,22
68,74,22
68,74,22
65,74,22
64,47,22
64,47,22
65,47,22
67,47,22
66,47,22
63,47,22
63,47,22
62,47,22
64,47,22
65,47,22
60,47,22
59,47,22
55,47,22
56,47,22
56,38,22
53,38,22
54,38,22
53,38,22
55,38,22
51,38,22
51,38,22
52,38,22
54,38,22
51,38,22
50,38,22
51,38,22
52,38,22
53,29,22
54,29,22
54,29,22
58,29,22
56,29,22
56,29,22
56,29,22
58,29,22
60,29,22
59,29,22
60,29,22
61,29,22
62,29,22
62,29,22
60,29,22
59,29,22
56,29,22
58,29,22
62,29,22
61,29,22
60,29,22
63,29,22
63,29,22
61,29,22
61,29,22
62,29,22
61,29,22
61,47,22
58,47,22
58,47,22
59,47,22
62,47,22
61,47,22
62,47,22
65,47,22
63,47,22
64,47,22
64,47,22
62,47,22
59,47,22
59,47,22
59,47,22
60,47,22
59,47,22
60,47,22
59,47,22
57,47,22
55,47,22
54,47,22
55,47,22
56,47,22
51,47,22
52,47,22
53,47,22
50,47,22
49,47,22
49,47,22
53,47,22
56,47,22
58,47,22
56,47,22
55,47,22
56,47,22
59,47,22
59,47,22
60,47,22
58,47,22
58,47,22
59,47,22
60,85,22
58,85,22
55,85,22
57,85,22
58,85,22
55,85,22
56,108,22
57,108,22
60,108,22
61,108,22
60,108,22
61,108,22
62,108,22
59,108,22
59,108,22
60,108,22
62,108,22
65,108,22
64,108,22
64,108,22
64,108,22
65,108,22
64,108,22
65,108,22
65,108,22
65,108,22
67,108,22
67,108,22
66,108,22
68,108,22
69,108,22
65,108,22
65,108,22
64,108,22
65,57,22
67,57,22
65,57,22
63,57,22
63,57,22
62,57,22
60,57,22
61,57,22
58,57,22
56,57,22
56,57,22
55,57,22
57,57,22
57,57,22
54,57,22
57,57,22
57,57,22
60,57,22
58,57,22
58,57,22
61,57,22
65,57,22
65,57,22
64,57,22
65,57,22
65,57,22
65,57,22
63,57,22
62,57,22
61,57,22
60,57,22
61,57,22
64,57,22
65,57,22
68,57,22
65,72,22
64,72,22
63,72,22
63,72,22
65,72,22
63,72,22
64,72,22
65,97,22
68,97,22
69,97,22
69,97,22
72,97,22
73,97,22
71,97,22
73,97,22
72,97,22
72,97,22
75,97,22
76,97,22
77,97,22
79,97,22
81,97,22
81,97,22
80,97,22
77,97,22
78,97,22
79,97,22
76,97,22
76,97,22
76,97,22
74,97,22
72,97,22
72,97,22
73,88,22
74,88,22
75,88,22
76,88,22
79,88,22
79,88,22
79,88,22
78,88,22
79,88,22
78,88,22
76,88,22
75,88,22
72,88,22
72,88,22
70,88,22
72,88,22
73,88,22
75,88,22
75,88,22
78,88,22
81,88,22
85,88,22
87,88,22
87,88,22
85,88,22
89,88,22
87,99,22
88,99,22
88,99,22
88,99,22
88,99,22
89,99,22
89,99,22
88,99,22
84,99,22
84,99,22
85,99,22
89,99,22
91,99,22
90,99,22
93,99,22
96,99,22
95,77,22
96,77,22
94,77,22
95,77,22
93,77,22
94,77,22
93,77,22
90,77,22
92,77,22
91,77,22
88,77,22
88,77,22
89,77,22
90,77,22
88,77,22
91,77,22
92,77,22
90,77,22
91,77,22
90,77,22
94,77,22
93,77,22
94,77,22
94,77,22
96,77,22
94,77,22
93,77,22
95,77,22
97,77,22
100,77,22
102,96,22
100,96,22
95,96,22
96,96,22
98,96,22
97,96,22
95,96,22
94,96,22
95,96,22
91,96,22
88,96,22
87,96,22
88,96,22
89,96,22
88,96,22
89,96,22
89,96,22
88,96,22
86,96,22
83,96,22
83,96,22
83,122,22
88,122,22
87,122,22
88,122,22
86,122,22
86,122,22
87,122,22
92,122,22
90,122,22
92,122,22
94,122,22
93,122,22
92,122,22
92,74,22
92,74,22
92,74,22
91,74,22
91,74,22
90,74,22
94,79,22
95,79,22
93,79,22
93,79,22
89,79,22
92,79,22
90,79,22
91,79,22
93,79,22
96,79,22
94,79,22
95,79,22
93,79,22
90,79,22
88,79,22
87,79,22
87,79,22
88,79,22
87,104,22
89,104,22
86,104,22
87,104,22
88,104,22
90,104,22
86,77,22
86,77,22
88,77,22
89,77,22
90,77,22
90,77,22
90,77,22
91,77,22
89,77,22
89,77,22
91,107,22
93,107,22
93,107,22
93,107,22
93,107,22
92,107,22
95,107,22
97,107,22
97,107,22
96,107,22
94,107,22
91,107,22
91,107,22
91,107,22
91,107,22
91,107,22
88,107,22
88,107,22
89,107,22
88,107,22
86,107,22
86,60,22
86,60,22
85,60,22
83,60,22
84,60,22
83,60,22
83,60,22
85,60,22
87,60,22
89,60,22
85,60,22
85,60,22
86,60,22
86,60,22
85,60,22
85,60,22
84,60,22
84,60,22
84,60,22
85,60,22
83,60,22
85,60,22
85,60,22
80,60,22
78,60,22
76,60,22
78,60,22
76,60,22
73,60,22
75,60,22
75,60,22
74,60,22
76,60,22
77,56,22
75,56,22
77,56,22
77,56,22
78,56,22
80,56,22
80,56,22
79,56,22
80,56,22
82,56,22
80,56,22
80,56,22
81,56,22
82,56,22
84,56,22
82,56,22
80,56,22
81,56,22
82,56,22
82,56,22
80,56,22
81,56,22
80,56,22
81,56,22
82,56,22
84,56,22
78,45,22
78,45,22
82,45,22
80,45,22
75,45,22
76,45,22
77,45,22
78,45,22
79,45,22
81,45,22
76,45,22
76,45,22
78,45,22
79,45,22
80,45,22
77,108,22
78,108,22
75,108,22
81,108,22
84,108,22
85,108,22
84,82,22
82,82,22
84,82,22
87,82,22
89,82,22
89,82,22
90,82,22
89,82,22
86,82,22
84,82,22
83,82,22
85,82,22
82,82,22
85,82,22
85,82,22
84,82,22
83,82,22
82,82,22
80,82,22
75,82,22
75,82,22
73,39,22
73,39,22
74,39,22
75,39,22
69,39,22
68,39,22
69,39,22
69,39,22
69,39,22
71,39,22
67,39,22
67,39,22
67,39,22
66,39,22
63,39,22
64,39,22
63,39,22
66,39,22
64,39,22
63,39,22
67,39,22
68,60,22
63,60,22
63,60,22
63,60,22
62,60,22
63,60,22
64,60,22
65,60,22
65,60,22
64,60,22
66,60,22
69,60,22
67,60,22
64,60,22
66,60,22
65,60,22
69,60,22
66,60,22
64,60,22
66,60,22
61,60,22
62,60,22
62,60,22
62,60,22
60,60,22
62,60,22
63,60,22
65,60,22
65,60,22
64,60,22
64,60,22
59,60,22
59,60,22
60,60,22
62,60,22
61,60,22
58,60,22
58,60,22
57,60,22
55,82,22
53,82,22
52,82,22
52,82,22
49,82,22
51,82,22
52,82,22
54,82,22
52,82,22
50,25,22
49,25,22
49,25,22
48,25,22
49,25,22
50,25,22
47,25,22
47,25,22
46,25,22
44,25,22
40,25,22
41,25,22
41,25,22
40,25,22
42,25,22
41,25,22
40,57,22
43,57,22
44,57,22
45,57,22
45,57,22
44,57,22
45,57,22
43,57,22
41,57,22
41,57,22
42,3,22
41,3,22
42,3,22
41,3,22
41,3,22
42,3,22
41,3,22
43,3,22
49,3,22
49,3,22
51,3,22
51,3,22
51,3,22
47,3,22
48,3,22
49,3,22
49,3,22
47,3,22
50,3,22
47,3,22
49,3,22
49,3,22
48,3,22
48,3,22
46,3,22
50,3,22
48,3,22
48,3,22
45,3,22
44,3,22
43,3,22
41,3,22
42,3,22
41,3,22
40,3,22
39,3,22
41,3,22
37,3,22
36,3,22
37,3,22
40,3,22
38,3,22
36,3,22
39,3,22
38,3,22
36,3,22
36,3,22
35,3,22
33,3,22
31,3,22
33,39,22
32,39,22
31,39,22
29,39,22
31,39,22
28,39,22
29,39,22
29,39,22
27,39,22
26,39,22
24,39,22
19,39,22
26,39,22
20,39,22
22,39,22
24,39,22
22,39,22
22,39,22
25,39,22
28,39,22
26,39,22
25,39,22
25,39,22
26,39,22
25,39,22
26,39,22
22,39,22
22,39,22
21,39,22
19,39,22
20,39,22
21,39,22
17,42,22
18,42,22
17,42,22
18,42,22
19,42,22
21,42,22
19,42,22
16,42,22
15,42,22
13,42,22
12,42,22
13,42,22
12,42,22
13,42,22
15,42,22
16,42,22
16,0,22
14,0,22
13,0,22
15,0,22
13,0,22
12,0,22
11,0,22
10,0,22
9,0,22
9,0,22
8,0,22
6,0,22
8,0,22
10,0,22
10,0,22
11,0,22
8,0,22
9,0,22
5,0,22
1,0,22
354,0,22
354,0,22
358,0,22
357,0,22
1,0,22
3,0,22
6,0,22
4,0,22
2,0,22
5,0,22
5,359,22
6,359,22
5,359,22
4,359,22
2,359,22
2,359,22
2,359,22
4,359,22
6,359,22
7,359,22
6,359,22
8,359,22
7,359,22
4,359,22
4,359,22
3,359,22
4,359,22
2,359,22
3,359,22
1,359,22
3,359,22
6,359,22
5,359,22
5,359,22
7,359,22
6,38,22
5,38,22
5,38,22
6,38,22
3,38,22
0,38,22
0,38,22
359,38,22
359,38,22
358,38,22
358,38,22
359,38,22
359,38,22
357,38,22
357,38,22
358,38,22
359,38,22
1,38,22
0,38,22
4,38,22
4,38,22
5,355,22
4,355,22
8,355,22
9,355,22
10,355,22
5,355,22
6,5,22
8,5,22
11,5,22
10,5,22
8,5,22
8,5,22
7,5,22
8,5,22
8,5,22
6,5,22
10,5,22
11,5,22
12,5,22
9,5,22
9,5,22
8,5,22
9,5,22
14,5,22
13,5,22
13,5,22
11,23,22
13,23,22
12,23,22
15,23,22
16,23,22
15,23,22
12,23,22
13,23,22
15,23,22
18,23,22
18,23,22
16,23,22
18,23,22
16,23,22
16,23,22
13,23,22
10,23,22
8,23,22
6,23,22
7,23,22
8,23,22
8,23,22
7,23,22
5,341,22
0,341,22
1,341,22
0,341,22
1,341,22
3,341,22
4,341,22
6,341,22
7,341,22
4,341,22
2,341,22
2,341,22
0,341,22
0,341,22
355,341,22
353,341,22
351,359,22
351,359,22
352,359,22
350,359,22
349,359,22
349,359,22
349,359,22
351,359,22
352,359,22
351,359,22
352,359,22
352,1,22
350,1,22
349,1,22
349,1,22
346,1,22
347,1,22
348,1,22
352,1,22
350,1,22
348,1,22
348,1,22
349,1,22
348,1,22
347,1,22
346,1,22
348,1,22
346,1,22
346,347,22
348,347,22
350,347,22
350,347,22
349,347,22
350,347,22
350,347,22
349,347,22
350,347,22
350,347,22
351,347,22
355,347,22
354,347,22
352,347,22
350,347,22
354,347,22
351,347,22
355,347,22
353,347,22
355,347,22
357,347,22
358,347,22
0,347,22
0,347,22
2,349,22
1,349,22
358,349,22
358,349,22
358,349,22
356,349,22
358,349,22
356,349,22
354,349,22
355,22,22
355,22,22
357,22,22
359,22,22
0,22,22
3,22,22
2,22,22
3,22,22
1,22,22
359,22,22
1,22,22
0,358,22
1,358,22
358,358,22
359,358,22
1,358,22
358,358,22
2,358,22
6,358,22
7,358,22
4,358,22
4,358,22
4,358,22
2,358,22
2,358,22
1,358,22
3,358,22
2,358,22
2,358,22
3,358,22
4,358,22
2,358,22
4,358,22
7,358,22
6,358,22
8,358,22
9,358,22
10,358,22
9,14,22
11,14,22
13,14,22
16,14,22
14,14,22
13,14,22
17,14,22
19,14,22
22,14,22
20,14,22
18,14,22
20,14,22
17,14,22
17,14,22
16,14,22
14,14,22
13,14,22
16,14,22
15,14,22
13,14,22
14,14,22
12,14,22
14,14,22
16,14,22
13,14,22
13,14,22
16,14,22
21,14,22
21,14,22
21,14,22
19,14,22
18,14,22
20,14,22
22,14,22
22,14,22
20,14,22
20,14,22
23,14,22
20,14,22
18,14,22
20,14,22
18,14,22
17,14,22
16,14,22
15,14,22
17,14,22
15,14,22
17,14,22
18,21,22
17,21,22
19,21,22
20,21,22
16,21,22
17,21,22
16,21,22
17,21,22
15,21,22
14,35,22
15,35,22
18,35,22
20,35,22
20,35,22
19,35,22
19,35,22
20,35,22
23,35,22
22,28,22
24,28,22
24,28,22
25,28,22
23,28,22
21,28,22
22,28,22
21,28,22
24,28,22
21,28,22
25,28,22
26,28,22
24,28,22
21,28,22
19,28,22
20,28,22
23,28,22
23,28,22
25,28,22
26,28,22
23,28,22
23,28,22
26,28,22
24,28,22
27,28,22
31,28,22
31,28,22
31,28,22
32,28,22
30,28,22
29,28,22
32,28,22
33,28,22
36,28,22
36,28,22
34,28,22
30,48,22
33,48,22
26,48,22
28,48,22
30,48,22
29,48,22
27,48,22
25,48,22
24,48,22
25,48,22
25,48,22
26,36,22
27,36,22
28,36,22
27,36,22
26,36,22
23,36,22
20,36,22
22,36,22
20,21,22
22,21,22
25,21,22
28,21,22
30,21,22
33,21,22
38,21,22
36,41,22
35,41,22
35,41,22
36,41,22
36,41,22
36,41,22
37,41,22
40,41,22
39,41,22
43,41,22
45,41,22
46,41,22
45,41,22
47,41,22
47,41,22
47,41,22
43,41,22
47,41,22
47,41,22
50,41,22
50,41,22
51,41,22
49,41,22
50,41,22
47,41,22
47,41,22
45,45,22
46,45,22
46,45,22
46,45,22
47,45,22
45,45,22
45,45,22
43,45,22
47,45,22
50,45,22
49,45,22
49,45,22
52,45,22
53,45,22
52,28,22
49,28,22
47,28,22
44,28,22
43,28,22
41,28,22
40,28,22
38,28,22
38,28,22
38,28,22
41,28,22
43,28,22
45,28,22
46,28,22
45,28,22
46,28,22
51,28,22
50,28,22
52,28,22
52,28,22
50,28,22
50,28,22
52,63,22
52,63,22
51,63,22
49,63,22
48,63,22
47,63,22
48,63,22
50,63,22
49,19,22
51,19,22
52,19,22
58,19,22
54,19,22
54,19,22
54,19,22
52,19,22
50,19,22
50,19,22
46,19,22
50,19,22
51,19,22
50,19,22
50,19,22
52,19,22
49,19,22
51,19,22
52,19,22
53,19,22
54,19,22
54,19,22
56,19,22
59,19,22
59,52,22
59,52,22
59,52,22
60,52,22
58,52,22
58,52,22
62,52,22
65,52,22
65,52,22
64,52,22
67,52,22
68,52,22
65,74,22
68,74,22
65,74,22
66,74,22
68,74,22
67,74,22
69,74,22
68,74,22
68,74,22
69,74,22
72,74,22
72,74,22
72,74,22
70,74,22
69,74,22
69,74,22
69,74,22
65,74,22
64,74,22
61,74,22
60,74,22
61,74,22
60,74,22
62,74,22
59,74,22
57,74,22
56,74,22
53,74,22
52,43,22
52,43,22
51,43,22
48,43,22
50,43,22
47,43,22
49,43,22
51,43,22
53,43,22
55,43,22
53,43,22
52,43,22
52,43,22
49,43,22
52,43,22
52,47,22
54,47,22
56,47,22
56,47,22
57,47,22
57,47,22
58,47,22
59,47,22
58,47,22
59,47,22
62,78,22
63,78,22
62,78,22
60,78,22
56,78,22
58,78,22
59,78,22
60,78,22
64,78,22
63,78,22
68,78,22
68,78,22
71,78,22
73,78,22
74,78,22
76,78,22
78,78,22
78,78,22
78,78,22
77,78,22
74,78,22
76,78,22
78,78,22
79,78,22
75,78,22
75,78,22
74,78,22
75,78,22
71,78,22
76,78,22
74,78,22
76,78,22
73,71,22
70,71,22
69,71,22
71,71,22
69,71,22
67,71,22
65,71,22
65,71,22
66,71,22
65,81,22
66,81,22
63,81,22
63,81,22
60,81,22
59,81,22
58,81,22
59,81,22
57,81,22
57,81,22
60,81,22
63,81,22
64,81,22
64,81,22
61,81,22
62,81,22
63,81,22
63,81,22
62,81,22
62,81,22
63,81,22
67,81,22
67,81,22
65,81,22
64,81,22
67,81,22
68,81,22
68,81,22
68,81,22
69,81,22
65,81,22
66,49,22
66,49,22
66,49,22
67,49,22
68,49,22
70,49,22
71,49,22
71,49,22
68,49,22
69,49,22
72,49,22
74,49,22
73,49,22
74,49,22
75,49,22
75,49,22
76,49,22
80,49,22
79,49,22
79,49,22
77,76,22
78,76,22
78,76,22
80,76,22
81,76,22
82,76,22
84,76,22
84,76,22
85,76,22
84,76,22
85,76,22
84,76,22
84,76,22
82,76,22
83,76,22
84,76,22
84,76,22
84,76,22
82,76,22
81,76,22
84,76,22
84,76,22
85,76,22
84,76,22
82,76,22
82,76,22
80,76,22
80,76,22
82,76,22
85,76,22
84,76,22
84,76,22
82,76,22
86,76,22
86,76,22
88,76,22
90,76,22
91,76,22
90,76,22
91,76,22
93,76,22
91,76,22
94,76,22
94,76,22
96,76,22
95,76,22
92,76,22
94,76,22
96,105,22
96,105,22
100,105,22
99,105,22
101,105,22
99,105,22
100,105,22
101,105,22
99,105,22
101,105,22
100,105,22
98,105,22
103,105,22
103,105,22
107,105,22
106,105,22
107,105,22
108,105,22
106,105,22
109,105,22
112,105,22
112,105,22
116,105,22
116,105,22
115,105,22
117,105,22
117,105,22
116,105,22
114,105,22
112,105,22
111,105,22
112,105,22
107,105,22
105,105,22
105,105,22
105,105,22
105,105,22
105,105,22
101,105,22
101,105,22
104,105,22
101,105,22
101,105,22
102,105,22
103,108,22
103,108,22
101,108,22
98,108,22
100,108,22
97,108,22
91,108,22
94,108,22
98,108,22
97,108,22
98,108,22
98,108,22
97,108,22
97,108,22
98,108,22
95,108,22
94,108,22
94,108,22
97,108,22
96,108,22
94,108,22
95,108,22
95,108,22
96,108,22
93,108,22
93,108,22
97,108,22
99,108,22
96,108,22
97,108,22
96,108,22
94,108,22
97,108,22
98,108,22
100,108,22
99,108,22
100,108,22
100,108,22
101,108,22
101,108,22
102,108,22
101,108,22
100,108,22
102,108,22
100,108,22
99,108,22
101,108,22
103,108,22
103,108,22
102,108,22
102,108,22
100,82,22
100,82,22
104,82,22
106,82,22
106,82,22
107,82,22
105,82,22
102,82,22
100,101,22
104,101,22
106,101,22
107,101,22
105,101,22
107,101,22
112,101,22
111,101,22
107,101,22
108,116,22
107,116,22
107,116,22
110,116,22
109,116,22
110,116,22
111,116,22
111,116,22
110,116,22
109,116,22
111,114,22
109,114,22
108,114,22
107,114,22
105,114,22
106,114,22
109,114,22
104,114,22
104,114,22
104,114,22
108,114,22
107,114,22
108,114,22
110,114,22
112,114,22
113,114,22
111,103,22
115,103,22
113,103,22
115,103,22
115,103,22
119,103,22
119,103,22
119,103,22
118,103,22
117,112,22
118,112,22
117,112,22
121,112,22
121,112,22
121,112,22
121,112,22
122,112,22
121,112,22
121,112,22
122,112,22
120,112,22
117,112,22
119,112,22
120,112,22
122,112,22
122,112,22
126,112,22
123,112,22
126,112,22
123,112,22
123,112,22
123,112,22
118,112,22
119,112,22
118,112,22
117,112,22
118,112,22
121,112,22
121,112,22
120,112,22
117,112,22
115,112,22
116,112,22
116,112,22
115,112,22
116,112,22
115,90,22
114,90,22
115,90,22
118,90,22
119,90,22
123,90,22
123,90,22
121,90,22
120,90,22
120,90,22
123,90,22
125,90,22
126,90,22
128,90,22
128,90,22
130,90,22
127,90,22
128,90,22
127,116,22
128,116,22
131,116,22
130,116,22
126,116,22
128,116,22
127,116,22
130,116,22
133,116,22
134,116,22
135,116,22
138,116,22
137,116,22
135,116,22
138,116,22
138,116,22
136,116,22
138,116,22
135,116,22
138,116,22
138,116,22
136,116,22
136,116,22
138,116,22
138,116,22
136,116,22
134,116,22
134,130,22
135,130,22
137,130,22
137,130,22
137,130,22
135,130,22
134,130,22
135,130,22
136,130,22
135,130,22
134,130,22
137,130,22
136,172,22
138,172,22
138,172,22
141,172,22
142,172,22
142,172,22
139,117,22
138,117,22
135,117,22
136,117,22
139,117,22
141,117,22
141,117,22
141,117,22
138,117,22
139,117,22
146,117,22
145,117,22
145,147,22
145,147,22
145,147,22
143,147,22
145,147,22
146,147,22
149,147,22
148,147,22
146,147,22
145,147,22
146,147,22
146,147,22
144,147,22
145,147,22
144,147,22
145,147,22
148,147,22
148,147,22
147,147,22
149,147,22
149,147,22
146,147,22
147,147,22
146,147,22
143,147,22
140,147,22
140,147,22
135,147,22
137,126,22
136,126,22
135,126,22
135,126,22
136,126,22
136,126,22
138,126,22
137,126,22
137,126,22
138,129,22
138,129,22
138,129,22
138,129,22
138,129,22
138,129,22
139,129,22
142,129,22
143,129,22
143,137,22
143,137,22
148,137,22
149,137,22
150,137,22
151,137,22
152,137,22
149,137,22
147,137,22
146,137,22
146,137,22
143,137,22
146,137,22
147,137,22
148,137,22
146,137,22
146,137,22
147,137,22
146,183,22
145,183,22
143,183,22
140,183,22
140,183,22
143,183,22
141,183,22
144,183,22
146,183,22
144,183,22
144,183,22
144,183,22
145,183,22
145,183,22
147,183,22
148,183,22
149,183,22
149,162,22
151,162,22
153,162,22
154,162,22
153,162,22
153,162,22
154,162,22
157,162,22
157,162,22
157,162,22
158,162,22
158,162,22
158,162,22
160,181,22
162,181,22
162,181,22
159,181,22
159,181,22
158,181,22
156,181,22
158,181,22
159,181,22
159,181,22
161,181,22
161,181,22
157,181,22
158,181,22
157,181,22
159,181,22
159,181,22
158,181,22
156,181,22
153,181,22
154,181,22
151,181,22
154,134,22
156,134,22
157,134,22
158,134,22
156,134,22
156,134,22
156,134,22
158,134,22
155,134,22
155,134,22
155,134,22
156,134,22
158,134,22
159,134,22
161,134,22
160,134,22
158,134,22
156,134,22
155,134,22
157,134,22
157,134,22
158,134,22
155,134,22
157,134,22
160,134,22
155,161,22
153,161,22
151,161,22
148,161,22
148,161,22
146,161,22
149,161,22
151,161,22
148,161,22
148,161,22
149,161,22
149,161,22
148,161,22
148,161,22
147,161,22
146,161,22
140,161,22
138,161,22
140,161,22
140,161,22
137,161,22
135,161,22
137,161,22
139,161,22
137,161,22
139,161,22
138,161,22
141,161,22
142,161,22
140,161,22
140,161,22
140,161,22
139,161,22
136,161,22
134,161,22
133,161,22
133,161,22
131,161,22
128,161,22
132,161,22
134,161,22
135,161,22
132,161,22
131,161,22
129,161,22
129,161,22
132,161,22
131,161,22
133,161,22
131,161,22
131,161,22
129,161,22
125,161,22
127,133,22
126,133,22
125,133,22
127,133,22
129,133,22
130,133,22
132,133,22
131,133,22
130,133,22
130,133,22
129,133,22
129,133,22
130,133,22
129,133,22
129,133,22
130,133,22
130,133,22
130,133,22
128,133,22
127,133,22
128,162,22
130,162,22
130,162,22
133,162,22
135,162,22
136,162,22
133,162,22
131,162,22
129,162,22
129,162,22
127,162,22
126,162,22
125,162,22
126,162,22
125,162,22
122,162,22
125,162,22
131,162,22
134,162,22
134,162,22
140,162,22
139,162,22
137,162,22
138,162,22
142,162,22
141,162,22
141,162,22
141,162,22
143,162,22
141,162,22
140,162,22
144,162,22
141,162,22
142,162,22
145,162,22
144,162,22
141,162,22
144,162,22
144,162,22
146,162,22
144,162,22
145,162,22
144,162,22
143,162,22
143,162,22
141,162,22
141,105,22
141,105,22
140,105,22
141,105,22
137,105,22
139,105,22
139,105,22
142,105,22
143,105,22
139,105,22
139,105,22
132,105,22
131,105,22
132,105,22
129,105,22
130,105,22
131,105,22
132,105,22
130,105,22
128,105,22
129,105,22
129,105,22
129,105,22
128,105,22
127,105,22
125,105,22
123,105,22
122,105,22
123,105,22
121,105,22
118,105,22
115,105,22
113,105,22
112,105,22
109,105,22
114,105,22
113,105,22
111,105,22
109,105,22
108,105,22
107,105,22
109,105,22
111,105,22
111,105,22
115,105,22
116,105,22
113,105,22
112,105,22
115,105,22
117,105,22
118,105,22
115,105,22
112,105,22
111,105,22
111,138,22
112,138,22
109,138,22
109,138,22
108,138,22
107,138,22
108,138,22
107,138,22
107,138,22
112,138,22
114,138,22
112,138,22
111,138,22
113,58,22
113,58,22
114,58,22
115,58,22
116,58,22
115,58,22
115,120,22
118,120,22
116,120,22
116,120,22
119,120,22
119,120,22
119,120,22
124,120,22
124,120,22
126,120,22
124,120,22
124,120,22
127,120,22
128,152,22
124,152,22
117,152,22
119,152,22
120,152,22
122,152,22
120,152,22
117,152,22
115,152,22
111,152,22
106,152,22
110,152,22
116,152,22
116,152,22
118,152,22
118,152,22
122,152,22
121,152,22
120,152,22
120,152,22
119,152,22
117,152,22
119,152,22
117,152,22
118,152,22
120,152,22
119,152,22
117,152,22
117,152,22
119,134,22
120,134,22
120,134,22
121,134,22
123,134,22
125,134,22
122,134,22
118,108,22
119,108,22
117,108,22
116,108,22
115,108,22
116,108,22
118,108,22
116,108,22
114,108,22
118,108,22
115,108,22
117,108,22
117,113,22
118,113,22
116,113,22
119,113,22
117,113,22
119,113,22
121,113,22
122,135,22
125,135,22
124,135,22
125,135,22
127,135,22
128,135,22
127,135,22
129,135,22
130,135,22
130,135,22
130,135,22
131,135,22
130,135,22
128,135,22
128,135,22
128,135,22
127,135,22
129,135,22
128,114,22
128,114,22
127,114,22
126,114,22
128,114,22
130,114,22
135,114,22
135,114,22
134,114,22
135,114,22
135,114,22
134,114,22
135,114,22
137,114,22
133,114,22
135,114,22
135,114,22
136,114,22
134,114,22
135,114,22
134,114,22
138,114,22
139,114,22
140,114,22
139,114,22
141,114,22
142,114,22
142,114,22
141,114,22
140,114,22
139,114,22
140,114,22
140,114,22
141,114,22
141,114,22
137,114,22
135,114,22
136,114,22
135,114,22
134,114,22
132,114,22
135,114,22
137,114,22
136,114,22
139,114,22
139,114,22
142,114,22
140,114,22
137,114,22
139,114,22
141,114,22
139,109,22
137,109,22
136,109,22
136,109,22
139,109,22
140,109,22
142,109,22
141,109,22
142,109,22
142,109,22
144,109,22
144,109,22
143,109,22
140,109,22
138,109,22
139,109,22
140,109,22
139,109,22
143,109,22
143,109,22
141,109,22
144,109,22
143,109,22
144,109,22
142,109,22
144,109,22
144,109,22
143,109,22
143,109,22
141,109,22
140,109,22
140,109,22
142,109,22
144,109,22
147,109,22
150,109,22
151,109,22
151,109,22
152,109,22
155,109,22
153,109,22
153,109,22
150,109,22
151,109,22
152,109,22
152,109,22
153,109,22
152,157,22
151,157,22
150,157,22
148,157,22
151,157,22
149,157,22
149,157,22
147,157,22
147,157,22
149,157,22
148,157,22
148,157,22
150,157,22
150,157,22
149,157,22
148,157,22
147,157,22
148,157,22
150,157,22
149,161,22
148,161,22
146,161,22
145,161,22
143,161,22
148,161,22
150,161,22
151,161,22
150,161,22
149,161,22
152,161,22
153,161,22
153,161,22
152,161,22
152,161,22
149,161,22
148,161,22
147,161,22
148,131,22
147,131,22
146,131,22
148,131,22
148,131,22
146,131,22
143,131,22
142,131,22
143,131,22
144,131,22
143,131,22
144,131,22
146,131,22
147,131,22
148,131,22
149,131,22
151,131,22
151,131,22
151,131,22
149,131,22
148,131,22
147,131,22
146,131,22
145,131,22
147,131,22
146,131,22
149,131,22
151,131,22
147,131,22
149,131,22
149,131,22
149,131,22
147,131,22
151,131,22
149,131,22
148,131,22
149,131,22
151,131,22
150,131,22
148,131,22
147,131,22
146,131,22
148,131,22
152,131,22
153,131,22
150,131,22
149,131,22
150,131,22
152,131,22
149,131,22
150,131,22
151,131,22
148,131,22
149,131,22
150,131,22
149,131,22
148,131,22
149,131,22
151,131,22
154,151,22
156,151,22
156,151,22
159,151,22
158,151,22
158,151,22
158,151,22
154,151,22
156,151,22
155,151,22
152,151,22
154,151,22
156,151,22
159,151,22
164,151,22
165,151,22
165,151,22
166,151,22
164,151,22
161,151,22
160,151,22
162,151,22
166,151,22
168,151,22
169,151,22
165,151,22
165,151,22
166,151,22
166,151,22
167,151,22
172,151,22
172,151,22
172,151,22
170,166,22
168,166,22
167,166,22
167,166,22
161,166,22
161,166,22
159,166,22
161,166,22
164,166,22
159,166,22
161,166,22
160,166,22
160,166,22
161,166,22
158,166,22
160,166,22
159,166,22
160,166,22
160,166,22
160,166,22
156,166,22
156,166,22
156,166,22
159,166,22
159,166,22
162,166,22
161,166,22
161,166,22
160,166,22
161,166,22
160,166,22
160,166,22
159,166,22
159,166,22
160,166,22
162,166,22
160,166,22
161,166,22
159,166,22
157,166,22
157,166,22
156,136,22
155,136,22
158,136,22
156,136,22
156,136,22
155,136,22
161,136,22
160,136,22
159,136,22
161,136,22
157,136,22
158,136,22
157,163,22
159,163,22
159,163,22
159,163,22
155,163,22
156,163,22
155,163,22
155,142,22
153,142,22
149,142,22
151,142,22
152,142,22
152,142,22
154,142,22
156,142,22
157,142,22
161,142,22
159,142,22
158,142,22
156,187,22
156,187,22
156,187,22
158,187,22
157,187,22
157,187,22
154,187,22
153,187,22
154,160,22
151,160,22
154,160,22
153,160,22
152,160,22
154,160,22
155,160,22
153,160,22
155,160,22
154,160,22
157,160,22
156,160,22
156,160,22
157,160,22
156,160,22
159,160,22
160,160,22
159,160,22
158,160,22
158,160,22
161,180,22
160,180,22
160,180,22
160,180,22
162,180,22
162,180,22
163,180,22
167,180,22
168,180,22
170,180,22
170,180,22
167,180,22
164,180,22
163,179,22
165,179,22
161,179,22
159,179,22
158,179,22
154,179,22
156,179,22
155,179,22
153,179,22
153,136,22
152,136,22
150,136,22
148,136,22
146,136,22
145,136,22
145,136,22
141,136,22
139,136,22
140,136,22
139,136,22
139,136,22
136,136,22
136,153,22
133,153,22
133,153,22
132,153,22
130,153,22
132,153,22
133,153,22
132,153,22
133,153,22
132,153,22
131,153,22
132,153,22
132,153,22
135,161,22
134,161,22
131,161,22
130,161,22
131,161,22
130,161,22
130,161,22
134,161,22
133,111,22
129,111,22
129,111,22
127,111,22
128,111,22
126,111,22
127,111,22
129,111,22
132,111,22
134,111,22
134,111,22
138,111,22
136,111,22
136,111,22
132,111,22
135,111,22
137,111,22
144,111,22
147,111,22
149,111,22
150,131,22
149,131,22
151,131,22
149,131,22
149,131,22
150,131,22
151,131,22
150,131,22
152,131,22
154,131,22
150,131,22
158,131,22
163,131,22
164,131,22
164,131,22
166,131,22
164,131,22
159,141,22
159,141,22
161,141,22
162,141,22
164,141,22
161,141,22
162,141,22
164,141,22
168,141,22
168,141,22
169,141,22
169,141,22
171,141,22
171,141,22
170,141,22
170,141,22
168,141,22
168,141,22
169,141,22
167,141,22
168,141,22
172,164,22
171,164,22
168,164,22
168,164,22
166,164,22
164,164,22
165,164,22
168,164,22
167,164,22
166,164,22
167,164,22
169,164,22
169,164,22
172,164,22
172,164,22
173,164,22
174,164,22
171,164,22
169,164,22
168,164,22
166,164,22
167,170,22
166,170,22
165,170,22
166,170,22
164,170,22
163,170,22
160,170,22
164,170,22
164,170,22
162,156,22
163,156,22
161,156,22
159,156,22
161,156,22
159,156,22
160,156,22
159,156,22
158,156,22
160,156,22
161,156,22
164,156,22
167,156,22
166,156,22
165,156,22
166,156,22
166,156,22
168,156,22
168,156,22
166,156,22
167,156,22
163,156,22
161,156,22
162,156,22
165,156,22
166,156,22
167,156,22
167,156,22
170,156,22
174,156,22
175,156,22
175,156,22
174,156,22
172,156,22
173,156,22
170,156,22
174,156,22
175,156,22
174,185,22
170,185,22
169,185,22
169,185,22
168,185,22
171,185,22
168,185,22
168,185,22
164,185,22
163,185,22
160,185,22
160,185,22
161,185,22
162,185,22
158,185,22
161,185,22
166,185,22
169,185,22
168,185,22
168,185,22
168,185,22
166,185,22
168,173,22
168,173,22
167,173,22
169,173,22
167,173,22
169,173,22
166,173,22
165,173,22
164,173,22
168,144,22
168,144,22
171,144,22
172,144,22
175,144,22
175,144,22
174,144,22
175,144,22
174,144,22
173,144,22
173,144,22
178,144,22
178,144,22
176,144,22
173,144,22
173,144,22
174,144,22
176,144,22
176,144,22
180,144,22
180,144,22
179,144,22
179,144,22
180,144,22
177,144,22
177,196,22
173,196,22
172,196,22
172,196,22
171,196,22
169,196,22
169,196,22
167,196,22
171,196,22
170,196,22
170,185,22
173,185,22
172,185,22
174,185,22
172,185,22
170,185,22
170,183,22
174,183,22
173,183,22
174,183,22
171,183,22
171,183,22
170,183,22
173,183,22
175,183,22
175,183,22
173,183,22
170,183,22
168,183,22
166,183,22
162,183,22
164,183,22
166,183,22
170,183,22
172,183,22
172,183,22
173,180,22
172,180,22
171,180,22
167,180,22
169,180,22
169,180,22
169,180,22
169,180,22
167,180,22
167,180,22
162,180,22
164,180,22
165,180,22
162,180,22
161,180,22
165,180,22
165,180,22
168,180,22
172,180,22
170,180,22
172,180,22
170,180,22
173,180,22
171,180,22
171,180,22
169,180,22
167,180,22
164,180,22
163,180,22
163,180,22
162,180,22
155,180,22
154,180,22
154,180,22
156,180,22
157,180,22
158,180,22
159,180,22
159,147,22
155,147,22
153,147,22
152,147,22
151,147,22
153,147,22
153,147,22
156,147,22
157,147,22
161,147,22
159,147,22
160,147,22
156,147,22
160,147,22
159,147,22
160,147,22
164,147,22
163,147,22
162,147,22
162,147,22
161,147,22
160,147,22
158,147,22
162,147,22
163,147,22
161,147,22
158,147,22
160,147,22
159,147,22
162,148,22
158,148,22
159,148,22
162,148,22
159,148,22
158,148,22
159,148,22
159,148,22
160,148,22
160,148,22
162,148,22
163,148,22
163,148,22
163,158,22
160,158,22
158,158,22
157,158,22
159,158,22
159,158,22
159,138,22
159,138,22
157,138,22
159,138,22
160,138,22
157,138,22
156,138,22
156,138,22
153,138,22
154,138,22
153,138,22
153,138,22
152,138,22
157,138,22
156,138,22
156,138,22
159,138,22
156,138,22
155,138,22
154,138,22
152,138,22
153,138,22
151,138,22
153,138,22
154,138,22
156,138,22
154,138,22
152,138,22
154,138,22
153,187,22
154,187,22
154,187,22
154,187,22
153,187,22
151,187,22
148,193,22
151,193,22
153,193,22
152,193,22
153,193,22
151,193,22
151,193,22
153,193,22
155,162,22
155,162,22
154,162,22
153,162,22
152,162,22
149,162,22
147,162,22
146,162,22
145,162,22
143,162,22
140,162,22
140,162,22
141,162,22
136,162,22
140,162,22
139,162,22
138,162,22
140,162,22
139,162,22
138,162,22
137,162,22
137,162,22
136,162,22
135,162,22
136,162,22
138,162,22
136,162,22
138,136,22
139,136,22
141,136,22
141,136,22
143,136,22
143,136,22
143,136,22
144,136,22
143,136,22
145,136,22
144,136,22
146,136,22
143,136,22
146,136,22
144,136,22
144,136,22
143,136,22
143,136,22
143,136,22
143,136,22
140,136,22
139,136,22
139,136,22
136,136,22
137,136,22
140,152,22
140,152,22
138,152,22
137,152,22
136,152,22
136,152,22
138,152,22
139,152,22
140,152,22
141,152,22
141,152,22
142,152,22
142,152,22
140,152,22
145,152,22
146,168,22
147,168,22
146,168,22
150,168,22
151,168,22
149,168,22
148,168,22
146,168,22
147,168,22
148,168,22
152,168,22
153,168,22
153,168,22
153,168,22
152,168,22
149,168,22
149,168,22
152,168,22
152,168,22
154,168,22
155,168,22
156,168,22
156,168,22
159,168,22
159,168,22
158,168,22
157,168,22
156,168,22
155,168,22
156,168,22
160,168,22
158,168,22
157,168,22
152,168,22
152,168,22
145,168,22
146,168,22
146,168,22
144,168,22
148,168,22
146,168,22
148,177,22
144,177,22
144,177,22
142,177,22
140,177,22
138,177,22
136,177,22
136,177,22
137,177,22
137,177,22
137,159,22
138,159,22
140,159,22
142,159,22
140,159,22
142,159,22
144,159,22
141,159,22
140,159,22
143,159,22
146,159,22
144,159,22
146,159,22
148,159,22
145,159,22
147,159,22
147,159,22
143,159,22
145,159,22
141,159,22
139,159,22
135,159,22
137,159,22
138,159,22
136,131,22
136,131,22
138,131,22
139,131,22
141,131,22
138,131,22
138,131,22
142,131,22
141,131,22
141,131,22
140,131,22
142,131,22
139,131,22
139,131,22
140,131,22
139,131,22
138,131,22
139,131,22
137,84,22
139,84,22
137,84,22
138,84,22
138,84,22
140,84,22
146,84,22
142,84,22
145,84,22
142,84,22
145,84,22
141,84,22
138,84,22
140,84,22
139,84,22
137,84,22
136,84,22
136,84,22
137,84,22
135,84,22
133,84,22
134,84,22
131,84,22
129,84,22
129,84,22
126,84,22
125,84,22
123,84,22
125,84,22
126,84,22
128,84,22
125,84,22
124,84,22
119,112,22
118,112,22
117,112,22
116,112,22
117,112,22
114,112,22
112,112,22
112,112,22
109,112,22
111,112,22
113,112,22
116,112,22
114,112,22
116,112,22
112,112,22
112,112,22
113,114,22
111,114,22
111,114,22
110,114,22
111,114,22
111,114,22
111,114,22
109,114,22
111,109,22
113,109,22
113,109,22
109,109,22
110,109,22
111,109,22
112,109,22
114,109,22
113,109,22
112,109,22
118,109,22
118,109,22
121,109,22
119,109,22
120,109,22
120,109,22
116,109,22
117,109,22
117,109,22
115,145,22
117,145,22
120,145,22
118,145,22
121,145,22
121,145,22
121,145,22
124,145,22
123,145,22
122,145,22
122,145,22
119,145,22
119,145,22
119,145,22
118,112,22
116,112,22
113,112,22
114,112,22
116,112,22
115,112,22
113,112,22
114,112,22
115,112,22
114,112,22
113,112,22
114,112,22
115,112,22
112,128,22
111,128,22
107,128,22
107,128,22
109,128,22
107,128,22
