true_pos,obs_pos,true_var
159,135,22
159,135,22
159,135,22
159,135,22
159,135,22
159,135,22
159,135,22
159,135,22
159,135,22
159,135,22
159,135,22
159,135,22
159,135,22
159,135,22
159,135,22
159,135,22
159,135,22
159,156,22
159,156,22
159,156,22
159,156,22
159,156,22
159,156,22
159,156,22
159,156,22
159,156,22
159,156,22
159,156,22
159,156,22
159,156,22
159,156,22
159,156,22
159,156,22
159,156,22
159,156,22
159,156,22
159,156,22
159,156,22
159,156,22
159,156,22
159,156,22
159,156,22
159,156,22
159,156,22
159,143,22
159,143,22
159,143,22
159,143,22
159,143,22
159,143,22
159,143,22
159,143,22
159,143,22
159,143,22
159,143,22
159,143,22
159,143,22
159,143,22
159,143,22
159,143,22
159,143,22
159,143,22
159,143,22
159,143,22
159,143,22
159,173,22
159,173,22
159,173,22
159,173,22
159,173,22
159,173,22
159,173,22
159,173,22
159,173,22
159,173,22
159,173,22
159,173,22
159,173,22
159,173,22
159,154,22
159,154,22
159,154,22
159,154,22
159,154,22
159,154,22
159,154,22
159,154,22
159,154,22
159,154,22
159,154,22
159,154,22
159,154,22
159,154,22
159,154,22
159,154,22
159,154,22
159,154,22
159,154,22
159,154,22
159,154,22
159,154,22
159,154,22
159,154,22
159,154,22
159,154,22
159,154,22
159,154,22
159,154,22
159,154,22
159,154,22
159,154,22
159,154,22
159,154,22
159,154,22
159,154,22
159,154,22
159,154,22
159,154,22
159,154,22
159,154,22
159,154,22
159,154,22
159,154,22
159,154,22
159,154,22
159,154,22
159,131,22
159,131,22
159,131,22
159,131,22
159,131,22
159,131,22
159,131,22
159,131,22
159,131,22
159,131,22
159,131,22
159,131,22
159,131,22
159,131,22
159,131,22
159,131,22
159,131,22
159,131,22
159,131,22
159,131,22
159,131,22
159,164,22
159,164,22
159,164,22
159,164,22
159,164,22
159,164,22
159,164,22
159,164,22
159,164,22
159,164,22
159,164,22
159,164,22
159,164,22
159,164,22
159,164,22
159,157,22
159,157,22
159,157,22
159,157,22
159,157,22
159,157,22
159,157,22
159,157,22
159,157,22
159,157,22
159,157,22
159,157,22
159,157,22
159,157,22
159,157,22
159,162,22
159,162,22
159,162,22
159,162,22
159,162,22
159,162,22
159,162,22
159,162,22
159,162,22
159,162,22
159,162,22
159,162,22
159,162,22
159,162,22
159,162,22
159,162,22
159,162,22
159,162,22
159,162,22
159,162,22
159,162,22
159,162,22
159,162,22
159,162,22
159,162,22
159,162,22
159,162,22
159,162,22
159,162,22
159,162,22
159,162,22
159,162,22
159,162,22
159,156,22
159,156,22
159,156,22
159,156,22
159,156,22
159,156,22
159,156,22
159,156,22
159,156,22
159,143,22
159,143,22
159,143,22
159,143,22
159,143,22
159,143,22
159,143,22
159,143,22
159,143,22
159,143,22
159,143,22
159,143,22
159,166,22
159,166,22
159,166,22
159,166,22
159,166,22
159,166,22
159,166,22
159,166,22
159,166,22
159,166,22
159,166,22
159,166,22
159,166,22
159,166,22
159,166,22
159,166,22
159,166,22
159,166,22
159,166,22
159,166,22
159,166,22
159,166,22
159,178,22
159,178,22
159,178,22
159,178,22
159,178,22
159,178,22
159,178,22
159,178,22
159,178,22
159,178,22
159,178,22
159,178,22
159,178,22
159,178,22
159,178,22
159,178,22
159,178,22
159,178,22
159,178,22
159,178,22
159,178,22
159,178,22
159,178,22
159,178,22
159,178,22
159,178,22
159,178,22
159,178,22
159,178,22
159,178,22
159,178,22
159,178,22
159,178,22
159,178,22
159,178,22
159,178,22
159,178,22
159,131,22
159,131,22
159,131,22
159,131,22
159,131,22
159,131,22
159,131,22
159,131,22
159,131,22
159,131,22
159,131,22
159,131,22
159,200,22
159,200,22
159,200,22
159,200,22
159,200,22
159,200,22
159,200,22
159,200,22
159,200,22
159,200,22
159,200,22
159,200,22
159,200,22
159,200,22
159,200,22
159,200,22
159,200,22
159,200,22
159,200,22
159,200,22
159,200,22
159,200,22
159,200,22
159,200,22
159,200,22
159,200,22
159,200,22
159,200,22
159,200,22
159,200,22
159,200,22
159,200,22
159,200,22
159,200,22
159,200,22
159,200,22
159,200,22
159,200,22
159,200,22
159,200,22
159,200,22
159,200,22
159,200,22
159,200,22
159,169,22
159,169,22
159,169,22
159,169,22
159,169,22
159,169,22
159,169,22
159,169,22
159,172,22
159,172,22
159,172,22
159,172,22
159,172,22
159,172,22
159,172,22
159,172,22
159,172,22
159,172,22
159,172,22
159,172,22
159,172,22
159,172,22
159,172,22
159,172,22
159,172,22
159,172,22
159,172,22
159,172,22
159,172,22
159,172,22
159,172,22
159,172,22
159,172,22
159,172,22
159,172,22
159,172,22
159,172,22
159,172,22
159,172,22
159,172,22
159,172,22
159,172,22
159,172,22
159,172,22
159,172,22
159,149,22
159,149,22
159,149,22
159,149,22
159,149,22
159,149,22
159,149,22
159,149,22
159,149,22
159,149,22
159,149,22
159,149,22
159,149,22
159,149,22
159,149,22
159,149,22
159,175,22
159,175,22
159,175,22
159,175,22
159,175,22
159,175,22
159,175,22
159,175,22
159,175,22
159,175,22
159,175,22
159,175,22
159,175,22
159,175,22
159,175,22
159,136,22
159,136,22
159,136,22
159,136,22
159,136,22
159,136,22
159,136,22
159,136,22
159,136,22
159,136,22
159,136,22
159,136,22
159,136,22
159,136,22
159,136,22
159,136,22
159,136,22
159,136,22
159,136,22
159,136,22
159,136,22
159,136,22
159,136,22
159,136,22
159,136,22
159,136,22
159,136,22
159,136,22
159,136,22
159,136,22
144,173,22
144,173,22
144,173,22
144,173,22
144,173,22
144,173,22
144,173,22
144,173,22
144,173,22
144,173,22
144,173,22
144,173,22
144,173,22
144,173,22
144,173,22
144,173,22
144,173,22
144,173,22
144,173,22
144,173,22
144,173,22
144,173,22
144,173,22
144,173,22
144,173,22
144,130,22
144,130,22
144,130,22
144,130,22
144,130,22
144,130,22
144,148,22
144,148,22
144,148,22
144,148,22
144,148,22
144,148,22
144,148,22
144,148,22
144,148,22
144,148,22
144,148,22
144,148,22
144,148,22
144,148,22
144,148,22
144,148,22
144,148,22
144,148,22
144,148,22
144,148,22
144,130,22
144,130,22
144,130,22
144,130,22
144,130,22
144,130,22
144,130,22
144,130,22
144,130,22
144,130,22
144,130,22
144,130,22
144,130,22
144,130,22
144,130,22
144,130,22
144,130,22
144,130,22
144,130,22
144,130,22
144,130,22
144,130,22
144,130,22
144,130,22
144,130,22
144,130,22
144,119,22
144,119,22
144,119,22
144,119,22
144,119,22
144,119,22
144,119,22
144,119,22
144,119,22
144,119,22
144,119,22
144,119,22
144,119,22
144,119,22
144,119,22
144,119,22
144,119,22
144,136,22
144,136,22
144,136,22
144,136,22
144,136,22
144,136,22
144,136,22
144,136,22
144,136,22
144,136,22
144,136,22
144,136,22
144,136,22
144,136,22
144,136,22
144,136,22
144,136,22
144,136,22
144,136,22
144,136,22
144,136,22
144,136,22
144,136,22
144,136,22
144,136,22
144,136,22
144,136,22
144,136,22
144,136,22
144,136,22
144,136,22
144,136,22
144,136,22
144,136,22
144,136,22
144,136,22
144,136,22
144,136,22
144,136,22
144,136,22
144,136,22
144,136,22
144,136,22
144,136,22
144,124,22
144,124,22
144,124,22
144,124,22
144,124,22
144,124,22
144,124,22
144,124,22
144,124,22
144,124,22
144,124,22
144,124,22
144,124,22
144,124,22
144,128,22
144,128,22
144,128,22
144,128,22
144,128,22
144,128,22
144,128,22
144,128,22
144,127,22
144,127,22
144,127,22
144,127,22
144,127,22
144,127,22
144,127,22
144,127,22
144,127,22
144,127,22
144,127,22
144,127,22
144,127,22
144,127,22
144,127,22
144,127,22
144,127,22
144,127,22
144,127,22
144,127,22
144,127,22
144,127,22
144,127,22
144,127,22
144,127,22
144,127,22
144,127,22
144,127,22
144,127,22
144,127,22
144,127,22
144,127,22
144,135,22
144,135,22
144,135,22
144,135,22
144,135,22
144,135,22
144,135,22
144,135,22
144,135,22
144,135,22
144,135,22
144,135,22
144,135,22
144,135,22
144,135,22
144,135,22
144,135,22
144,135,22
144,135,22
144,135,22
144,135,22
144,135,22
144,135,22
144,135,22
144,135,22
144,135,22
144,135,22
144,135,22
144,135,22
144,135,22
144,135,22
144,138,22
144,138,22
144,138,22
144,138,22
144,138,22
144,138,22
144,138,22
144,138,22
144,138,22
144,138,22
144,138,22
144,138,22
144,138,22
144,138,22
144,138,22
144,138,22
144,138,22
144,138,22
144,138,22
144,138,22
144,138,22
144,138,22
144,138,22
144,138,22
144,138,22
144,138,22
144,138,22
144,138,22
144,138,22
144,138,22
144,138,22
144,138,22
144,138,22
144,147,22
144,147,22
144,147,22
144,147,22
144,147,22
144,147,22
144,147,22
144,147,22
144,147,22
144,147,22
144,147,22
144,147,22
144,147,22
144,147,22
144,147,22
144,117,22
144,117,22
144,117,22
144,117,22
144,117,22
144,117,22
144,117,22
144,117,22
144,151,22
144,151,22
144,151,22
144,151,22
144,151,22
144,151,22
144,151,22
144,151,22
144,151,22
144,151,22
144,151,22
144,151,22
144,151,22
144,151,22
144,151,22
144,104,22
144,104,22
144,104,22
144,104,22
144,104,22
144,104,22
144,104,22
144,104,22
144,104,22
144,104,22
144,104,22
144,104,22
144,104,22
144,104,22
144,104,22
144,104,22
144,104,22
144,104,22
144,104,22
144,104,22
144,104,22
144,104,22
144,145,22
144,145,22
144,145,22
144,145,22
144,145,22
144,145,22
144,145,22
144,145,22
144,145,22
144,145,22
144,145,22
144,145,22
144,145,22
144,145,22
144,145,22
144,145,22
144,145,22
144,145,22
144,145,22
144,145,22
144,145,22
144,145,22
144,145,22
144,145,22
144,145,22
144,145,22
144,145,22
144,145,22
144,145,22
144,145,22
144,145,22
144,145,22
144,145,22
144,145,22
144,145,22
144,145,22
144,145,22
144,145,22
144,145,22
144,145,22
144,145,22
144,145,22
144,145,22
144,145,22
144,145,22
144,145,22
144,145,22
144,145,22
144,145,22
144,145,22
144,145,22
144,145,22
144,145,22
144,145,22
144,146,22
144,146,22
144,146,22
144,146,22
144,146,22
144,146,22
144,146,22
144,146,22
144,146,22
144,146,22
144,146,22
144,146,22
144,146,22
144,146,22
144,146,22
144,146,22
144,146,22
144,146,22
164,113,22
164,113,22
164,113,22
164,113,22
164,113,22
164,113,22
164,113,22
164,113,22
164,113,22
164,113,22
164,113,22
164,113,22
164,113,22
164,113,22
164,113,22
164,113,22
164,113,22
164,113,22
164,113,22
164,113,22
164,113,22
164,113,22
164,113,22
164,113,22
164,113,22
164,113,22
164,113,22
164,113,22
164,113,22
164,113,22
164,113,22
164,113,22
164,113,22
164,171,22
164,171,22
164,171,22
164,171,22
164,171,22
164,171,22
164,171,22
164,171,22
164,171,22
164,167,22
164,167,22
164,167,22
164,167,22
164,167,22
164,167,22
164,167,22
164,167,22
164,167,22
164,167,22
164,167,22
164,167,22
164,167,22
164,167,22
164,167,22
164,167,22
164,167,22
164,167,22
164,167,22
164,167,22
164,167,22
164,167,22
164,167,22
164,167,22
164,167,22
164,167,22
164,167,22
164,167,22
164,167,22
164,161,22
164,161,22
164,161,22
164,161,22
164,161,22
164,161,22
164,161,22
164,161,22
164,161,22
164,161,22
164,161,22
164,161,22
164,161,22
164,161,22
164,161,22
164,161,22
164,161,22
164,161,22
164,161,22
164,161,22
164,161,22
164,161,22
164,161,22
164,161,22
164,161,22
164,161,22
164,161,22
164,161,22
164,161,22
164,161,22
164,161,22
164,161,22
164,161,22
164,161,22
164,161,22
164,161,22
164,161,22
164,161,22
164,161,22
164,161,22
164,161,22
164,161,22
164,161,22
164,137,22
164,137,22
164,137,22
164,137,22
164,137,22
164,137,22
164,137,22
164,137,22
164,137,22
164,137,22
164,137,22
164,137,22
164,137,22
164,137,22
164,137,22
164,137,22
164,137,22
164,137,22
164,137,22
164,137,22
164,137,22
164,137,22
164,137,22
164,137,22
164,137,22
164,137,22
164,137,22
164,137,22
164,137,22
164,137,22
164,137,22
164,137,22
164,145,22
164,145,22
164,145,22
164,145,22
164,145,22
164,145,22
164,145,22
164,145,22
164,145,22
164,145,22
164,145,22
164,145,22
164,145,22
164,145,22
164,145,22
164,145,22
164,145,22
164,145,22
164,145,22
164,145,22
164,145,22
164,145,22
164,145,22
164,149,22
164,149,22
164,149,22
164,149,22
164,149,22
164,149,22
164,149,22
164,149,22
164,149,22
164,149,22
164,149,22
164,149,22
164,149,22
164,149,22
164,149,22
164,149,22
164,149,22
164,149,22
164,149,22
164,149,22
164,149,22
164,149,22
164,149,22
164,149,22
164,149,22
164,149,22
164,149,22
164,149,22
164,149,22
164,149,22
164,149,22
164,149,22
164,149,22
164,149,22
164,149,22
164,149,22
164,149,22
164,149,22
164,149,22
164,149,22
164,149,22
164,149,22
164,149,22
164,149,22
164,186,22
164,186,22
164,186,22
164,186,22
164,186,22
164,186,22
164,186,22
164,186,22
164,186,22
164,186,22
164,186,22
164,186,22
164,186,22
164,186,22
164,186,22
164,186,22
164,150,22
164,150,22
164,150,22
164,150,22
164,150,22
164,150,22
164,150,22
164,150,22
164,150,22
164,150,22
164,150,22
164,150,22
164,150,22
164,150,22
164,150,22
164,150,22
164,150,22
164,150,22
164,150,22
164,150,22
164,150,22
164,150,22
164,150,22
164,150,22
164,150,22
164,150,22
164,150,22
164,150,22
164,150,22
164,150,22
164,150,22
164,150,22
164,150,22
164,150,22
164,150,22
164,150,22
164,150,22
164,150,22
164,150,22
164,150,22
164,150,22
164,175,22
164,175,22
164,175,22
164,175,22
164,175,22
164,175,22
164,175,22
164,175,22
164,175,22
164,175,22
164,175,22
164,175,22
164,175,22
164,175,22
164,175,22
164,184,22
164,184,22
164,184,22
164,184,22
164,184,22
164,184,22
164,184,22
164,184,22
164,184,22
164,184,22
164,184,22
164,184,22
164,184,22
164,184,22
164,184,22
164,184,22
164,184,22
164,184,22
164,184,22
164,184,22
164,184,22
164,145,22
164,145,22
164,145,22
164,145,22
164,145,22
164,145,22
164,145,22
164,153,22
164,153,22
164,153,22
164,153,22
164,153,22
164,153,22
164,153,22
164,153,22
164,153,22
164,153,22
164,153,22
164,153,22
164,153,22
164,153,22
164,153,22
164,153,22
164,153,22
164,153,22
164,153,22
164,153,22
164,115,22
164,115,22
164,115,22
164,115,22
164,115,22
164,115,22
164,115,22
164,155,22
164,155,22
164,155,22
164,155,22
164,155,22
164,155,22
164,155,22
164,155,22
164,155,22
164,155,22
164,155,22
164,155,22
164,155,22
164,155,22
164,155,22
164,155,22
164,155,22
164,180,22
164,180,22
164,180,22
164,180,22
164,180,22
164,180,22
164,180,22
164,180,22
164,180,22
164,180,22
164,180,22
164,180,22
164,180,22
164,180,22
164,180,22
164,180,22
164,180,22
164,180,22
164,180,22
164,180,22
164,180,22
164,180,22
164,180,22
164,180,22
164,180,22
164,180,22
164,180,22
164,180,22
164,180,22
164,180,22
164,180,22
164,180,22
164,180,22
164,180,22
164,180,22
164,180,22
164,180,22
164,180,22
164,180,22
164,180,22
164,180,22
164,180,22
164,180,22
164,180,22
164,180,22
164,180,22
164,180,22
164,180,22
164,180,22
164,180,22
164,180,22
164,180,22
164,180,22
149,128,22
149,128,22
149,128,22
149,128,22
149,128,22
149,128,22
149,128,22
149,128,22
149,128,22
149,128,22
149,128,22
149,128,22
149,128,22
149,128,22
149,128,22
149,128,22
149,128,22
149,128,22
149,128,22
149,128,22
149,128,22
149,128,22
149,128,22
149,128,22
149,128,22
149,128,22
149,128,22
149,128,22
149,128,22
149,128,22
149,128,22
149,128,22
149,128,22
149,128,22
149,128,22
149,128,22
149,128,22
149,128,22
149,130,22
149,130,22
149,130,22
149,130,22
149,130,22
149,130,22
149,130,22
149,130,22
149,130,22
149,130,22
149,130,22
149,130,22
149,130,22
149,130,22
149,130,22
149,130,22
149,130,22
149,130,22
149,130,22
149,130,22
149,166,22
149,166,22
149,166,22
149,166,22
149,166,22
149,166,22
149,166,22
149,166,22
149,166,22
149,166,22
149,166,22
149,166,22
149,166,22
149,166,22
149,166,22
149,166,22
149,166,22
149,166,22
149,166,22
149,166,22
149,166,22
149,166,22
149,166,22
149,166,22
149,166,22
149,166,22
149,166,22
149,166,22
149,132,22
149,132,22
149,132,22
149,132,22
149,132,22
149,132,22
149,132,22
149,132,22
149,132,22
149,132,22
149,132,22
149,132,22
149,132,22
149,132,22
149,132,22
149,132,22
149,132,22
149,132,22
149,132,22
149,132,22
149,132,22
149,132,22
149,132,22
149,132,22
149,132,22
149,132,22
149,132,22
149,132,22
149,132,22
149,132,22
149,132,22
149,132,22
149,132,22
149,132,22
149,132,22
149,132,22
149,132,22
149,132,22
149,132,22
149,132,22
149,132,22
149,132,22
149,132,22
149,132,22
149,132,22
149,132,22
149,132,22
149,132,22
149,132,22
149,132,22
149,132,22
149,132,22
149,132,22
149,132,22
149,132,22
149,132,22
149,171,22
149,171,22
149,171,22
149,171,22
149,171,22
149,171,22
149,171,22
149,171,22
149,171,22
149,171,22
149,171,22
149,171,22
149,171,22
149,171,22
149,171,22
149,171,22
149,171,22
149,171,22
149,170,22
149,170,22
149,170,22
149,170,22
149,170,22
149,170,22
149,170,22
149,170,22
149,170,22
149,170,22
149,170,22
149,170,22
149,170,22
149,170,22
149,170,22
149,170,22
149,170,22
149,132,22
149,132,22
149,132,22
149,132,22
149,132,22
149,132,22
149,132,22
149,132,22
149,132,22
149,132,22
149,132,22
149,132,22
149,124,22
149,124,22
149,124,22
149,124,22
149,124,22
149,124,22
149,124,22
149,124,22
149,124,22
149,124,22
149,124,22
149,124,22
149,124,22
149,124,22
149,124,22
149,124,22
149,124,22
149,124,22
149,124,22
149,124,22
149,124,22
149,124,22
149,124,22
149,124,22
149,169,22
149,169,22
149,169,22
149,169,22
149,169,22
149,169,22
149,169,22
149,169,22
149,169,22
149,169,22
149,169,22
149,169,22
149,169,22
149,169,22
149,169,22
149,169,22
149,169,22
149,169,22
149,169,22
149,169,22
149,169,22
149,169,22
149,169,22
149,169,22
149,169,22
149,169,22
149,169,22
149,169,22
149,169,22
149,169,22
149,169,22
149,169,22
149,169,22
149,169,22
149,169,22
149,169,22
149,169,22
149,169,22
149,169,22
149,169,22
149,169,22
149,169,22
149,169,22
149,169,22
149,169,22
149,169,22
149,169,22
149,169,22
149,169,22
149,169,22
149,169,22
149,169,22
149,169,22
149,169,22
149,169,22
149,169,22
149,169,22
149,177,22
149,177,22
149,177,22
149,177,22
149,177,22
149,177,22
149,177,22
149,177,22
149,177,22
149,177,22
149,177,22
149,177,22
149,177,22
149,177,22
149,177,22
149,177,22
149,177,22
149,177,22
149,177,22
149,177,22
149,177,22
149,177,22
149,177,22
149,177,22
149,177,22
149,177,22
149,177,22
149,177,22
169,168,22
169,168,22
169,168,22
169,168,22
169,168,22
169,168,22
169,168,22
169,183,22
169,183,22
169,183,22
169,183,22
169,183,22
169,183,22
169,183,22
169,183,22
169,183,22
169,183,22
169,183,22
169,183,22
169,183,22
169,183,22
169,183,22
169,183,22
169,159,22
169,159,22
169,159,22
169,159,22
169,159,22
169,159,22
169,159,22
169,197,22
169,197,22
169,197,22
169,197,22
169,197,22
169,197,22
169,197,22
169,197,22
169,197,22
169,197,22
169,197,22
169,197,22
169,197,22
169,197,22
169,197,22
169,197,22
169,197,22
169,197,22
169,197,22
169,197,22
169,197,22
169,150,22
169,150,22
169,150,22
169,150,22
169,150,22
169,150,22
169,150,22
169,150,22
169,150,22
169,150,22
169,150,22
169,150,22
169,150,22
169,133,22
169,133,22
169,133,22
169,133,22
169,133,22
169,133,22
169,133,22
169,133,22
169,133,22
169,133,22
169,133,22
169,133,22
169,133,22
169,133,22
169,133,22
169,133,22
169,133,22
169,133,22
169,133,22
169,133,22
169,133,22
169,133,22
169,133,22
169,133,22
169,133,22
169,133,22
169,133,22
169,133,22
169,133,22
169,133,22
169,133,22
169,133,22
169,133,22
169,133,22
169,133,22
169,133,22
169,133,22
169,170,22
169,170,22
169,170,22
169,170,22
169,170,22
169,170,22
169,170,22
169,170,22
169,170,22
169,170,22
169,170,22
169,170,22
169,170,22
169,170,22
169,170,22
169,170,22
169,170,22
169,170,22
169,170,22
169,170,22
169,170,22
169,170,22
169,170,22
169,170,22
169,170,22
169,170,22
169,170,22
169,170,22
169,170,22
169,170,22
169,170,22
169,170,22
169,172,22
169,172,22
169,172,22
169,172,22
169,172,22
169,172,22
169,189,22
169,189,22
169,189,22
169,189,22
169,189,22
169,189,22
169,189,22
169,189,22
169,189,22
169,189,22
169,189,22
169,189,22
169,189,22
169,189,22
169,189,22
169,189,22
169,189,22
169,189,22
169,189,22
169,169,22
169,169,22
169,169,22
169,169,22
169,169,22
169,169,22
169,169,22
169,169,22
169,169,22
169,169,22
169,169,22
169,169,22
169,169,22
169,169,22
169,169,22
169,169,22
169,169,22
169,169,22
169,169,22
169,169,22
169,169,22
169,169,22
169,169,22
169,169,22
169,169,22
169,169,22
169,169,22
169,169,22
169,169,22
169,169,22
169,169,22
169,169,22
169,169,22
169,169,22
169,169,22
169,169,22
169,169,22
169,161,22
169,161,22
169,161,22
169,161,22
169,161,22
169,161,22
169,161,22
169,161,22
169,161,22
169,161,22
169,161,22
169,161,22
169,161,22
169,161,22
169,161,22
169,161,22
169,161,22
169,161,22
169,161,22
169,161,22
169,161,22
169,161,22
169,161,22
169,161,22
169,161,22
169,161,22
169,161,22
169,161,22
169,161,22
169,161,22
169,161,22
169,161,22
169,161,22
169,161,22
169,136,22
169,136,22
169,136,22
169,136,22
169,136,22
169,136,22
169,168,22
169,168,22
169,168,22
169,168,22
169,168,22
169,168,22
169,168,22
169,173,22
169,173,22
169,173,22
169,173,22
169,173,22
169,173,22
169,173,22
169,173,22
169,134,22
169,134,22
169,134,22
169,134,22
169,134,22
169,134,22
169,134,22
169,134,22
169,134,22
169,134,22
169,134,22
169,134,22
169,134,22
169,134,22
169,134,22
169,134,22
169,134,22
169,134,22
169,134,22
169,134,22
169,134,22
169,134,22
169,134,22
169,134,22
169,134,22
169,134,22
169,134,22
169,134,22
169,134,22
169,134,22
169,134,22
169,134,22
169,134,22
169,134,22
169,134,22
169,134,22
169,134,22
169,134,22
169,134,22
169,134,22
169,134,22
169,134,22
169,155,22
169,155,22
169,155,22
169,155,22
169,155,22
169,155,22
169,155,22
169,155,22
169,155,22
169,155,22
169,155,22
169,155,22
169,155,22
169,155,22
169,155,22
169,155,22
169,155,22
169,155,22
169,155,22
169,155,22
169,155,22
169,155,22
169,155,22
169,155,22
169,155,22
169,155,22
169,155,22
169,153,22
169,153,22
169,153,22
169,153,22
169,153,22
169,153,22
169,153,22
169,153,22
169,153,22
169,153,22
169,155,22
169,155,22
169,155,22
169,155,22
169,155,22
169,155,22
169,155,22
169,155,22
169,155,22
169,155,22
169,155,22
169,155,22
169,155,22
169,155,22
169,155,22
169,155,22
169,155,22
169,155,22
169,155,22
169,155,22
169,155,22
169,155,22
169,155,22
169,155,22
169,155,22
169,155,22
169,155,22
169,155,22
169,155,22
169,155,22
169,155,22
169,155,22
169,155,22
169,155,22
169,155,22
169,155,22
169,155,22
169,155,22
169,155,22
169,155,22
169,155,22
169,155,22
169,155,22
169,155,22
169,155,22
169,155,22
169,155,22
169,155,22
169,155,22
169,155,22
169,155,22
169,155,22
169,155,22
169,167,22
169,167,22
169,167,22
169,167,22
169,167,22
169,167,22
169,167,22
169,167,22
169,167,22
169,167,22
169,167,22
169,167,22
169,167,22
169,167,22
169,167,22
169,167,22
169,167,22
169,167,22
169,167,22
169,167,22
169,167,22
169,167,22
169,167,22
169,167,22
169,167,22
169,167,22
169,167,22
169,167,22
169,167,22
169,167,22
169,167,22
169,167,22
169,167,22
169,167,22
169,167,22
169,167,22
169,167,22
169,167,22
169,167,22
169,169,22
169,169,22
169,169,22
169,169,22
169,169,22
169,169,22
169,169,22
169,169,22
169,169,22
169,169,22
169,169,22
169,169,22
169,169,22
169,169,22
169,169,22
169,201,22
169,201,22
169,201,22
169,201,22
169,201,22
169,201,22
169,201,22
169,201,22
169,201,22
169,201,22
169,201,22
169,201,22
169,201,22
169,201,22
169,201,22
169,201,22
169,201,22
169,201,22
169,201,22
169,201,22
169,201,22
169,201,22
169,201,22
169,201,22
169,201,22
169,201,22
169,201,22
169,201,22
169,201,22
169,201,22
169,201,22
169,187,22
169,187,22
169,187,22
169,187,22
169,187,22
169,187,22
169,187,22
169,187,22
169,187,22
194,180,22
194,180,22
194,180,22
194,180,22
194,180,22
194,180,22
194,180,22
194,180,22
194,180,22
194,180,22
194,180,22
194,180,22
194,180,22
194,180,22
194,180,22
194,180,22
194,180,22
194,180,22
194,180,22
194,180,22
194,180,22
194,180,22
194,180,22
194,180,22
194,180,22
194,180,22
194,180,22
194,180,22
194,180,22
194,180,22
194,180,22
194,180,22
194,180,22
194,180,22
194,180,22
194,180,22
194,163,22
194,163,22
194,163,22
194,163,22
194,163,22
194,163,22
194,163,22
194,163,22
194,163,22
194,163,22
194,163,22
194,221,22
194,221,22
194,221,22
194,221,22
194,221,22
194,221,22
194,221,22
194,221,22
194,221,22
194,221,22
194,221,22
194,221,22
194,221,22
194,221,22
194,221,22
194,190,22
194,190,22
194,190,22
194,190,22
194,190,22
194,190,22
194,190,22
194,160,22
194,160,22
194,160,22
194,160,22
194,160,22
194,160,22
194,178,22
194,178,22
194,178,22
194,178,22
194,178,22
194,178,22
194,178,22
194,178,22
194,207,22
194,207,22
194,207,22
194,207,22
194,207,22
194,207,22
194,207,22
194,207,22
194,207,22
194,207,22
194,207,22
194,207,22
194,207,22
194,207,22
194,207,22
194,192,22
194,192,22
194,192,22
194,192,22
194,192,22
194,192,22
194,192,22
194,192,22
194,192,22
194,170,22
194,170,22
194,170,22
194,170,22
194,170,22
194,170,22
194,170,22
194,170,22
194,208,22
194,208,22
194,208,22
194,208,22
194,208,22
194,208,22
194,208,22
194,208,22
194,208,22
194,208,22
194,208,22
194,208,22
194,208,22
194,208,22
194,208,22
194,208,22
194,208,22
194,208,22
194,189,22
194,189,22
194,189,22
194,189,22
194,189,22
194,189,22
194,189,22
194,189,22
194,189,22
194,189,22
194,189,22
194,189,22
194,189,22
194,189,22
194,189,22
194,189,22
194,189,22
194,189,22
194,189,22
194,189,22
194,189,22
194,189,22
194,189,22
194,189,22
194,189,22
194,189,22
194,189,22
194,189,22
194,189,22
194,189,22
194,189,22
194,189,22
194,189,22
194,189,22
194,189,22
194,189,22
194,189,22
194,183,22
194,183,22
194,183,22
194,183,22
194,183,22
194,183,22
194,183,22
194,183,22
194,183,22
194,183,22
194,183,22
194,183,22
194,183,22
194,183,22
194,183,22
194,183,22
194,183,22
194,183,22
194,183,22
194,183,22
194,183,22
194,183,22
194,183,22
194,183,22
194,183,22
194,183,22
194,183,22
194,166,22
194,166,22
194,166,22
194,166,22
194,166,22
194,166,22
194,166,22
194,166,22
194,166,22
194,166,22
194,205,22
194,205,22
194,205,22
194,205,22
194,205,22
194,205,22
194,205,22
194,205,22
194,205,22
194,205,22
194,205,22
194,205,22
194,205,22
194,205,22
194,205,22
194,205,22
194,205,22
194,205,22
194,205,22
194,205,22
194,205,22
194,205,22
194,205,22
194,205,22
194,205,22
194,205,22
194,205,22
194,205,22
194,205,22
194,205,22
194,205,22
194,205,22
194,205,22
194,205,22
194,205,22
194,205,22
194,205,22
194,205,22
194,205,22
194,205,22
194,205,22
194,205,22
194,205,22
194,205,22
194,205,22
194,205,22
194,212,22
194,212,22
194,212,22
194,212,22
194,212,22
194,212,22
194,212,22
194,212,22
194,212,22
194,212,22
194,212,22
194,212,22
194,212,22
194,212,22
194,212,22
194,212,22
194,212,22
194,212,22
194,212,22
194,212,22
194,212,22
194,212,22
194,212,22
194,212,22
194,212,22
194,212,22
194,212,22
194,212,22
194,212,22
194,212,22
194,171,22
194,171,22
194,171,22
194,171,22
194,171,22
194,171,22
194,171,22
194,171,22
194,171,22
194,171,22
194,171,22
194,171,22
194,171,22
194,171,22
194,171,22
194,171,22
194,171,22
194,171,22
194,171,22
194,171,22
194,171,22
194,171,22
194,171,22
194,171,22
194,171,22
194,171,22
194,171,22
194,171,22
194,171,22
194,171,22
194,171,22
194,171,22
194,171,22
194,171,22
194,171,22
194,171,22
194,171,22
194,171,22
194,171,22
194,171,22
194,171,22
194,171,22
194,171,22
194,171,22
194,187,22
194,187,22
194,187,22
194,187,22
194,187,22
194,187,22
194,187,22
194,187,22
194,187,22
194,187,22
194,187,22
194,188,22
194,188,22
194,188,22
194,188,22
194,188,22
194,188,22
194,188,22
194,197,22
194,197,22
194,197,22
194,197,22
194,197,22
194,197,22
194,197,22
194,197,22
194,197,22
194,197,22
194,197,22
194,170,22
194,170,22
194,170,22
194,170,22
194,170,22
194,170,22
194,170,22
194,170,22
194,170,22
194,170,22
194,170,22
194,170,22
194,170,22
194,170,22
194,170,22
194,170,22
194,170,22
194,170,22
194,170,22
194,170,22
194,170,22
194,170,22
194,170,22
194,238,22
194,238,22
194,238,22
194,238,22
194,238,22
194,238,22
194,238,22
194,238,22
194,238,22
194,238,22
194,238,22
194,238,22
194,238,22
194,238,22
194,238,22
194,238,22
194,238,22
194,238,22
194,238,22
194,238,22
194,238,22
194,238,22
194,238,22
219,200,22
219,200,22
219,200,22
219,200,22
219,200,22
219,200,22
219,200,22
219,200,22
219,200,22
219,200,22
219,200,22
219,200,22
219,200,22
219,200,22
219,200,22
219,200,22
219,200,22
219,200,22
219,200,22
219,200,22
219,200,22
219,200,22
219,200,22
219,200,22
219,200,22
219,200,22
219,200,22
219,200,22
219,200,22
219,200,22
219,200,22
219,200,22
219,200,22
219,200,22
219,200,22
219,200,22
219,200,22
219,200,22
219,200,22
219,227,22
219,227,22
219,227,22
219,227,22
219,227,22
219,227,22
219,227,22
219,227,22
219,227,22
219,227,22
219,227,22
219,227,22
219,227,22
219,227,22
219,227,22
219,227,22
219,227,22
219,215,22
219,215,22
219,215,22
219,215,22
219,215,22
219,215,22
219,215,22
219,215,22
219,215,22
219,215,22
219,215,22
219,215,22
219,215,22
219,215,22
219,215,22
219,215,22
219,215,22
219,215,22
219,215,22
219,229,22
219,229,22
219,229,22
219,229,22
219,229,22
219,229,22
219,229,22
219,229,22
219,229,22
219,229,22
219,229,22
219,229,22
219,168,22
219,168,22
219,168,22
219,168,22
219,168,22
219,168,22
219,168,22
219,168,22
219,168,22
219,210,22
219,210,22
219,210,22
219,210,22
219,210,22
219,210,22
219,276,22
219,276,22
219,276,22
219,276,22
219,276,22
219,276,22
219,276,22
219,276,22
219,276,22
219,276,22
219,276,22
219,276,22
219,276,22
219,276,22
219,227,22
219,227,22
219,227,22
219,227,22
219,227,22
219,227,22
219,227,22
219,227,22
219,227,22
219,227,22
219,227,22
219,227,22
219,241,22
219,241,22
219,241,22
219,241,22
219,241,22
219,241,22
219,241,22
219,241,22
219,241,22
219,241,22
219,241,22
219,241,22
219,241,22
219,241,22
219,241,22
219,241,22
219,241,22
219,241,22
219,241,22
219,241,22
219,241,22
219,241,22
219,241,22
219,241,22
219,241,22
219,241,22
219,241,22
219,241,22
219,241,22
219,241,22
219,241,22
219,241,22
219,241,22
219,241,22
219,241,22
219,241,22
219,241,22
219,241,22
219,241,22
219,241,22
219,226,22
219,226,22
219,226,22
219,226,22
219,226,22
219,226,22
219,226,22
219,226,22
219,226,22
219,226,22
219,226,22
219,226,22
219,211,22
219,211,22
219,211,22
219,211,22
219,211,22
219,211,22
219,211,22
219,211,22
219,211,22
219,211,22
219,211,22
219,211,22
219,211,22
219,211,22
219,211,22
219,211,22
219,211,22
219,211,22
219,211,22
219,211,22
219,211,22
219,211,22
219,211,22
219,238,22
219,238,22
219,238,22
219,238,22
219,238,22
219,238,22
219,238,22
219,238,22
219,238,22
219,238,22
219,238,22
219,238,22
219,238,22
219,238,22
219,238,22
219,238,22
219,238,22
219,235,22
219,235,22
219,235,22
219,235,22
219,235,22
219,235,22
219,235,22
219,235,22
219,235,22
219,235,22
219,235,22
219,235,22
219,235,22
219,235,22
219,235,22
219,235,22
219,235,22
219,235,22
219,235,22
219,235,22
219,235,22
219,235,22
219,235,22
219,235,22
219,235,22
219,235,22
219,235,22
219,235,22
219,211,22
219,211,22
219,211,22
219,211,22
219,211,22
219,211,22
219,211,22
219,211,22
219,211,22
219,211,22
219,211,22
219,211,22
219,211,22
219,211,22
219,211,22
219,211,22
219,211,22
219,211,22
219,211,22
219,211,22
219,211,22
219,215,22
219,215,22
219,215,22
219,215,22
219,215,22
219,215,22
219,215,22
219,215,22
219,215,22
219,215,22
219,215,22
219,215,22
219,215,22
219,215,22
219,234,22
219,234,22
219,234,22
219,234,22
219,234,22
219,234,22
219,234,22
219,234,22
219,234,22
219,234,22
219,201,22
219,201,22
219,201,22
219,201,22
219,201,22
219,201,22
219,201,22
219,201,22
219,201,22
219,201,22
219,201,22
219,201,22
219,201,22
219,201,22
219,201,22
219,201,22
219,201,22
219,201,22
219,200,22
219,200,22
219,200,22
219,200,22
219,200,22
219,200,22
219,200,22
219,200,22
219,200,22
219,200,22
219,200,22
219,200,22
219,200,22
219,200,22
219,200,22
219,200,22
219,200,22
219,200,22
219,200,22
219,200,22
219,200,22
219,200,22
219,200,22
219,200,22
219,200,22
219,200,22
219,200,22
219,200,22
219,200,22
219,200,22
219,200,22
219,200,22
219,200,22
219,200,22
219,200,22
219,200,22
219,200,22
219,200,22
219,200,22
219,200,22
219,200,22
219,200,22
219,200,22
219,200,22
219,200,22
219,245,22
219,245,22
219,245,22
219,245,22
219,245,22
219,245,22
219,245,22
219,245,22
219,245,22
219,245,22
219,245,22
219,245,22
219,245,22
219,245,22
219,245,22
219,245,22
219,245,22
219,245,22
219,245,22
219,245,22
219,245,22
219,245,22
219,245,22
219,245,22
219,245,22
219,245,22
219,245,22
219,245,22
219,245,22
219,244,22
219,244,22
219,244,22
219,244,22
219,244,22
219,244,22
219,244,22
219,244,22
219,244,22
219,244,22
219,244,22
219,244,22
219,244,22
219,244,22
219,244,22
219,244,22
219,244,22
219,244,22
219,244,22
219,244,22
219,244,22
219,244,22
219,244,22
219,244,22
219,215,22
219,215,22
219,215,22
219,215,22
219,215,22
219,215,22
219,215,22
219,215,22
219,215,22
219,215,22
219,215,22
219,215,22
219,215,22
219,215,22
219,215,22
219,215,22
219,215,22
219,215,22
219,215,22
219,215,22
219,215,22
219,215,22
219,215,22
219,215,22
219,215,22
219,215,22
219,215,22
219,215,22
219,215,22
219,215,22
219,215,22
219,215,22
219,215,22
219,215,22
219,215,22
219,215,22
219,215,22
219,215,22
219,215,22
219,215,22
219,215,22
219,215,22
219,215,22
219,215,22
219,215,22
219,215,22
219,253,22
219,253,22
219,253,22
219,253,22
219,253,22
219,253,22
219,253,22
219,253,22
219,253,22
219,253,22
219,253,22
219,253,22
219,238,22
219,238,22
219,238,22
219,238,22
219,238,22
219,238,22
219,238,22
204,213,22
204,213,22
204,213,22
204,213,22
204,213,22
204,213,22
204,213,22
204,213,22
204,213,22
204,213,22
204,213,22
204,213,22
204,213,22
204,213,22
204,213,22
204,213,22
204,213,22
204,213,22
204,213,22
204,213,22
204,213,22
204,213,22
204,213,22
204,213,22
204,213,22
204,213,22
204,213,22
204,213,22
204,213,22
204,213,22
204,213,22
204,213,22
204,213,22
204,192,22
204,192,22
204,192,22
204,192,22
204,192,22
204,192,22
204,183,22
204,183,22
204,183,22
204,183,22
204,183,22
204,183,22
204,183,22
204,183,22
204,183,22
204,183,22
204,183,22
204,183,22
204,183,22
204,183,22
204,183,22
204,183,22
204,183,22
204,183,22
204,183,22
204,183,22
204,183,22
204,183,22
204,183,22
204,183,22
204,183,22
204,183,22
204,242,22
204,242,22
204,242,22
204,242,22
204,242,22
204,242,22
204,242,22
204,242,22
204,242,22
204,242,22
204,221,22
204,221,22
204,221,22
204,221,22
204,221,22
204,221,22
204,221,22
204,221,22
204,221,22
204,221,22
204,221,22
204,221,22
204,221,22
204,221,22
204,221,22
204,221,22
204,221,22
204,221,22
204,221,22
204,221,22
204,221,22
204,221,22
204,221,22
204,221,22
204,221,22
204,221,22
204,221,22
204,225,22
204,225,22
204,225,22
204,225,22
204,225,22
204,225,22
204,225,22
204,225,22
204,213,22
204,213,22
204,213,22
204,213,22
204,213,22
204,213,22
204,213,22
204,213,22
204,213,22
204,213,22
204,213,22
204,213,22
204,213,22
204,213,22
204,213,22
204,223,22
204,223,22
204,223,22
204,223,22
204,223,22
204,223,22
204,223,22
204,223,22
204,223,22
204,223,22
204,223,22
204,223,22
204,223,22
204,223,22
204,223,22
204,223,22
204,216,22
204,216,22
204,216,22
204,216,22
204,216,22
204,216,22
204,216,22
204,216,22
204,216,22
204,216,22
204,216,22
204,216,22
204,216,22
204,208,22
204,208,22
204,208,22
204,208,22
204,208,22
204,208,22
204,208,22
204,200,22
204,200,22
204,200,22
204,200,22
204,200,22
204,200,22
204,200,22
204,200,22
204,200,22
204,200,22
204,200,22
204,200,22
204,200,22
204,200,22
204,200,22
204,200,22
204,200,22
204,183,22
204,183,22
204,183,22
204,183,22
204,183,22
204,183,22
204,183,22
204,183,22
204,183,22
204,183,22
204,183,22
204,183,22
204,183,22
204,183,22
204,183,22
204,189,22
204,189,22
204,189,22
204,189,22
204,189,22
204,189,22
204,189,22
204,189,22
204,189,22
204,189,22
204,189,22
204,189,22
204,189,22
204,189,22
204,189,22
204,189,22
204,189,22
204,189,22
204,189,22
204,189,22
204,189,22
204,189,22
204,189,22
204,189,22
204,189,22
204,189,22
204,189,22
204,189,22
204,189,22
204,189,22
204,189,22
204,189,22
204,189,22
204,189,22
204,189,22
204,189,22
204,203,22
204,203,22
204,203,22
204,203,22
204,203,22
204,203,22
204,203,22
204,203,22
204,203,22
204,203,22
204,203,22
204,203,22
204,203,22
204,203,22
204,203,22
204,203,22
204,203,22
204,203,22
204,203,22
179,160,22
179,160,22
179,160,22
179,160,22
179,160,22
179,160,22
179,160,22
179,160,22
179,160,22
179,160,22
179,160,22
179,160,22
179,160,22
179,160,22
179,160,22
179,160,22
179,160,22
179,160,22
179,160,22
179,197,22
179,197,22
179,197,22
179,197,22
179,197,22
179,197,22
179,204,22
179,204,22
179,204,22
179,204,22
179,204,22
179,204,22
179,204,22
179,204,22
179,204,22
179,204,22
179,204,22
179,204,22
179,204,22
179,204,22
179,204,22
179,204,22
179,204,22
179,204,22
179,175,22
179,175,22
179,175,22
179,175,22
179,175,22
179,175,22
179,175,22
179,175,22
179,175,22
179,175,22
179,175,22
179,175,22
179,175,22
179,175,22
179,175,22
179,175,22
179,175,22
179,175,22
179,175,22
179,175,22
179,175,22
179,175,22
179,175,22
179,175,22
179,175,22
179,175,22
179,175,22
179,175,22
179,175,22
179,175,22
179,155,22
179,155,22
179,155,22
179,155,22
179,155,22
179,155,22
179,155,22
179,155,22
179,155,22
179,155,22
179,155,22
179,155,22
179,155,22
179,155,22
179,155,22
179,155,22
179,144,22
179,144,22
179,144,22
179,144,22
179,144,22
179,144,22
179,174,22
179,174,22
179,174,22
179,174,22
179,174,22
179,174,22
179,174,22
179,174,22
179,174,22
179,174,22
179,174,22
179,174,22
179,174,22
179,174,22
179,174,22
179,174,22
179,174,22
179,174,22
179,174,22
179,174,22
179,174,22
179,174,22
179,174,22
179,174,22
179,174,22
179,174,22
179,174,22
179,174,22
179,174,22
179,174,22
179,174,22
179,174,22
179,207,22
179,207,22
179,207,22
179,207,22
179,207,22
179,207,22
179,207,22
179,207,22
179,207,22
179,207,22
179,207,22
179,207,22
179,207,22
179,207,22
179,207,22
179,207,22
179,207,22
179,207,22
179,207,22
179,207,22
179,207,22
179,207,22
179,207,22
179,207,22
179,207,22
179,207,22
179,207,22
179,207,22
179,207,22
179,207,22
179,207,22
179,207,22
179,207,22
179,207,22
179,207,22
179,207,22
179,207,22
179,207,22
179,207,22
179,207,22
179,207,22
179,207,22
179,207,22
179,207,22
179,143,22
179,143,22
179,143,22
179,143,22
179,143,22
179,143,22
179,143,22
179,143,22
179,143,22
179,143,22
179,185,22
179,185,22
179,185,22
179,185,22
179,185,22
179,185,22
179,185,22
179,185,22
179,185,22
179,185,22
179,185,22
179,185,22
179,185,22
179,185,22
179,185,22
179,195,22
179,195,22
179,195,22
179,195,22
179,195,22
179,195,22
179,157,22
179,157,22
179,157,22
179,157,22
179,157,22
179,157,22
179,157,22
179,157,22
179,157,22
179,157,22
179,157,22
179,157,22
179,157,22
179,157,22
179,157,22
179,157,22
179,157,22
179,157,22
179,157,22
179,157,22
179,157,22
179,157,22
179,157,22
179,157,22
179,157,22
179,157,22
179,157,22
179,157,22
179,157,22
179,157,22
179,157,22
179,157,22
179,157,22
179,157,22
179,157,22
179,179,22
179,179,22
179,179,22
179,179,22
179,179,22
179,179,22
179,179,22
179,179,22
179,179,22
179,179,22
179,179,22
179,179,22
179,179,22
179,179,22
179,179,22
179,179,22
179,179,22
179,179,22
179,179,22
179,179,22
179,179,22
179,179,22
179,163,22
179,163,22
179,163,22
179,163,22
179,163,22
179,163,22
179,163,22
179,163,22
179,163,22
179,163,22
179,163,22
179,163,22
179,163,22
179,163,22
179,163,22
179,163,22
179,163,22
179,163,22
179,163,22
179,163,22
179,163,22
179,163,22
179,163,22
179,182,22
179,182,22
179,182,22
179,182,22
179,182,22
179,182,22
179,182,22
179,182,22
179,183,22
179,183,22
179,183,22
179,183,22
179,183,22
179,183,22
179,183,22
179,183,22
179,183,22
179,183,22
179,183,22
179,183,22
179,183,22
179,183,22
179,183,22
179,172,22
179,172,22
179,172,22
179,172,22
179,172,22
179,172,22
179,172,22
179,172,22
179,172,22
179,172,22
179,172,22
179,172,22
179,172,22
179,172,22
179,172,22
179,172,22
179,172,22
179,172,22
179,172,22
179,172,22
179,172,22
179,172,22
179,172,22
179,172,22
179,172,22
179,177,22
179,177,22
179,177,22
179,177,22
179,177,22
179,177,22
179,177,22
179,177,22
179,177,22
204,232,22
204,232,22
204,232,22
204,232,22
204,232,22
204,232,22
204,232,22
204,232,22
204,232,22
204,232,22
204,232,22
204,232,22
204,232,22
204,232,22
204,232,22
204,189,22
204,189,22
204,189,22
204,189,22
204,189,22
204,189,22
204,189,22
204,189,22
204,189,22
204,189,22
204,189,22
204,189,22
204,189,22
204,218,22
204,218,22
204,218,22
204,218,22
204,218,22
204,218,22
204,218,22
204,218,22
204,218,22
204,218,22
204,218,22
204,210,22
204,210,22
204,210,22
204,210,22
204,210,22
204,210,22
204,210,22
204,196,22
204,196,22
204,196,22
204,196,22
204,196,22
204,196,22
204,196,22
204,196,22
204,196,22
204,196,22
204,196,22
204,196,22
204,196,22
204,196,22
204,196,22
204,196,22
204,196,22
204,196,22
204,196,22
204,215,22
204,215,22
204,215,22
204,215,22
204,215,22
204,215,22
204,215,22
204,215,22
204,215,22
204,215,22
204,215,22
204,215,22
204,215,22
204,215,22
204,215,22
204,215,22
204,215,22
204,215,22
204,215,22
204,215,22
204,215,22
204,215,22
204,215,22
204,215,22
204,215,22
204,215,22
204,215,22
204,215,22
204,215,22
204,215,22
204,215,22
204,215,22
204,215,22
204,215,22
204,215,22
204,215,22
204,215,22
204,215,22
204,215,22
204,215,22
204,215,22
204,215,22
204,215,22
204,215,22
204,215,22
204,215,22
204,215,22
204,215,22
204,185,22
204,185,22
204,185,22
204,185,22
204,185,22
204,185,22
204,185,22
204,185,22
204,208,22
204,208,22
204,208,22
204,208,22
204,208,22
204,208,22
204,208,22
204,208,22
204,208,22
204,208,22
204,208,22
204,208,22
204,208,22
204,208,22
204,208,22
204,208,22
204,208,22
204,208,22
204,208,22
204,208,22
204,208,22
204,208,22
204,208,22
204,208,22
204,208,22
204,208,22
204,208,22
204,208,22
204,208,22
204,208,22
204,208,22
204,208,22
204,208,22
204,208,22
204,208,22
204,208,22
204,208,22
204,208,22
204,208,22
204,208,22
204,208,22
204,208,22
204,208,22
204,208,22
204,208,22
204,208,22
204,208,22
204,208,22
204,208,22
204,193,22
204,193,22
204,193,22
204,193,22
204,193,22
204,193,22
204,193,22
204,193,22
204,193,22
204,193,22
204,193,22
204,224,22
204,224,22
204,224,22
204,224,22
204,224,22
204,224,22
204,224,22
204,224,22
204,224,22
204,224,22
204,224,22
204,224,22
204,224,22
204,224,22
204,214,22
204,214,22
204,214,22
204,214,22
204,214,22
204,214,22
204,214,22
204,214,22
204,214,22
204,214,22
204,214,22
204,214,22
204,214,22
204,214,22
204,214,22
204,214,22
204,214,22
204,214,22
204,214,22
204,214,22
204,214,22
204,214,22
204,214,22
204,214,22
204,214,22
204,214,22
204,214,22
204,214,22
204,214,22
204,214,22
204,214,22
204,214,22
204,214,22
204,214,22
204,214,22
204,214,22
204,214,22
204,214,22
204,214,22
204,214,22
204,214,22
204,214,22
204,214,22
204,214,22
204,214,22
204,237,22
204,237,22
204,237,22
204,237,22
204,237,22
204,237,22
204,237,22
204,237,22
204,237,22
204,237,22
204,237,22
204,237,22
204,237,22
204,237,22
204,179,22
204,179,22
204,179,22
204,179,22
204,179,22
204,179,22
204,179,22
204,179,22
204,179,22
204,179,22
204,179,22
204,179,22
204,204,22
204,204,22
204,204,22
204,204,22
204,204,22
204,204,22
204,204,22
204,204,22
204,204,22
204,206,22
204,206,22
204,206,22
204,206,22
204,206,22
204,206,22
204,206,22
204,206,22
204,206,22
204,206,22
204,206,22
204,206,22
204,206,22
204,206,22
204,206,22
204,206,22
204,206,22
204,206,22
204,206,22
204,206,22
204,206,22
204,206,22
204,206,22
204,206,22
204,206,22
204,241,22
204,241,22
204,241,22
204,241,22
204,241,22
204,241,22
204,241,22
204,241,22
204,241,22
204,241,22
204,241,22
204,241,22
204,241,22
204,241,22
204,241,22
204,241,22
204,241,22
204,241,22
204,241,22
204,241,22
204,241,22
204,241,22
204,241,22
204,241,22
204,241,22
204,241,22
204,241,22
204,241,22
204,241,22
204,241,22
204,198,22
204,198,22
204,198,22
204,198,22
204,198,22
204,198,22
204,198,22
204,198,22
204,198,22
204,198,22
204,198,22
204,209,22
204,209,22
204,209,22
204,209,22
204,209,22
204,209,22
204,209,22
204,209,22
204,209,22
204,209,22
204,207,22
204,207,22
204,207,22
204,207,22
204,207,22
204,207,22
204,207,22
204,207,22
204,207,22
204,207,22
204,207,22
204,207,22
204,207,22
204,207,22
204,207,22
204,207,22
204,207,22
204,207,22
204,207,22
204,242,22
204,242,22
204,242,22
204,242,22
204,242,22
204,242,22
204,242,22
204,242,22
204,242,22
204,242,22
204,242,22
204,242,22
204,242,22
204,242,22
204,242,22
204,242,22
204,242,22
204,242,22
204,242,22
204,242,22
204,242,22
204,242,22
204,242,22
204,242,22
204,242,22
204,242,22
204,242,22
204,242,22
204,242,22
204,242,22
204,242,22
204,242,22
204,242,22
204,242,22
204,242,22
204,242,22
204,242,22
204,242,22
204,242,22
204,242,22
204,242,22
204,242,22
204,242,22
204,242,22
204,242,22
204,242,22
204,242,22
204,242,22
204,242,22
204,183,22
204,183,22
204,183,22
204,183,22
204,183,22
204,183,22
204,183,22
204,207,22
204,207,22
204,207,22
204,207,22
204,207,22
204,207,22
204,207,22
204,207,22
204,207,22
204,207,22
204,207,22
204,207,22
204,207,22
204,207,22
204,207,22
204,207,22
204,207,22
204,221,22
204,221,22
204,221,22
204,221,22
204,221,22
204,221,22
204,221,22
204,221,22
204,221,22
204,221,22
204,221,22
204,221,22
204,221,22
204,221,22
204,221,22
204,221,22
204,221,22
204,221,22
204,221,22
204,221,22
204,221,22
204,221,22
204,221,22
204,221,22
204,221,22
204,221,22
204,221,22
204,221,22
204,221,22
204,219,22
204,219,22
204,219,22
204,219,22
204,219,22
204,219,22
204,219,22
204,219,22
204,219,22
204,219,22
204,219,22
204,219,22
204,219,22
204,219,22
204,219,22
204,219,22
204,219,22
204,219,22
204,219,22
204,219,22
204,219,22
204,219,22
204,219,22
204,219,22
204,219,22
204,219,22
204,219,22
204,219,22
204,219,22
204,219,22
204,212,22
204,212,22
204,212,22
204,212,22
204,212,22
204,212,22
204,236,22
204,236,22
204,236,22
204,236,22
204,236,22
204,236,22
204,236,22
204,236,22
204,236,22
204,236,22
204,236,22
204,236,22
204,236,22
219,232,22
219,232,22
219,232,22
219,232,22
219,232,22
219,232,22
219,232,22
219,232,22
219,232,22
219,232,22
219,232,22
219,232,22
219,232,22
219,232,22
219,232,22
219,232,22
219,232,22
219,232,22
219,232,22
219,232,22
219,232,22
219,232,22
219,232,22
219,232,22
219,232,22
219,232,22
219,232,22
219,232,22
219,232,22
219,232,22
219,232,22
219,232,22
219,232,22
219,232,22
219,232,22
219,232,22
219,232,22
219,232,22
219,232,22
219,232,22
219,232,22
219,200,22
219,200,22
219,200,22
219,200,22
219,200,22
219,200,22
219,200,22
219,231,22
219,231,22
219,231,22
219,231,22
219,231,22
219,231,22
219,231,22
219,231,22
219,231,22
219,231,22
219,231,22
219,231,22
219,231,22
219,231,22
219,225,22
219,225,22
219,225,22
219,225,22
219,225,22
219,225,22
219,225,22
219,225,22
219,225,22
219,225,22
219,225,22
219,225,22
219,196,22
219,196,22
219,196,22
219,196,22
219,196,22
219,196,22
219,205,22
219,205,22
219,205,22
219,205,22
219,205,22
219,205,22
219,205,22
219,205,22
219,205,22
219,205,22
219,205,22
219,205,22
219,205,22
219,205,22
219,205,22
219,205,22
219,205,22
219,205,22
219,205,22
219,205,22
219,205,22
219,205,22
219,205,22
219,205,22
219,205,22
219,205,22
219,205,22
219,205,22
219,205,22
219,205,22
219,205,22
219,205,22
219,205,22
219,205,22
219,205,22
219,205,22
219,205,22
219,205,22
219,205,22
219,205,22
219,205,22
219,205,22
219,205,22
219,205,22
219,205,22
219,205,22
219,205,22
219,205,22
219,205,22
219,205,22
219,205,22
219,205,22
219,205,22
219,205,22
219,205,22
219,205,22
219,205,22
219,205,22
219,205,22
219,205,22
219,223,22
219,223,22
219,223,22
219,223,22
219,223,22
219,223,22
219,223,22
219,223,22
219,223,22
219,223,22
219,223,22
219,223,22
219,223,22
219,223,22
219,223,22
219,223,22
219,223,22
219,223,22
219,223,22
219,223,22
219,223,22
219,223,22
219,223,22
219,223,22
219,223,22
219,223,22
219,223,22
219,223,22
219,223,22
219,223,22
219,223,22
219,223,22
219,223,22
219,223,22
219,223,22
219,223,22
219,223,22
219,223,22
219,223,22
219,223,22
219,223,22
219,223,22
219,223,22
219,223,22
219,223,22
219,223,22
219,223,22
219,223,22
219,223,22
219,223,22
219,223,22
219,223,22
219,223,22
219,223,22
219,215,22
219,215,22
219,215,22
219,215,22
219,215,22
219,215,22
219,215,22
219,215,22
219,215,22
219,215,22
219,215,22
219,215,22
219,215,22
219,215,22
219,215,22
219,215,22
219,215,22
219,215,22
219,215,22
219,215,22
219,215,22
219,215,22
219,215,22
219,213,22
219,213,22
219,213,22
219,213,22
219,213,22
219,213,22
219,213,22
219,213,22
219,213,22
219,213,22
219,213,22
219,213,22
219,213,22
219,213,22
219,213,22
219,213,22
219,213,22
219,213,22
219,213,22
219,213,22
219,213,22
219,213,22
219,213,22
219,213,22
219,213,22
219,213,22
219,213,22
219,213,22
219,213,22
219,213,22
219,213,22
219,213,22
219,213,22
219,213,22
219,213,22
219,213,22
219,213,22
219,207,22
219,207,22
219,207,22
219,207,22
219,207,22
219,207,22
219,207,22
219,207,22
219,160,22
219,160,22
219,160,22
219,160,22
219,160,22
219,160,22
219,160,22
219,160,22
219,160,22
219,160,22
219,160,22
219,160,22
219,160,22
219,230,22
219,230,22
219,230,22
219,230,22
219,230,22
219,230,22
219,230,22
219,230,22
219,230,22
219,230,22
219,230,22
219,230,22
219,230,22
219,230,22
234,241,22
234,241,22
234,241,22
234,241,22
234,241,22
234,241,22
234,264,22
234,264,22
234,264,22
234,264,22
234,264,22
234,264,22
234,264,22
234,264,22
234,264,22
234,264,22
234,264,22
234,264,22
234,223,22
234,223,22
234,223,22
234,223,22
234,223,22
234,223,22
234,223,22
234,223,22
234,223,22
234,223,22
234,223,22
234,222,22
234,222,22
234,222,22
234,222,22
234,222,22
234,222,22
234,219,22
234,219,22
234,219,22
234,219,22
234,219,22
234,219,22
234,219,22
234,219,22
234,219,22
234,219,22
234,219,22
234,219,22
234,219,22
234,219,22
234,244,22
234,244,22
234,244,22
234,244,22
234,244,22
234,244,22
234,244,22
234,244,22
234,216,22
234,216,22
234,216,22
234,216,22
234,216,22
234,216,22
234,216,22
234,216,22
234,216,22
234,216,22
234,216,22
234,216,22
234,216,22
234,216,22
234,216,22
234,216,22
234,216,22
234,216,22
234,216,22
234,216,22
234,216,22
234,216,22
234,216,22
234,216,22
234,216,22
234,216,22
234,216,22
234,216,22
234,216,22
234,216,22
234,216,22
234,252,22
234,252,22
234,252,22
234,252,22
234,252,22
234,252,22
234,252,22
234,252,22
234,252,22
234,252,22
234,252,22
234,252,22
234,252,22
234,252,22
234,252,22
234,252,22
234,252,22
234,252,22
234,252,22
234,252,22
234,252,22
234,252,22
234,252,22
234,252,22
234,252,22
234,252,22
234,252,22
234,249,22
234,249,22
234,249,22
234,249,22
234,249,22
234,249,22
234,249,22
234,249,22
234,249,22
234,249,22
234,249,22
234,249,22
234,249,22
234,249,22
234,234,22
234,234,22
234,234,22
234,234,22
234,234,22
234,234,22
234,234,22
234,234,22
234,234,22
234,234,22
234,234,22
234,234,22
234,234,22
234,234,22
234,234,22
234,234,22
234,234,22
234,234,22
234,234,22
234,234,22
234,234,22
234,234,22
234,234,22
234,234,22
234,234,22
234,234,22
234,234,22
234,234,22
234,234,22
234,234,22
234,234,22
234,234,22
234,236,22
234,236,22
234,236,22
234,236,22
234,236,22
234,236,22
234,236,22
234,236,22
234,219,22
234,219,22
234,219,22
234,219,22
234,219,22
234,219,22
234,219,22
234,219,22
234,274,22
234,274,22
234,274,22
234,274,22
234,274,22
234,274,22
234,274,22
234,274,22
234,274,22
234,274,22
234,274,22
234,274,22
234,274,22
234,274,22
234,274,22
234,274,22
234,274,22
234,274,22
234,274,22
234,251,22
234,251,22
234,251,22
234,251,22
234,251,22
234,251,22
234,251,22
234,207,22
234,207,22
234,207,22
234,207,22
234,207,22
234,207,22
234,207,22
234,207,22
234,207,22
234,207,22
234,207,22
234,207,22
234,207,22
234,207,22
234,207,22
234,207,22
234,207,22
234,207,22
234,207,22
234,207,22
234,207,22
234,207,22
234,207,22
234,207,22
234,207,22
234,207,22
234,207,22
234,207,22
234,207,22
234,207,22
234,207,22
234,207,22
234,207,22
234,207,22
234,207,22
234,207,22
234,207,22
234,207,22
234,207,22
234,207,22
234,207,22
234,207,22
234,207,22
209,188,22
209,188,22
209,188,22
209,188,22
209,188,22
209,188,22
209,211,22
209,211,22
209,211,22
209,211,22
209,211,22
209,211,22
209,211,22
209,211,22
209,211,22
209,211,22
209,211,22
209,211,22
209,211,22
209,211,22
209,211,22
209,211,22
209,211,22
209,211,22
209,211,22
209,211,22
209,211,22
209,195,22
209,195,22
209,195,22
209,195,22
209,195,22
209,195,22
209,195,22
209,195,22
209,195,22
209,195,22
209,195,22
209,195,22
209,195,22
209,195,22
209,195,22
209,195,22
209,195,22
209,195,22
209,195,22
209,195,22
209,195,22
209,195,22
209,195,22
209,195,22
209,195,22
209,195,22
209,195,22
209,195,22
209,195,22
209,195,22
209,195,22
209,195,22
209,195,22
209,195,22
209,195,22
209,195,22
209,195,22
209,195,22
209,195,22
209,195,22
209,195,22
209,195,22
209,195,22
209,195,22
209,195,22
209,195,22
209,194,22
209,194,22
209,194,22
209,194,22
209,194,22
209,194,22
209,194,22
209,194,22
209,194,22
209,194,22
209,194,22
209,194,22
209,194,22
209,194,22
209,194,22
209,194,22
209,194,22
209,194,22
209,194,22
209,194,22
209,209,22
209,209,22
209,209,22
209,209,22
209,209,22
209,209,22
209,177,22
209,177,22
209,177,22
209,177,22
209,177,22
209,177,22
209,177,22
209,177,22
209,177,22
209,177,22
209,177,22
209,177,22
209,177,22
209,177,22
209,177,22
209,177,22
209,177,22
209,177,22
209,177,22
209,177,22
209,177,22
209,177,22
209,177,22
209,177,22
209,177,22
209,177,22
209,177,22
209,177,22
209,177,22
209,177,22
209,177,22
209,177,22
209,177,22
209,177,22
209,177,22
209,177,22
209,177,22
209,177,22
209,177,22
209,177,22
209,177,22
209,177,22
209,177,22
209,227,22
209,227,22
209,227,22
209,227,22
209,227,22
209,227,22
209,227,22
209,227,22
209,227,22
209,227,22
209,227,22
209,227,22
209,227,22
209,227,22
209,227,22
209,227,22
209,227,22
209,227,22
209,227,22
209,227,22
209,227,22
209,227,22
209,227,22
209,174,22
209,174,22
209,174,22
209,174,22
209,174,22
209,174,22
209,174,22
209,174,22
209,174,22
209,174,22
209,174,22
209,174,22
209,174,22
209,174,22
209,174,22
209,174,22
209,174,22
209,174,22
209,174,22
209,174,22
209,174,22
209,174,22
209,174,22
209,174,22
209,174,22
209,174,22
209,174,22
209,174,22
209,174,22
209,174,22
209,174,22
209,174,22
209,174,22
209,174,22
209,174,22
209,174,22
209,174,22
209,174,22
209,174,22
209,174,22
209,174,22
209,174,22
209,174,22
209,174,22
209,174,22
209,174,22
209,174,22
209,174,22
209,174,22
209,174,22
209,174,22
209,174,22
209,174,22
209,174,22
209,174,22
209,174,22
209,189,22
209,189,22
209,189,22
209,189,22
209,189,22
209,189,22
209,189,22
209,189,22
209,189,22
209,189,22
209,189,22
209,189,22
209,189,22
209,189,22
209,189,22
209,189,22
209,189,22
209,189,22
209,189,22
209,189,22
209,228,22
209,228,22
209,228,22
209,228,22
209,228,22
209,228,22
209,228,22
209,228,22
209,228,22
209,228,22
209,228,22
209,229,22
209,229,22
209,229,22
209,229,22
209,229,22
209,229,22
209,229,22
209,229,22
209,229,22
209,229,22
209,229,22
209,229,22
209,212,22
209,212,22
209,212,22
209,212,22
209,212,22
209,212,22
209,212,22
209,212,22
209,212,22
209,212,22
209,212,22
209,212,22
209,212,22
209,212,22
209,212,22
209,212,22
209,212,22
209,212,22
209,212,22
209,212,22
209,212,22
209,212,22
209,212,22
209,212,22
209,212,22
209,212,22
209,212,22
209,212,22
209,212,22
209,212,22
209,212,22
209,212,22
209,212,22
209,212,22
209,212,22
209,212,22
209,212,22
209,212,22
209,212,22
209,212,22
209,212,22
209,212,22
209,212,22
209,212,22
209,212,22
209,212,22
209,212,22
209,173,22
209,173,22
209,173,22
209,173,22
209,173,22
209,173,22
209,173,22
209,196,22
209,196,22
209,196,22
209,196,22
209,196,22
209,196,22
209,191,22
209,191,22
209,191,22
209,191,22
209,191,22
209,191,22
209,191,22
209,190,22
209,190,22
209,190,22
209,190,22
209,190,22
209,190,22
209,190,22
209,190,22
209,190,22
209,190,22
209,190,22
209,190,22
209,190,22
209,190,22
209,190,22
209,190,22
209,190,22
209,190,22
209,190,22
209,190,22
209,190,22
209,190,22
209,190,22
209,190,22
209,190,22
209,190,22
209,190,22
209,190,22
209,190,22
209,190,22
209,190,22
209,190,22
209,190,22
209,190,22
209,190,22
209,190,22
209,190,22
209,190,22
209,190,22
209,190,22
209,190,22
209,190,22
209,197,22
209,197,22
209,197,22
209,197,22
209,197,22
209,197,22
209,197,22
209,197,22
209,197,22
209,197,22
209,197,22
209,197,22
209,197,22
209,197,22
209,197,22
209,197,22
209,197,22
209,197,22
209,213,22
209,213,22
209,213,22
209,213,22
209,213,22
209,213,22
209,213,22
209,213,22
209,213,22
209,213,22
209,213,22
229,253,22
229,253,22
229,253,22
229,253,22
229,253,22
229,253,22
229,253,22
229,253,22
229,253,22
229,253,22
229,253,22
229,253,22
229,253,22
229,204,22
229,204,22
229,204,22
229,204,22
229,204,22
229,204,22
229,204,22
229,204,22
229,204,22
229,204,22
229,204,22
229,204,22
229,204,22
229,204,22
229,204,22
229,204,22
229,204,22
229,204,22
229,204,22
229,204,22
229,204,22
229,204,22
229,204,22
229,204,22
229,204,22
229,204,22
229,204,22
229,204,22
229,204,22
229,204,22
229,204,22
229,204,22
229,204,22
229,204,22
229,204,22
229,204,22
229,204,22
229,204,22
229,204,22
229,204,22
229,204,22
229,204,22
229,204,22
229,204,22
229,204,22
229,204,22
229,204,22
229,204,22
229,204,22
229,204,22
229,204,22
229,204,22
229,204,22
229,204,22
229,224,22
229,224,22
229,224,22
229,224,22
229,224,22
229,224,22
229,224,22
229,224,22
229,224,22
229,224,22
229,224,22
229,242,22
229,242,22
229,242,22
229,242,22
229,242,22
229,242,22
229,242,22
229,242,22
229,242,22
229,242,22
229,242,22
229,242,22
229,242,22
229,242,22
229,242,22
229,242,22
229,242,22
229,242,22
229,242,22
229,242,22
229,242,22
229,242,22
229,242,22
229,242,22
229,242,22
229,242,22
229,242,22
229,242,22
229,242,22
229,242,22
229,242,22
229,242,22
229,242,22
229,242,22
229,242,22
229,242,22
229,242,22
229,242,22
229,242,22
229,242,22
229,242,22
229,242,22
229,242,22
229,242,22
229,242,22
229,242,22
229,242,22
229,242,22
229,242,22
229,242,22
229,242,22
229,242,22
229,247,22
229,247,22
229,247,22
229,247,22
229,247,22
229,247,22
229,247,22
229,247,22
229,247,22
229,247,22
229,247,22
229,247,22
229,247,22
229,247,22
229,192,22
229,192,22
229,192,22
229,192,22
229,192,22
229,192,22
229,208,22
229,208,22
229,208,22
229,208,22
229,208,22
229,208,22
229,208,22
229,208,22
229,238,22
229,238,22
229,238,22
229,238,22
229,238,22
229,238,22
229,238,22
229,238,22
229,238,22
229,238,22
229,238,22
229,238,22
229,238,22
229,238,22
229,238,22
229,238,22
229,238,22
229,226,22
229,226,22
229,226,22
229,226,22
229,226,22
229,226,22
229,226,22
229,226,22
229,226,22
229,226,22
229,226,22
229,226,22
229,226,22
229,226,22
229,226,22
229,226,22
229,226,22
229,226,22
229,226,22
229,226,22
229,226,22
229,226,22
229,226,22
229,226,22
229,226,22
229,226,22
229,272,22
229,272,22
229,272,22
229,272,22
229,272,22
229,272,22
229,272,22
229,272,22
229,272,22
229,272,22
229,272,22
229,272,22
229,272,22
229,272,22
229,272,22
229,272,22
229,272,22
229,272,22
229,272,22
229,272,22
229,272,22
229,272,22
229,272,22
229,272,22
229,272,22
229,272,22
229,272,22
229,272,22
229,221,22
229,221,22
229,221,22
229,221,22
229,221,22
229,221,22
229,221,22
229,221,22
229,221,22
229,221,22
229,221,22
229,221,22
229,221,22
229,221,22
229,221,22
229,221,22
229,221,22
229,221,22
229,221,22
229,221,22
229,221,22
229,221,22
229,221,22
229,221,22
229,182,22
229,182,22
229,182,22
229,182,22
229,182,22
229,182,22
229,182,22
229,182,22
229,182,22
229,182,22
229,182,22
229,182,22
229,182,22
229,182,22
229,228,22
229,228,22
229,228,22
229,228,22
229,228,22
229,228,22
229,228,22
229,228,22
229,228,22
229,228,22
229,228,22
229,228,22
229,228,22
229,228,22
229,228,22
229,228,22
229,228,22
229,228,22
229,228,22
229,228,22
229,228,22
229,228,22
229,228,22
229,228,22
229,228,22
229,228,22
229,228,22
229,228,22
229,228,22
229,228,22
229,228,22
229,228,22
229,228,22
229,228,22
229,228,22
229,228,22
229,228,22
229,228,22
229,228,22
229,227,22
229,227,22
229,227,22
229,227,22
229,227,22
229,227,22
229,227,22
229,227,22
229,227,22
229,227,22
229,227,22
229,227,22
229,266,22
229,266,22
229,266,22
229,266,22
229,266,22
229,266,22
229,266,22
229,266,22
229,266,22
229,266,22
229,266,22
229,266,22
229,266,22
229,266,22
229,266,22
229,266,22
229,266,22
229,266,22
229,266,22
229,266,22
229,266,22
229,266,22
229,266,22
229,266,22
229,266,22
229,266,22
229,266,22
229,266,22
229,266,22
254,257,22
254,257,22
254,257,22
254,257,22
254,257,22
254,257,22
254,257,22
254,257,22
254,257,22
254,257,22
254,257,22
254,257,22
254,220,22
254,220,22
254,220,22
254,220,22
254,220,22
254,220,22
254,220,22
254,220,22
254,220,22
254,220,22
254,220,22
254,220,22
254,220,22
254,220,22
254,220,22
254,220,22
254,220,22
254,220,22
254,220,22
254,220,22
254,220,22
254,220,22
254,220,22
254,220,22
254,220,22
254,220,22
254,220,22
254,220,22
254,220,22
254,220,22
254,249,22
254,249,22
254,249,22
254,249,22
254,249,22
254,249,22
254,249,22
254,249,22
254,249,22
254,249,22
254,249,22
254,249,22
254,249,22
254,249,22
254,249,22
254,249,22
254,249,22
254,249,22
254,278,22
254,278,22
254,278,22
254,278,22
254,278,22
254,278,22
254,278,22
254,278,22
254,278,22
254,278,22
254,278,22
254,278,22
254,278,22
254,278,22
254,278,22
254,278,22
254,296,22
254,296,22
254,296,22
254,296,22
254,296,22
254,296,22
254,296,22
254,296,22
254,296,22
254,296,22
254,296,22
254,296,22
254,296,22
254,234,22
254,234,22
254,234,22
254,234,22
254,234,22
254,234,22
254,234,22
254,234,22
254,234,22
254,234,22
254,261,22
254,261,22
254,261,22
254,261,22
254,261,22
254,261,22
254,261,22
254,261,22
254,261,22
254,261,22
254,261,22
254,261,22
254,261,22
254,261,22
254,261,22
254,261,22
254,261,22
254,261,22
254,261,22
254,261,22
254,261,22
254,261,22
254,270,22
254,270,22
254,270,22
254,270,22
254,270,22
254,270,22
254,270,22
254,270,22
254,270,22
254,270,22
254,270,22
254,270,22
254,270,22
254,270,22
254,270,22
254,270,22
254,270,22
254,270,22
254,270,22
254,270,22
254,270,22
254,270,22
254,270,22
254,270,22
254,270,22
254,270,22
254,270,22
254,270,22
254,270,22
254,270,22
254,270,22
254,270,22
254,270,22
254,270,22
254,270,22
254,270,22
254,270,22
254,270,22
254,270,22
254,270,22
254,270,22
254,211,22
254,211,22
254,211,22
254,211,22
254,211,22
254,211,22
254,211,22
254,211,22
254,211,22
254,211,22
254,211,22
254,211,22
254,211,22
254,211,22
254,211,22
254,211,22
254,211,22
254,211,22
254,211,22
254,211,22
254,211,22
254,211,22
254,211,22
254,211,22
254,211,22
254,211,22
254,211,22
254,211,22
254,211,22
254,211,22
254,211,22
254,211,22
254,211,22
254,272,22
254,272,22
254,272,22
254,272,22
254,272,22
254,272,22
254,272,22
254,272,22
254,272,22
254,272,22
254,258,22
254,258,22
254,258,22
254,258,22
254,258,22
254,258,22
254,258,22
254,258,22
254,258,22
254,258,22
254,258,22
254,258,22
254,258,22
254,258,22
254,258,22
254,258,22
254,258,22
254,258,22
254,258,22
254,258,22
254,258,22
254,258,22
254,258,22
254,258,22
254,258,22
254,258,22
254,258,22
254,258,22
254,258,22
254,258,22
254,258,22
254,258,22
254,258,22
254,245,22
254,245,22
254,245,22
254,245,22
254,245,22
254,245,22
254,245,22
254,245,22
254,245,22
254,245,22
254,245,22
254,245,22
254,245,22
254,245,22
254,245,22
254,245,22
254,245,22
254,245,22
254,245,22
254,245,22
254,245,22
254,245,22
254,245,22
254,245,22
254,245,22
254,245,22
254,245,22
254,245,22
254,245,22
254,245,22
254,276,22
254,276,22
254,276,22
254,276,22
254,276,22
254,276,22
254,276,22
254,276,22
254,276,22
254,276,22
254,276,22
254,276,22
254,276,22
254,276,22
254,276,22
254,276,22
254,276,22
254,276,22
254,276,22
254,276,22
254,276,22
254,256,22
254,256,22
254,256,22
254,256,22
254,256,22
254,256,22
254,256,22
254,256,22
254,256,22
254,256,22
254,256,22
254,256,22
254,256,22
254,256,22
254,256,22
254,256,22
254,256,22
254,256,22
254,256,22
254,256,22
254,256,22
254,256,22
254,256,22
254,256,22
254,256,22
254,238,22
254,238,22
254,238,22
254,238,22
254,238,22
254,238,22
254,238,22
254,238,22
254,284,22
254,284,22
254,284,22
254,284,22
254,284,22
254,284,22
254,284,22
254,284,22
254,240,22
254,240,22
254,240,22
254,240,22
254,240,22
254,240,22
254,240,22
254,240,22
254,240,22
254,240,22
254,240,22
254,240,22
254,240,22
254,240,22
254,240,22
254,240,22
254,240,22
254,240,22
254,240,22
254,240,22
254,240,22
254,240,22
254,240,22
254,240,22
254,240,22
254,240,22
254,240,22
254,240,22
254,240,22
254,240,22
254,240,22
254,240,22
254,240,22
254,240,22
254,240,22
254,282,22
254,282,22
254,282,22
254,282,22
254,282,22
254,282,22
254,282,22
254,282,22
254,282,22
254,282,22
254,282,22
254,282,22
254,282,22
254,282,22
254,282,22
254,282,22
254,282,22
254,282,22
254,282,22
254,282,22
254,282,22
254,282,22
254,282,22
254,282,22
254,202,22
254,202,22
254,202,22
254,202,22
254,202,22
254,202,22
254,202,22
254,202,22
254,202,22
254,202,22
254,202,22
254,202,22
254,202,22
254,202,22
254,202,22
254,202,22
254,202,22
254,202,22
254,202,22
254,202,22
254,202,22
254,202,22
269,324,22
269,324,22
269,324,22
269,324,22
269,324,22
269,324,22
269,324,22
269,324,22
269,324,22
269,287,22
269,287,22
269,287,22
269,287,22
269,287,22
269,287,22
269,287,22
269,287,22
269,287,22
269,287,22
269,287,22
269,287,22
269,287,22
269,287,22
269,287,22
269,287,22
269,287,22
269,287,22
269,287,22
269,287,22
269,287,22
269,287,22
269,287,22
269,287,22
269,287,22
269,287,22
269,287,22
269,287,22
269,287,22
269,287,22
269,287,22
269,287,22
269,287,22
269,287,22
269,287,22
269,287,22
269,287,22
269,287,22
269,298,22
269,298,22
269,298,22
269,298,22
269,298,22
269,298,22
269,298,22
269,298,22
269,298,22
269,298,22
269,298,22
269,298,22
269,298,22
269,298,22
269,298,22
269,298,22
269,298,22
269,298,22
269,298,22
269,298,22
269,298,22
269,298,22
269,298,22
269,298,22
269,298,22
269,298,22
269,260,22
269,260,22
269,260,22
269,260,22
269,260,22
269,260,22
269,260,22
269,260,22
269,260,22
269,260,22
269,260,22
269,260,22
269,260,22
269,260,22
269,260,22
269,260,22
269,260,22
269,260,22
269,260,22
269,260,22
269,260,22
269,260,22
269,260,22
269,260,22
269,260,22
269,260,22
269,260,22
269,260,22
269,260,22
269,260,22
269,260,22
269,260,22
269,260,22
269,260,22
269,260,22
269,260,22
269,260,22
269,260,22
269,260,22
269,260,22
269,260,22
269,260,22
269,288,22
269,288,22
269,288,22
269,288,22
269,288,22
269,288,22
269,310,22
269,310,22
269,310,22
269,310,22
269,310,22
269,310,22
269,310,22
269,310,22
269,310,22
269,310,22
269,310,22
269,310,22
269,310,22
269,310,22
269,310,22
269,310,22
269,310,22
269,310,22
269,310,22
269,310,22
269,310,22
269,310,22
269,310,22
269,310,22
269,310,22
269,260,22
269,260,22
269,260,22
269,260,22
269,260,22
269,260,22
269,256,22
269,256,22
269,256,22
269,256,22
269,256,22
269,256,22
269,256,22
269,256,22
269,256,22
269,256,22
269,256,22
269,256,22
269,256,22
269,237,22
269,237,22
269,237,22
269,237,22
269,237,22
269,237,22
269,237,22
269,237,22
269,237,22
269,237,22
269,237,22
269,237,22
269,237,22
269,237,22
269,237,22
269,237,22
269,237,22
269,237,22
269,237,22
269,237,22
269,237,22
269,237,22
269,237,22
269,237,22
269,237,22
269,237,22
269,237,22
269,237,22
269,237,22
269,237,22
269,237,22
269,237,22
269,237,22
269,237,22
269,237,22
269,237,22
269,237,22
269,242,22
269,242,22
269,242,22
269,242,22
269,242,22
269,242,22
269,242,22
269,242,22
269,242,22
269,242,22
269,242,22
269,242,22
269,242,22
269,242,22
269,242,22
269,242,22
269,242,22
269,242,22
269,242,22
269,242,22
269,242,22
269,242,22
269,242,22
269,242,22
269,242,22
269,242,22
269,242,22
269,242,22
269,307,22
269,307,22
269,307,22
269,307,22
269,307,22
269,307,22
269,307,22
269,307,22
269,307,22
269,307,22
269,307,22
269,307,22
269,307,22
269,307,22
269,307,22
269,307,22
269,307,22
269,307,22
269,307,22
269,307,22
269,307,22
269,307,22
269,307,22
269,307,22
269,307,22
269,307,22
269,238,22
269,238,22
269,238,22
269,238,22
269,238,22
269,238,22
269,238,22
269,238,22
269,238,22
269,238,22
269,238,22
269,268,22
269,268,22
269,268,22
269,268,22
269,268,22
269,268,22
269,268,22
269,268,22
269,268,22
269,268,22
269,268,22
269,268,22
269,268,22
269,268,22
269,268,22
269,268,22
269,268,22
269,268,22
269,268,22
269,268,22
269,268,22
269,268,22
269,268,22
269,268,22
269,268,22
269,268,22
269,268,22
269,268,22
269,268,22
269,268,22
269,268,22
269,268,22
269,268,22
269,268,22
269,268,22
269,268,22
269,268,22
269,268,22
269,268,22
269,268,22
269,268,22
269,268,22
269,268,22
269,268,22
269,268,22
269,268,22
269,268,22
269,268,22
269,287,22
269,287,22
269,287,22
269,287,22
269,287,22
269,287,22
269,287,22
269,287,22
269,287,22
269,287,22
269,287,22
269,287,22
269,287,22
269,287,22
269,287,22
269,287,22
269,287,22
269,287,22
269,287,22
269,287,22
269,287,22
269,287,22
269,287,22
254,246,22
254,246,22
254,246,22
254,246,22
254,246,22
254,246,22
254,246,22
254,227,22
254,227,22
254,227,22
254,227,22
254,227,22
254,227,22
254,227,22
254,227,22
254,227,22
254,227,22
254,227,22
254,227,22
254,227,22
254,227,22
254,227,22
254,227,22
254,227,22
254,227,22
254,227,22
254,227,22
254,227,22
254,227,22
254,227,22
254,227,22
254,227,22
254,227,22
254,227,22
254,227,22
254,227,22
254,227,22
254,227,22
254,227,22
254,227,22
254,227,22
254,227,22
254,227,22
254,227,22
254,227,22
254,227,22
254,227,22
254,251,22
254,251,22
254,251,22
254,251,22
254,251,22
254,251,22
254,251,22
254,251,22
254,251,22
254,251,22
254,251,22
254,251,22
254,251,22
254,251,22
254,251,22
254,251,22
254,251,22
254,251,22
254,251,22
254,251,22
254,251,22
254,251,22
254,251,22
254,251,22
254,251,22
254,251,22
254,251,22
254,251,22
254,239,22
254,239,22
254,239,22
254,239,22
254,239,22
254,239,22
254,239,22
254,239,22
254,239,22
254,239,22
254,239,22
254,239,22
254,239,22
254,239,22
254,239,22
254,239,22
254,239,22
254,239,22
254,239,22
254,239,22
254,239,22
254,239,22
254,239,22
254,239,22
254,239,22
254,239,22
254,239,22
254,239,22
254,239,22
254,239,22
254,239,22
254,239,22
254,239,22
254,239,22
254,239,22
254,239,22
254,239,22
254,239,22
254,236,22
254,236,22
254,236,22
254,236,22
254,236,22
254,236,22
254,236,22
254,236,22
254,236,22
254,236,22
254,236,22
254,236,22
254,282,22
254,282,22
254,282,22
254,282,22
254,282,22
254,282,22
254,282,22
254,282,22
254,282,22
254,282,22
254,282,22
254,282,22
254,282,22
254,282,22
254,282,22
254,282,22
254,282,22
254,282,22
254,282,22
254,282,22
254,282,22
254,282,22
254,282,22
254,282,22
254,282,22
254,282,22
254,282,22
254,282,22
254,282,22
254,282,22
254,282,22
254,282,22
254,282,22
254,282,22
254,282,22
254,282,22
254,282,22
254,248,22
254,248,22
254,248,22
254,248,22
254,248,22
254,248,22
254,248,22
254,248,22
254,248,22
254,248,22
254,248,22
254,248,22
254,248,22
254,248,22
254,248,22
254,248,22
254,248,22
254,248,22
254,248,22
254,248,22
254,248,22
254,248,22
254,248,22
254,248,22
254,248,22
254,248,22
254,248,22
254,248,22
254,248,22
254,248,22
254,248,22
254,248,22
254,248,22
254,248,22
254,248,22
254,248,22
254,248,22
254,248,22
254,248,22
254,248,22
254,248,22
254,248,22
254,248,22
254,287,22
254,287,22
254,287,22
254,287,22
254,287,22
254,287,22
254,287,22
254,287,22
254,287,22
254,287,22
254,260,22
254,260,22
254,260,22
254,260,22
254,260,22
254,260,22
254,292,22
254,292,22
254,292,22
254,292,22
254,292,22
254,292,22
254,292,22
254,292,22
254,292,22
254,292,22
254,292,22
254,292,22
254,272,22
254,272,22
254,272,22
254,272,22
254,272,22
254,272,22
254,272,22
254,272,22
254,272,22
254,272,22
254,272,22
254,272,22
254,272,22
254,272,22
254,272,22
254,272,22
254,272,22
254,272,22
254,272,22
254,272,22
254,272,22
254,272,22
254,272,22
254,272,22
254,272,22
254,272,22
254,272,22
254,272,22
254,272,22
254,272,22
254,272,22
254,272,22
254,272,22
254,272,22
254,272,22
254,272,22
254,272,22
254,272,22
254,272,22
254,272,22
254,272,22
254,272,22
254,272,22
254,272,22
254,272,22
254,272,22
254,272,22
254,272,22
254,272,22
254,272,22
254,272,22
254,272,22
254,272,22
254,272,22
254,272,22
254,272,22
254,255,22
254,255,22
254,255,22
254,255,22
254,255,22
254,255,22
254,255,22
254,255,22
254,255,22
254,255,22
254,255,22
254,255,22
254,255,22
254,255,22
254,255,22
254,255,22
254,255,22
254,255,22
254,255,22
254,255,22
254,255,22
254,255,22
254,255,22
254,255,22
254,255,22
254,255,22
254,255,22
254,255,22
254,255,22
254,255,22
254,255,22
254,255,22
254,255,22
254,255,22
254,255,22
254,255,22
254,255,22
254,255,22
254,255,22
254,255,22
254,255,22
254,255,22
254,255,22
254,255,22
254,255,22
254,255,22
254,255,22
254,255,22
254,255,22
254,255,22
254,255,22
254,255,22
254,255,22
254,255,22
254,255,22
254,255,22
254,262,22
254,262,22
254,262,22
254,262,22
254,262,22
254,262,22
254,262,22
254,262,22
254,262,22
254,262,22
254,262,22
254,262,22
254,262,22
254,262,22
254,262,22
254,262,22
254,262,22
254,262,22
254,262,22
254,262,22
254,262,22
254,262,22
254,262,22
254,262,22
254,262,22
254,262,22
254,262,22
254,262,22
254,262,22
254,262,22
254,262,22
234,218,22
234,218,22
234,218,22
234,218,22
234,218,22
234,218,22
234,218,22
234,218,22
234,218,22
234,218,22
234,218,22
234,218,22
234,218,22
234,218,22
234,218,22
234,218,22
234,218,22
234,218,22
234,247,22
234,247,22
234,247,22
234,247,22
234,247,22
234,247,22
234,247,22
234,247,22
234,247,22
234,247,22
234,247,22
234,247,22
234,247,22
234,247,22
234,247,22
234,247,22
234,247,22
234,247,22
234,247,22
234,247,22
234,184,22
234,184,22
234,184,22
234,184,22
234,184,22
234,184,22
234,184,22
234,184,22
234,184,22
234,184,22
234,243,22
234,243,22
234,243,22
234,243,22
234,243,22
234,243,22
234,243,22
234,243,22
234,243,22
234,243,22
234,243,22
234,243,22
234,243,22
234,243,22
234,243,22
234,243,22
234,243,22
234,243,22
234,243,22
234,243,22
234,243,22
234,243,22
234,243,22
234,243,22
234,243,22
234,243,22
234,243,22
234,243,22
234,243,22
234,243,22
234,243,22
234,243,22
234,243,22
234,243,22
234,243,22
234,243,22
234,243,22
234,243,22
234,243,22
234,243,22
234,243,22
234,243,22
234,243,22
234,243,22
234,243,22
234,243,22
234,239,22
234,239,22
234,239,22
234,239,22
234,239,22
234,239,22
234,239,22
234,239,22
234,239,22
234,225,22
234,225,22
234,225,22
234,225,22
234,225,22
234,225,22
234,225,22
234,225,22
234,225,22
234,225,22
234,225,22
234,225,22
234,225,22
234,225,22
234,225,22
234,225,22
234,225,22
234,210,22
234,210,22
234,210,22
234,210,22
234,210,22
234,210,22
234,210,22
234,210,22
234,210,22
234,246,22
234,246,22
234,246,22
234,246,22
234,246,22
234,246,22
234,246,22
234,246,22
234,246,22
234,246,22
234,246,22
234,246,22
234,246,22
234,246,22
234,246,22
234,246,22
234,246,22
234,244,22
234,244,22
234,244,22
234,244,22
234,244,22
234,244,22
234,237,22
234,237,22
234,237,22
234,237,22
234,237,22
234,237,22
234,237,22
234,237,22
234,237,22
234,237,22
234,237,22
234,237,22
234,237,22
234,237,22
234,237,22
234,237,22
234,237,22
234,237,22
234,237,22
234,286,22
234,286,22
234,286,22
234,286,22
234,286,22
234,286,22
234,286,22
234,286,22
234,286,22
234,286,22
234,286,22
234,286,22
234,286,22
234,286,22
234,286,22
234,286,22
234,229,22
234,229,22
234,229,22
234,229,22
234,229,22
234,229,22
234,229,22
234,229,22
234,229,22
234,229,22
234,229,22
234,229,22
234,229,22
234,229,22
234,229,22
234,229,22
234,229,22
234,229,22
234,223,22
234,223,22
234,223,22
234,223,22
234,223,22
234,223,22
234,223,22
234,266,22
234,266,22
234,266,22
234,266,22
234,266,22
234,266,22
234,266,22
234,266,22
234,266,22
234,266,22
234,266,22
234,266,22
234,266,22
234,302,22
234,302,22
234,302,22
234,302,22
234,302,22
234,302,22
234,302,22
234,302,22
234,302,22
234,302,22
234,302,22
234,302,22
234,302,22
234,302,22
234,302,22
234,302,22
234,221,22
234,221,22
234,221,22
234,221,22
234,221,22
234,221,22
234,221,22
234,221,22
234,221,22
234,221,22
234,221,22
234,221,22
234,221,22
234,221,22
234,221,22
234,221,22
234,230,22
234,230,22
234,230,22
234,230,22
234,230,22
234,230,22
234,230,22
234,230,22
234,230,22
234,224,22
234,224,22
234,224,22
234,224,22
234,224,22
234,224,22
234,224,22
234,224,22
234,224,22
234,224,22
234,224,22
234,224,22
234,224,22
234,224,22
234,224,22
234,224,22
234,224,22
234,224,22
234,224,22
234,224,22
234,224,22
234,224,22
234,224,22
234,224,22
234,224,22
234,224,22
234,224,22
234,224,22
234,224,22
234,224,22
234,241,22
234,241,22
234,241,22
234,241,22
234,241,22
234,241,22
234,241,22
234,241,22
234,241,22
234,241,22
259,239,22
259,239,22
259,239,22
259,239,22
259,239,22
259,239,22
259,262,22
259,262,22
259,262,22
259,262,22
259,262,22
259,262,22
259,262,22
259,262,22
259,262,22
259,262,22
259,262,22
259,262,22
259,262,22
259,262,22
259,262,22
259,262,22
259,262,22
259,262,22
259,262,22
259,262,22
259,262,22
259,262,22
259,262,22
259,262,22
259,262,22
259,262,22
259,262,22
259,262,22
259,226,22
259,226,22
259,226,22
259,226,22
259,226,22
259,226,22
259,226,22
259,226,22
259,226,22
259,226,22
259,274,22
259,274,22
259,274,22
259,274,22
259,274,22
259,274,22
259,274,22
259,274,22
259,274,22
259,274,22
259,274,22
259,274,22
259,274,22
259,274,22
259,274,22
259,274,22
259,274,22
259,274,22
259,274,22
259,274,22
259,274,22
259,274,22
259,274,22
259,274,22
259,274,22
259,274,22
259,274,22
259,274,22
259,274,22
259,281,22
259,281,22
259,281,22
259,281,22
259,281,22
259,281,22
259,281,22
259,281,22
259,281,22
259,281,22
259,281,22
259,281,22
259,281,22
259,281,22
259,281,22
259,281,22
259,281,22
259,281,22
259,281,22
259,281,22
259,281,22
259,281,22
259,279,22
259,279,22
259,279,22
259,279,22
259,279,22
259,279,22
259,279,22
259,279,22
259,279,22
259,279,22
259,279,22
259,279,22
259,279,22
259,279,22
259,279,22
259,279,22
259,279,22
259,279,22
259,279,22
259,279,22
259,279,22
259,279,22
259,279,22
259,279,22
259,279,22
259,279,22
259,279,22
259,279,22
259,279,22
259,279,22
259,279,22
259,279,22
259,279,22
259,229,22
259,229,22
259,229,22
259,229,22
259,229,22
259,229,22
259,256,22
259,256,22
259,256,22
259,256,22
259,256,22
259,256,22
259,256,22
259,256,22
259,256,22
259,256,22
259,256,22
259,256,22
259,256,22
259,256,22
259,256,22
259,256,22
259,256,22
259,256,22
259,256,22
259,256,22
259,256,22
259,256,22
259,256,22
259,256,22
259,256,22
259,256,22
259,256,22
259,256,22
259,256,22
259,256,22
259,256,22
259,256,22
259,256,22
259,256,22
259,256,22
259,256,22
259,256,22
259,256,22
259,256,22
259,256,22
259,256,22
259,256,22
259,256,22
259,256,22
259,256,22
259,256,22
259,256,22
259,278,22
259,278,22
259,278,22
259,278,22
259,278,22
259,278,22
259,278,22
259,278,22
259,278,22
259,278,22
259,278,22
259,278,22
259,278,22
259,278,22
259,278,22
259,278,22
259,278,22
259,278,22
259,278,22
259,278,22
259,278,22
259,278,22
259,278,22
259,278,22
259,278,22
259,278,22
259,278,22
259,278,22
259,278,22
259,278,22
259,278,22
259,278,22
259,278,22
259,278,22
259,278,22
259,278,22
259,278,22
259,278,22
259,278,22
259,278,22
259,278,22
259,278,22
259,278,22
259,278,22
259,278,22
259,264,22
259,264,22
259,264,22
259,264,22
259,264,22
259,264,22
259,264,22
259,264,22
259,264,22
259,264,22
259,264,22
259,264,22
259,264,22
259,264,22
259,264,22
259,264,22
259,264,22
259,264,22
259,264,22
259,264,22
259,264,22
259,264,22
259,264,22
259,264,22
259,264,22
259,264,22
259,264,22
259,264,22
259,264,22
259,264,22
259,264,22
259,264,22
259,264,22
259,266,22
259,266,22
259,266,22
259,266,22
259,266,22
259,266,22
259,266,22
259,266,22
259,266,22
259,266,22
259,266,22
259,266,22
259,266,22
259,266,22
259,263,22
259,263,22
259,263,22
259,263,22
259,263,22
259,263,22
259,277,22
259,277,22
259,277,22
259,277,22
259,277,22
259,277,22
259,277,22
259,277,22
259,277,22
259,277,22
259,277,22
259,277,22
259,277,22
259,277,22
259,277,22
259,256,22
259,256,22
259,256,22
259,256,22
259,256,22
259,256,22
259,256,22
259,256,22
259,256,22
259,256,22
259,256,22
259,256,22
259,256,22
259,256,22
259,256,22
259,256,22
259,256,22
259,256,22
259,256,22
259,256,22
259,256,22
259,256,22
259,256,22
259,256,22
259,256,22
259,256,22
259,256,22
259,256,22
259,256,22
259,256,22
259,256,22
259,224,22
259,224,22
259,224,22
259,224,22
259,224,22
259,224,22
259,224,22
259,266,22
259,266,22
259,266,22
259,266,22
259,266,22
259,266,22
259,266,22
259,266,22
259,266,22
259,266,22
259,266,22
259,266,22
259,266,22
259,266,22
259,266,22
259,266,22
259,266,22
259,266,22
259,266,22
259,266,22
259,266,22
259,266,22
259,266,22
259,266,22
259,266,22
259,307,22
259,307,22
259,307,22
259,307,22
259,307,22
259,307,22
259,307,22
259,307,22
259,307,22
259,307,22
259,307,22
259,307,22
259,307,22
259,307,22
259,307,22
274,291,22
274,291,22
274,291,22
274,291,22
274,291,22
274,291,22
274,291,22
274,291,22
274,291,22
274,291,22
274,291,22
274,291,22
274,291,22
274,291,22
274,291,22
274,291,22
274,291,22
274,291,22
274,291,22
274,291,22
274,291,22
274,291,22
274,291,22
274,291,22
274,291,22
274,291,22
274,291,22
274,291,22
274,291,22
274,291,22
274,291,22
274,291,22
274,323,22
274,323,22
274,323,22
274,323,22
274,323,22
274,323,22
274,323,22
274,323,22
274,323,22
274,323,22
274,323,22
274,323,22
274,323,22
274,323,22
274,323,22
274,323,22
274,323,22
274,323,22
274,323,22
274,323,22
274,323,22
274,323,22
274,323,22
274,323,22
274,323,22
274,323,22
274,323,22
274,323,22
274,323,22
274,323,22
274,323,22
274,323,22
274,323,22
274,323,22
274,323,22
274,323,22
274,323,22
274,323,22
274,323,22
274,323,22
274,323,22
274,323,22
274,323,22
274,323,22
274,287,22
274,287,22
274,287,22
274,287,22
274,287,22
274,287,22
274,287,22
274,287,22
274,287,22
274,287,22
274,287,22
274,287,22
274,287,22
274,287,22
274,287,22
274,287,22
274,287,22
274,287,22
274,287,22
274,250,22
274,250,22
274,250,22
274,250,22
274,250,22
274,250,22
274,250,22
274,250,22
274,250,22
274,250,22
274,250,22
274,250,22
274,250,22
274,250,22
274,285,22
274,285,22
274,285,22
274,285,22
274,285,22
274,285,22
274,305,22
274,305,22
274,305,22
274,305,22
274,305,22
274,305,22
274,305,22
274,305,22
274,305,22
274,305,22
274,305,22
274,305,22
274,305,22
274,305,22
274,305,22
274,305,22
274,305,22
274,305,22
274,305,22
274,305,22
274,305,22
274,305,22
274,305,22
274,305,22
274,305,22
274,305,22
274,305,22
274,305,22
274,305,22
274,305,22
274,305,22
274,305,22
274,305,22
274,305,22
274,305,22
274,305,22
274,305,22
274,242,22
274,242,22
274,242,22
274,242,22
274,242,22
274,242,22
274,242,22
274,242,22
274,242,22
274,242,22
274,242,22
274,242,22
274,242,22
274,242,22
274,242,22
274,242,22
274,279,22
274,279,22
274,279,22
274,279,22
274,279,22
274,279,22
274,279,22
274,279,22
274,279,22
274,279,22
274,279,22
274,279,22
274,279,22
274,279,22
274,279,22
274,279,22
274,279,22
274,279,22
274,284,22
274,284,22
274,284,22
274,284,22
274,284,22
274,284,22
274,284,22
274,284,22
274,284,22
274,284,22
274,284,22
274,284,22
274,284,22
274,284,22
274,284,22
274,284,22
274,284,22
274,284,22
274,284,22
274,284,22
274,284,22
274,284,22
274,284,22
274,284,22
274,284,22
274,284,22
274,284,22
274,300,22
274,300,22
274,300,22
274,300,22
274,300,22
274,300,22
274,300,22
274,300,22
274,300,22
274,300,22
274,300,22
274,300,22
274,300,22
274,268,22
274,268,22
274,268,22
274,268,22
274,268,22
274,268,22
274,268,22
274,268,22
274,268,22
274,268,22
274,268,22
274,268,22
274,268,22
274,268,22
274,268,22
274,268,22
274,268,22
274,268,22
274,268,22
274,268,22
274,268,22
274,268,22
274,268,22
274,268,22
274,268,22
274,268,22
274,268,22
274,268,22
274,268,22
274,268,22
274,268,22
274,268,22
274,257,22
274,257,22
274,257,22
274,257,22
274,257,22
274,257,22
274,257,22
274,257,22
274,257,22
274,257,22
274,257,22
274,257,22
274,257,22
274,257,22
274,257,22
274,257,22
274,257,22
274,257,22
274,257,22
274,257,22
274,257,22
274,257,22
274,257,22
274,257,22
274,257,22
274,257,22
274,257,22
274,257,22
274,257,22
274,257,22
274,257,22
274,257,22
274,290,22
274,290,22
274,290,22
274,290,22
274,290,22
274,290,22
274,290,22
274,290,22
274,290,22
274,290,22
274,290,22
274,283,22
274,283,22
274,283,22
274,283,22
274,283,22
274,283,22
274,283,22
274,283,22
274,283,22
274,283,22
274,275,22
274,275,22
274,275,22
274,275,22
274,275,22
274,275,22
274,275,22
274,275,22
274,275,22
274,275,22
274,275,22
274,266,22
274,266,22
274,266,22
274,266,22
274,266,22
274,266,22
274,266,22
274,266,22
274,295,22
274,295,22
274,295,22
274,295,22
274,295,22
274,295,22
274,295,22
274,295,22
274,295,22
274,295,22
274,295,22
274,265,22
274,265,22
274,265,22
274,265,22
274,265,22
274,265,22
274,265,22
274,265,22
274,265,22
274,265,22
274,265,22
274,265,22
274,265,22
274,265,22
274,265,22
274,265,22
274,265,22
274,265,22
274,265,22
274,265,22
274,265,22
274,265,22
274,265,22
274,265,22
274,265,22
274,265,22
274,265,22
274,265,22
274,265,22
274,325,22
274,325,22
274,325,22
274,325,22
274,325,22
274,325,22
274,325,22
274,325,22
274,325,22
274,325,22
274,325,22
274,325,22
274,325,22
274,325,22
274,325,22
274,325,22
274,325,22
274,325,22
274,325,22
274,325,22
274,325,22
274,325,22
274,325,22
274,325,22
274,325,22
274,325,22
274,325,22
274,325,22
274,325,22
274,325,22
274,325,22
274,325,22
274,325,22
274,325,22
274,268,22
274,268,22
274,268,22
274,268,22
274,268,22
274,268,22
274,268,22
274,268,22
274,268,22
274,268,22
274,268,22
274,268,22
274,268,22
274,268,22
274,304,22
274,304,22
274,304,22
274,304,22
274,304,22
274,304,22
274,304,22
274,304,22
274,304,22
274,304,22
274,304,22
274,304,22
274,300,22
274,300,22
274,300,22
274,300,22
274,300,22
274,300,22
274,300,22
274,300,22
274,300,22
274,300,22
274,300,22
274,300,22
274,300,22
274,300,22
274,300,22
274,300,22
274,300,22
274,286,22
274,286,22
274,286,22
274,286,22
274,286,22
274,286,22
274,286,22
274,286,22
274,286,22
274,286,22
274,286,22
274,286,22
274,286,22
274,273,22
274,273,22
274,273,22
274,273,22
274,273,22
274,273,22
274,273,22
274,273,22
274,273,22
274,273,22
274,273,22
274,273,22
274,273,22
274,273,22
274,273,22
274,273,22
274,300,22
274,300,22
274,300,22
274,300,22
274,300,22
274,300,22
274,300,22
274,300,22
274,300,22
274,300,22
274,300,22
274,300,22
274,300,22
274,300,22
274,300,22
274,300,22
274,300,22
259,256,22
259,256,22
259,256,22
259,256,22
259,256,22
259,256,22
259,256,22
259,256,22
259,256,22
259,256,22
259,256,22
259,256,22
259,256,22
259,256,22
259,256,22
259,256,22
259,256,22
259,280,22
259,280,22
259,280,22
259,280,22
259,280,22
259,280,22
259,280,22
259,280,22
259,280,22
259,280,22
259,280,22
259,280,22
259,280,22
259,280,22
259,280,22
259,280,22
259,280,22
259,280,22
259,280,22
259,280,22
259,280,22
259,280,22
259,280,22
259,280,22
259,280,22
259,280,22
259,280,22
259,280,22
259,280,22
259,280,22
259,280,22
259,280,22
259,280,22
259,280,22
259,280,22
259,280,22
259,280,22
259,280,22
259,280,22
259,280,22
259,280,22
259,280,22
259,280,22
259,280,22
259,280,22
259,280,22
259,280,22
259,280,22
259,280,22
259,280,22
259,214,22
259,214,22
259,214,22
259,214,22
259,214,22
259,214,22
259,214,22
259,214,22
259,214,22
259,214,22
259,214,22
259,214,22
259,214,22
259,214,22
259,214,22
259,214,22
259,214,22
259,214,22
259,214,22
259,277,22
259,277,22
259,277,22
259,277,22
259,277,22
259,277,22
259,277,22
259,277,22
259,277,22
259,277,22
259,277,22
259,277,22
259,277,22
259,277,22
259,277,22
259,277,22
259,277,22
259,277,22
259,277,22
259,277,22
259,277,22
259,277,22
259,277,22
259,277,22
259,277,22
259,252,22
259,252,22
259,252,22
259,252,22
259,252,22
259,252,22
259,252,22
259,252,22
259,252,22
259,252,22
259,252,22
259,252,22
259,252,22
259,252,22
259,252,22
259,252,22
259,252,22
259,252,22
259,252,22
259,252,22
259,252,22
259,252,22
259,252,22
259,252,22
259,252,22
259,252,22
259,252,22
259,252,22
259,252,22
259,252,22
259,252,22
259,252,22
259,252,22
259,252,22
259,252,22
259,252,22
259,252,22
259,252,22
259,252,22
259,252,22
259,232,22
259,232,22
259,232,22
259,232,22
259,232,22
259,232,22
259,232,22
259,232,22
259,232,22
259,232,22
259,232,22
259,232,22
259,232,22
259,232,22
259,232,22
259,232,22
259,232,22
259,223,22
259,223,22
259,223,22
259,223,22
259,223,22
259,223,22
259,223,22
259,223,22
259,246,22
259,246,22
259,246,22
259,246,22
259,246,22
259,246,22
259,246,22
259,246,22
259,246,22
259,246,22
259,246,22
259,246,22
259,246,22
259,246,22
259,246,22
259,246,22
259,246,22
259,246,22
259,246,22
259,246,22
259,246,22
259,246,22
259,246,22
259,246,22
259,246,22
259,246,22
259,246,22
259,246,22
259,246,22
259,246,22
259,246,22
259,246,22
259,246,22
259,246,22
259,295,22
259,295,22
259,295,22
259,295,22
259,295,22
259,295,22
259,295,22
259,295,22
259,295,22
259,295,22
259,295,22
259,295,22
259,295,22
259,295,22
259,264,22
259,264,22
259,264,22
259,264,22
259,264,22
259,264,22
259,246,22
259,246,22
259,246,22
259,246,22
259,246,22
259,246,22
259,246,22
259,246,22
259,246,22
259,246,22
259,246,22
259,246,22
259,228,22
259,228,22
259,228,22
259,228,22
259,228,22
259,228,22
259,228,22
259,228,22
259,228,22
259,228,22
259,270,22
259,270,22
259,270,22
259,270,22
259,270,22
259,270,22
259,270,22
259,270,22
259,270,22
259,270,22
259,270,22
259,270,22
259,270,22
259,270,22
259,270,22
259,270,22
259,270,22
259,270,22
259,270,22
259,270,22
259,270,22
259,270,22
259,270,22
259,270,22
259,272,22
259,272,22
259,272,22
259,272,22
259,272,22
259,272,22
259,272,22
259,272,22
259,272,22
259,272,22
259,272,22
259,272,22
259,272,22
259,272,22
259,272,22
259,272,22
259,272,22
259,272,22
259,272,22
259,272,22
259,272,22
259,272,22
259,272,22
259,272,22
259,272,22
259,272,22
259,272,22
259,272,22
259,272,22
259,272,22
259,272,22
259,272,22
259,272,22
259,272,22
259,272,22
259,272,22
259,272,22
259,272,22
259,272,22
259,272,22
259,272,22
259,272,22
259,272,22
259,272,22
259,272,22
259,272,22
259,272,22
259,241,22
259,241,22
259,241,22
259,241,22
259,241,22
259,241,22
259,241,22
259,241,22
259,241,22
259,241,22
259,241,22
259,241,22
259,241,22
259,241,22
259,241,22
259,241,22
259,241,22
259,241,22
259,241,22
259,241,22
259,241,22
259,241,22
259,241,22
259,241,22
259,241,22
259,241,22
259,241,22
259,241,22
259,241,22
259,241,22
259,241,22
259,241,22
259,241,22
259,241,22
259,241,22
259,241,22
259,241,22
259,241,22
259,241,22
259,241,22
259,280,22
259,280,22
259,280,22
259,280,22
259,280,22
259,280,22
259,280,22
259,280,22
259,280,22
259,280,22
259,280,22
259,280,22
259,280,22
259,280,22
259,280,22
259,280,22
259,280,22
259,280,22
259,280,22
259,280,22
259,280,22
259,280,22
259,280,22
259,280,22
259,280,22
259,280,22
259,252,22
259,252,22
259,252,22
259,252,22
259,252,22
259,252,22
259,252,22
259,273,22
259,273,22
259,273,22
259,273,22
259,273,22
259,273,22
259,273,22
259,273,22
259,273,22
259,273,22
259,273,22
259,273,22
259,273,22
259,273,22
259,273,22
259,273,22
259,273,22
259,273,22
259,273,22
259,273,22
259,273,22
259,273,22
259,273,22
259,273,22
259,269,22
259,269,22
259,269,22
259,269,22
259,269,22
259,269,22
259,269,22
259,269,22
259,269,22
259,269,22
259,269,22
259,269,22
259,269,22
259,269,22
259,269,22
259,269,22
259,269,22
259,269,22
259,269,22
259,269,22
259,269,22
259,269,22
259,269,22
259,269,22
259,269,22
259,269,22
259,269,22
259,269,22
259,269,22
259,269,22
259,269,22
259,269,22
259,269,22
274,271,22
274,271,22
274,271,22
274,271,22
274,271,22
274,271,22
274,271,22
274,271,22
274,271,22
274,271,22
274,271,22
274,271,22
274,271,22
274,271,22
274,271,22
274,271,22
274,271,22
274,271,22
274,271,22
274,271,22
274,271,22
274,271,22
274,271,22
274,271,22
274,271,22
274,271,22
274,271,22
274,271,22
274,271,22
274,271,22
274,271,22
274,271,22
274,271,22
274,271,22
274,271,22
274,271,22
274,271,22
274,270,22
274,270,22
274,270,22
274,270,22
274,270,22
274,270,22
274,270,22
274,270,22
274,270,22
274,270,22
274,270,22
274,270,22
274,270,22
274,270,22
274,270,22
274,270,22
274,229,22
274,229,22
274,229,22
274,229,22
274,229,22
274,229,22
274,229,22
274,229,22
274,229,22
274,229,22
274,229,22
274,229,22
274,229,22
274,229,22
274,229,22
274,229,22
274,229,22
274,229,22
274,229,22
274,229,22
274,229,22
274,229,22
274,229,22
274,229,22
274,229,22
274,229,22
274,229,22
274,261,22
274,261,22
274,261,22
274,261,22
274,261,22
274,261,22
274,261,22
274,261,22
274,261,22
274,261,22
274,261,22
274,261,22
274,261,22
274,261,22
274,261,22
274,261,22
274,261,22
274,261,22
274,261,22
274,261,22
274,261,22
274,261,22
274,261,22
274,261,22
274,261,22
274,261,22
274,287,22
274,287,22
274,287,22
274,287,22
274,287,22
274,287,22
274,287,22
274,287,22
274,287,22
274,287,22
274,287,22
274,287,22
274,287,22
274,287,22
274,287,22
274,287,22
274,287,22
274,287,22
274,287,22
274,287,22
274,287,22
274,287,22
274,287,22
274,291,22
274,291,22
274,291,22
274,291,22
274,291,22
274,291,22
274,291,22
274,291,22
274,291,22
274,291,22
274,291,22
274,291,22
274,248,22
274,248,22
274,248,22
274,248,22
274,248,22
274,248,22
274,249,22
274,249,22
274,249,22
274,249,22
274,249,22
274,249,22
274,249,22
274,249,22
274,249,22
274,249,22
274,249,22
274,249,22
274,249,22
274,249,22
274,249,22
274,249,22
274,249,22
274,249,22
274,249,22
274,249,22
274,249,22
274,249,22
274,249,22
274,249,22
274,249,22
274,249,22
274,249,22
274,249,22
274,249,22
274,249,22
274,249,22
274,249,22
274,249,22
274,249,22
274,249,22
274,307,22
274,307,22
274,307,22
274,307,22
274,307,22
274,307,22
274,307,22
274,307,22
274,307,22
274,307,22
274,307,22
274,307,22
274,307,22
274,307,22
274,307,22
274,307,22
274,307,22
274,282,22
274,282,22
274,282,22
274,282,22
274,282,22
274,282,22
274,282,22
274,282,22
274,304,22
274,304,22
274,304,22
274,304,22
274,304,22
274,304,22
274,304,22
274,304,22
274,304,22
274,304,22
274,304,22
274,304,22
274,304,22
274,304,22
274,239,22
274,239,22
274,239,22
274,239,22
274,239,22
274,239,22
274,239,22
274,239,22
274,239,22
274,239,22
274,239,22
274,239,22
274,239,22
274,239,22
274,239,22
274,239,22
274,239,22
274,239,22
274,239,22
274,239,22
274,239,22
274,239,22
274,305,22
274,305,22
274,305,22
274,305,22
274,305,22
274,305,22
274,305,22
274,305,22
274,305,22
274,305,22
274,305,22
274,305,22
274,305,22
274,305,22
274,305,22
274,305,22
274,305,22
274,305,22
274,305,22
274,305,22
274,305,22
274,305,22
274,305,22
274,305,22
274,305,22
274,305,22
274,305,22
274,305,22
274,305,22
274,305,22
274,305,22
274,305,22
274,305,22
274,305,22
274,305,22
274,305,22
274,305,22
274,305,22
274,305,22
274,281,22
274,281,22
274,281,22
274,281,22
274,281,22
274,281,22
274,281,22
274,281,22
274,281,22
274,281,22
274,281,22
274,281,22
274,281,22
274,281,22
274,281,22
274,281,22
274,281,22
274,281,22
274,281,22
274,281,22
274,281,22
274,281,22
274,281,22
274,281,22
274,281,22
274,281,22
274,281,22
274,281,22
274,281,22
274,281,22
274,281,22
274,281,22
274,281,22
274,281,22
274,281,22
274,281,22
274,281,22
274,281,22
274,281,22
274,281,22
274,281,22
274,281,22
274,281,22
274,246,22
274,246,22
274,246,22
274,246,22
274,246,22
274,246,22
274,246,22
274,246,22
274,246,22
274,246,22
274,246,22
274,246,22
274,246,22
274,246,22
274,246,22
274,246,22
274,246,22
274,246,22
274,246,22
274,246,22
274,246,22
274,246,22
274,246,22
274,246,22
274,246,22
274,246,22
274,246,22
274,246,22
274,246,22
274,246,22
274,246,22
274,246,22
274,246,22
274,246,22
274,246,22
274,246,22
274,246,22
274,246,22
274,246,22
274,246,22
274,246,22
274,246,22
274,246,22
274,246,22
274,246,22
274,246,22
274,246,22
274,246,22
274,246,22
274,246,22
274,246,22
274,246,22
274,246,22
274,275,22
274,275,22
274,275,22
274,275,22
274,275,22
274,275,22
274,275,22
274,306,22
274,306,22
274,306,22
274,306,22
274,306,22
274,306,22
274,306,22
274,306,22
274,306,22
274,306,22
274,306,22
274,306,22
274,306,22
274,306,22
274,306,22
274,306,22
274,306,22
274,306,22
274,306,22
274,306,22
274,306,22
274,306,22
274,306,22
274,306,22
274,306,22
274,306,22
274,306,22
274,306,22
274,306,22
274,287,22
274,287,22
274,287,22
274,287,22
274,287,22
274,287,22
274,287,22
274,287,22
274,287,22
274,287,22
274,287,22
274,287,22
274,287,22
274,287,22
274,287,22
274,287,22
274,287,22
274,287,22
274,287,22
274,247,22
274,247,22
274,247,22
274,247,22
274,247,22
274,247,22
274,247,22
274,247,22
274,247,22
274,247,22
274,247,22
274,247,22
274,247,22
274,247,22
274,247,22
274,247,22
274,247,22
274,247,22
274,247,22
274,247,22
274,247,22
274,247,22
274,247,22
274,247,22
274,247,22
274,247,22
274,247,22
274,247,22
274,247,22
274,247,22
274,247,22
274,247,22
274,247,22
274,247,22
274,247,22
274,247,22
274,247,22
274,238,22
274,238,22
274,238,22
274,238,22
274,238,22
274,238,22
274,238,22
274,238,22
274,299,22
274,299,22
274,299,22
274,299,22
274,299,22
274,299,22
274,299,22
274,299,22
274,299,22
274,299,22
274,299,22
274,299,22
274,299,22
274,299,22
274,299,22
274,267,22
274,267,22
274,267,22
274,267,22
274,267,22
274,267,22
274,267,22
274,267,22
274,267,22
274,267,22
274,267,22
274,267,22
274,267,22
274,267,22
274,267,22
274,267,22
274,267,22
274,267,22
274,267,22
274,255,22
274,255,22
274,255,22
274,255,22
274,255,22
274,255,22
274,262,22
274,262,22
274,262,22
274,262,22
274,262,22
274,262,22
274,257,22
274,257,22
274,257,22
274,257,22
274,257,22
274,257,22
274,241,22
274,241,22
274,241,22
274,241,22
274,241,22
274,241,22
274,241,22
274,241,22
274,241,22
274,241,22
274,241,22
274,241,22
274,241,22
274,241,22
274,268,22
274,268,22
274,268,22
274,268,22
274,268,22
274,268,22
274,268,22
274,268,22
274,268,22
274,268,22
274,268,22
274,268,22
274,268,22
274,268,22
274,268,22
274,268,22
274,268,22
274,268,22
274,268,22
274,268,22
274,268,22
249,248,22
249,248,22
249,248,22
249,248,22
249,248,22
249,248,22
249,248,22
249,248,22
249,248,22
249,248,22
249,248,22
249,248,22
249,248,22
249,248,22
249,222,22
249,222,22
249,222,22
249,222,22
249,222,22
249,222,22
249,224,22
249,224,22
249,224,22
249,224,22
249,224,22
249,224,22
249,224,22
249,224,22
249,224,22
249,224,22
249,224,22
249,224,22
249,224,22
249,224,22
249,224,22
249,224,22
249,224,22
249,224,22
249,224,22
249,224,22
249,224,22
249,224,22
249,224,22
249,224,22
249,261,22
249,261,22
249,261,22
249,261,22
249,261,22
249,261,22
249,261,22
249,261,22
249,261,22
249,261,22
249,261,22
249,261,22
249,261,22
249,261,22
249,261,22
249,261,22
249,261,22
249,261,22
249,261,22
249,261,22
249,261,22
249,261,22
249,261,22
249,261,22
249,261,22
249,261,22
249,261,22
249,261,22
249,261,22
249,261,22
249,261,22
249,261,22
249,261,22
249,261,22
249,261,22
249,261,22
249,261,22
249,261,22
249,261,22
249,261,22
249,261,22
249,261,22
249,242,22
249,242,22
249,242,22
249,242,22
249,242,22
249,242,22
249,242,22
249,242,22
249,242,22
249,242,22
249,242,22
249,242,22
249,242,22
249,242,22
249,242,22
249,242,22
249,242,22
249,242,22
249,239,22
249,239,22
249,239,22
249,239,22
249,239,22
249,239,22
249,239,22
249,239,22
249,239,22
249,239,22
249,239,22
249,239,22
249,239,22
249,239,22
249,239,22
249,239,22
249,239,22
249,239,22
249,239,22
249,239,22
249,239,22
249,239,22
249,239,22
249,256,22
249,256,22
249,256,22
249,256,22
249,256,22
249,256,22
249,256,22
249,256,22
249,256,22
249,256,22
249,256,22
249,256,22
249,256,22
249,256,22
249,256,22
249,256,22
249,256,22
249,256,22
249,218,22
249,218,22
249,218,22
249,218,22
249,218,22
249,218,22
249,218,22
249,218,22
249,218,22
249,218,22
249,243,22
249,243,22
249,243,22
249,243,22
249,243,22
249,243,22
249,243,22
249,243,22
249,243,22
249,243,22
249,243,22
249,259,22
249,259,22
249,259,22
249,259,22
249,259,22
249,259,22
249,259,22
249,259,22
249,259,22
249,259,22
249,230,22
249,230,22
249,230,22
249,230,22
249,230,22
249,230,22
249,268,22
249,268,22
249,268,22
249,268,22
249,268,22
249,268,22
249,268,22
249,268,22
249,268,22
249,268,22
249,268,22
249,268,22
249,268,22
249,268,22
249,268,22
249,268,22
249,251,22
249,251,22
249,251,22
249,251,22
249,251,22
249,251,22
249,251,22
249,251,22
249,278,22
249,278,22
249,278,22
249,278,22
249,278,22
249,278,22
249,278,22
249,278,22
249,278,22
249,278,22
249,278,22
249,278,22
249,278,22
249,278,22
249,278,22
249,278,22
249,278,22
249,278,22
249,252,22
249,252,22
249,252,22
249,252,22
249,252,22
249,252,22
249,252,22
249,252,22
249,252,22
249,252,22
249,252,22
249,244,22
249,244,22
249,244,22
249,244,22
249,244,22
249,244,22
249,244,22
249,244,22
249,244,22
249,244,22
249,244,22
249,244,22
249,244,22
249,244,22
249,244,22
249,244,22
249,244,22
249,244,22
249,244,22
249,228,22
249,228,22
249,228,22
249,228,22
249,228,22
249,228,22
249,228,22
249,228,22
249,228,22
249,246,22
249,246,22
249,246,22
249,246,22
249,246,22
249,246,22
249,246,22
249,246,22
269,255,22
269,255,22
269,255,22
269,255,22
269,255,22
269,255,22
269,255,22
269,255,22
269,255,22
269,255,22
269,255,22
269,255,22
269,255,22
269,255,22
269,255,22
269,255,22
269,255,22
269,255,22
269,255,22
269,255,22
269,255,22
269,255,22
269,255,22
269,255,22
269,255,22
269,255,22
269,255,22
269,255,22
269,255,22
269,255,22
269,255,22
269,255,22
269,255,22
269,255,22
269,255,22
269,255,22
269,255,22
269,255,22
269,255,22
269,255,22
269,255,22
269,255,22
269,255,22
269,255,22
269,255,22
269,255,22
269,255,22
269,255,22
269,255,22
269,255,22
269,255,22
269,290,22
269,290,22
269,290,22
269,290,22
269,290,22
269,290,22
269,290,22
269,290,22
269,290,22
269,290,22
269,290,22
269,290,22
269,290,22
269,290,22
269,290,22
269,290,22
269,290,22
269,290,22
269,290,22
269,252,22
269,252,22
269,252,22
269,252,22
269,252,22
269,252,22
269,252,22
269,252,22
269,252,22
269,252,22
269,252,22
269,252,22
269,252,22
269,252,22
269,252,22
269,252,22
269,252,22
269,252,22
269,252,22
269,275,22
269,275,22
269,275,22
269,275,22
269,275,22
269,275,22
269,301,22
269,301,22
269,301,22
269,301,22
269,301,22
269,301,22
269,301,22
269,301,22
269,301,22
269,301,22
269,301,22
269,301,22
269,301,22
269,301,22
269,301,22
269,301,22
269,301,22
269,301,22
269,238,22
269,238,22
269,238,22
269,238,22
269,238,22
269,238,22
269,238,22
269,238,22
269,238,22
269,238,22
269,238,22
269,238,22
269,238,22
269,238,22
269,238,22
269,262,22
269,262,22
269,262,22
269,262,22
269,262,22
269,262,22
269,262,22
269,262,22
269,262,22
269,285,22
269,285,22
269,285,22
269,285,22
269,285,22
269,285,22
269,285,22
269,285,22
269,285,22
269,285,22
269,204,22
269,204,22
269,204,22
269,204,22
269,204,22
269,204,22
269,204,22
269,204,22
269,204,22
269,204,22
269,204,22
269,204,22
269,204,22
269,204,22
269,204,22
269,204,22
269,204,22
269,204,22
269,204,22
269,204,22
269,293,22
269,293,22
269,293,22
269,293,22
269,293,22
269,293,22
269,293,22
269,293,22
269,293,22
269,275,22
269,275,22
269,275,22
269,275,22
269,275,22
269,275,22
269,275,22
269,275,22
269,275,22
269,275,22
269,275,22
269,275,22
269,275,22
269,275,22
269,275,22
269,272,22
269,272,22
269,272,22
269,272,22
269,272,22
269,272,22
269,272,22
269,272,22
269,272,22
269,272,22
269,272,22
269,272,22
269,272,22
269,272,22
269,272,22
269,272,22
269,272,22
269,272,22
269,272,22
269,272,22
269,272,22
269,272,22
269,280,22
269,280,22
269,280,22
269,280,22
269,280,22
269,280,22
269,280,22
269,280,22
269,280,22
269,280,22
269,280,22
269,280,22
269,280,22
269,280,22
269,280,22
269,280,22
269,280,22
269,280,22
269,280,22
269,280,22
269,280,22
269,280,22
269,280,22
269,238,22
269,238,22
269,238,22
269,238,22
269,238,22
269,238,22
269,238,22
269,238,22
269,238,22
269,238,22
269,238,22
269,238,22
269,238,22
269,238,22
269,238,22
269,238,22
269,238,22
269,238,22
269,238,22
269,238,22
269,238,22
269,238,22
269,238,22
269,238,22
269,238,22
269,238,22
269,238,22
269,238,22
269,238,22
269,238,22
269,238,22
269,238,22
269,238,22
269,238,22
269,238,22
269,238,22
269,238,22
269,238,22
269,238,22
269,238,22
269,238,22
269,238,22
269,238,22
269,238,22
269,238,22
269,238,22
269,238,22
269,238,22
269,238,22
269,238,22
269,238,22
269,238,22
269,238,22
269,238,22
269,238,22
269,238,22
269,238,22
269,238,22
269,238,22
269,305,22
269,305,22
269,305,22
269,305,22
269,305,22
269,305,22
269,305,22
269,305,22
269,305,22
269,305,22
269,305,22
269,305,22
269,305,22
269,305,22
269,305,22
269,305,22
269,305,22
269,269,22
269,269,22
269,269,22
269,269,22
269,269,22
269,269,22
269,269,22
269,269,22
269,269,22
269,270,22
269,270,22
269,270,22
269,270,22
269,270,22
269,270,22
269,270,22
269,270,22
269,270,22
269,270,22
269,260,22
269,260,22
269,260,22
269,260,22
269,260,22
269,260,22
269,260,22
269,260,22
269,260,22
269,260,22
269,260,22
269,260,22
269,260,22
269,260,22
269,252,22
269,252,22
269,252,22
269,252,22
269,252,22
269,252,22
269,252,22
269,252,22
269,252,22
269,252,22
269,252,22
269,252,22
269,252,22
269,287,22
269,287,22
269,287,22
269,287,22
269,287,22
269,287,22
269,287,22
269,287,22
269,297,22
269,297,22
269,297,22
269,297,22
269,297,22
269,297,22
269,297,22
269,297,22
269,297,22
269,297,22
269,297,22
269,297,22
269,297,22
269,297,22
269,297,22
269,297,22
269,297,22
269,297,22
269,297,22
269,297,22
269,297,22
269,297,22
269,297,22
269,297,22
269,297,22
269,297,22
269,297,22
269,297,22
269,297,22
269,297,22
269,297,22
269,297,22
269,284,22
269,284,22
269,284,22
269,284,22
269,284,22
269,284,22
269,284,22
269,252,22
269,252,22
269,252,22
269,252,22
269,252,22
269,252,22
269,252,22
269,252,22
269,252,22
269,252,22
269,252,22
269,252,22
269,252,22
269,252,22
269,252,22
269,247,22
269,247,22
269,247,22
269,247,22
269,247,22
269,247,22
269,247,22
269,247,22
269,247,22
269,247,22
269,247,22
269,247,22
269,247,22
269,247,22
269,247,22
269,247,22
269,247,22
269,247,22
269,247,22
269,247,22
269,247,22
269,247,22
269,247,22
269,247,22
269,247,22
269,247,22
269,247,22
269,247,22
269,247,22
269,247,22
269,247,22
269,247,22
269,247,22
269,247,22
269,264,22
269,264,22
269,264,22
269,264,22
269,264,22
269,264,22
269,264,22
269,264,22
269,264,22
269,264,22
269,264,22
269,264,22
269,264,22
284,267,22
284,267,22
284,267,22
284,267,22
284,267,22
284,267,22
284,267,22
284,267,22
284,267,22
284,267,22
284,267,22
284,267,22
284,280,22
284,280,22
284,280,22
284,280,22
284,280,22
284,280,22
284,280,22
284,280,22
284,280,22
284,280,22
284,280,22
284,280,22
284,280,22
284,280,22
284,280,22
284,280,22
284,280,22
284,280,22
284,280,22
284,280,22
284,280,22
284,280,22
284,280,22
284,255,22
284,255,22
284,255,22
284,255,22
284,255,22
284,255,22
284,255,22
284,255,22
284,255,22
284,255,22
284,255,22
284,255,22
284,255,22
284,255,22
284,255,22
284,255,22
284,255,22
284,255,22
284,255,22
284,255,22
284,255,22
284,255,22
284,255,22
284,255,22
284,255,22
284,255,22
284,255,22
284,255,22
284,255,22
284,255,22
284,255,22
284,255,22
284,255,22
284,255,22
284,255,22
284,255,22
284,255,22
284,255,22
284,255,22
284,255,22
284,255,22
284,255,22
284,255,22
284,255,22
284,255,22
284,255,22
284,255,22
284,251,22
284,251,22
284,251,22
284,251,22
284,251,22
284,251,22
284,251,22
284,251,22
284,251,22
284,251,22
284,251,22
284,251,22
284,251,22
284,251,22
284,251,22
284,251,22
284,251,22
284,251,22
284,251,22
284,251,22
284,251,22
284,251,22
284,251,22
284,251,22
284,251,22
284,251,22
284,251,22
284,251,22
284,251,22
284,251,22
284,251,22
284,251,22
284,251,22
284,251,22
284,251,22
284,269,22
284,269,22
284,269,22
284,269,22
284,269,22
284,269,22
284,269,22
284,269,22
284,269,22
284,269,22
284,269,22
284,269,22
284,269,22
284,268,22
284,268,22
284,268,22
284,268,22
284,268,22
284,268,22
284,268,22
284,268,22
284,268,22
284,268,22
284,268,22
284,268,22
284,268,22
284,268,22
284,268,22
284,268,22
284,268,22
284,268,22
284,268,22
284,268,22
284,268,22
284,268,22
284,268,22
284,268,22
284,268,22
284,268,22
284,268,22
284,268,22
284,268,22
284,268,22
284,268,22
284,268,22
284,268,22
284,268,22
284,268,22
284,268,22
284,268,22
284,268,22
284,268,22
284,268,22
284,268,22
284,266,22
284,266,22
284,266,22
284,266,22
284,266,22
284,266,22
284,266,22
284,235,22
284,235,22
284,235,22
284,235,22
284,235,22
284,235,22
284,235,22
284,235,22
284,235,22
284,235,22
284,235,22
284,276,22
284,276,22
284,276,22
284,276,22
284,276,22
284,276,22
284,270,22
284,270,22
284,270,22
284,270,22
284,270,22
284,270,22
284,270,22
284,270,22
284,270,22
284,270,22
284,270,22
284,270,22
284,270,22
284,270,22
284,270,22
284,270,22
284,270,22
284,270,22
284,270,22
284,270,22
284,270,22
284,270,22
284,270,22
284,270,22
284,279,22
284,279,22
284,279,22
284,279,22
284,279,22
284,279,22
284,279,22
284,279,22
284,279,22
284,279,22
284,279,22
284,279,22
284,279,22
284,279,22
284,279,22
284,279,22
284,279,22
284,279,22
284,279,22
284,279,22
284,279,22
284,279,22
284,279,22
284,279,22
284,279,22
284,279,22
284,279,22
284,279,22
284,279,22
284,279,22
284,279,22
284,279,22
284,279,22
284,279,22
284,279,22
284,279,22
284,279,22
284,252,22
284,252,22
284,252,22
284,252,22
284,252,22
284,252,22
284,252,22
284,252,22
284,252,22
284,252,22
284,252,22
284,252,22
284,252,22
284,252,22
284,252,22
284,252,22
284,252,22
284,252,22
284,252,22
284,252,22
284,252,22
284,252,22
284,252,22
284,252,22
284,252,22
284,252,22
284,252,22
284,252,22
284,252,22
284,294,22
284,294,22
284,294,22
284,294,22
284,294,22
284,294,22
284,294,22
284,294,22
284,294,22
284,294,22
284,294,22
284,294,22
284,294,22
284,294,22
284,294,22
284,294,22
284,294,22
284,294,22
284,294,22
284,294,22
284,282,22
284,282,22
284,282,22
284,282,22
284,282,22
284,282,22
284,282,22
284,282,22
284,282,22
284,282,22
284,301,22
284,301,22
284,301,22
284,301,22
284,301,22
284,301,22
284,301,22
284,301,22
284,301,22
284,301,22
284,301,22
284,301,22
284,301,22
284,301,22
284,265,22
284,265,22
284,265,22
284,265,22
284,265,22
284,265,22
284,265,22
284,265,22
284,265,22
284,265,22
284,265,22
284,265,22
284,298,22
284,298,22
284,298,22
284,298,22
284,298,22
284,298,22
284,298,22
284,298,22
284,298,22
284,298,22
284,298,22
284,298,22
284,298,22
284,298,22
284,298,22
284,298,22
284,298,22
284,298,22
284,298,22
284,298,22
284,298,22
284,298,22
284,298,22
284,298,22
284,298,22
284,298,22
284,298,22
284,298,22
284,298,22
284,298,22
284,298,22
284,298,22
284,298,22
284,298,22
284,298,22
284,298,22
284,298,22
284,298,22
284,298,22
284,298,22
284,298,22
284,298,22
284,298,22
284,298,22
284,288,22
284,288,22
284,288,22
284,288,22
284,288,22
284,288,22
284,288,22
284,288,22
284,288,22
284,288,22
284,288,22
284,288,22
284,288,22
284,288,22
284,288,22
284,288,22
284,288,22
284,288,22
284,288,22
284,288,22
284,288,22
284,288,22
284,288,22
284,288,22
284,288,22
284,288,22
284,288,22
284,288,22
284,288,22
284,288,22
284,288,22
284,288,22
284,288,22
284,288,22
284,288,22
284,288,22
284,288,22
284,288,22
284,288,22
284,288,22
284,288,22
284,288,22
284,288,22
284,288,22
284,288,22
284,288,22
284,288,22
284,288,22
284,288,22
284,288,22
284,288,22
284,288,22
284,288,22
284,288,22
284,288,22
284,273,22
284,273,22
284,273,22
284,273,22
284,273,22
284,273,22
284,273,22
284,273,22
284,273,22
284,273,22
284,273,22
284,273,22
284,273,22
284,273,22
284,273,22
284,273,22
284,273,22
284,273,22
284,273,22
284,273,22
284,273,22
284,273,22
284,285,22
284,285,22
284,285,22
284,285,22
284,285,22
284,285,22
284,285,22
284,285,22
284,285,22
284,285,22
284,285,22
284,285,22
284,285,22
284,285,22
284,285,22
284,285,22
284,285,22
284,285,22
284,285,22
284,285,22
284,263,22
284,263,22
284,263,22
284,263,22
284,263,22
284,263,22
284,263,22
284,263,22
284,263,22
284,263,22
284,263,22
284,263,22
284,279,22
284,279,22
284,279,22
284,279,22
284,279,22
284,279,22
284,279,22
284,279,22
284,279,22
284,279,22
284,279,22
284,279,22
284,279,22
284,279,22
284,279,22
284,279,22
284,279,22
284,279,22
264,261,22
264,261,22
264,261,22
264,261,22
264,261,22
264,261,22
264,261,22
264,261,22
264,261,22
264,261,22
264,261,22
264,261,22
264,261,22
264,261,22
264,261,22
264,261,22
264,261,22
264,261,22
264,261,22
264,261,22
264,261,22
264,261,22
264,261,22
264,261,22
264,261,22
264,257,22
264,257,22
264,257,22
264,257,22
264,257,22
264,257,22
264,257,22
264,257,22
264,257,22
264,257,22
264,257,22
264,257,22
264,257,22
264,257,22
264,257,22
264,257,22
264,257,22
264,257,22
264,257,22
264,257,22
264,257,22
264,257,22
264,257,22
264,257,22
264,257,22
264,257,22
264,257,22
264,257,22
264,257,22
264,257,22
264,267,22
264,267,22
264,267,22
264,267,22
264,267,22
264,267,22
264,267,22
264,267,22
264,267,22
264,267,22
264,267,22
264,267,22
264,267,22
264,267,22
264,267,22
264,267,22
264,267,22
264,267,22
264,256,22
264,256,22
264,256,22
264,256,22
264,256,22
264,256,22
264,256,22
264,256,22
264,256,22
264,256,22
264,256,22
264,256,22
264,256,22
264,256,22
264,256,22
264,256,22
264,256,22
264,256,22
264,256,22
264,256,22
264,256,22
264,256,22
264,256,22
264,256,22
264,256,22
264,256,22
264,256,22
264,256,22
264,256,22
264,256,22
264,256,22
264,256,22
264,256,22
264,256,22
264,259,22
264,259,22
264,259,22
264,259,22
264,259,22
264,259,22
264,259,22
264,259,22
264,259,22
264,235,22
264,235,22
264,235,22
264,235,22
264,235,22
264,235,22
264,235,22
264,235,22
264,235,22
264,235,22
264,235,22
264,235,22
264,235,22
264,304,22
264,304,22
264,304,22
264,304,22
264,304,22
264,304,22
264,304,22
264,304,22
264,304,22
264,304,22
264,304,22
264,304,22
264,304,22
264,304,22
264,304,22
264,304,22
264,304,22
264,252,22
264,252,22
264,252,22
264,252,22
264,252,22
264,252,22
264,252,22
264,252,22
264,252,22
264,252,22
264,269,22
264,269,22
264,269,22
264,269,22
264,269,22
264,269,22
264,269,22
264,269,22
264,269,22
264,269,22
264,269,22
264,269,22
264,269,22
264,269,22
264,269,22
264,269,22
264,269,22
264,269,22
264,269,22
264,269,22
264,269,22
264,269,22
264,269,22
264,269,22
264,269,22
264,269,22
264,269,22
264,269,22
264,269,22
264,269,22
264,269,22
264,269,22
264,269,22
264,269,22
264,269,22
264,269,22
264,269,22
264,269,22
264,269,22
264,269,22
264,269,22
264,269,22
264,269,22
264,269,22
264,269,22
264,269,22
264,269,22
264,269,22
264,269,22
264,269,22
264,269,22
264,269,22
264,269,22
264,269,22
264,269,22
264,269,22
264,249,22
264,249,22
264,249,22
264,249,22
264,249,22
264,249,22
264,249,22
264,249,22
264,249,22
264,249,22
264,250,22
264,250,22
264,250,22
264,250,22
264,250,22
264,250,22
264,250,22
264,250,22
264,250,22
264,250,22
264,250,22
264,250,22
264,250,22
264,250,22
264,250,22
264,250,22
264,250,22
264,250,22
264,250,22
264,250,22
264,250,22
264,250,22
264,250,22
264,250,22
264,250,22
264,250,22
264,250,22
264,250,22
264,250,22
264,250,22
264,250,22
264,250,22
264,250,22
264,250,22
264,250,22
264,250,22
264,250,22
264,250,22
264,250,22
264,250,22
264,250,22
264,250,22
264,250,22
264,250,22
264,250,22
264,250,22
264,250,22
264,250,22
264,250,22
264,250,22
264,250,22
264,250,22
264,238,22
264,238,22
264,238,22
264,238,22
264,238,22
264,238,22
264,238,22
264,238,22
264,238,22
264,238,22
264,238,22
264,280,22
264,280,22
264,280,22
264,280,22
264,280,22
264,280,22
264,280,22
264,280,22
264,280,22
264,280,22
264,280,22
264,280,22
264,280,22
264,280,22
264,280,22
264,273,22
264,273,22
264,273,22
264,273,22
264,273,22
264,273,22
264,273,22
264,273,22
264,273,22
264,273,22
264,273,22
264,273,22
264,273,22
264,273,22
264,273,22
264,273,22
264,273,22
264,273,22
264,273,22
264,273,22
264,273,22
264,246,22
264,246,22
264,246,22
264,246,22
264,246,22
264,246,22
264,246,22
264,246,22
264,246,22
264,246,22
264,276,22
264,276,22
264,276,22
264,276,22
264,276,22
264,276,22
264,276,22
264,276,22
264,276,22
264,276,22
264,276,22
264,276,22
264,276,22
264,276,22
264,276,22
264,276,22
264,276,22
264,276,22
264,256,22
264,256,22
264,256,22
264,256,22
264,256,22
264,256,22
264,256,22
264,256,22
264,256,22
264,256,22
264,256,22
264,306,22
264,306,22
264,306,22
264,306,22
264,306,22
264,306,22
264,306,22
264,306,22
264,306,22
264,306,22
264,241,22
264,241,22
264,241,22
264,241,22
264,241,22
264,241,22
264,241,22
264,241,22
264,241,22
264,241,22
264,241,22
264,241,22
264,241,22
264,241,22
264,241,22
264,241,22
264,241,22
264,241,22
264,241,22
264,241,22
264,241,22
264,241,22
264,241,22
264,299,22
264,299,22
264,299,22
264,299,22
264,299,22
264,299,22
264,299,22
264,299,22
264,299,22
264,299,22
264,299,22
264,299,22
264,299,22
264,299,22
264,299,22
264,299,22
264,299,22
264,299,22
264,299,22
264,299,22
264,299,22
264,299,22
264,299,22
264,299,22
264,299,22
264,299,22
264,299,22
264,299,22
264,299,22
264,299,22
264,299,22
264,299,22
264,299,22
264,299,22
264,299,22
264,299,22
264,299,22
264,299,22
264,299,22
264,299,22
289,311,22
289,311,22
289,311,22
289,311,22
289,311,22
289,311,22
289,311,22
289,311,22
289,311,22
289,311,22
289,311,22
289,266,22
289,266,22
289,266,22
289,266,22
289,266,22
289,266,22
289,266,22
289,266,22
289,266,22
289,318,22
289,318,22
289,318,22
289,318,22
289,318,22
289,318,22
289,288,22
289,288,22
289,288,22
289,288,22
289,288,22
289,288,22
289,288,22
289,288,22
289,288,22
289,288,22
289,288,22
289,288,22
289,288,22
289,288,22
289,288,22
289,304,22
289,304,22
289,304,22
289,304,22
289,304,22
289,304,22
289,304,22
289,304,22
289,304,22
289,304,22
289,304,22
289,304,22
289,304,22
289,304,22
289,304,22
289,304,22
289,304,22
289,304,22
289,304,22
289,304,22
289,304,22
289,304,22
289,304,22
289,304,22
289,304,22
289,304,22
289,304,22
289,304,22
289,304,22
289,304,22
289,304,22
289,304,22
289,304,22
289,304,22
289,304,22
289,304,22
289,304,22
289,304,22
289,304,22
289,304,22
289,304,22
289,304,22
289,304,22
289,304,22
289,304,22
289,304,22
289,304,22
289,304,22
289,304,22
289,304,22
289,286,22
289,286,22
289,286,22
289,286,22
289,286,22
289,286,22
289,286,22
289,286,22
289,286,22
289,286,22
289,286,22
289,286,22
289,286,22
289,286,22
289,286,22
289,286,22
289,286,22
289,283,22
289,283,22
289,283,22
289,283,22
289,283,22
289,283,22
289,283,22
289,283,22
289,283,22
289,283,22
289,283,22
289,258,22
289,258,22
289,258,22
289,258,22
289,258,22
289,258,22
289,258,22
289,258,22
289,258,22
289,258,22
289,258,22
289,258,22
289,258,22
289,258,22
289,258,22
289,258,22
289,258,22
289,258,22
289,258,22
289,282,22
289,282,22
289,282,22
289,282,22
289,282,22
289,282,22
289,282,22
289,282,22
289,282,22
289,282,22
289,282,22
289,282,22
289,282,22
289,282,22
289,282,22
289,307,22
289,307,22
289,307,22
289,307,22
289,307,22
289,307,22
289,307,22
289,307,22
289,268,22
289,268,22
289,268,22
289,268,22
289,268,22
289,268,22
289,268,22
289,268,22
289,268,22
289,268,22
289,268,22
289,268,22
289,268,22
289,268,22
289,268,22
289,268,22
289,268,22
289,318,22
289,318,22
289,318,22
289,318,22
289,318,22
289,318,22
289,318,22
289,318,22
289,318,22
289,318,22
289,303,22
289,303,22
289,303,22
289,303,22
289,303,22
289,303,22
289,303,22
289,303,22
289,303,22
289,303,22
289,303,22
289,303,22
289,303,22
289,303,22
289,303,22
289,303,22
289,303,22
289,303,22
289,303,22
289,303,22
289,303,22
289,303,22
289,256,22
289,256,22
289,256,22
289,256,22
289,256,22
289,256,22
289,256,22
289,256,22
289,256,22
289,256,22
289,256,22
289,256,22
289,287,22
289,287,22
289,287,22
289,287,22
289,287,22
289,287,22
289,287,22
289,287,22
289,287,22
289,287,22
289,287,22
289,287,22
289,287,22
289,287,22
289,287,22
289,287,22
289,287,22
289,287,22
289,287,22
289,287,22
289,287,22
289,287,22
289,287,22
289,287,22
289,287,22
289,287,22
289,287,22
289,287,22
289,297,22
289,297,22
289,297,22
289,297,22
289,297,22
289,297,22
289,297,22
289,297,22
289,297,22
289,297,22
289,297,22
289,297,22
289,297,22
289,297,22
289,297,22
289,297,22
289,297,22
289,297,22
289,297,22
289,297,22
289,297,22
289,297,22
289,297,22
289,297,22
289,297,22
289,297,22
289,285,22
289,285,22
289,285,22
289,285,22
289,285,22
289,285,22
289,285,22
289,285,22
289,285,22
289,285,22
289,285,22
289,285,22
289,285,22
289,285,22
289,285,22
289,285,22
289,285,22
269,280,22
269,280,22
269,280,22
269,280,22
269,280,22
269,280,22
269,280,22
269,280,22
269,280,22
269,280,22
269,280,22
269,280,22
269,280,22
269,280,22
269,280,22
269,280,22
269,280,22
269,280,22
269,280,22
269,280,22
269,280,22
269,280,22
269,280,22
269,280,22
269,280,22
269,280,22
269,280,22
269,280,22
269,280,22
269,280,22
269,280,22
269,280,22
269,280,22
269,280,22
269,280,22
269,280,22
269,251,22
269,251,22
269,251,22
269,251,22
269,251,22
269,251,22
269,251,22
269,251,22
269,251,22
269,251,22
269,251,22
269,251,22
269,251,22
269,251,22
269,251,22
269,251,22
269,251,22
269,251,22
269,265,22
269,265,22
269,265,22
269,265,22
269,265,22
269,265,22
269,265,22
269,265,22
269,265,22
269,265,22
269,265,22
269,265,22
269,265,22
269,265,22
269,265,22
269,265,22
269,265,22
269,265,22
269,265,22
269,265,22
269,265,22
269,265,22
269,265,22
269,265,22
269,265,22
269,265,22
269,265,22
269,265,22
269,265,22
269,265,22
269,265,22
269,277,22
269,277,22
269,277,22
269,277,22
269,277,22
269,277,22
269,277,22
269,277,22
269,277,22
269,277,22
269,315,22
269,315,22
269,315,22
269,315,22
269,315,22
269,315,22
269,315,22
269,315,22
269,315,22
269,315,22
269,315,22
269,315,22
269,315,22
269,315,22
269,315,22
269,315,22
269,315,22
269,315,22
269,315,22
269,315,22
269,315,22
269,315,22
269,315,22
269,315,22
269,315,22
269,315,22
269,287,22
269,287,22
269,287,22
269,287,22
269,287,22
269,287,22
269,287,22
269,287,22
269,287,22
269,287,22
269,287,22
269,287,22
269,287,22
269,287,22
269,287,22
269,287,22
269,287,22
269,287,22
269,287,22
269,287,22
269,287,22
269,287,22
269,287,22
269,287,22
269,287,22
269,287,22
269,287,22
269,287,22
269,287,22
269,287,22
269,287,22
269,287,22
269,287,22
269,287,22
269,287,22
269,287,22
269,287,22
269,287,22
269,287,22
269,287,22
269,287,22
269,272,22
269,272,22
269,272,22
269,272,22
269,272,22
269,272,22
269,272,22
269,256,22
269,256,22
269,256,22
269,256,22
269,256,22
269,256,22
269,256,22
269,256,22
269,256,22
269,256,22
269,256,22
269,256,22
269,256,22
269,256,22
269,276,22
269,276,22
269,276,22
269,276,22
269,276,22
269,276,22
269,276,22
269,276,22
269,284,22
269,284,22
269,284,22
269,284,22
269,284,22
269,284,22
269,284,22
269,284,22
269,284,22
269,284,22
269,284,22
269,284,22
269,284,22
269,284,22
269,284,22
269,284,22
269,284,22
269,282,22
269,282,22
269,282,22
269,282,22
269,282,22
269,282,22
269,282,22
269,282,22
269,282,22
269,282,22
