true_pos,obs_pos,true_var
217,206,22
214,206,22
212,206,22
212,206,22
210,206,22
211,206,22
212,206,22
211,206,22
211,206,22
210,218,22
209,218,22
208,218,22
206,218,22
206,218,22
209,218,22
210,218,22
205,218,22
203,218,22
201,218,22
197,218,22
195,218,22
194,218,22
194,218,22
194,218,22
194,218,22
193,218,22
193,218,22
195,218,22
194,218,22
198,234,22
193,234,22
190,234,22
190,234,22
191,234,22
188,234,22
186,234,22
190,234,22
190,234,22
190,234,22
191,234,22
188,234,22
189,234,22
192,234,22
191,234,22
191,234,22
190,234,22
195,234,22
199,234,22
199,234,22
197,234,22
196,234,22
195,234,22
195,234,22
190,234,22
191,234,22
188,234,22
188,234,22
188,234,22
188,234,22
189,234,22
191,234,22
194,234,22
194,234,22
195,234,22
199,234,22
200,234,22
199,234,22
199,234,22
199,234,22
203,234,22
204,234,22
203,234,22
204,234,22
206,234,22
206,234,22
207,234,22
207,234,22
207,234,22
211,241,22
212,241,22
213,241,22
213,241,22
212,241,22
207,241,22
206,241,22
206,241,22
202,241,22
202,241,22
200,241,22
201,241,22
202,241,22
200,241,22
201,241,22
201,241,22
208,241,22
205,241,22
208,241,22
210,241,22
212,241,22
213,241,22
214,241,22
213,241,22
210,241,22
211,241,22
211,241,22
212,241,22
215,241,22
213,241,22
211,241,22
212,241,22
210,241,22
209,241,22
211,209,22
208,209,22
207,209,22
204,209,22
204,209,22
207,209,22
207,209,22
206,237,22
207,237,22
210,237,22
208,237,22
205,237,22
201,237,22
199,237,22
197,237,22
197,237,22
197,237,22
196,237,22
197,237,22
199,237,22
196,178,22
199,178,22
201,178,22
197,178,22
194,178,22
192,178,22
195,178,22
194,178,22
194,178,22
196,178,22
194,178,22
193,225,22
194,225,22
192,225,22
194,225,22
193,225,22
195,225,22
195,225,22
198,225,22
197,225,22
196,225,22
196,225,22
195,225,22
198,225,22
196,225,22
196,156,22
195,156,22
193,156,22
193,156,22
192,156,22
191,156,22
191,156,22
189,156,22
192,156,22
196,156,22
195,156,22
192,156,22
193,156,22
192,156,22
195,156,22
195,156,22
194,156,22
193,156,22
192,156,22
192,156,22
190,156,22
191,156,22
191,156,22
191,156,22
187,156,22
186,156,22
187,156,22
185,156,22
186,156,22
189,156,22
187,156,22
188,156,22
187,156,22
188,156,22
189,156,22
193,156,22
192,156,22
193,156,22
191,156,22
187,156,22
186,156,22
185,156,22
187,156,22
186,156,22
185,170,22
185,170,22
181,170,22
181,170,22
175,170,22
176,170,22
176,170,22
177,170,22
176,170,22
174,170,22
172,170,22
168,171,22
169,171,22
169,171,22
168,171,22
165,171,22
167,171,22
171,171,22
171,171,22
171,171,22
176,171,22
176,170,22
178,170,22
176,170,22
179,170,22
179,170,22
182,170,22
184,170,22
184,170,22
186,170,22
186,170,22
187,170,22
187,170,22
190,170,22
190,170,22
189,170,22
192,170,22
194,170,22
194,170,22
193,170,22
193,170,22
191,170,22
193,170,22
191,170,22
188,170,22
186,170,22
189,170,22
191,170,22
192,170,22
193,170,22
192,170,22
187,170,22
188,170,22
186,170,22
189,170,22
186,170,22
182,170,22
183,170,22
183,170,22
186,170,22
188,170,22
185,170,22
184,170,22
187,170,22
185,170,22
184,170,22
186,170,22
186,170,22
188,170,22
187,170,22
188,170,22
189,197,22
190,197,22
192,197,22
193,197,22
193,197,22
194,197,22
194,197,22
193,197,22
194,197,22
193,197,22
194,197,22
194,197,22
196,197,22
196,197,22
198,197,22
198,197,22
195,197,22
195,197,22
195,197,22
191,197,22
193,197,22
196,197,22
194,197,22
191,197,22
191,197,22
189,197,22
186,197,22
187,205,22
190,205,22
191,205,22
193,205,22
194,205,22
197,205,22
195,205,22
197,205,22
196,205,22
196,205,22
197,205,22
197,205,22
199,205,22
197,205,22
194,205,22
195,205,22
194,205,22
192,205,22
188,205,22
189,205,22
191,205,22
191,205,22
192,205,22
195,206,22
193,206,22
192,206,22
195,206,22
194,206,22
197,206,22
199,206,22
199,206,22
199,206,22
200,206,22
203,206,22
203,206,22
205,206,22
205,206,22
204,206,22
207,206,22
207,206,22
205,206,22
207,206,22
206,206,22
207,206,22
207,206,22
208,206,22
210,206,22
211,206,22
212,206,22
211,206,22
210,206,22
206,206,22
206,203,22
204,203,22
204,203,22
202,203,22
201,203,22
200,203,22
203,203,22
205,203,22
202,203,22
205,203,22
202,203,22
202,203,22
201,203,22
202,197,22
201,197,22
204,197,22
203,197,22
203,197,22
203,197,22
201,197,22
201,197,22
201,197,22
202,197,22
200,197,22
198,197,22
193,197,22
194,197,22
193,197,22
191,197,22
193,197,22
195,197,22
194,197,22
191,197,22
192,197,22
194,197,22
190,197,22
191,197,22
191,197,22
191,197,22
193,197,22
194,197,22
194,197,22
192,197,22
189,197,22
190,197,22
190,197,22
189,197,22
188,197,22
187,197,22
187,190,22
183,190,22
180,190,22
184,190,22
181,190,22
179,190,22
182,190,22
181,190,22
182,190,22
183,190,22
180,190,22
178,190,22
177,190,22
178,190,22
176,190,22
175,190,22
175,190,22
177,190,22
175,190,22
175,190,22
173,190,22
170,190,22
170,190,22
170,190,22
165,190,22
160,190,22
163,190,22
164,190,22
165,190,22
165,190,22
166,190,22
165,190,22
169,182,22
168,182,22
168,182,22
173,182,22
176,182,22
178,182,22
177,182,22
181,182,22
185,182,22
185,182,22
187,182,22
190,182,22
193,182,22
196,182,22
195,182,22
194,182,22
194,182,22
193,182,22
196,182,22
197,182,22
199,182,22
199,182,22
199,182,22
198,182,22
194,182,22
194,182,22
194,182,22
196,182,22
197,182,22
200,182,22
201,182,22
202,182,22
200,197,22
199,197,22
198,197,22
199,197,22
199,197,22
197,197,22
195,179,22
195,179,22
197,179,22
198,179,22
200,179,22
203,179,22
202,179,22
204,179,22
205,179,22
204,179,22
205,179,22
207,179,22
202,179,22
201,179,22
201,179,22
203,179,22
204,179,22
201,179,22
202,179,22
201,179,22
204,210,22
205,210,22
204,210,22
204,210,22
204,210,22
201,210,22
203,210,22
203,210,22
204,210,22
206,210,22
205,210,22
203,210,22
199,210,22
197,210,22
198,210,22
196,210,22
200,198,22
201,198,22
204,198,22
204,198,22
203,198,22
204,198,22
200,198,22
204,198,22
206,198,22
210,198,22
212,198,22
214,198,22
211,198,22
208,198,22
209,198,22
209,198,22
207,198,22
207,198,22
210,198,22
211,198,22
213,208,22
206,208,22
203,208,22
205,208,22
202,208,22
203,208,22
202,208,22
200,208,22
198,208,22
196,208,22
194,167,22
195,167,22
195,167,22
191,167,22
191,167,22
187,167,22
187,187,22
185,187,22
183,187,22
182,187,22
181,187,22
183,187,22
183,187,22
182,187,22
185,187,22
179,187,22
180,187,22
181,187,22
184,187,22
181,187,22
180,187,22
183,187,22
184,187,22
182,187,22
181,187,22
179,187,22
180,187,22
178,187,22
177,187,22
178,187,22
178,187,22
179,187,22
183,187,22
183,187,22
179,153,22
182,153,22
184,153,22
185,153,22
185,153,22
184,153,22
183,153,22
181,153,22
180,153,22
178,153,22
177,166,22
175,166,22
178,166,22
180,166,22
177,166,22
178,166,22
179,166,22
180,166,22
180,166,22
179,166,22
181,166,22
181,166,22
179,166,22
178,166,22
179,166,22
176,166,22
179,166,22
178,166,22
176,151,22
176,151,22
175,151,22
173,151,22
173,151,22
174,151,22
177,151,22
176,151,22
176,151,22
175,151,22
174,151,22
173,151,22
177,151,22
175,151,22
175,151,22
172,151,22
172,151,22
172,151,22
173,151,22
177,177,22
178,177,22
179,177,22
183,177,22
184,177,22
183,177,22
185,156,22
185,156,22
185,156,22
186,156,22
186,156,22
188,156,22
189,156,22
187,156,22
188,156,22
187,156,22
190,156,22
191,199,22
194,199,22
195,199,22
196,199,22
196,199,22
198,199,22
200,199,22
197,199,22
197,199,22
196,199,22
200,199,22
199,201,22
201,201,22
204,201,22
202,201,22
205,201,22
202,201,22
205,201,22
204,201,22
206,201,22
210,201,22
206,201,22
209,201,22
207,201,22
204,201,22
205,201,22
202,201,22
204,201,22
204,201,22
203,201,22
204,201,22
206,201,22
206,201,22
207,201,22
207,201,22
205,201,22
206,201,22
208,201,22
207,201,22
206,201,22
206,201,22
207,201,22
206,201,22
201,201,22
202,201,22
204,201,22
205,201,22
210,201,22
206,201,22
207,201,22
207,201,22
207,201,22
211,201,22
206,177,22
205,177,22
201,177,22
200,177,22
203,177,22
200,177,22
197,177,22
198,177,22
199,177,22
200,177,22
201,177,22
199,177,22
197,177,22
199,192,22
200,192,22
201,192,22
196,192,22
196,192,22
198,192,22
198,192,22
199,192,22
201,192,22
207,192,22
208,192,22
204,192,22
204,192,22
205,192,22
206,192,22
208,192,22
209,192,22
208,192,22
208,192,22
209,192,22
210,192,22
211,192,22
210,192,22
207,192,22
207,192,22
203,192,22
202,192,22
204,192,22
205,192,22
205,192,22
204,192,22
201,192,22
202,192,22
202,192,22
202,192,22
204,192,22
208,192,22
206,192,22
201,192,22
200,192,22
201,192,22
199,192,22
203,192,22
206,192,22
203,192,22
202,209,22
202,209,22
196,209,22
196,209,22
198,209,22
198,209,22
198,209,22
195,209,22
197,209,22
195,209,22
195,209,22
198,209,22
199,209,22
194,209,22
194,209,22
193,209,22
191,209,22
192,209,22
190,209,22
190,209,22
189,209,22
188,209,22
183,209,22
179,209,22
181,209,22
179,209,22
180,209,22
178,209,22
178,209,22
178,209,22
178,209,22
178,209,22
176,209,22
175,209,22
175,209,22
176,209,22
179,209,22
180,209,22
180,209,22
180,209,22
182,209,22
184,209,22
185,209,22
185,193,22
183,193,22
182,193,22
184,193,22
185,193,22
185,193,22
187,174,22
188,174,22
191,174,22
192,174,22
191,174,22
191,174,22
188,174,22
188,174,22
187,174,22
188,174,22
184,174,22
181,174,22
180,174,22
181,174,22
184,174,22
181,174,22
180,203,22
182,203,22
181,203,22
180,203,22
183,203,22
184,203,22
183,203,22
184,203,22
182,203,22
181,203,22
179,203,22
179,203,22
177,203,22
177,203,22
181,203,22
182,137,22
183,137,22
182,137,22
179,137,22
180,137,22
175,137,22
175,137,22
173,137,22
171,137,22
170,137,22
168,137,22
166,137,22
168,137,22
168,137,22
169,137,22
168,137,22
170,137,22
171,142,22
169,142,22
165,142,22
165,142,22
165,142,22
167,142,22
168,142,22
169,142,22
169,142,22
171,142,22
173,142,22
175,142,22
175,142,22
176,142,22
177,142,22
180,142,22
180,142,22
181,142,22
185,142,22
182,142,22
181,142,22
186,142,22
190,142,22
190,142,22
191,142,22
187,142,22
189,142,22
193,142,22
195,142,22
196,142,22
196,142,22
198,142,22
201,142,22
201,142,22
200,142,22
197,142,22
200,142,22
197,142,22
194,142,22
195,142,22
194,142,22
192,142,22
188,142,22
189,142,22
189,142,22
186,142,22
187,142,22
188,142,22
187,142,22
189,142,22
187,142,22
184,142,22
187,142,22
187,142,22
187,142,22
184,142,22
183,204,22
184,204,22
181,204,22
179,204,22
181,204,22
179,204,22
181,204,22
183,204,22
180,204,22
183,204,22
182,204,22
186,204,22
187,204,22
185,204,22
189,190,22
188,190,22
184,190,22
185,190,22
187,190,22
188,190,22
189,190,22
190,190,22
193,190,22
194,190,22
192,190,22
193,190,22
194,190,22
196,190,22
196,190,22
195,190,22
194,190,22
193,190,22
194,190,22
196,190,22
194,190,22
195,190,22
199,190,22
198,190,22
201,190,22
199,190,22
196,190,22
197,190,22
198,190,22
203,190,22
203,190,22
204,190,22
205,190,22
208,190,22
207,190,22
208,190,22
207,190,22
206,190,22
207,190,22
206,190,22
207,190,22
207,190,22
204,190,22
202,190,22
200,190,22
198,190,22
202,190,22
201,190,22
203,190,22
202,190,22
200,190,22
201,190,22
200,190,22
198,190,22
199,188,22
198,188,22
196,188,22
198,188,22
200,188,22
200,188,22
201,188,22
200,188,22
202,188,22
202,188,22
204,188,22
205,188,22
207,200,22
208,200,22
208,200,22
209,200,22
210,200,22
208,200,22
210,200,22
209,200,22
210,200,22
208,200,22
206,200,22
208,200,22
206,200,22
204,200,22
208,163,22
214,163,22
212,163,22
211,163,22
208,163,22
207,163,22
208,163,22
208,163,22
208,163,22
206,163,22
203,163,22
205,163,22
208,163,22
208,163,22
208,163,22
205,163,22
207,163,22
204,163,22
207,163,22
207,163,22
207,163,22
207,163,22
209,163,22
213,163,22
214,163,22
214,163,22
212,163,22
215,163,22
212,163,22
212,163,22
210,163,22
208,163,22
207,163,22
205,163,22
205,163,22
207,163,22
206,163,22
203,163,22
204,163,22
202,163,22
201,163,22
202,163,22
200,163,22
197,163,22
198,163,22
196,163,22
194,163,22
194,163,22
196,163,22
200,163,22
201,163,22
201,163,22
198,163,22
202,163,22
204,181,22
204,181,22
205,181,22
204,181,22
201,181,22
202,181,22
201,181,22
204,181,22
200,181,22
202,181,22
204,181,22
202,181,22
201,181,22
200,181,22
198,181,22
194,181,22
196,181,22
197,181,22
197,181,22
195,181,22
197,181,22
200,181,22
201,181,22
201,181,22
200,181,22
197,181,22
199,181,22
199,181,22
199,181,22
197,181,22
198,181,22
200,181,22
199,181,22
197,181,22
195,181,22
193,181,22
191,181,22
197,181,22
199,181,22
198,213,22
199,213,22
198,213,22
202,213,22
202,213,22
203,213,22
204,213,22
205,213,22
205,213,22
205,213,22
206,213,22
204,213,22
203,213,22
205,213,22
203,191,22
206,191,22
205,191,22
202,191,22
203,191,22
203,191,22
201,191,22
199,191,22
196,191,22
198,191,22
200,191,22
198,166,22
197,166,22
195,166,22
195,166,22
199,166,22
198,166,22
197,166,22
197,166,22
198,166,22
197,166,22
195,166,22
194,166,22
190,166,22
190,166,22
191,166,22
192,166,22
195,166,22
196,166,22
199,166,22
205,166,22
204,166,22
207,166,22
202,166,22
205,166,22
206,166,22
206,166,22
203,166,22
199,166,22
200,166,22
199,166,22
197,166,22
197,166,22
197,166,22
195,166,22
197,166,22
200,166,22
204,166,22
205,166,22
205,166,22
206,166,22
204,197,22
204,197,22
201,197,22
205,197,22
208,197,22
212,197,22
213,197,22
214,197,22
214,197,22
215,203,22
213,203,22
212,203,22
212,203,22
212,203,22
212,203,22
212,203,22
210,203,22
211,203,22
213,203,22
212,203,22
213,203,22
217,203,22
220,203,22
221,229,22
222,229,22
223,229,22
224,229,22
223,229,22
224,229,22
223,229,22
224,229,22
226,229,22
227,229,22
227,229,22
227,229,22
229,229,22
226,229,22
225,229,22
226,229,22
227,229,22
229,229,22
230,229,22
230,212,22
232,212,22
232,212,22
231,212,22
235,212,22
236,212,22
234,212,22
235,212,22
237,256,22
236,256,22
233,256,22
234,256,22
233,256,22
232,256,22
231,256,22
231,256,22
230,256,22
227,256,22
226,256,22
224,256,22
225,256,22
226,256,22
228,256,22
233,208,22
232,208,22
229,208,22
228,208,22
229,208,22
227,208,22
230,208,22
230,208,22
234,208,22
235,208,22
237,208,22
237,208,22
238,208,22
236,208,22
236,208,22
238,208,22
238,208,22
237,208,22
240,275,22
240,275,22
240,275,22
239,275,22
241,275,22
241,275,22
240,275,22
240,275,22
241,275,22
239,275,22
237,275,22
237,275,22
237,275,22
234,275,22
233,275,22
236,275,22
235,275,22
238,275,22
236,275,22
236,275,22
233,275,22
235,217,22
236,217,22
234,217,22
229,217,22
227,217,22
228,217,22
231,217,22
231,217,22
231,217,22
229,217,22
227,217,22
227,217,22
228,217,22
227,217,22
228,217,22
225,217,22
224,217,22
227,217,22
227,217,22
230,232,22
230,232,22
230,232,22
228,232,22
227,232,22
225,232,22
226,232,22
224,232,22
226,229,22
228,229,22
230,229,22
225,229,22
225,229,22
225,229,22
222,229,22
222,229,22
225,229,22
225,229,22
225,229,22
226,229,22
227,229,22
226,229,22
224,229,22
230,229,22
231,229,22
228,229,22
232,229,22
231,229,22
233,229,22
232,229,22
234,229,22
238,229,22
241,229,22
240,229,22
239,204,22
240,204,22
239,204,22
237,204,22
240,204,22
243,204,22
245,204,22
244,204,22
239,215,22
239,215,22
237,215,22
235,215,22
235,215,22
237,215,22
236,215,22
239,215,22
240,215,22
240,215,22
241,215,22
244,215,22
246,215,22
250,215,22
249,215,22
247,215,22
249,215,22
249,215,22
250,215,22
247,215,22
249,215,22
249,215,22
246,215,22
245,215,22
248,215,22
248,218,22
247,218,22
247,218,22
247,218,22
245,218,22
244,218,22
245,218,22
243,218,22
240,218,22
237,218,22
238,218,22
237,218,22
238,218,22
240,218,22
239,218,22
238,218,22
241,218,22
243,218,22
242,218,22
240,218,22
244,218,22
243,218,22
246,218,22
246,218,22
245,218,22
244,218,22
247,218,22
248,218,22
248,218,22
251,218,22
252,218,22
252,218,22
254,218,22
253,218,22
254,218,22
255,218,22
254,218,22
253,218,22
252,275,22
247,275,22
247,275,22
251,275,22
252,275,22
254,275,22
255,275,22
256,275,22
255,275,22
255,275,22
255,275,22
255,275,22
258,292,22
259,292,22
257,292,22
263,292,22
262,292,22
259,292,22
258,292,22
259,292,22
259,292,22
259,292,22
261,292,22
265,292,22
263,292,22
264,292,22
260,292,22
260,292,22
263,292,22
265,292,22
266,292,22
269,292,22
271,292,22
274,292,22
272,292,22
270,292,22
270,292,22
274,292,22
274,292,22
274,292,22
277,309,22
274,309,22
274,309,22
271,309,22
271,309,22
270,309,22
268,309,22
267,309,22
267,281,22
267,281,22
268,281,22
267,281,22
266,281,22
267,281,22
267,281,22
272,281,22
272,281,22
269,281,22
269,281,22
269,281,22
274,281,22
271,281,22
272,281,22
269,281,22
271,281,22
270,281,22
268,281,22
267,281,22
268,281,22
267,281,22
266,281,22
267,281,22
266,281,22
268,281,22
267,281,22
267,281,22
272,281,22
270,281,22
268,281,22
266,281,22
268,281,22
266,281,22
267,281,22
269,281,22
269,281,22
270,281,22
268,281,22
269,281,22
269,281,22
266,281,22
265,281,22
263,281,22
261,281,22
262,281,22
264,281,22
262,281,22
261,281,22
260,281,22
260,281,22
256,267,22
260,267,22
262,267,22
265,267,22
268,267,22
268,267,22
269,267,22
272,267,22
272,267,22
269,262,22
267,262,22
270,262,22
271,262,22
270,262,22
269,262,22
273,262,22
270,262,22
272,262,22
271,262,22
271,262,22
272,262,22
274,262,22
274,262,22
273,262,22
275,262,22
276,262,22
279,262,22
283,262,22
280,262,22
278,262,22
278,262,22
279,262,22
276,262,22
283,262,22
284,262,22
284,290,22
284,290,22
287,290,22
287,290,22
286,290,22
285,290,22
282,290,22
284,290,22
281,290,22
278,290,22
281,290,22
282,290,22
280,290,22
278,290,22
277,290,22
278,290,22
278,290,22
275,290,22
278,290,22
278,290,22
275,290,22
275,290,22
272,290,22
272,290,22
272,290,22
269,290,22
270,290,22
267,258,22
264,258,22
262,258,22
261,258,22
265,258,22
263,258,22
266,244,22
266,244,22
268,244,22
271,244,22
273,244,22
272,244,22
272,244,22
274,244,22
272,244,22
275,244,22
273,244,22
273,244,22
274,244,22
272,244,22
275,244,22
273,244,22
272,244,22
270,244,22
267,244,22
269,244,22
268,244,22
268,244,22
270,244,22
272,244,22
270,244,22
270,244,22
267,244,22
265,280,22
264,280,22
262,280,22
262,280,22
264,280,22
262,280,22
262,280,22
260,280,22
258,280,22
258,280,22
259,280,22
260,280,22
263,280,22
264,280,22
266,280,22
264,280,22
263,262,22
263,262,22
263,262,22
265,262,22
266,262,22
270,262,22
273,262,22
272,262,22
273,262,22
273,262,22
273,262,22
273,262,22
272,262,22
274,262,22
270,262,22
270,262,22
271,262,22
269,262,22
271,262,22
269,262,22
269,262,22
269,262,22
272,275,22
271,275,22
268,275,22
270,275,22
271,275,22
274,275,22
273,275,22
272,275,22
274,275,22
272,275,22
270,275,22
271,285,22
270,285,22
270,285,22
272,285,22
270,285,22
269,285,22
271,285,22
269,285,22
267,285,22
266,285,22
266,285,22
269,285,22
270,285,22
270,285,22
269,285,22
266,285,22
265,285,22
263,285,22
259,285,22
261,285,22
261,285,22
263,285,22
264,285,22
265,285,22
266,285,22
264,285,22
267,249,22
265,249,22
266,249,22
267,249,22
267,249,22
266,249,22
266,249,22
267,249,22
266,249,22
264,249,22
263,249,22
264,253,22
262,253,22
264,253,22
266,253,22
264,253,22
264,253,22
266,288,22
266,288,22
263,288,22
264,288,22
265,288,22
267,288,22
267,288,22
266,288,22
263,288,22
265,288,22
262,288,22
263,288,22
264,288,22
262,288,22
260,288,22
262,288,22
263,288,22
263,288,22
262,288,22
262,288,22
263,288,22
263,288,22
260,288,22
264,288,22
262,288,22
257,288,22
256,288,22
259,288,22
258,288,22
260,288,22
260,288,22
261,288,22
260,246,22
257,246,22
258,246,22
257,246,22
257,246,22
257,246,22
260,246,22
259,246,22
259,246,22
257,246,22
252,246,22
248,246,22
249,246,22
246,246,22
247,252,22
247,252,22
248,252,22
249,252,22
246,252,22
248,252,22
247,252,22
245,252,22
246,252,22
246,252,22
242,252,22
240,252,22
239,232,22
236,232,22
235,232,22
238,232,22
238,232,22
233,232,22
236,232,22
237,232,22
240,232,22
239,232,22
242,232,22
242,232,22
238,232,22
239,232,22
239,232,22
242,232,22
243,232,22
246,232,22
246,232,22
250,232,22
246,232,22
245,232,22
243,232,22
241,232,22
240,259,22
242,259,22
242,259,22
243,259,22
243,259,22
244,259,22
242,259,22
239,259,22
237,259,22
240,259,22
238,259,22
238,262,22
237,262,22
239,262,22
240,262,22
241,262,22
239,262,22
237,262,22
240,262,22
241,262,22
238,262,22
236,262,22
237,262,22
237,262,22
241,270,22
237,270,22
236,270,22
235,270,22
233,270,22
233,270,22
233,270,22
233,270,22
234,270,22
234,270,22
232,270,22
230,270,22
232,270,22
231,232,22
230,232,22
225,232,22
224,232,22
225,232,22
226,232,22
225,232,22
225,232,22
225,232,22
225,228,22
228,228,22
228,228,22
228,228,22
228,228,22
228,228,22
228,228,22
228,228,22
228,228,22
229,228,22
229,228,22
228,228,22
230,228,22
229,226,22
229,226,22
233,226,22
232,226,22
233,226,22
229,226,22
229,256,22
228,256,22
224,256,22
225,256,22
225,256,22
227,256,22
227,253,22
227,253,22
228,253,22
225,253,22
225,253,22
230,253,22
231,253,22
229,253,22
233,253,22
232,253,22
231,253,22
230,253,22
231,253,22
230,253,22
229,253,22
230,229,22
229,229,22
229,229,22
228,229,22
225,229,22
224,229,22
226,229,22
223,229,22
223,229,22
225,229,22
223,222,22
220,222,22
221,222,22
223,222,22
222,222,22
225,222,22
224,222,22
226,222,22
228,214,22
230,214,22
229,214,22
228,214,22
225,214,22
226,214,22
227,214,22
230,214,22
229,214,22
231,214,22
225,214,22
226,214,22
227,214,22
228,214,22
227,214,22
232,214,22
231,214,22
230,214,22
231,214,22
231,214,22
231,214,22
233,214,22
230,214,22
228,214,22
227,214,22
224,214,22
224,214,22
224,214,22
224,214,22
224,214,22
222,214,22
222,214,22
224,214,22
225,214,22
224,214,22
224,214,22
224,217,22
225,217,22
222,217,22
220,217,22
223,217,22
220,217,22
215,217,22
213,217,22
212,217,22
213,217,22
213,217,22
212,217,22
214,217,22
215,217,22
215,217,22
210,217,22
209,217,22
207,217,22
206,217,22
204,217,22
204,217,22
210,217,22
211,217,22
214,217,22
216,217,22
216,217,22
215,217,22
213,217,22
214,217,22
211,217,22
214,217,22
217,217,22
217,217,22
218,217,22
218,217,22
218,217,22
218,217,22
221,217,22
222,217,22
223,217,22
227,224,22
228,224,22
227,224,22
227,224,22
227,224,22
229,224,22
230,224,22
237,224,22
238,224,22
235,224,22
236,225,22
232,225,22
232,225,22
229,225,22
229,225,22
229,225,22
228,225,22
229,225,22
230,225,22
229,225,22
227,225,22
229,225,22
232,225,22
229,225,22
226,225,22
227,225,22
227,225,22
226,225,22
223,225,22
222,225,22
223,225,22
224,225,22
223,225,22
223,225,22
222,225,22
220,211,22
223,211,22
223,211,22
225,211,22
229,211,22
229,211,22
232,211,22
234,211,22
236,211,22
237,211,22
234,265,22
235,265,22
234,265,22
236,265,22
238,265,22
240,265,22
243,265,22
246,265,22
247,265,22
247,265,22
246,260,22
245,260,22
243,260,22
243,260,22
242,260,22
242,260,22
242,260,22
241,260,22
240,243,22
240,243,22
241,243,22
240,243,22
243,243,22
241,243,22
244,243,22
244,243,22
244,243,22
246,243,22
246,243,22
244,243,22
242,243,22
242,243,22
240,243,22
238,243,22
236,243,22
235,243,22
235,243,22
236,243,22
236,243,22
237,243,22
235,243,22
236,243,22
235,243,22
233,243,22
234,243,22
230,243,22
231,243,22
232,243,22
234,243,22
234,243,22
234,243,22
233,243,22
233,243,22
234,243,22
231,243,22
230,243,22
229,243,22
228,243,22
228,243,22
225,243,22
226,243,22
227,243,22
226,243,22
225,243,22
229,243,22
230,243,22
232,243,22
229,243,22
232,238,22
233,238,22
236,238,22
234,238,22
233,238,22
236,238,22
233,238,22
234,238,22
233,238,22
232,238,22
234,238,22
234,238,22
236,238,22
237,238,22
237,238,22
238,238,22
238,238,22
240,238,22
238,238,22
236,238,22
237,238,22
236,238,22
237,238,22
239,238,22
238,238,22
236,238,22
238,238,22
238,238,22
241,238,22
241,238,22
240,238,22
243,238,22
239,238,22
241,238,22
241,238,22
244,238,22
248,238,22
253,238,22
253,238,22
256,238,22
256,238,22
255,238,22
254,238,22
253,238,22
253,238,22
253,256,22
255,256,22
256,256,22
257,256,22
257,256,22
256,256,22
262,256,22
264,256,22
265,256,22
267,256,22
267,256,22
268,256,22
267,256,22
267,256,22
269,256,22
270,256,22
275,256,22
275,256,22
277,256,22
276,256,22
279,256,22
279,256,22
278,256,22
281,256,22
281,256,22
285,256,22
284,256,22
283,282,22
284,282,22
283,282,22
283,282,22
283,282,22
279,282,22
278,282,22
276,282,22
277,282,22
276,282,22
279,282,22
278,282,22
276,282,22
277,282,22
276,282,22
278,282,22
279,282,22
284,286,22
285,286,22
289,286,22
287,286,22
285,286,22
287,286,22
287,286,22
288,286,22
289,286,22
292,286,22
291,286,22
294,286,22
293,286,22
293,286,22
295,286,22
297,286,22
298,286,22
300,286,22
301,286,22
300,284,22
298,284,22
297,284,22
297,284,22
299,284,22
298,284,22
301,306,22
299,306,22
299,306,22
299,306,22
300,306,22
301,306,22
300,306,22
302,306,22
302,348,22
300,348,22
302,348,22
304,348,22
301,348,22
296,348,22
297,319,22
296,319,22
296,319,22
295,319,22
293,319,22
295,319,22
294,319,22
293,319,22
292,319,22
297,319,22
298,319,22
294,319,22
290,319,22
290,319,22
294,319,22
293,319,22
292,319,22
292,319,22
294,319,22
292,319,22
291,319,22
290,319,22
290,319,22
294,319,22
293,319,22
292,319,22
293,319,22
290,319,22
292,319,22
294,319,22
293,319,22
294,319,22
292,319,22
292,319,22
295,319,22
295,319,22
297,319,22
299,319,22
302,319,22
303,319,22
304,319,22
300,319,22
300,319,22
298,319,22
295,319,22
294,319,22
292,319,22
293,319,22
291,319,22
292,319,22
295,320,22
297,320,22
297,320,22
292,320,22
292,320,22
294,320,22
294,320,22
294,320,22
294,307,22
291,307,22
293,307,22
290,307,22
291,307,22
291,307,22
292,307,22
290,307,22
289,307,22
286,307,22
285,307,22
289,307,22
287,307,22
288,307,22
286,307,22
287,307,22
289,307,22
292,307,22
295,307,22
296,307,22
298,307,22
301,307,22
297,307,22
294,307,22
295,327,22
294,327,22
296,327,22
297,327,22
297,327,22
297,327,22
295,296,22
294,296,22
294,296,22
295,296,22
293,296,22
296,296,22
298,296,22
301,296,22
302,296,22
300,296,22
305,296,22
306,296,22
309,296,22
310,296,22
312,296,22
312,296,22
308,296,22
310,296,22
308,296,22
303,296,22
305,296,22
304,296,22
304,296,22
302,296,22
302,296,22
301,296,22
304,296,22
304,296,22
303,296,22
306,296,22
305,296,22
306,296,22
308,296,22
311,296,22
310,296,22
310,296,22
311,296,22
309,296,22
307,296,22
309,296,22
307,284,22
304,284,22
303,284,22
303,284,22
304,284,22
309,284,22
306,284,22
306,284,22
306,284,22
304,284,22
299,284,22
300,284,22
300,284,22
301,284,22
300,284,22
300,284,22
297,284,22
296,284,22
295,284,22
295,284,22
297,284,22
299,284,22
298,284,22
299,284,22
300,284,22
301,284,22
302,278,22
301,278,22
297,278,22
300,278,22
300,278,22
302,278,22
300,278,22
298,278,22
299,278,22
299,278,22
301,278,22
301,278,22
300,278,22
302,278,22
298,278,22
297,278,22
300,278,22
297,278,22
295,278,22
293,271,22
294,271,22
295,271,22
295,271,22
299,271,22
301,271,22
300,271,22
302,271,22
307,271,22
307,271,22
311,271,22
308,271,22
308,271,22
306,271,22
306,271,22
306,271,22
301,271,22
305,271,22
303,271,22
303,271,22
303,271,22
302,271,22
305,271,22
305,271,22
304,271,22
307,271,22
308,271,22
310,271,22
311,271,22
313,271,22
315,10,22
311,10,22
312,10,22
311,10,22
313,10,22
314,10,22
313,10,22
312,10,22
310,10,22
313,10,22
314,10,22
314,10,22
319,10,22
319,10,22
321,10,22
319,10,22
318,10,22
319,10,22
319,10,22
320,10,22
320,10,22
320,10,22
319,10,22
317,10,22
313,10,22
310,10,22
310,316,22
308,316,22
303,316,22
305,316,22
308,316,22
307,316,22
305,316,22
303,316,22
304,316,22
305,316,22
306,316,22
306,306,22
304,306,22
302,306,22
299,306,22
302,306,22
302,306,22
298,306,22
299,306,22
300,306,22
302,306,22
302,306,22
304,306,22
306,306,22
307,306,22
310,351,22
310,351,22
312,351,22
308,351,22
307,351,22
307,351,22
307,351,22
306,351,22
301,351,22
304,351,22
309,351,22
309,351,22
312,351,22
314,301,22
315,301,22
316,301,22
319,301,22
317,301,22
318,301,22
320,301,22
318,301,22
319,301,22
319,301,22
316,301,22
317,301,22
315,301,22
315,301,22
316,301,22
317,301,22
316,301,22
313,301,22
312,301,22
312,301,22
314,301,22
312,301,22
313,301,22
313,301,22
314,301,22
313,301,22
312,301,22
311,301,22
310,301,22
315,301,22
320,301,22
318,301,22
323,301,22
323,301,22
323,301,22
324,301,22
323,301,22
319,301,22
317,301,22
318,301,22
315,301,22
313,301,22
311,301,22
311,301,22
312,301,22
311,332,22
310,332,22
313,332,22
317,332,22
317,332,22
317,332,22
318,332,22
314,332,22
314,332,22
315,332,22
314,332,22
317,304,22
318,304,22
319,304,22
321,304,22
319,304,22
316,304,22
312,304,22
314,304,22
313,304,22
314,304,22
315,304,22
318,304,22
318,304,22
318,304,22
319,304,22
325,304,22
327,304,22
325,304,22
325,304,22
328,304,22
326,304,22
324,304,22
324,304,22
324,304,22
326,304,22
329,304,22
328,8,22
326,8,22
328,8,22
327,8,22
326,8,22
325,8,22
323,8,22
324,8,22
321,342,22
322,342,22
322,342,22
325,342,22
325,342,22
328,342,22
330,342,22
329,342,22
328,342,22
332,342,22
334,342,22
334,342,22
331,342,22
331,342,22
325,342,22
324,342,22
322,342,22
322,342,22
323,342,22
320,342,22
321,342,22
326,342,22
324,342,22
322,342,22
322,342,22
322,342,22
326,342,22
329,342,22
330,342,22
330,342,22
330,342,22
330,342,22
329,342,22
332,342,22
333,342,22
332,342,22
334,342,22
337,342,22
339,342,22
339,342,22
340,342,22
337,342,22
339,342,22
332,342,22
329,342,22
326,342,22
325,342,22
328,342,22
327,303,22
327,303,22
326,303,22
327,303,22
326,303,22
325,303,22
323,303,22
321,303,22
324,303,22
321,303,22
319,303,22
319,303,22
320,303,22
318,303,22
320,303,22
320,346,22
323,346,22
325,346,22
323,346,22
322,346,22
326,346,22
327,346,22
327,346,22
322,346,22
320,346,22
321,346,22
324,346,22
325,346,22
323,346,22
320,346,22
318,346,22
317,346,22
317,346,22
315,346,22
314,346,22
313,346,22
311,346,22
308,346,22
307,346,22
309,346,22
307,346,22
305,346,22
301,346,22
299,346,22
299,346,22
298,346,22
299,346,22
296,346,22
300,294,22
303,294,22
307,294,22
307,294,22
311,294,22
313,294,22
315,294,22
313,294,22
312,294,22
316,294,22
317,294,22
321,294,22
322,294,22
323,294,22
321,294,22
325,294,22
330,294,22
333,294,22
334,315,22
335,315,22
333,315,22
332,315,22
332,315,22
335,315,22
333,315,22
333,312,22
331,312,22
334,312,22
332,312,22
334,312,22
333,312,22
333,312,22
337,312,22
339,312,22
335,312,22
335,312,22
335,312,22
331,312,22
330,312,22
333,312,22
334,312,22
333,312,22
336,312,22
340,312,22
339,312,22
337,312,22
335,312,22
337,312,22
338,341,22
337,341,22
338,341,22
334,341,22
334,341,22
334,341,22
335,341,22
329,341,22
330,341,22
330,341,22
330,341,22
332,341,22
330,341,22
329,15,22
328,15,22
327,15,22
331,15,22
331,15,22
330,15,22
329,15,22
327,15,22
329,15,22
331,15,22
332,15,22
331,15,22
330,15,22
331,15,22
332,15,22
329,15,22
328,15,22
330,15,22
331,15,22
329,15,22
331,15,22
334,15,22
333,15,22
336,15,22
331,355,22
336,355,22
339,355,22
338,355,22
342,355,22
342,355,22
340,355,22
340,355,22
336,355,22
338,355,22
338,355,22
334,355,22
334,355,22
337,355,22
334,355,22
333,355,22
332,355,22
332,355,22
333,355,22
332,355,22
335,355,22
336,2,22
337,2,22
339,2,22
340,2,22
339,2,22
339,2,22
336,2,22
335,2,22
335,2,22
336,2,22
336,10,22
336,10,22
338,10,22
340,10,22
342,10,22
346,10,22
345,10,22
344,10,22
342,10,22
343,10,22
343,10,22
339,10,22
339,10,22
340,10,22
340,10,22
338,10,22
338,10,22
336,10,22
335,10,22
335,10,22
338,10,22
342,10,22
341,10,22
339,356,22
339,356,22
340,356,22
340,356,22
341,356,22
342,356,22
343,356,22
343,356,22
342,356,22
342,356,22
342,356,22
343,356,22
344,356,22
344,356,22
347,356,22
346,356,22
345,356,22
344,356,22
347,356,22
343,356,22
342,356,22
343,356,22
344,356,22
346,356,22
348,356,22
349,319,22
354,319,22
354,319,22
350,319,22
349,319,22
348,319,22
348,319,22
343,319,22
346,319,22
347,10,22
348,10,22
347,10,22
343,10,22
344,10,22
344,10,22
345,10,22
341,10,22
341,10,22
343,10,22
343,10,22
343,10,22
347,10,22
349,10,22
349,10,22
350,10,22
350,10,22
350,10,22
349,10,22
348,10,22
347,10,22
349,10,22
348,10,22
346,10,22
347,10,22
347,10,22
346,10,22
345,10,22
344,10,22
346,10,22
346,10,22
349,10,22
348,10,22
345,10,22
346,10,22
348,10,22
346,10,22
344,10,22
343,10,22
344,10,22
343,10,22
343,10,22
344,10,22
343,10,22
339,10,22
340,10,22
341,10,22
339,345,22
343,345,22
344,345,22
346,345,22
344,345,22
343,345,22
345,345,22
343,345,22
344,345,22
343,345,22
345,345,22
345,345,22
343,345,22
341,345,22
343,345,22
342,345,22
340,345,22
339,345,22
343,345,22
345,345,22
345,345,22
348,345,22
348,345,22
347,345,22
348,345,22
349,345,22
349,345,22
351,345,22
350,345,22
344,345,22
344,345,22
342,345,22
341,345,22
341,345,22
341,345,22
343,345,22
344,345,22
345,345,22
346,345,22
347,345,22
349,345,22
348,345,22
345,345,22
346,345,22
346,345,22
347,345,22
348,345,22
348,4,22
346,4,22
343,4,22
344,4,22
344,4,22
346,4,22
346,13,22
347,13,22
345,13,22
345,13,22
344,13,22
342,13,22
341,13,22
341,13,22
342,13,22
341,13,22
343,13,22
342,335,22
342,335,22
340,335,22
342,335,22
337,335,22
339,335,22
339,335,22
339,335,22
340,335,22
344,335,22
340,335,22
341,335,22
344,335,22
343,335,22
342,335,22
338,335,22
337,335,22
334,335,22
333,335,22
334,335,22
332,335,22
332,335,22
331,335,22
331,335,22
333,335,22
332,335,22
334,335,22
335,335,22
335,335,22
338,335,22
332,340,22
333,340,22
332,340,22
334,340,22
334,340,22
337,340,22
332,340,22
335,340,22
335,339,22
336,339,22
336,339,22
337,339,22
341,339,22
342,339,22
342,339,22
340,339,22
341,339,22
342,339,22
339,339,22
342,339,22
340,339,22
336,339,22
337,339,22
337,339,22
334,339,22
339,331,22
339,331,22
340,331,22
339,331,22
338,331,22
337,331,22
335,331,22
332,331,22
330,359,22
327,359,22
328,359,22
329,359,22
327,359,22
326,359,22
328,359,22
329,359,22
326,359,22
326,359,22
328,359,22
326,359,22
326,359,22
326,359,22
330,359,22
329,359,22
331,359,22
329,359,22
331,359,22
334,359,22
334,359,22
335,306,22
331,306,22
323,306,22
325,306,22
326,306,22
325,306,22
324,306,22
323,306,22
321,306,22
323,306,22
323,306,22
323,301,22
322,301,22
323,301,22
323,301,22
323,301,22
321,301,22
319,301,22
320,301,22
323,301,22
324,301,22
326,301,22
323,301,22
324,301,22
324,301,22
322,301,22
320,301,22
319,301,22
321,301,22
323,301,22
324,301,22
325,301,22
326,301,22
323,301,22
325,301,22
327,301,22
326,301,22
325,301,22
327,301,22
327,301,22
328,301,22
329,301,22
327,301,22
326,301,22
328,301,22
327,301,22
327,301,22
328,301,22
331,301,22
331,301,22
333,301,22
336,301,22
338,301,22
337,301,22
341,301,22
346,301,22
349,301,22
349,301,22
347,301,22
342,301,22
344,301,22
345,301,22
344,301,22
348,301,22
350,301,22
350,301,22
351,301,22
350,301,22
347,301,22
351,301,22
347,7,22
348,7,22
347,7,22
345,7,22
343,7,22
341,7,22
343,7,22
344,338,22
343,338,22
344,338,22
345,338,22
348,338,22
348,338,22
350,338,22
349,338,22
352,338,22
350,338,22
353,338,22
351,3,22
353,3,22
352,3,22
352,3,22
351,3,22
349,3,22
347,3,22
346,3,22
346,3,22
345,3,22
346,3,22
349,3,22
349,3,22
349,351,22
348,351,22
345,351,22
348,351,22
347,351,22
350,351,22
350,351,22
350,351,22
354,351,22
356,351,22
359,351,22
357,351,22
356,351,22
356,351,22
355,351,22
355,351,22
356,351,22
354,351,22
352,351,22
352,351,22
352,351,22
353,351,22
354,351,22
357,351,22
358,351,22
0,351,22
358,351,22
358,351,22
358,351,22
358,351,22
357,351,22
358,351,22
1,351,22
3,351,22
4,351,22
3,351,22
3,351,22
1,351,22
4,351,22
3,51,22
2,51,22
2,51,22
4,51,22
6,51,22
8,51,22
6,51,22
6,51,22
6,51,22
9,51,22
8,51,22
7,51,22
5,51,22
2,51,22
0,15,22
5,15,22
6,15,22
6,15,22
9,15,22
5,15,22
6,351,22
4,351,22
3,351,22
358,351,22
359,351,22
358,351,22
1,351,22
359,351,22
359,336,22
0,336,22
357,336,22
357,336,22
356,336,22
355,336,22
357,336,22
355,336,22
356,336,22
353,336,22
354,336,22
353,336,22
350,336,22
352,336,22
352,336,22
350,336,22
350,336,22
352,336,22
348,336,22
348,336,22
348,336,22
348,336,22
349,336,22
348,336,22
351,336,22
351,336,22
351,336,22
352,336,22
349,336,22
352,336,22
349,336,22
350,336,22
350,336,22
348,336,22
351,336,22
351,336,22
353,336,22
357,336,22
356,336,22
356,336,22
358,336,22
359,15,22
359,15,22
359,15,22
3,15,22
1,15,22
3,15,22
2,15,22
3,15,22
1,15,22
0,15,22
0,40,22
357,40,22
359,40,22
357,40,22
356,40,22
353,40,22
356,40,22
359,40,22
0,354,22
1,354,22
359,354,22
359,354,22
4,354,22
3,354,22
1,354,22
2,354,22
0,354,22
1,354,22
5,354,22
1,354,22
0,354,22
355,354,22
356,354,22
356,355,22
357,355,22
356,355,22
358,355,22
359,355,22
359,355,22
357,355,22
356,355,22
355,355,22
355,355,22
354,355,22
355,355,22
357,355,22
357,355,22
355,355,22
356,355,22
359,355,22
0,355,22
3,355,22
2,355,22
359,355,22
359,355,22
0,355,22
1,355,22
0,355,22
358,355,22
0,355,22
2,355,22
2,355,22
2,355,22
359,355,22
358,355,22
356,355,22
352,355,22
353,355,22
352,355,22
352,355,22
349,355,22
353,355,22
353,355,22
350,355,22
350,355,22
347,355,22
344,355,22
344,355,22
344,355,22
344,355,22
346,355,22
346,355,22
343,355,22
343,355,22
344,355,22
343,355,22
342,355,22
343,338,22
338,338,22
339,338,22
341,338,22
341,338,22
341,338,22
340,338,22
341,343,22
345,343,22
345,343,22
346,343,22
343,343,22
344,343,22
340,343,22
339,343,22
339,343,22
334,343,22
332,343,22
332,343,22
335,343,22
335,343,22
332,343,22
332,343,22
332,343,22
330,343,22
331,343,22
333,343,22
333,343,22
333,343,22
337,343,22
337,343,22
338,343,22
338,343,22
335,343,22
336,343,22
337,343,22
335,343,22
333,343,22
330,343,22
327,343,22
327,343,22
329,343,22
327,343,22
326,343,22
325,343,22
327,343,22
329,343,22
329,343,22
328,343,22
326,343,22
326,343,22
325,343,22
322,343,22
316,343,22
318,343,22
318,343,22
322,343,22
322,343,22
323,343,22
321,343,22
321,343,22
321,343,22
319,310,22
322,310,22
323,310,22
325,310,22
324,310,22
325,310,22
329,310,22
326,310,22
323,310,22
321,310,22
324,310,22
327,310,22
327,310,22
326,310,22
327,310,22
322,310,22
326,310,22
325,310,22
324,310,22
325,310,22
325,310,22
329,310,22
329,310,22
330,310,22
332,310,22
330,310,22
330,310,22
330,310,22
330,310,22
337,310,22
334,310,22
333,310,22
335,310,22
334,310,22
336,310,22
333,310,22
331,327,22
329,327,22
328,327,22
327,327,22
328,327,22
322,327,22
319,327,22
318,327,22
322,327,22
323,327,22
324,327,22
324,327,22
323,327,22
321,327,22
323,327,22
325,327,22
326,327,22
326,327,22
326,327,22
323,327,22
322,327,22
322,327,22
322,327,22
326,327,22
327,327,22
327,327,22
330,327,22
333,327,22
333,327,22
331,327,22
330,333,22
332,333,22
332,333,22
330,333,22
329,333,22
331,333,22
330,333,22
324,333,22
324,333,22
324,333,22
325,333,22
323,333,22
321,333,22
320,333,22
324,344,22
325,344,22
323,344,22
327,344,22
326,344,22
326,344,22
326,344,22
324,344,22
323,344,22
320,344,22
321,344,22
318,344,22
321,344,22
321,344,22
320,344,22
319,344,22
318,300,22
318,300,22
317,300,22
320,300,22
320,300,22
318,300,22
319,300,22
318,300,22
317,300,22
318,327,22
315,327,22
321,327,22
320,327,22
324,327,22
323,327,22
323,327,22
325,327,22
322,327,22
323,327,22
319,327,22
319,327,22
325,327,22
324,327,22
325,327,22
324,347,22
324,347,22
322,347,22
322,347,22
322,347,22
321,347,22
321,347,22
320,347,22
322,347,22
321,347,22
320,347,22
321,347,22
322,347,22
322,347,22
320,347,22
322,347,22
320,347,22
324,347,22
322,347,22
325,347,22
323,347,22
322,347,22
320,347,22
317,347,22
315,347,22
314,347,22
311,347,22
311,347,22
312,347,22
315,347,22
316,347,22
318,347,22
320,347,22
321,347,22
318,347,22
321,347,22
320,305,22
317,305,22
319,305,22
318,305,22
317,305,22
314,305,22
315,305,22
316,305,22
314,305,22
314,305,22
315,305,22
316,305,22
321,305,22
322,305,22
320,305,22
320,305,22
321,305,22
317,305,22
318,305,22
317,305,22
318,305,22
320,305,22
320,305,22
320,305,22
319,305,22
319,305,22
318,305,22
319,305,22
320,305,22
319,305,22
319,305,22
317,305,22
318,305,22
319,305,22
320,305,22
319,305,22
318,305,22
319,305,22
319,313,22
319,313,22
320,313,22
320,313,22
322,313,22
319,313,22
319,313,22
317,313,22
317,326,22
315,326,22
319,326,22
317,326,22
319,326,22
319,326,22
319,326,22
322,326,22
320,326,22
319,326,22
321,326,22
322,326,22
319,326,22
319,326,22
319,326,22
321,326,22
316,326,22
316,326,22
318,326,22
316,326,22
315,326,22
316,326,22
315,316,22
314,316,22
316,316,22
316,316,22
316,316,22
317,316,22
313,316,22
315,316,22
313,316,22
314,316,22
314,316,22
317,316,22
316,316,22
314,316,22
314,316,22
314,316,22
315,316,22
316,316,22
315,316,22
317,316,22
318,316,22
317,316,22
314,295,22
314,295,22
312,295,22
316,295,22
315,295,22
314,295,22
314,295,22
313,295,22
313,295,22
310,295,22
310,295,22
310,295,22
310,295,22
312,295,22
312,295,22
309,295,22
308,295,22
305,295,22
304,295,22
305,295,22
309,295,22
311,295,22
310,295,22
309,295,22
312,295,22
314,295,22
318,295,22
318,295,22
317,340,22
314,340,22
316,340,22
319,340,22
323,340,22
322,340,22
323,340,22
324,340,22
324,340,22
323,340,22
322,340,22
323,340,22
322,340,22
320,340,22
321,340,22
323,340,22
324,340,22
322,340,22
323,340,22
327,340,22
327,340,22
324,340,22
324,340,22
325,340,22
326,340,22
328,340,22
327,340,22
330,340,22
328,340,22
326,340,22
328,340,22
330,340,22
328,340,22
328,340,22
328,340,22
328,340,22
327,340,22
328,340,22
328,340,22
330,340,22
334,340,22
333,340,22
331,352,22
327,352,22
326,352,22
324,352,22
323,352,22
325,352,22
325,341,22
326,341,22
326,341,22
328,341,22
329,341,22
329,341,22
331,341,22
327,341,22
325,341,22
323,341,22
322,341,22
323,299,22
322,299,22
321,299,22
321,299,22
318,299,22
317,299,22
315,299,22
317,299,22
321,7,22
323,7,22
321,7,22
322,7,22
326,7,22
328,7,22
329,7,22
331,7,22
333,7,22
330,7,22
333,7,22
333,7,22
331,7,22
328,7,22
330,277,22
330,277,22
331,277,22
330,277,22
332,277,22
335,277,22
336,277,22
336,277,22
339,277,22
336,277,22
336,277,22
334,277,22
332,277,22
332,277,22
326,277,22
324,355,22
325,355,22
325,355,22
324,355,22
325,355,22
324,355,22
326,355,22
324,355,22
324,355,22
326,355,22
326,312,22
325,312,22
322,312,22
324,312,22
322,312,22
323,312,22
322,312,22
324,312,22
327,312,22
327,312,22
324,312,22
326,312,22
328,312,22
325,312,22
324,312,22
329,312,22
330,312,22
332,312,22
331,312,22
327,312,22
324,312,22
325,335,22
325,335,22
328,335,22
327,335,22
328,335,22
326,335,22
326,341,22
328,341,22
326,341,22
328,341,22
328,341,22
326,341,22
326,341,22
328,341,22
324,341,22
323,341,22
322,341,22
320,341,22
322,341,22
319,341,22
322,341,22
324,341,22
323,341,22
322,341,22
320,341,22
322,341,22
321,341,22
324,341,22
324,341,22
324,341,22
322,341,22
321,341,22
320,341,22
324,341,22
325,341,22
325,341,22
325,341,22
323,341,22
324,341,22
322,341,22
323,341,22
322,341,22
320,341,22
321,341,22
320,341,22
317,341,22
315,341,22
311,341,22
310,341,22
313,341,22
310,341,22
310,341,22
311,341,22
313,341,22
314,341,22
315,310,22
316,310,22
320,310,22
320,310,22
320,310,22
319,310,22
317,310,22
316,310,22
314,310,22
315,310,22
313,310,22
312,310,22
312,310,22
314,310,22
318,310,22
317,310,22
317,310,22
316,310,22
319,310,22
320,310,22
318,310,22
316,310,22
316,310,22
314,310,22
315,310,22
317,310,22
321,310,22
316,350,22
315,350,22
317,350,22
317,350,22
317,350,22
318,350,22
320,350,22
325,350,22
323,350,22
322,350,22
322,350,22
322,350,22
322,350,22
322,312,22
321,312,22
318,312,22
317,312,22
318,312,22
321,312,22
320,318,22
321,318,22
323,318,22
323,318,22
323,318,22
321,318,22
320,318,22
320,318,22
319,318,22
318,318,22
315,318,22
317,318,22
317,318,22
320,318,22
322,348,22
322,348,22
320,348,22
318,348,22
319,348,22
321,348,22
321,348,22
322,348,22
322,348,22
323,348,22
321,348,22
321,348,22
321,348,22
323,348,22
326,348,22
326,348,22
325,348,22
321,348,22
325,348,22
324,348,22
325,348,22
323,348,22
323,348,22
324,348,22
320,348,22
323,348,22
325,348,22
323,348,22
323,348,22
322,348,22
320,348,22
320,348,22
320,348,22
319,348,22
318,348,22
316,303,22
315,303,22
311,303,22
309,303,22
309,303,22
310,303,22
306,303,22
306,303,22
312,303,22
311,303,22
309,303,22
310,314,22
309,314,22
305,314,22
301,314,22
300,314,22
302,314,22
306,314,22
303,314,22
302,314,22
305,314,22
307,314,22
307,314,22
307,314,22
306,314,22
308,314,22
308,314,22
309,314,22
311,314,22
314,314,22
314,314,22
315,314,22
317,314,22
316,314,22
314,314,22
316,314,22
313,314,22
314,314,22
313,314,22
310,314,22
306,314,22
307,344,22
305,344,22
307,344,22
304,344,22
306,344,22
307,344,22
308,344,22
309,344,22
311,344,22
308,344,22
307,344,22
305,344,22
303,344,22
303,344,22
303,344,22
304,344,22
304,344,22
303,344,22
306,306,22
301,306,22
301,306,22
302,306,22
302,306,22
301,306,22
302,306,22
300,306,22
301,306,22
302,306,22
303,306,22
302,306,22
306,306,22
304,306,22
304,306,22
303,306,22
303,306,22
305,306,22
305,306,22
304,306,22
301,306,22
298,306,22
300,306,22
301,306,22
304,306,22
301,306,22
301,306,22
303,323,22
303,323,22
303,323,22
303,323,22
303,323,22
306,323,22
305,323,22
307,323,22
311,323,22
308,323,22
310,323,22
311,323,22
312,323,22
311,323,22
310,323,22
309,323,22
307,323,22
308,323,22
309,323,22
306,323,22
306,323,22
304,323,22
302,315,22
300,315,22
297,315,22
299,315,22
294,315,22
296,315,22
299,329,22
300,329,22
299,329,22
300,329,22
298,329,22
297,329,22
300,329,22
299,329,22
296,329,22
295,329,22
296,329,22
297,329,22
295,329,22
295,329,22
292,329,22
291,329,22
294,329,22
295,329,22
296,329,22
297,329,22
297,329,22
294,329,22
297,329,22
296,329,22
294,329,22
293,329,22
296,329,22
295,329,22
297,329,22
299,329,22
298,329,22
297,329,22
296,329,22
296,329,22
296,329,22
301,329,22
302,318,22
301,318,22
304,318,22
301,318,22
302,318,22
303,318,22
300,318,22
299,318,22
300,318,22
295,318,22
291,318,22
292,318,22
288,318,22
293,318,22
294,318,22
295,318,22
290,318,22
289,318,22
289,318,22
287,302,22
286,302,22
285,302,22
289,302,22
288,302,22
288,302,22
285,302,22
284,302,22
286,302,22
287,302,22
290,302,22
289,302,22
287,302,22
285,296,22
286,296,22
284,296,22
285,296,22
285,296,22
282,296,22
282,296,22
284,296,22
285,296,22
288,296,22
287,296,22
291,296,22
291,296,22
291,296,22
292,296,22
297,296,22
296,296,22
299,296,22
299,296,22
298,296,22
300,296,22
300,296,22
306,296,22
304,296,22
302,296,22
297,296,22
297,296,22
295,296,22
295,296,22
295,296,22
294,296,22
293,296,22
292,296,22
294,296,22
297,296,22
297,296,22
299,296,22
301,296,22
299,296,22
298,296,22
296,296,22
296,296,22
297,281,22
298,281,22
298,281,22
297,281,22
297,281,22
295,281,22
299,281,22
301,281,22
304,281,22
307,281,22
308,281,22
308,281,22
304,307,22
303,307,22
306,307,22
306,307,22
307,307,22
311,307,22
312,307,22
313,307,22
312,307,22
315,307,22
313,307,22
313,307,22
314,307,22
316,307,22
316,307,22
313,307,22
312,307,22
314,307,22
315,307,22
315,307,22
315,307,22
318,307,22
318,307,22
321,307,22
318,307,22
320,307,22
319,307,22
318,307,22
318,307,22
318,307,22
316,307,22
316,307,22
316,307,22
314,307,22
315,310,22
314,310,22
312,310,22
309,310,22
310,310,22
310,310,22
308,310,22
305,310,22
304,310,22
301,310,22
300,310,22
302,310,22
305,310,22
305,310,22
301,310,22
300,310,22
299,310,22
295,310,22
293,310,22
294,310,22
292,310,22
291,310,22
291,310,22
291,310,22
289,310,22
293,310,22
292,310,22
291,310,22
290,310,22
287,310,22
285,310,22
285,310,22
287,310,22
284,296,22
284,296,22
281,296,22
277,296,22
277,296,22
278,296,22
279,296,22
282,296,22
280,296,22
279,296,22
280,296,22
281,296,22
281,296,22
286,296,22
289,250,22
286,250,22
283,250,22
281,250,22
283,250,22
281,250,22
281,250,22
281,250,22
281,250,22
280,250,22
281,250,22
284,280,22
285,280,22
283,280,22
282,280,22
285,280,22
283,280,22
285,280,22
288,280,22
290,280,22
291,280,22
293,320,22
298,320,22
298,320,22
296,320,22
296,320,22
295,320,22
295,320,22
293,320,22
294,320,22
293,320,22
292,320,22
291,320,22
293,305,22
294,305,22
295,305,22
293,305,22
289,305,22
290,305,22
287,305,22
290,287,22
289,287,22
292,287,22
292,287,22
295,287,22
294,287,22
292,287,22
293,287,22
293,287,22
294,287,22
298,287,22
295,287,22
293,287,22
292,290,22
287,290,22
288,290,22
288,290,22
284,290,22
286,290,22
287,290,22
287,290,22
285,290,22
283,290,22
284,290,22
284,290,22
285,290,22
285,290,22
281,290,22
280,290,22
279,290,22
281,290,22
282,290,22
282,290,22
281,312,22
283,312,22
283,312,22
287,312,22
289,312,22
285,312,22
283,312,22
281,312,22
286,312,22
285,312,22
284,312,22
286,312,22
284,312,22
282,312,22
282,312,22
280,312,22
285,312,22
287,298,22
287,298,22
286,298,22
286,298,22
283,298,22
285,298,22
283,298,22
284,288,22
285,288,22
286,288,22
289,288,22
292,288,22
287,288,22
287,288,22
287,288,22
288,288,22
292,288,22
292,288,22
291,288,22
290,288,22
289,288,22
287,288,22
288,288,22
290,288,22
292,288,22
290,288,22
288,288,22
288,288,22
285,288,22
282,288,22
281,288,22
281,288,22
278,288,22
275,288,22
273,288,22
276,288,22
278,288,22
278,288,22
279,288,22
281,288,22
280,288,22
281,288,22
281,288,22
283,288,22
282,288,22
281,288,22
284,288,22
285,263,22
279,263,22
282,263,22
282,263,22
283,263,22
280,263,22
280,263,22
280,263,22
280,263,22
280,263,22
284,263,22
282,263,22
280,263,22
277,263,22
275,263,22
274,263,22
275,263,22
275,263,22
274,263,22
276,263,22
277,263,22
277,263,22
280,263,22
278,263,22
281,263,22
281,263,22
278,263,22
279,263,22
276,280,22
276,280,22
279,280,22
278,280,22
278,280,22
277,280,22
276,280,22
275,280,22
273,280,22
274,280,22
272,280,22
271,280,22
269,280,22
266,280,22
266,280,22
265,280,22
262,280,22
259,280,22
258,280,22
258,280,22
260,280,22
260,268,22
261,268,22
264,268,22
261,268,22
262,268,22
265,268,22
262,268,22
261,268,22
261,268,22
259,268,22
257,268,22
260,268,22
260,268,22
258,276,22
260,276,22
262,276,22
261,276,22
262,276,22
262,276,22
263,276,22
261,276,22
258,276,22
256,276,22
257,276,22
258,276,22
257,276,22
250,276,22
249,276,22
249,276,22
244,276,22
246,276,22
248,276,22
248,276,22
248,276,22
249,276,22
248,276,22
247,276,22
248,276,22
247,276,22
247,276,22
249,276,22
249,276,22
251,276,22
255,276,22
250,276,22
250,276,22
254,276,22
255,276,22
255,276,22
255,276,22
255,276,22
252,276,22
248,276,22
246,276,22
247,266,22
249,266,22
250,266,22
251,266,22
254,266,22
258,266,22
262,266,22
262,266,22
261,266,22
262,266,22
262,266,22
266,266,22
266,266,22
267,266,22
264,266,22
261,266,22
262,266,22
261,266,22
258,266,22
260,266,22
255,266,22
252,266,22
254,266,22
258,268,22
260,268,22
263,268,22
263,268,22
260,268,22
259,268,22
258,268,22
256,236,22
255,236,22
256,236,22
257,236,22
256,236,22
257,236,22
254,236,22
252,236,22
251,236,22
252,239,22
253,239,22
255,239,22
254,239,22
254,239,22
254,239,22
254,239,22
256,239,22
255,241,22
256,241,22
257,241,22
258,241,22
257,241,22
258,241,22
256,241,22
256,241,22
259,241,22
260,241,22
263,241,22
263,241,22
265,241,22
267,241,22
268,241,22
268,241,22
271,241,22
269,241,22
272,249,22
268,249,22
265,249,22
263,249,22
264,249,22
265,249,22
262,249,22
262,249,22
259,249,22
258,249,22
257,249,22
259,249,22
258,249,22
259,249,22
259,249,22
259,249,22
261,249,22
260,249,22
260,246,22
259,246,22
260,246,22
260,246,22
260,246,22
259,246,22
259,246,22
262,273,22
262,273,22
260,273,22
261,273,22
261,273,22
264,273,22
268,273,22
270,273,22
270,273,22
271,273,22
273,273,22
274,273,22
272,273,22
271,273,22
270,273,22
269,273,22
267,273,22
267,273,22
266,273,22
268,273,22
269,273,22
271,273,22
270,273,22
273,260,22
277,260,22
277,260,22
277,260,22
279,260,22
282,260,22
281,260,22
282,260,22
282,260,22
280,260,22
280,260,22
281,260,22
279,260,22
280,260,22
283,260,22
285,260,22
286,260,22
288,260,22
287,260,22
286,260,22
283,260,22
283,260,22
283,260,22
283,260,22
283,260,22
282,260,22
282,295,22
283,295,22
283,295,22
282,295,22
283,295,22
282,295,22
279,295,22
280,295,22
280,295,22
277,276,22
273,276,22
272,276,22
274,276,22
274,276,22
273,276,22
274,276,22
274,276,22
273,276,22
274,276,22
275,276,22
276,276,22
278,276,22
277,276,22
276,276,22
276,276,22
272,276,22
271,276,22
272,276,22
274,276,22
277,276,22
277,276,22
277,273,22
277,273,22
278,273,22
276,273,22
274,273,22
272,273,22
274,273,22
276,273,22
274,273,22
274,273,22
274,273,22
273,273,22
273,273,22
271,273,22
274,273,22
273,273,22
273,273,22
275,273,22
274,273,22
270,273,22
267,273,22
268,273,22
268,273,22
269,260,22
268,260,22
267,260,22
266,260,22
266,260,22
266,260,22
267,260,22
270,260,22
269,260,22
267,260,22
270,260,22
271,260,22
273,260,22
271,260,22
272,260,22
274,260,22
276,260,22
278,260,22
281,260,22
281,260,22
278,260,22
277,260,22
278,260,22
279,260,22
283,260,22
279,260,22
278,260,22
276,268,22
275,268,22
272,268,22
271,268,22
267,268,22
267,268,22
269,268,22
271,268,22
273,268,22
273,268,22
271,268,22
269,268,22
268,268,22
268,268,22
267,268,22
270,268,22
270,268,22
274,268,22
274,268,22
277,268,22
277,268,22
276,268,22
276,268,22
273,268,22
274,268,22
275,268,22
274,268,22
272,292,22
272,292,22
277,292,22
279,292,22
279,292,22
278,292,22
278,292,22
280,292,22
277,292,22
278,292,22
279,292,22
277,292,22
274,292,22
272,228,22
274,228,22
279,228,22
279,228,22
278,228,22
278,228,22
280,228,22
283,228,22
283,228,22
281,228,22
277,228,22
281,228,22
284,228,22
285,228,22
283,228,22
283,228,22
281,228,22
279,253,22
280,253,22
278,253,22
279,253,22
278,253,22
279,253,22
276,253,22
279,253,22
276,253,22
272,253,22
272,253,22
271,317,22
269,317,22
271,317,22
270,317,22
271,317,22
270,317,22
270,317,22
271,317,22
270,297,22
275,297,22
276,297,22
277,297,22
276,297,22
276,297,22
277,297,22
275,297,22
278,297,22
276,297,22
277,297,22
276,297,22
274,297,22
272,297,22
275,297,22
275,269,22
276,269,22
274,269,22
273,269,22
273,269,22
273,269,22
272,269,22
273,269,22
272,269,22
274,269,22
274,286,22
277,286,22
278,286,22
281,286,22
281,286,22
280,286,22
279,286,22
276,286,22
275,286,22
276,286,22
278,286,22
283,286,22
280,286,22
279,286,22
281,286,22
281,286,22
279,286,22
279,286,22
279,286,22
279,272,22
282,272,22
284,272,22
285,272,22
287,272,22
288,272,22
285,272,22
281,272,22
281,272,22
277,272,22
279,272,22
276,272,22
278,272,22
281,272,22
281,272,22
282,272,22
278,272,22
276,272,22
275,272,22
278,272,22
282,272,22
281,272,22
278,272,22
284,272,22
283,272,22
285,272,22
287,272,22
286,272,22
285,272,22
288,272,22
288,292,22
287,292,22
288,292,22
286,292,22
285,292,22
284,292,22
284,292,22
282,292,22
284,292,22
282,292,22
286,292,22
288,299,22
284,299,22
284,299,22
281,299,22
283,299,22
283,299,22
284,299,22
282,299,22
283,299,22
282,299,22
283,299,22
282,299,22
281,299,22
278,299,22
279,299,22
277,299,22
279,299,22
278,299,22
278,299,22
278,299,22
277,299,22
278,299,22
279,299,22
279,299,22
278,299,22
279,299,22
278,299,22
278,299,22
279,299,22
279,299,22
280,299,22
279,299,22
280,299,22
280,299,22
284,299,22
284,299,22
284,299,22
285,299,22
282,299,22
278,270,22
276,270,22
280,270,22
282,270,22
284,270,22
286,270,22
287,270,22
286,270,22
291,270,22
295,270,22
297,270,22
300,270,22
300,270,22
299,270,22
299,305,22
300,305,22
301,305,22
295,305,22
296,305,22
293,305,22
296,305,22
295,305,22
297,305,22
295,305,22
295,305,22
297,305,22
299,305,22
299,305,22
295,305,22
292,304,22
292,304,22
296,304,22
297,304,22
294,304,22
293,304,22
294,304,22
293,304,22
291,304,22
294,304,22
293,304,22
294,304,22
293,304,22
287,304,22
290,304,22
292,304,22
289,304,22
289,304,22
287,304,22
289,304,22
286,304,22
285,304,22
284,304,22
281,304,22
284,304,22
288,304,22
285,304,22
284,304,22
283,304,22
281,304,22
280,304,22
283,304,22
284,304,22
281,304,22
283,304,22
281,304,22
282,304,22
278,304,22
279,304,22
282,304,22
282,304,22
284,304,22
283,304,22
279,304,22
279,304,22
280,294,22
284,294,22
285,294,22
286,294,22
285,294,22
284,294,22
286,294,22
284,335,22
285,335,22
285,335,22
289,335,22
290,335,22
290,335,22
291,335,22
293,335,22
291,335,22
292,335,22
290,335,22
288,335,22
288,335,22
290,335,22
291,335,22
289,335,22
288,335,22
287,335,22
284,335,22
283,335,22
283,335,22
284,335,22
289,335,22
295,270,22
294,270,22
293,270,22
294,270,22
297,270,22
301,270,22
301,270,22
302,270,22
302,270,22
301,270,22
303,270,22
300,270,22
300,270,22
299,270,22
301,270,22
300,270,22
302,270,22
301,270,22
302,270,22
304,270,22
303,270,22
301,270,22
301,270,22
299,270,22
298,270,22
299,270,22
299,270,22
299,270,22
301,270,22
303,302,22
301,302,22
301,302,22
301,302,22
303,302,22
303,302,22
302,302,22
301,302,22
305,302,22
302,302,22
303,302,22
303,302,22
299,319,22
299,319,22
301,319,22
302,319,22
302,319,22
304,319,22
301,319,22
301,319,22
300,319,22
300,319,22
298,319,22
295,319,22
295,284,22
296,284,22
296,284,22
294,284,22
295,284,22
298,284,22
300,284,22
301,284,22
301,284,22
298,284,22
297,284,22
296,284,22
295,284,22
294,284,22
290,284,22
293,284,22
290,284,22
289,284,22
291,284,22
290,284,22
287,284,22
284,284,22
281,284,22
280,284,22
282,284,22
282,284,22
282,284,22
283,284,22
281,284,22
279,284,22
280,284,22
279,284,22
280,284,22
282,309,22
283,309,22
287,309,22
284,309,22
285,309,22
281,309,22
280,309,22
278,309,22
275,309,22
277,309,22
279,309,22
279,309,22
278,309,22
279,309,22
280,309,22
283,287,22
281,287,22
283,287,22
280,287,22
278,287,22
278,287,22
279,259,22
280,259,22
281,259,22
281,259,22
282,259,22
282,259,22
282,259,22
282,259,22
279,259,22
280,259,22
281,259,22
281,259,22
279,301,22
280,301,22
280,301,22
279,301,22
277,301,22
276,301,22
277,282,22
276,282,22
275,282,22
277,282,22
279,282,22
279,282,22
278,282,22
277,282,22
279,282,22
276,282,22
278,282,22
278,282,22
275,282,22
273,282,22
272,282,22
273,282,22
270,282,22
271,282,22
271,282,22
270,273,22
272,273,22
270,273,22
267,273,22
268,273,22
268,273,22
268,273,22
268,273,22
268,273,22
269,273,22
274,273,22
273,273,22
268,273,22
267,273,22
262,273,22
262,273,22
265,273,22
266,273,22
267,273,22
267,273,22
268,273,22
264,273,22
264,273,22
266,273,22
265,273,22
266,273,22
265,273,22
267,273,22
266,273,22
269,273,22
269,273,22
268,273,22
264,273,22
265,273,22
266,273,22
267,273,22
265,273,22
265,273,22
265,273,22
264,273,22
264,273,22
263,273,22
262,273,22
264,273,22
263,273,22
262,273,22
261,252,22
261,252,22
261,252,22
260,252,22
261,252,22
261,252,22
258,252,22
257,252,22
255,252,22
260,252,22
263,252,22
262,252,22
262,252,22
260,252,22
261,252,22
260,252,22
262,252,22
262,252,22
262,252,22
265,252,22
264,252,22
263,252,22
263,252,22
264,252,22
266,252,22
267,252,22
270,252,22
269,252,22
266,252,22
270,252,22
272,252,22
269,252,22
268,252,22
271,252,22
269,252,22
272,252,22
269,252,22
267,252,22
266,291,22
268,291,22
267,291,22
267,291,22
267,291,22
270,291,22
268,291,22
267,291,22
267,291,22
267,291,22
271,291,22
271,310,22
275,310,22
275,310,22
271,310,22
267,310,22
267,310,22
265,310,22
264,310,22
263,310,22
260,310,22
262,310,22
261,310,22
261,310,22
260,310,22
261,310,22
260,310,22
258,310,22
257,310,22
257,310,22
260,310,22
260,310,22
260,310,22
260,310,22
259,267,22
258,267,22
259,267,22
257,267,22
256,267,22
252,267,22
254,290,22
256,290,22
254,290,22
249,290,22
249,290,22
250,290,22
248,290,22
249,290,22
250,290,22
253,290,22
253,290,22
253,290,22
257,249,22
255,249,22
252,249,22
254,249,22
255,249,22
252,249,22
253,249,22
255,249,22
254,249,22
254,249,22
254,249,22
253,249,22
252,249,22
252,269,22
253,269,22
252,269,22
252,269,22
251,269,22
252,269,22
252,269,22
253,269,22
255,269,22
252,269,22
253,269,22
253,269,22
250,269,22
250,269,22
249,269,22
252,269,22
248,269,22
247,269,22
246,269,22
245,269,22
244,269,22
246,269,22
246,269,22
250,269,22
251,269,22
251,269,22
248,269,22
248,269,22
248,253,22
250,253,22
251,253,22
250,253,22
248,253,22
248,253,22
251,253,22
253,253,22
255,253,22
251,253,22
249,253,22
248,253,22
248,253,22
248,253,22
248,253,22
248,253,22
249,253,22
246,253,22
246,253,22
245,253,22
244,253,22
244,253,22
244,253,22
243,253,22
247,253,22
248,253,22
247,253,22
246,253,22
246,253,22
242,253,22
239,253,22
242,253,22
242,253,22
245,253,22
243,253,22
241,253,22
235,253,22
236,253,22
238,253,22
240,253,22
239,253,22
235,253,22
234,263,22
233,263,22
234,263,22
234,263,22
237,263,22
236,263,22
238,263,22
238,263,22
238,263,22
239,263,22
235,263,22
234,263,22
234,263,22
231,263,22
232,263,22
234,263,22
237,263,22
237,263,22
237,263,22
239,263,22
241,263,22
242,263,22
240,263,22
241,263,22
239,244,22
240,244,22
243,244,22
244,244,22
244,244,22
244,244,22
247,244,22
246,244,22
246,244,22
244,244,22
246,244,22
247,244,22
248,244,22
251,244,22
251,244,22
253,260,22
253,260,22
254,260,22
255,260,22
254,260,22
256,260,22
256,260,22
252,260,22
250,267,22
247,267,22
245,267,22
243,267,22
244,267,22
245,267,22
243,267,22
241,267,22
243,267,22
241,267,22
240,267,22
237,267,22
239,267,22
237,254,22
236,254,22
230,254,22
228,254,22
231,254,22
230,254,22
229,254,22
230,254,22
230,254,22
229,254,22
230,254,22
227,254,22
228,254,22
228,254,22
227,254,22
226,254,22
229,254,22
231,254,22
229,254,22
229,254,22
232,254,22
230,235,22
229,235,22
227,235,22
226,235,22
227,235,22
230,235,22
232,235,22
233,235,22
234,235,22
232,235,22
232,235,22
232,201,22
230,201,22
226,201,22
227,201,22
229,201,22
228,201,22
229,201,22
227,201,22
225,234,22
224,234,22
221,234,22
221,234,22
219,234,22
219,234,22
220,234,22
218,234,22
217,234,22
216,234,22
213,234,22
215,234,22
216,234,22
215,234,22
213,234,22
215,234,22
214,234,22
214,234,22
216,234,22
215,234,22
216,234,22
218,234,22
215,234,22
218,234,22
218,234,22
219,234,22
221,234,22
225,234,22
224,234,22
225,234,22
226,239,22
227,239,22
230,239,22
228,239,22
228,239,22
226,239,22
224,239,22
225,239,22
226,239,22
224,219,22
225,219,22
225,219,22
225,219,22
224,219,22
219,219,22
222,219,22
221,219,22
219,219,22
218,219,22
217,219,22
216,199,22
219,199,22
220,199,22
219,199,22
220,199,22
217,199,22
219,199,22
216,199,22
216,199,22
216,199,22
212,199,22
213,199,22
213,199,22
214,199,22
212,199,22
213,199,22
212,199,22
212,199,22
212,199,22
213,199,22
212,199,22
211,199,22
212,199,22
214,199,22
213,237,22
208,237,22
207,237,22
203,237,22
204,237,22
206,237,22
207,237,22
207,237,22
208,237,22
211,237,22
211,237,22
210,237,22
209,237,22
209,237,22
211,237,22
211,237,22
213,237,22
215,237,22
213,237,22
212,237,22
212,237,22
214,237,22
212,237,22
210,237,22
210,237,22
212,237,22
211,237,22
209,237,22
207,237,22
207,237,22
210,237,22
210,237,22
209,237,22
212,237,22
214,237,22
214,237,22
214,237,22
214,237,22
212,237,22
213,237,22
214,237,22
209,237,22
209,237,22
210,218,22
210,218,22
209,218,22
207,218,22
209,218,22
209,218,22
209,211,22
207,211,22
206,211,22
205,211,22
202,211,22
200,211,22
200,211,22
200,211,22
199,211,22
201,211,22
202,211,22
204,211,22
204,211,22
203,211,22
202,211,22
205,211,22
206,211,22
208,211,22
208,211,22
207,211,22
210,211,22
213,211,22
213,211,22
215,211,22
214,211,22
211,211,22
210,211,22
213,211,22
214,211,22
215,211,22
216,211,22
216,207,22
216,207,22
214,207,22
215,207,22
216,207,22
216,207,22
215,207,22
218,207,22
219,207,22
220,207,22
220,207,22
222,207,22
226,207,22
225,207,22
225,207,22
222,207,22
223,207,22
225,207,22
224,207,22
224,180,22
225,180,22
224,180,22
226,180,22
225,180,22
223,180,22
221,180,22
219,180,22
224,180,22
225,180,22
226,180,22
230,180,22
234,180,22
233,180,22
230,180,22
231,180,22
228,180,22
232,180,22
234,180,22
231,180,22
232,180,22
233,180,22
234,180,22
234,180,22
235,214,22
237,214,22
239,214,22
239,214,22
240,214,22
239,214,22
238,214,22
240,214,22
238,214,22
237,214,22
239,214,22
241,214,22
239,214,22
242,214,22
245,214,22
244,214,22
243,214,22
246,227,22
245,227,22
244,227,22
244,227,22
245,227,22
244,227,22
247,227,22
246,227,22
249,227,22
248,227,22
246,227,22
248,227,22
250,227,22
250,227,22
252,227,22
251,227,22
253,227,22
253,227,22
257,227,22
258,227,22
260,227,22
261,260,22
260,260,22
257,260,22
259,260,22
260,260,22
263,260,22
265,260,22
265,260,22
265,260,22
270,260,22
271,260,22
272,260,22
269,260,22
270,260,22
272,260,22
274,260,22
276,251,22
275,251,22
279,251,22
278,251,22
277,251,22
277,251,22
280,251,22
278,251,22
279,251,22
278,251,22
278,251,22
274,251,22
275,251,22
275,251,22
276,251,22
275,269,22
275,269,22
278,269,22
280,269,22
282,269,22
281,269,22
285,269,22
285,269,22
279,277,22
281,277,22
280,277,22
278,277,22
279,277,22
278,277,22
282,277,22
284,277,22
284,277,22
284,277,22
282,277,22
281,277,22
280,277,22
283,277,22
283,277,22
284,277,22
281,277,22
282,277,22
282,277,22
284,277,22
281,277,22
281,277,22
280,277,22
278,277,22
276,277,22
277,277,22
279,277,22
279,277,22
278,277,22
283,277,22
282,277,22
281,277,22
276,277,22
278,277,22
276,277,22
278,277,22
281,277,22
280,277,22
281,277,22
278,277,22
281,277,22
280,277,22
282,277,22
283,277,22
281,277,22
282,277,22
282,277,22
283,277,22
283,277,22
282,277,22
285,277,22
288,277,22
286,277,22
284,277,22
281,277,22
278,277,22
277,277,22
276,299,22
277,299,22
274,299,22
276,299,22
274,299,22
275,299,22
273,299,22
275,299,22
272,299,22
272,277,22
271,277,22
272,277,22
273,277,22
275,277,22
274,277,22
271,277,22
267,277,22
268,277,22
268,277,22
270,277,22
271,277,22
269,277,22
266,277,22
265,277,22
269,277,22
267,277,22
266,277,22
264,277,22
263,277,22
263,277,22
261,277,22
260,277,22
259,277,22
258,277,22
260,277,22
260,277,22
262,277,22
264,277,22
264,277,22
266,277,22
263,277,22
262,277,22
263,287,22
264,287,22
263,287,22
263,287,22
263,287,22
263,287,22
264,287,22
259,287,22
260,287,22
260,287,22
259,287,22
260,287,22
261,287,22
265,287,22
265,287,22
264,287,22
264,281,22
264,281,22
266,281,22
269,281,22
270,281,22
271,281,22
268,281,22
267,281,22
265,281,22
263,281,22
263,281,22
263,281,22
263,281,22
262,281,22
261,281,22
264,281,22
261,281,22
259,281,22
261,281,22
263,281,22
262,241,22
261,241,22
262,241,22
264,241,22
263,241,22
259,241,22
257,241,22
256,241,22
254,241,22
255,241,22
253,241,22
256,241,22
256,241,22
255,241,22
251,241,22
253,241,22
254,241,22
249,241,22
246,241,22
247,241,22
246,241,22
243,241,22
241,241,22
239,241,22
237,241,22
238,241,22
233,241,22
235,207,22
235,207,22
238,207,22
237,207,22
239,207,22
237,207,22
234,207,22
230,207,22
231,207,22
229,207,22
229,207,22
231,207,22
233,207,22
232,207,22
231,207,22
235,207,22
235,207,22
236,207,22
239,207,22
242,210,22
241,210,22
238,210,22
237,210,22
234,210,22
236,210,22
241,210,22
239,210,22
237,210,22
238,210,22
238,210,22
237,210,22
238,210,22
233,210,22
234,210,22
235,210,22
234,210,22
235,210,22
234,210,22
233,210,22
232,210,22
234,210,22
233,210,22
232,253,22
230,253,22
232,253,22
231,253,22
231,253,22
233,253,22
232,253,22
232,253,22
232,253,22
236,253,22
236,253,22
236,253,22
237,253,22
238,253,22
240,253,22
237,253,22
238,253,22
238,253,22
237,253,22
239,253,22
241,253,22
242,230,22
242,230,22
241,230,22
243,230,22
245,230,22
245,230,22
244,230,22
243,230,22
243,230,22
242,230,22
242,230,22
243,230,22
246,230,22
249,230,22
254,230,22
255,230,22
255,230,22
257,274,22
255,274,22
255,274,22
251,274,22
255,274,22
258,274,22
260,259,22
260,259,22
259,259,22
253,259,22
253,259,22
252,259,22
250,259,22
251,259,22
252,259,22
250,259,22
246,259,22
246,259,22
248,259,22
249,259,22
250,259,22
249,259,22
248,259,22
247,259,22
249,259,22
253,259,22
253,259,22
251,259,22
247,259,22
247,259,22
248,259,22
244,259,22
242,259,22
243,203,22
242,203,22
241,203,22
238,203,22
238,203,22
237,203,22
237,203,22
238,203,22
236,203,22
239,203,22
238,203,22
237,203,22
236,203,22
238,203,22
238,203,22
238,203,22
238,203,22
240,203,22
239,203,22
240,203,22
244,203,22
246,203,22
246,203,22
246,203,22
248,203,22
246,203,22
247,203,22
248,203,22
246,203,22
243,203,22
240,203,22
237,203,22
238,203,22
236,203,22
240,203,22
242,203,22
246,203,22
246,203,22
245,203,22
247,203,22
246,239,22
249,239,22
251,239,22
249,239,22
245,239,22
248,239,22
250,239,22
250,239,22
251,239,22
251,239,22
255,239,22
257,239,22
255,239,22
254,211,22
253,211,22
251,211,22
253,211,22
251,211,22
249,211,22
247,211,22
249,211,22
244,211,22
246,211,22
246,211,22
247,211,22
248,211,22
251,211,22
250,211,22
250,211,22
247,211,22
247,211,22
248,211,22
251,211,22
257,211,22
261,211,22
264,211,22
261,279,22
265,279,22
264,279,22
267,279,22
266,279,22
267,279,22
268,279,22
269,279,22
272,279,22
265,279,22
266,279,22
264,279,22
264,279,22
262,279,22
260,279,22
258,279,22
259,279,22
260,249,22
261,249,22
258,249,22
261,249,22
261,249,22
258,249,22
258,249,22
258,249,22
257,249,22
261,249,22
259,249,22
259,249,22
259,249,22
261,249,22
257,249,22
256,249,22
256,249,22
261,249,22
261,249,22
264,249,22
265,249,22
264,249,22
262,249,22
262,249,22
265,249,22
263,249,22
264,249,22
268,249,22
268,249,22
265,249,22
266,249,22
264,249,22
261,249,22
265,280,22
264,280,22
269,280,22
268,280,22
272,280,22
274,280,22
276,280,22
278,280,22
278,280,22
278,280,22
278,280,22
277,280,22
276,280,22
277,280,22
278,280,22
278,280,22
274,280,22
273,280,22
277,280,22
277,280,22
273,280,22
276,260,22
274,260,22
277,260,22
276,260,22
275,260,22
274,260,22
275,260,22
279,260,22
278,260,22
274,260,22
277,260,22
275,260,22
278,260,22
277,260,22
278,260,22
279,278,22
281,278,22
281,278,22
281,278,22
278,278,22
282,278,22
279,278,22
279,278,22
277,278,22
282,278,22
281,278,22
281,278,22
278,278,22
274,278,22
277,278,22
280,278,22
280,278,22
282,278,22
282,278,22
282,278,22
282,278,22
279,278,22
279,278,22
285,278,22
289,278,22
287,278,22
290,278,22
291,278,22
291,278,22
288,278,22
289,278,22
291,278,22
287,278,22
289,278,22
288,278,22
291,278,22
288,291,22
289,291,22
287,291,22
287,291,22
286,291,22
284,291,22
284,291,22
283,291,22
284,291,22
282,291,22
286,291,22
285,291,22
283,291,22
284,291,22
282,291,22
282,291,22
282,291,22
284,291,22
284,291,22
284,291,22
283,291,22
283,291,22
285,291,22
287,291,22
284,291,22
287,266,22
287,266,22
286,266,22
286,266,22
289,266,22
287,266,22
287,300,22
289,300,22
288,300,22
287,300,22
282,300,22
281,300,22
282,300,22
284,300,22
281,300,22
279,300,22
281,300,22
280,300,22
280,300,22
279,300,22
278,300,22
275,269,22
273,269,22
277,269,22
277,269,22
279,269,22
279,269,22
278,269,22
280,269,22
279,269,22
279,269,22
275,269,22
276,269,22
279,269,22
280,269,22
278,269,22
279,269,22
279,269,22
281,269,22
280,277,22
278,277,22
278,277,22
280,277,22
278,277,22
281,277,22
282,277,22
284,277,22
284,277,22
285,277,22
284,277,22
285,277,22
290,250,22
291,250,22
292,250,22
294,250,22
294,250,22
290,250,22
289,250,22
292,250,22
291,250,22
293,250,22
295,250,22
294,250,22
297,250,22
292,250,22
294,250,22
294,250,22
295,250,22
294,250,22
293,250,22
293,250,22
292,250,22
289,250,22
289,250,22
290,250,22
289,250,22
288,250,22
289,250,22
288,250,22
286,250,22
284,250,22
284,250,22
280,250,22
282,250,22
283,250,22
284,250,22
282,250,22
285,250,22
283,250,22
283,250,22
283,250,22
285,294,22
283,294,22
285,294,22
288,294,22
288,294,22
288,294,22
293,294,22
290,294,22
292,294,22
293,294,22
293,294,22
291,294,22
291,294,22
290,294,22
288,294,22
291,294,22
292,294,22
295,294,22
295,294,22
294,294,22
287,294,22
285,294,22
285,294,22
288,294,22
287,294,22
289,294,22
289,294,22
289,294,22
290,294,22
288,294,22
288,294,22
287,294,22
287,294,22
287,294,22
289,294,22
289,294,22
290,294,22
290,283,22
291,283,22
289,283,22
289,283,22
287,283,22
288,283,22
288,283,22
291,283,22
290,283,22
287,283,22
289,283,22
289,283,22
290,283,22
291,283,22
292,283,22
294,283,22
292,283,22
292,283,22
296,283,22
296,283,22
293,283,22
291,283,22
293,283,22
292,283,22
292,283,22
294,283,22
293,283,22
294,283,22
295,283,22
292,283,22
290,283,22
292,283,22
291,283,22
292,283,22
295,306,22
294,306,22
292,306,22
290,306,22
293,306,22
293,306,22
295,306,22
294,306,22
297,306,22
297,306,22
298,306,22
298,306,22
300,306,22
298,306,22
299,306,22
300,306,22
299,306,22
302,306,22
303,306,22
301,301,22
297,301,22
296,301,22
297,301,22
296,301,22
293,301,22
292,301,22
293,301,22
295,301,22
294,301,22
294,301,22
293,301,22
296,301,22
296,301,22
294,301,22
294,301,22
295,286,22
297,286,22
297,286,22
294,286,22
292,286,22
292,286,22
294,293,22
293,293,22
290,293,22
294,293,22
293,293,22
294,293,22
292,293,22
293,293,22
293,293,22
296,293,22
299,293,22
300,293,22
299,293,22
302,293,22
298,293,22
297,293,22
299,293,22
297,293,22
295,293,22
296,293,22
300,293,22
301,293,22
300,293,22
299,293,22
299,293,22
301,293,22
298,293,22
293,293,22
290,293,22
289,290,22
288,290,22
288,290,22
286,290,22
287,290,22
287,290,22
287,290,22
283,290,22
285,290,22
288,290,22
290,290,22
289,290,22
290,290,22
288,309,22
291,309,22
288,309,22
285,309,22
283,309,22
283,309,22
281,309,22
282,309,22
282,309,22
281,309,22
284,309,22
284,309,22
282,309,22
283,309,22
282,309,22
282,309,22
284,309,22
285,309,22
281,309,22
281,309,22
280,309,22
281,309,22
281,309,22
283,309,22
283,309,22
286,309,22
283,309,22
285,342,22
281,342,22
281,342,22
279,342,22
279,342,22
280,342,22
279,342,22
280,342,22
279,342,22
279,342,22
275,342,22
273,342,22
272,342,22
271,342,22
269,342,22
269,342,22
268,342,22
270,342,22
269,342,22
272,342,22
274,342,22
270,342,22
267,342,22
269,342,22
267,342,22
266,342,22
263,342,22
263,342,22
266,342,22
268,342,22
268,342,22
266,342,22
266,342,22
262,342,22
267,342,22
268,342,22
266,342,22
267,342,22
266,342,22
264,342,22
264,342,22
264,342,22
261,342,22
261,342,22
261,342,22
259,342,22
259,256,22
261,256,22
264,256,22
263,256,22
261,256,22
261,256,22
260,256,22
260,256,22
257,256,22
259,256,22
257,256,22
255,256,22
256,256,22
255,256,22
256,256,22
254,256,22
255,256,22
257,256,22
260,256,22
264,256,22
261,256,22
265,256,22
265,256,22
265,256,22
266,256,22
265,256,22
261,256,22
262,256,22
263,256,22
260,256,22
264,256,22
267,256,22
263,256,22
263,270,22
263,270,22
261,270,22
263,270,22
266,270,22
269,270,22
269,270,22
270,289,22
268,289,22
267,289,22
266,289,22
263,289,22
263,289,22
264,289,22
264,289,22
265,289,22
263,289,22
264,289,22
262,289,22
263,271,22
260,271,22
261,271,22
261,271,22
260,271,22
261,271,22
261,271,22
261,271,22
265,271,22
266,271,22
263,271,22
263,271,22
263,271,22
260,271,22
258,271,22
259,271,22
257,271,22
253,271,22
252,271,22
256,252,22
256,252,22
254,252,22
255,252,22
254,252,22
256,252,22
257,252,22
258,252,22
258,252,22
256,252,22
254,252,22
249,252,22
248,252,22
247,252,22
250,252,22
249,252,22
249,252,22
248,252,22
249,252,22
246,252,22
246,252,22
243,252,22
242,252,22
243,252,22
243,252,22
244,252,22
242,252,22
244,252,22
242,252,22
243,252,22
244,252,22
246,252,22
246,252,22
246,252,22
244,252,22
243,252,22
245,252,22
243,252,22
245,252,22
248,252,22
246,252,22
246,252,22
246,252,22
245,252,22
245,252,22
245,252,22
244,261,22
246,261,22
247,261,22
249,261,22
247,261,22
244,261,22
245,261,22
245,261,22
247,261,22
242,261,22
242,261,22
242,261,22
243,261,22
243,261,22
242,261,22
239,261,22
246,261,22
245,261,22
245,261,22
243,261,22
241,261,22
241,261,22
240,261,22
241,261,22
246,261,22
248,261,22
246,261,22
249,261,22
249,261,22
249,261,22
246,261,22
245,261,22
247,261,22
244,261,22
242,261,22
241,261,22
241,261,22
240,261,22
239,261,22
240,213,22
237,213,22
237,213,22
238,213,22
237,213,22
239,213,22
242,213,22
241,213,22
241,213,22
243,213,22
245,213,22
246,213,22
245,213,22
249,249,22
250,249,22
245,249,22
244,249,22
246,249,22
245,249,22
240,232,22
242,232,22
246,232,22
252,232,22
248,232,22
248,232,22
249,232,22
252,232,22
251,232,22
256,232,22
256,232,22
253,232,22
254,232,22
254,232,22
255,232,22
253,232,22
253,232,22
253,232,22
250,232,22
250,232,22
251,232,22
251,232,22
251,232,22
249,232,22
251,232,22
252,232,22
249,232,22
251,232,22
252,232,22
253,232,22
251,232,22
252,232,22
254,232,22
254,232,22
254,232,22
255,232,22
258,232,22
259,232,22
257,260,22
259,260,22
262,260,22
262,260,22
263,260,22
265,260,22
263,260,22
263,260,22
263,260,22
262,260,22
265,260,22
263,260,22
267,258,22
267,258,22
267,258,22
266,258,22
267,258,22
264,258,22
265,258,22
264,260,22
264,260,22
262,260,22
262,260,22
259,260,22
262,260,22
261,260,22
262,260,22
262,260,22
259,260,22
262,260,22
259,260,22
262,260,22
265,260,22
263,260,22
262,260,22
261,260,22
260,260,22
256,260,22
258,260,22
258,260,22
257,260,22
255,260,22
255,260,22
256,260,22
259,260,22
256,260,22
257,260,22
254,260,22
258,260,22
254,260,22
257,260,22
256,260,22
256,260,22
257,260,22
255,260,22
256,260,22
255,260,22
252,260,22
252,260,22
254,260,22
258,255,22
256,255,22
258,255,22
256,255,22
258,255,22
258,255,22
258,255,22
259,255,22
257,255,22
258,255,22
258,255,22
257,255,22
259,255,22
256,255,22
255,255,22
256,255,22
253,255,22
253,255,22
254,255,22
254,255,22
256,255,22
256,255,22
252,255,22
253,255,22
255,255,22
253,255,22
252,255,22
256,255,22
257,255,22
258,255,22
256,255,22
259,266,22
256,266,22
257,266,22
255,266,22
255,266,22
255,266,22
259,266,22
255,266,22
256,266,22
256,266,22
256,266,22
257,266,22
260,266,22
264,266,22
265,266,22
266,266,22
265,266,22
266,266,22
266,266,22
267,266,22
266,266,22
269,266,22
266,266,22
267,266,22
266,266,22
266,266,22
270,266,22
267,266,22
266,266,22
267,266,22
270,266,22
271,266,22
270,266,22
267,254,22
264,254,22
266,254,22
266,254,22
267,254,22
263,254,22
263,254,22
262,254,22
263,254,22
261,254,22
258,254,22
261,254,22
262,254,22
262,233,22
261,233,22
261,233,22
262,233,22
263,233,22
265,233,22
262,233,22
263,233,22
260,233,22
262,233,22
259,233,22
261,233,22
264,233,22
266,233,22
267,233,22
272,233,22
272,233,22
271,233,22
270,233,22
268,233,22
270,233,22
267,233,22
267,233,22
262,233,22
259,233,22
257,233,22
255,233,22
255,233,22
256,233,22
256,233,22
255,233,22
255,233,22
254,233,22
250,233,22
250,233,22
248,233,22
250,233,22
251,233,22
250,233,22
251,233,22
250,233,22
253,233,22
259,233,22
258,233,22
258,233,22
260,233,22
258,233,22
256,233,22
255,233,22
259,233,22
258,233,22
256,233,22
258,233,22
257,233,22
256,281,22
258,281,22
261,281,22
260,281,22
259,281,22
263,281,22
264,281,22
261,281,22
258,281,22
256,281,22
256,281,22
258,281,22
257,281,22
260,281,22
262,281,22
263,281,22
264,281,22
267,281,22
264,281,22
264,281,22
264,281,22
267,281,22
271,281,22
274,281,22
276,281,22
275,281,22
274,281,22
275,281,22
277,281,22
279,281,22
281,281,22
287,281,22
288,281,22
285,281,22
287,281,22
285,281,22
285,281,22
284,281,22
290,281,22
290,308,22
295,308,22
295,308,22
296,308,22
296,308,22
298,308,22
293,308,22
293,308,22
292,308,22
292,308,22
291,308,22
289,308,22
287,308,22
283,308,22
282,308,22
287,289,22
287,289,22
290,289,22
290,289,22
288,289,22
288,289,22
290,289,22
292,289,22
296,289,22
296,284,22
294,284,22
294,284,22
295,284,22
299,284,22
299,284,22
297,284,22
299,284,22
299,284,22
297,284,22
299,284,22
296,284,22
296,284,22
296,284,22
295,284,22
295,284,22
294,284,22
295,284,22
294,309,22
298,309,22
301,309,22
303,309,22
299,309,22
297,309,22
296,309,22
301,309,22
302,309,22
305,301,22
305,301,22
304,301,22
303,301,22
303,301,22
307,301,22
309,301,22
308,301,22
307,332,22
311,332,22
310,332,22
312,332,22
311,332,22
308,332,22
304,332,22
306,332,22
306,332,22
304,332,22
302,332,22
298,332,22
296,332,22
298,332,22
298,332,22
299,332,22
302,332,22
300,332,22
299,332,22
299,332,22
300,332,22
298,332,22
298,332,22
298,332,22
295,332,22
297,332,22
296,332,22
296,332,22
299,332,22
300,332,22
299,332,22
300,332,22
297,332,22
298,332,22
296,332,22
293,290,22
292,290,22
290,290,22
286,290,22
284,290,22
281,290,22
281,290,22
278,290,22
276,290,22
280,290,22
283,290,22
282,290,22
279,290,22
278,290,22
277,290,22
278,290,22
276,290,22
275,290,22
280,290,22
281,290,22
281,290,22
283,290,22
285,290,22
283,290,22
281,290,22
283,290,22
285,290,22
285,290,22
284,290,22
280,290,22
279,290,22
283,290,22
282,290,22
280,290,22
278,290,22
277,290,22
277,290,22
279,290,22
278,290,22
277,290,22
277,290,22
278,290,22
277,290,22
277,290,22
277,290,22
279,290,22
279,290,22
278,290,22
275,290,22
271,290,22
272,290,22
274,290,22
272,290,22
271,290,22
271,290,22
273,270,22
273,270,22
272,270,22
270,270,22
270,270,22
269,270,22
267,270,22
269,270,22
270,270,22
266,270,22
265,261,22
265,261,22
269,261,22
268,261,22
265,261,22
266,261,22
269,261,22
268,261,22
267,261,22
265,261,22
266,261,22
263,261,22
259,261,22
261,261,22
262,261,22
266,261,22
265,261,22
263,261,22
264,261,22
265,261,22
266,261,22
268,261,22
272,261,22
275,261,22
273,261,22
272,261,22
268,261,22
269,261,22
269,261,22
267,261,22
268,261,22
270,261,22
271,261,22
271,261,22
269,261,22
269,261,22
270,261,22
269,261,22
268,278,22
267,278,22
265,278,22
265,278,22
264,278,22
263,278,22
262,278,22
264,278,22
266,278,22
262,278,22
260,278,22
263,278,22
263,255,22
261,255,22
259,255,22
259,255,22
260,255,22
259,255,22
258,255,22
258,255,22
261,255,22
262,269,22
266,269,22
267,269,22
265,269,22
268,269,22
268,269,22
269,273,22
271,273,22
268,273,22
269,273,22
272,273,22
271,273,22
269,273,22
269,273,22
269,273,22
271,273,22
273,273,22
275,273,22
276,273,22
276,273,22
273,273,22
276,273,22
274,273,22
277,273,22
277,273,22
277,273,22
273,273,22
270,273,22
270,273,22
268,273,22
270,273,22
270,273,22
269,273,22
271,236,22
274,236,22
275,236,22
272,236,22
268,236,22
270,236,22
271,236,22
268,236,22
268,236,22
268,236,22
266,236,22
264,236,22
266,236,22
265,236,22
265,236,22
263,236,22
264,273,22
261,273,22
259,273,22
259,273,22
259,273,22
262,273,22
263,273,22
264,273,22
265,273,22
265,273,22
261,273,22
262,273,22
261,273,22
262,273,22
260,273,22
261,273,22
259,273,22
261,273,22
261,273,22
261,273,22
266,273,22
263,273,22
267,273,22
268,273,22
271,273,22
271,273,22
268,273,22
264,273,22
260,273,22
262,273,22
265,273,22
267,273,22
266,273,22
268,273,22
267,273,22
267,273,22
269,273,22
270,273,22
271,273,22
270,273,22
273,273,22
272,273,22
270,273,22
270,273,22
267,273,22
263,273,22
261,273,22
258,206,22
256,206,22
258,206,22
259,206,22
261,206,22
261,206,22
264,206,22
265,206,22
267,206,22
267,206,22
264,206,22
261,262,22
260,262,22
261,262,22
262,262,22
265,262,22
266,262,22
264,262,22
263,268,22
264,268,22
261,268,22
265,268,22
267,268,22
265,268,22
270,268,22
268,268,22
267,268,22
271,268,22
271,268,22
270,268,22
269,268,22
270,268,22
273,268,22
271,268,22
267,268,22
268,268,22
268,268,22
267,268,22
272,268,22
273,268,22
270,268,22
271,268,22
268,268,22
271,268,22
271,264,22
269,264,22
271,264,22
272,264,22
273,264,22
272,264,22
271,264,22
273,264,22
271,264,22
267,264,22
263,264,22
266,264,22
267,264,22
263,264,22
262,264,22
261,264,22
264,264,22
264,264,22
266,280,22
268,280,22
271,280,22
272,280,22
274,280,22
275,280,22
276,280,22
275,280,22
275,280,22
274,280,22
273,280,22
269,280,22
274,280,22
275,280,22
275,280,22
273,280,22
269,280,22
272,280,22
275,280,22
274,280,22
274,280,22
276,280,22
274,280,22
270,280,22
271,280,22
270,280,22
271,280,22
272,280,22
276,280,22
274,280,22
274,280,22
273,280,22
275,280,22
276,280,22
276,280,22
278,280,22
274,280,22
272,280,22
272,280,22
270,280,22
268,280,22
270,280,22
269,280,22
269,280,22
266,280,22
265,280,22
270,280,22
270,280,22
270,280,22
269,280,22
270,280,22
269,280,22
267,280,22
268,280,22
271,280,22
272,280,22
271,280,22
273,280,22
271,280,22
272,280,22
270,261,22
270,261,22
270,261,22
270,261,22
265,261,22
268,261,22
265,261,22
268,272,22
268,272,22
267,272,22
268,272,22
269,272,22
265,272,22
262,272,22
262,272,22
262,272,22
263,272,22
262,272,22
263,272,22
263,272,22
263,272,22
264,272,22
262,272,22
259,272,22
262,290,22
263,290,22
263,290,22
265,290,22
264,290,22
267,290,22
267,290,22
269,290,22
271,290,22
272,290,22
269,290,22
269,290,22
268,290,22
267,290,22
267,290,22
264,290,22
264,290,22
268,290,22
267,290,22
266,290,22
268,290,22
271,290,22
272,290,22
271,290,22
273,290,22
273,290,22
271,290,22
268,290,22
270,290,22
269,290,22
275,290,22
274,290,22
276,290,22
279,290,22
280,290,22
284,290,22
280,290,22
281,290,22
278,290,22
281,290,22
282,290,22
282,290,22
282,290,22
281,290,22
280,290,22
282,290,22
282,290,22
283,290,22
282,290,22
282,290,22
282,290,22
280,290,22
283,290,22
284,290,22
280,290,22
280,290,22
281,286,22
279,286,22
280,286,22
281,286,22
282,286,22
280,286,22
279,286,22
280,286,22
278,286,22
273,286,22
271,235,22
269,235,22
275,235,22
276,235,22
274,235,22
272,235,22
272,235,22
273,235,22
271,235,22
268,235,22
267,235,22
268,235,22
265,235,22
265,235,22
265,235,22
262,235,22
262,235,22
263,235,22
263,255,22
260,255,22
261,255,22
260,255,22
258,255,22
258,255,22
258,255,22
255,274,22
257,274,22
257,274,22
256,274,22
257,274,22
259,274,22
262,274,22
260,274,22
264,274,22
263,274,22
265,274,22
267,274,22
271,274,22
274,274,22
271,274,22
268,274,22
269,274,22
272,274,22
276,274,22
274,274,22
273,274,22
270,274,22
269,274,22
264,274,22
261,274,22
261,274,22
262,274,22
260,237,22
259,237,22
258,237,22
257,237,22
260,237,22
262,237,22
260,237,22
260,237,22
260,237,22
259,237,22
260,237,22
259,237,22
256,237,22
256,237,22
254,237,22
254,237,22
254,231,22
253,231,22
255,231,22
256,231,22
255,231,22
255,231,22
259,231,22
261,231,22
260,231,22
259,231,22
260,286,22
258,286,22
258,286,22
258,286,22
261,286,22
264,286,22
265,286,22
264,286,22
265,286,22
267,286,22
270,286,22
269,286,22
268,286,22
269,286,22
268,286,22
267,286,22
270,286,22
272,298,22
274,298,22
276,298,22
274,298,22
274,298,22
274,298,22
275,298,22
272,310,22
272,310,22
272,310,22
271,310,22
270,310,22
270,310,22
268,310,22
266,297,22
267,297,22
268,297,22
270,297,22
273,297,22
274,297,22
277,297,22
274,297,22
274,297,22
275,297,22
272,297,22
270,269,22
270,269,22
269,269,22
268,269,22
266,269,22
267,269,22
267,269,22
267,269,22
270,269,22
272,269,22
274,269,22
275,269,22
276,269,22
277,269,22
282,269,22
281,269,22
283,269,22
283,269,22
282,276,22
282,276,22
285,276,22
283,276,22
284,276,22
286,276,22
286,276,22
288,276,22
289,276,22
287,276,22
287,276,22
292,276,22
291,276,22
289,276,22
287,276,22
287,276,22
287,276,22
288,276,22
289,276,22
287,276,22
286,276,22
287,276,22
286,276,22
286,276,22
282,276,22
277,276,22
280,276,22
282,276,22
281,276,22
280,276,22
283,276,22
284,276,22
287,276,22
283,276,22
283,276,22
287,276,22
289,276,22
290,274,22
288,274,22
288,274,22
289,274,22
286,274,22
285,274,22
284,274,22
283,274,22
283,274,22
282,274,22
282,274,22
282,274,22
285,274,22
284,274,22
288,274,22
284,274,22
286,274,22
283,274,22
283,274,22
285,274,22
281,274,22
280,265,22
278,265,22
280,265,22
282,265,22
283,265,22
284,265,22
283,265,22
281,265,22
283,265,22
284,265,22
286,265,22
284,265,22
284,265,22
288,265,22
288,265,22
288,265,22
286,265,22
288,265,22
289,265,22
288,265,22
288,265,22
292,265,22
287,265,22
284,265,22
282,265,22
281,265,22
280,265,22
278,265,22
281,265,22
282,265,22
279,265,22
280,265,22
278,265,22
277,265,22
277,265,22
279,265,22
278,265,22
279,307,22
278,307,22
279,307,22
281,307,22
281,307,22
283,307,22
283,307,22
281,307,22
277,238,22
278,238,22
277,238,22
277,238,22
278,238,22
281,238,22
278,238,22
275,238,22
276,238,22
278,279,22
276,279,22
277,279,22
275,279,22
275,279,22
274,279,22
276,279,22
280,279,22
281,279,22
281,279,22
278,279,22
279,279,22
278,279,22
276,279,22
275,279,22
273,279,22
273,279,22
273,279,22
269,279,22
268,279,22
266,279,22
266,279,22
267,279,22
267,279,22
267,279,22
265,279,22
264,279,22
263,279,22
262,279,22
259,279,22
257,279,22
259,279,22
261,279,22
260,279,22
259,279,22
260,279,22
259,298,22
260,298,22
260,298,22
260,298,22
259,298,22
255,298,22
257,298,22
257,298,22
258,298,22
260,298,22
259,298,22
256,298,22
259,298,22
260,298,22
261,298,22
259,298,22
259,298,22
259,298,22
256,298,22
259,298,22
257,298,22
257,298,22
256,298,22
252,298,22
257,298,22
259,298,22
260,298,22
259,298,22
259,298,22
258,298,22
257,298,22
260,298,22
258,298,22
261,298,22
263,298,22
260,298,22
260,298,22
259,298,22
259,298,22
260,298,22
261,298,22
262,298,22
261,298,22
258,298,22
257,298,22
256,298,22
258,298,22
254,298,22
255,287,22
259,287,22
259,287,22
260,287,22
261,287,22
262,287,22
261,287,22
263,287,22
261,287,22
259,287,22
260,287,22
260,284,22
263,284,22
264,284,22
266,284,22
267,284,22
268,284,22
267,284,22
263,284,22
266,284,22
265,284,22
267,284,22
272,284,22
271,284,22
269,284,22
271,284,22
268,284,22
269,284,22
270,284,22
269,284,22
269,284,22
270,284,22
267,284,22
267,268,22
267,268,22
268,268,22
270,268,22
268,268,22
269,268,22
268,268,22
268,268,22
268,268,22
268,268,22
266,268,22
264,268,22
268,268,22
269,268,22
268,268,22
268,268,22
266,268,22
262,268,22
260,268,22
262,268,22
262,268,22
264,268,22
263,268,22
264,268,22
267,268,22
267,230,22
268,230,22
268,230,22
268,230,22
272,230,22
273,230,22
271,230,22
273,230,22
273,230,22
275,230,22
274,230,22
274,230,22
272,230,22
271,230,22
271,230,22
270,230,22
269,265,22
271,265,22
270,265,22
272,265,22
272,265,22
273,265,22
276,265,22
275,265,22
277,265,22
279,265,22
282,265,22
284,265,22
288,265,22
287,265,22
289,265,22
292,265,22
292,265,22
292,265,22
292,265,22
294,265,22
293,265,22
292,265,22
292,265,22
292,265,22
291,265,22
288,265,22
286,265,22
287,265,22
288,265,22
287,265,22
286,297,22
288,297,22
291,297,22
291,297,22
292,297,22
291,297,22
292,297,22
289,288,22
291,288,22
292,288,22
290,288,22
291,288,22
290,288,22
290,288,22
288,288,22
286,288,22
286,288,22
286,288,22
284,288,22
285,288,22
283,288,22
282,288,22
281,271,22
280,271,22
282,271,22
281,271,22
283,271,22
279,271,22
281,271,22
283,271,22
280,271,22
283,271,22
285,271,22
284,271,22
281,271,22
283,271,22
280,271,22
279,271,22
280,271,22
281,271,22
282,278,22
282,278,22
282,278,22
282,278,22
283,278,22
282,278,22
282,278,22
280,278,22
282,278,22
282,278,22
279,278,22
280,286,22
284,286,22
284,286,22
284,286,22
285,286,22
286,286,22
287,286,22
287,286,22
287,286,22
287,286,22
287,286,22
290,286,22
289,286,22
292,286,22
291,286,22
292,286,22
292,286,22
291,286,22
293,286,22
295,286,22
299,286,22
299,286,22
300,286,22
299,286,22
299,286,22
299,286,22
296,286,22
294,286,22
294,286,22
294,286,22
294,301,22
294,301,22
294,301,22
290,301,22
292,301,22
292,301,22
290,301,22
291,301,22
294,301,22
296,301,22
295,325,22
297,325,22
298,325,22
299,325,22
299,325,22
298,325,22
299,325,22
297,325,22
297,325,22
294,325,22
296,325,22
296,325,22
296,325,22
298,325,22
298,325,22
298,325,22
296,325,22
296,325,22
300,325,22
299,325,22
295,325,22
295,325,22
294,325,22
297,325,22
298,325,22
299,325,22
298,325,22
301,325,22
298,325,22
297,330,22
297,330,22
297,330,22
298,330,22
300,330,22
300,330,22
297,330,22
298,330,22
300,330,22
300,330,22
300,330,22
301,330,22
302,330,22
301,330,22
300,298,22
304,298,22
303,298,22
305,298,22
305,298,22
307,298,22
309,298,22
312,298,22
311,298,22
310,298,22
309,298,22
309,298,22
308,298,22
307,298,22
306,298,22
305,298,22
306,298,22
306,346,22
306,346,22
310,346,22
312,346,22
310,346,22
311,346,22
311,346,22
311,346,22
311,346,22
313,346,22
315,346,22
313,346,22
314,346,22
314,336,22
316,336,22
317,336,22
313,336,22
312,336,22
314,336,22
311,336,22
312,336,22
311,336,22
307,309,22
306,309,22
305,309,22
306,309,22
307,309,22
304,309,22
306,309,22
305,309,22
306,309,22
304,309,22
305,309,22
304,309,22
307,309,22
307,309,22
308,309,22
303,309,22
303,309,22
304,309,22
305,309,22
298,309,22
296,309,22
296,309,22
296,309,22
293,309,22
292,309,22
290,309,22
288,309,22
286,309,22
287,309,22
290,309,22
288,309,22
292,309,22
291,309,22
290,296,22
289,296,22
293,296,22
294,296,22
295,296,22
292,296,22
294,296,22
295,296,22
293,296,22
293,296,22
294,296,22
292,292,22
293,292,22
290,292,22
287,292,22
289,292,22
289,292,22
288,292,22
288,292,22
286,292,22
285,292,22
285,292,22
287,292,22
289,292,22
290,292,22
291,286,22
293,286,22
291,286,22
289,286,22
294,286,22
296,286,22
297,288,22
299,288,22
301,288,22
300,288,22
300,288,22
298,288,22
298,288,22
295,288,22
295,288,22
297,288,22
299,288,22
300,288,22
299,312,22
301,312,22
296,312,22
298,312,22
300,312,22
299,312,22
299,312,22
300,312,22
296,312,22
297,312,22
300,312,22
298,312,22
296,312,22
297,312,22
293,312,22
295,312,22
296,312,22
297,312,22
301,312,22
303,312,22
303,312,22
304,312,22
304,312,22
302,312,22
302,270,22
301,270,22
299,270,22
300,270,22
306,270,22
302,270,22
298,270,22
298,270,22
299,270,22
298,270,22
295,270,22
294,270,22
296,270,22
298,270,22
299,270,22
299,270,22
297,270,22
296,270,22
293,270,22
291,270,22
294,270,22
290,270,22
289,270,22
287,270,22
283,270,22
284,270,22
285,270,22
287,270,22
292,270,22
290,270,22
290,270,22
290,270,22
288,270,22
293,270,22
294,270,22
298,270,22
300,270,22
303,270,22
303,270,22
303,270,22
304,270,22
302,270,22
301,270,22
297,270,22
295,270,22
296,270,22
298,339,22
298,339,22
300,339,22
303,339,22
306,339,22
307,339,22
308,339,22
308,339,22
306,339,22
307,339,22
308,339,22
305,339,22
305,339,22
307,339,22
308,339,22
309,339,22
306,339,22
308,339,22
312,339,22
309,336,22
310,336,22
311,336,22
306,336,22
305,336,22
305,336,22
306,336,22
303,336,22
300,336,22
298,336,22
298,336,22
300,336,22
298,336,22
297,336,22
294,336,22
294,336,22
293,336,22
295,336,22
295,336,22
293,336,22
293,336,22
293,304,22
294,304,22
296,304,22
295,304,22
291,304,22
291,304,22
290,304,22
291,304,22
293,304,22
292,304,22
294,304,22
295,304,22
292,304,22
292,304,22
291,304,22
290,304,22
289,304,22
291,304,22
295,304,22
295,304,22
296,304,22
297,275,22
294,275,22
296,275,22
294,275,22
289,275,22
290,275,22
292,275,22
290,275,22
288,275,22
286,275,22
286,275,22
285,275,22
283,275,22
285,275,22
288,275,22
287,275,22
282,275,22
281,282,22
281,282,22
282,282,22
283,282,22
283,282,22
287,282,22
291,282,22
292,282,22
288,282,22
289,282,22
290,282,22
287,282,22
289,282,22
290,282,22
289,282,22
288,282,22
291,282,22
291,282,22
291,282,22
291,296,22
292,296,22
288,296,22
290,296,22
288,296,22
289,296,22
294,296,22
291,296,22
292,296,22
292,296,22
291,296,22
288,296,22
286,296,22
288,298,22
288,298,22
289,298,22
286,298,22
284,298,22
282,298,22
280,298,22
281,298,22
282,298,22
281,298,22
283,298,22
282,298,22
283,319,22
283,319,22
287,319,22
288,319,22
283,319,22
282,319,22
281,319,22
282,319,22
284,319,22
284,319,22
282,319,22
286,319,22
284,301,22
284,301,22
282,301,22
280,301,22
277,301,22
278,301,22
279,301,22
276,301,22
274,301,22
272,301,22
272,301,22
272,301,22
274,301,22
275,301,22
274,301,22
275,301,22
274,301,22
276,290,22
271,290,22
274,290,22
271,290,22
268,290,22
269,290,22
269,290,22
271,290,22
269,283,22
269,283,22
267,283,22
268,283,22
266,283,22
261,283,22
261,283,22
264,283,22
270,283,22
269,283,22
270,283,22
269,283,22
270,283,22
272,283,22
275,283,22
273,283,22
275,283,22
276,283,22
275,283,22
275,283,22
274,283,22
278,283,22
278,283,22
276,283,22
277,283,22
281,283,22
277,283,22
274,290,22
274,290,22
273,290,22
273,290,22
272,290,22
271,290,22
270,290,22
269,290,22
269,290,22
269,274,22
269,274,22
268,274,22
266,274,22
265,274,22
264,274,22
264,274,22
266,274,22
272,274,22
270,274,22
271,274,22
270,274,22
271,274,22
271,274,22
272,274,22
273,274,22
272,274,22
271,274,22
274,274,22
277,274,22
278,274,22
276,274,22
277,274,22
278,274,22
282,274,22
281,274,22
280,274,22
276,274,22
275,274,22
272,274,22
269,274,22
268,274,22
271,274,22
272,274,22
274,274,22
272,274,22
271,274,22
269,274,22
267,274,22
268,274,22
266,274,22
265,274,22
265,274,22
267,274,22
265,274,22
264,274,22
264,274,22
264,274,22
263,274,22
261,282,22
263,282,22
261,282,22
259,282,22
259,282,22
260,282,22
261,282,22
264,282,22
264,282,22
265,282,22
266,282,22
263,282,22
263,282,22
265,282,22
265,255,22
264,255,22
261,255,22
264,255,22
264,255,22
267,255,22
270,255,22
270,255,22
265,255,22
268,255,22
268,255,22
269,232,22
266,232,22
267,232,22
270,232,22
266,232,22
270,232,22
267,232,22
267,293,22
265,293,22
262,293,22
263,293,22
262,293,22
263,293,22
264,293,22
265,293,22
262,244,22
259,244,22
262,244,22
266,244,22
267,244,22
264,244,22
262,244,22
262,244,22
259,244,22
258,244,22
258,244,22
258,289,22
257,289,22
256,289,22
255,289,22
253,289,22
249,289,22
249,289,22
249,289,22
247,289,22
246,289,22
250,289,22
251,289,22
251,289,22
250,289,22
248,289,22
247,289,22
244,289,22
242,289,22
242,289,22
243,289,22
246,289,22
247,289,22
247,289,22
247,289,22
247,289,22
245,289,22
246,289,22
243,289,22
240,289,22
240,289,22
242,289,22
240,289,22
240,289,22
243,289,22
243,289,22
240,289,22
240,289,22
238,289,22
237,289,22
237,289,22
237,289,22
236,289,22
235,266,22
237,266,22
238,266,22
237,266,22
237,266,22
240,266,22
238,266,22
237,266,22
238,266,22
236,266,22
239,266,22
239,266,22
240,266,22
242,266,22
242,266,22
244,266,22
247,266,22
244,266,22
245,266,22
248,266,22
247,266,22
249,266,22
249,266,22
249,266,22
250,266,22
251,266,22
253,266,22
254,266,22
251,266,22
250,266,22
251,266,22
249,266,22
248,266,22
251,266,22
249,266,22
247,266,22
248,266,22
249,266,22
247,250,22
248,250,22
246,250,22
244,250,22
244,250,22
244,250,22
245,250,22
241,250,22
238,250,22
238,250,22
233,250,22
229,250,22
232,250,22
232,250,22
232,250,22
231,250,22
234,250,22
231,250,22
231,250,22
229,250,22
231,250,22
230,250,22
229,250,22
228,250,22
225,250,22
226,250,22
228,250,22
228,250,22
228,250,22
232,250,22
228,259,22
228,259,22
229,259,22
230,259,22
229,259,22
231,259,22
232,259,22
233,259,22
236,259,22
237,259,22
238,259,22
239,259,22
237,259,22
235,259,22
237,259,22
236,259,22
237,259,22
236,259,22
237,259,22
237,259,22
235,259,22
235,259,22
237,259,22
238,259,22
236,259,22
238,259,22
238,259,22
236,259,22
234,259,22
236,259,22
237,259,22
233,259,22
230,259,22
230,259,22
229,259,22
230,259,22
226,259,22
225,259,22
225,259,22
224,259,22
221,259,22
220,259,22
218,259,22
215,259,22
216,259,22
217,259,22
217,259,22
217,259,22
219,259,22
219,259,22
221,259,22
218,259,22
223,259,22
222,259,22
219,259,22
218,259,22
217,259,22
219,259,22
219,218,22
220,218,22
223,218,22
223,218,22
224,218,22
221,218,22
222,218,22
222,221,22
223,221,22
223,221,22
223,221,22
221,221,22
220,221,22
218,221,22
215,221,22
214,221,22
214,221,22
213,221,22
214,221,22
217,221,22
214,221,22
214,221,22
212,221,22
210,221,22
213,221,22
216,221,22
216,221,22
216,221,22
214,221,22
219,221,22
222,221,22
220,221,22
219,221,22
218,221,22
220,221,22
222,221,22
219,221,22
223,221,22
224,221,22
224,221,22
222,221,22
226,221,22
224,221,22
225,221,22
226,221,22
225,221,22
224,221,22
226,221,22
224,221,22
221,221,22
219,221,22
221,221,22
220,221,22
222,221,22
227,216,22
227,216,22
228,216,22
227,216,22
223,216,22
222,216,22
219,216,22
219,216,22
217,195,22
220,195,22
217,195,22
218,195,22
217,195,22
215,195,22
214,195,22
215,195,22
214,195,22
215,195,22
215,195,22
217,195,22
219,195,22
220,195,22
220,195,22
220,195,22
218,195,22
217,195,22
217,195,22
219,195,22
217,195,22
214,195,22
218,195,22
216,195,22
216,195,22
214,195,22
212,195,22
217,195,22
216,195,22
217,195,22
219,195,22
217,195,22
216,195,22
215,195,22
213,195,22
212,195,22
217,195,22
216,195,22
215,195,22
209,195,22
209,195,22
208,195,22
208,195,22
206,195,22
206,195,22
204,195,22
204,195,22
202,195,22
203,195,22
199,195,22
194,195,22
197,195,22
198,195,22
200,195,22
201,174,22
201,174,22
202,174,22
202,174,22
201,174,22
202,174,22
200,174,22
204,174,22
202,174,22
203,174,22
197,174,22
197,174,22
198,174,22
199,174,22
198,174,22
198,174,22
195,174,22
196,174,22
197,174,22
200,174,22
200,174,22
203,174,22
202,174,22
202,174,22
202,174,22
202,174,22
204,174,22
205,174,22
202,187,22
202,187,22
205,187,22
205,187,22
203,187,22
202,187,22
200,187,22
200,187,22
202,187,22
202,187,22
204,187,22
204,187,22
207,187,22
207,187,22
207,187,22
207,187,22
205,187,22
205,187,22
202,187,22
204,187,22
201,187,22
204,187,22
205,187,22
206,187,22
209,187,22
209,222,22
211,222,22
211,222,22
211,222,22
211,222,22
211,222,22
209,222,22
208,222,22
209,222,22
208,222,22
208,222,22
205,212,22
205,212,22
205,212,22
204,212,22
205,212,22
207,212,22
204,212,22
205,212,22
205,212,22
210,212,22
211,212,22
212,212,22
216,212,22
217,212,22
221,212,22
223,212,22
226,212,22
226,212,22
225,212,22
223,212,22
224,212,22
223,212,22
222,212,22
223,212,22
222,212,22
224,212,22
222,212,22
223,212,22
226,212,22
228,212,22
226,212,22
227,212,22
224,212,22
219,212,22
221,212,22
218,212,22
215,212,22
216,212,22
217,212,22
213,212,22
217,246,22
216,246,22
219,246,22
220,246,22
224,246,22
223,246,22
225,246,22
222,246,22
220,246,22
220,246,22
220,246,22
221,246,22
220,246,22
218,246,22
217,246,22
216,246,22
211,246,22
213,246,22
212,246,22
211,246,22
210,246,22
214,246,22
216,246,22
218,199,22
219,199,22
216,199,22
220,199,22
221,199,22
221,199,22
222,199,22
225,199,22
225,199,22
228,199,22
231,199,22
231,229,22
230,229,22
230,229,22
228,229,22
226,229,22
226,229,22
224,229,22
224,229,22
227,229,22
225,229,22
229,229,22
229,229,22
228,229,22
228,229,22
228,229,22
228,184,22
230,184,22
228,184,22
227,184,22
229,184,22
228,184,22
230,184,22
227,184,22
225,184,22
228,184,22
232,184,22
229,184,22
231,184,22
231,184,22
231,184,22
231,184,22
229,184,22
229,184,22
234,184,22
234,184,22
237,184,22
234,184,22
232,184,22
233,202,22
236,202,22
233,202,22
236,202,22
235,202,22
236,202,22
239,202,22
241,202,22
242,202,22
245,202,22
248,202,22
248,202,22
245,202,22
244,202,22
243,202,22
241,202,22
242,202,22
242,202,22
243,202,22
245,202,22
246,202,22
247,202,22
248,202,22
249,202,22
251,202,22
251,202,22
247,202,22
250,202,22
250,202,22
251,202,22
249,202,22
249,202,22
253,202,22
251,202,22
254,236,22
251,236,22
252,236,22
251,236,22
251,236,22
253,236,22
253,236,22
253,236,22
251,236,22
255,236,22
255,236,22
256,236,22
256,236,22
257,236,22
261,236,22
260,243,22
263,243,22
259,243,22
260,243,22
263,243,22
264,243,22
266,243,22
266,243,22
268,243,22
270,243,22
272,243,22
273,243,22
274,243,22
274,243,22
275,243,22
277,243,22
278,243,22
279,274,22
278,274,22
276,274,22
275,274,22
272,274,22
273,274,22
271,274,22
269,274,22
269,274,22
268,274,22
269,274,22
269,274,22
268,274,22
272,274,22
273,274,22
276,274,22
277,274,22
275,274,22
276,274,22
279,274,22
277,274,22
277,274,22
278,274,22
280,274,22
281,274,22
278,274,22
278,274,22
278,274,22
276,274,22
280,274,22
282,274,22
282,274,22
280,274,22
278,274,22
279,274,22
282,274,22
284,274,22
287,274,22
290,274,22
288,274,22
289,274,22
286,266,22
283,266,22
285,266,22
285,266,22
283,266,22
285,266,22
282,266,22
282,266,22
283,266,22
281,266,22
279,266,22
280,266,22
282,266,22
286,266,22
287,266,22
286,266,22
287,266,22
285,266,22
285,266,22
279,266,22
279,266,22
282,266,22
281,266,22
278,266,22
279,266,22
281,266,22
281,266,22
283,266,22
281,266,22
283,266,22
282,266,22
282,266,22
279,266,22
278,266,22
280,266,22
279,266,22
280,266,22
283,266,22
281,266,22
280,266,22
282,256,22
279,256,22
277,256,22
282,256,22
283,256,22
285,256,22
284,256,22
281,256,22
282,256,22
281,256,22
281,256,22
285,256,22
285,256,22
286,256,22
285,256,22
286,256,22
286,256,22
287,259,22
288,259,22
287,259,22
286,259,22
284,259,22
283,259,22
286,259,22
283,259,22
281,259,22
280,259,22
277,259,22
280,259,22
281,259,22
284,259,22
283,259,22
284,259,22
285,259,22
283,259,22
287,259,22
285,259,22
287,259,22
285,259,22
287,259,22
291,259,22
292,259,22
292,259,22
291,259,22
288,259,22
285,289,22
290,289,22
293,289,22
295,289,22
294,289,22
295,289,22
296,289,22
293,289,22
296,289,22
295,289,22
296,289,22
301,289,22
303,289,22
301,289,22
301,289,22
305,289,22
302,289,22
299,289,22
300,289,22
299,289,22
301,289,22
304,289,22
305,289,22
305,289,22
305,289,22
306,289,22
306,289,22
307,289,22
304,281,22
303,281,22
303,281,22
299,281,22
299,281,22
299,281,22
296,281,22
296,281,22
296,281,22
294,281,22
294,281,22
296,281,22
297,281,22
296,281,22
295,281,22
293,281,22
297,281,22
297,281,22
295,281,22
295,281,22
295,281,22
293,303,22
294,303,22
295,303,22
293,303,22
292,303,22
292,303,22
290,303,22
285,303,22
284,303,22
285,303,22
284,303,22
284,303,22
282,303,22
282,303,22
283,303,22
284,303,22
283,303,22
282,303,22
281,303,22
281,303,22
284,303,22
283,303,22
281,303,22
279,303,22
283,303,22
285,303,22
287,303,22
288,303,22
290,303,22
289,303,22
292,303,22
290,303,22
288,303,22
288,303,22
288,303,22
292,303,22
291,303,22
292,303,22
294,303,22
292,303,22
291,303,22
292,303,22
289,303,22
289,303,22
286,303,22
285,268,22
284,268,22
284,268,22
283,268,22
283,268,22
285,268,22
285,268,22
287,268,22
289,268,22
288,268,22
288,268,22
287,268,22
288,268,22
288,268,22
290,289,22
293,289,22
294,289,22
297,289,22
296,289,22
295,289,22
292,289,22
289,289,22
288,289,22
288,289,22
287,289,22
290,289,22
288,289,22
288,289,22
288,289,22
290,289,22
288,314,22
283,314,22
283,314,22
285,314,22
285,314,22
284,314,22
285,314,22
285,314,22
283,314,22
285,294,22
286,294,22
287,294,22
285,294,22
283,294,22
283,294,22
280,294,22
279,294,22
285,294,22
286,294,22
287,294,22
283,290,22
287,290,22
286,290,22
285,290,22
285,290,22
283,290,22
284,290,22
286,290,22
289,290,22
288,290,22
290,290,22
290,290,22
289,290,22
291,290,22
288,281,22
287,281,22
288,281,22
284,281,22
283,281,22
282,281,22
284,281,22
286,281,22
286,281,22
286,281,22
286,281,22
284,281,22
285,281,22
286,281,22
287,281,22
287,281,22
287,281,22
286,281,22
284,281,22
286,281,22
286,281,22
290,281,22
290,281,22
290,281,22
286,281,22
288,281,22
287,281,22
285,281,22
286,281,22
288,281,22
286,281,22
289,281,22
289,281,22
287,281,22
286,313,22
290,313,22
287,313,22
288,313,22
290,313,22
290,313,22
289,313,22
288,313,22
288,313,22
287,313,22
285,313,22
286,313,22
288,313,22
288,313,22
284,313,22
284,313,22
286,313,22
286,313,22
287,313,22
283,313,22
283,313,22
283,313,22
286,313,22
286,313,22
289,313,22
288,313,22
291,313,22
287,313,22
289,313,22
293,313,22
292,292,22
292,292,22
293,292,22
292,292,22
293,292,22
294,292,22
295,292,22
292,292,22
292,292,22
297,292,22
296,292,22
298,292,22
295,292,22
293,292,22
297,292,22
296,292,22
293,292,22
295,292,22
296,292,22
297,292,22
297,292,22
300,292,22
296,292,22
296,292,22
295,292,22
297,292,22
298,292,22
298,292,22
299,292,22
299,292,22
299,292,22
299,292,22
301,292,22
303,292,22
305,292,22
303,292,22
306,292,22
306,292,22
306,292,22
306,292,22
305,292,22
306,292,22
308,292,22
311,292,22
308,292,22
307,292,22
303,292,22
303,291,22
301,291,22
299,291,22
300,291,22
299,291,22
302,291,22
299,291,22
299,283,22
297,283,22
298,283,22
295,283,22
296,283,22
293,283,22
293,283,22
291,283,22
288,283,22
289,283,22
288,283,22
290,283,22
290,283,22
288,283,22
288,283,22
289,283,22
287,283,22
288,283,22
285,283,22
288,283,22
289,283,22
291,283,22
288,287,22
288,287,22
289,287,22
288,287,22
290,287,22
290,287,22
290,287,22
292,287,22
289,287,22
286,287,22
286,287,22
285,287,22
284,287,22
283,287,22
281,287,22
280,287,22
285,287,22
285,287,22
279,287,22
278,291,22
277,291,22
277,291,22
277,291,22
277,291,22
279,291,22
281,291,22
274,291,22
275,291,22
276,291,22
277,291,22
279,291,22
279,291,22
275,291,22
274,291,22
272,291,22
271,291,22
269,291,22
272,291,22
275,291,22
273,291,22
273,291,22
273,291,22
274,291,22
273,291,22
275,281,22
274,281,22
273,281,22
273,281,22
272,281,22
266,281,22
264,281,22
267,281,22
266,281,22
269,281,22
267,285,22
265,285,22
266,285,22
265,285,22
270,285,22
269,285,22
266,285,22
266,285,22
266,285,22
266,285,22
264,285,22
265,285,22
265,285,22
264,285,22
265,285,22
266,285,22
269,285,22
271,285,22
270,285,22
268,285,22
267,285,22
261,285,22
264,285,22
265,285,22
265,285,22
266,285,22
263,285,22
263,285,22
264,285,22
264,285,22
262,285,22
260,285,22
262,299,22
263,299,22
258,299,22
263,299,22
264,299,22
267,299,22
266,299,22
265,299,22
264,299,22
262,299,22
259,299,22
260,299,22
261,299,22
261,231,22
261,231,22
259,231,22
255,231,22
255,231,22
254,231,22
253,231,22
253,231,22
253,231,22
252,231,22
254,231,22
256,231,22
259,231,22
259,231,22
259,231,22
260,231,22
262,231,22
262,231,22
259,231,22
258,231,22
258,231,22
259,231,22
260,231,22
257,231,22
255,231,22
252,231,22
253,252,22
252,252,22
253,252,22
253,252,22
249,252,22
251,252,22
253,252,22
252,252,22
253,252,22
253,252,22
253,251,22
251,251,22
247,251,22
247,251,22
249,251,22
249,251,22
250,251,22
250,251,22
250,251,22
254,251,22
253,251,22
253,251,22
255,251,22
257,251,22
258,251,22
262,251,22
260,251,22
257,251,22
256,251,22
252,251,22
253,251,22
257,251,22
259,273,22
260,273,22
259,273,22
256,273,22
259,273,22
256,273,22
254,273,22
254,273,22
252,273,22
253,273,22
253,273,22
251,273,22
253,273,22
253,273,22
252,273,22
251,273,22
254,295,22
253,295,22
251,295,22
251,295,22
252,295,22
248,295,22
247,223,22
249,223,22
250,223,22
251,223,22
252,223,22
249,223,22
249,223,22
246,223,22
249,223,22
248,223,22
250,223,22
252,223,22
249,223,22
247,223,22
245,223,22
246,223,22
241,223,22
242,223,22
242,223,22
246,223,22
246,223,22
245,223,22
243,271,22
245,271,22
248,271,22
246,271,22
244,271,22
242,271,22
241,271,22
243,271,22
243,284,22
243,284,22
243,284,22
242,284,22
241,284,22
241,284,22
237,284,22
236,284,22
236,284,22
236,284,22
235,284,22
234,284,22
238,284,22
240,284,22
241,284,22
240,284,22
240,284,22
237,284,22
240,284,22
237,284,22
236,284,22
235,284,22
234,284,22
233,231,22
231,231,22
230,231,22
227,231,22
223,231,22
223,231,22
220,231,22
219,231,22
219,231,22
220,231,22
217,231,22
217,231,22
217,231,22
216,226,22
219,226,22
216,226,22
217,226,22
221,226,22
222,226,22
222,226,22
223,226,22
221,219,22
219,219,22
221,219,22
217,219,22
219,219,22
221,219,22
219,219,22
220,219,22
221,219,22
222,219,22
224,219,22
223,219,22
224,219,22
224,219,22
227,219,22
228,219,22
226,219,22
226,219,22
226,219,22
225,219,22
229,219,22
231,219,22
229,219,22
231,219,22
228,219,22
229,219,22
227,219,22
229,219,22
230,219,22
231,219,22
231,219,22
227,219,22
227,219,22
224,219,22
223,219,22
225,219,22
225,219,22
225,219,22
223,219,22
225,219,22
224,219,22
225,219,22
227,219,22
229,207,22
230,207,22
229,207,22
229,207,22
230,207,22
229,207,22
229,207,22
230,207,22
228,207,22
230,207,22
230,207,22
232,207,22
234,207,22
234,207,22
235,207,22
234,207,22
235,207,22
238,207,22
234,246,22
236,246,22
234,246,22
228,246,22
232,246,22
229,246,22
230,246,22
230,246,22
231,246,22
236,246,22
237,246,22
239,246,22
239,246,22
238,246,22
239,246,22
239,246,22
236,246,22
233,246,22
238,246,22
240,246,22
240,246,22
239,246,22
238,246,22
237,246,22
238,246,22
240,246,22
239,246,22
236,246,22
237,246,22
235,246,22
234,246,22
237,246,22
237,246,22
239,246,22
243,246,22
240,246,22
238,246,22
243,246,22
243,246,22
246,246,22
247,246,22
247,246,22
245,246,22
244,246,22
242,246,22
242,246,22
241,246,22
241,246,22
243,246,22
245,246,22
251,246,22
251,246,22
249,246,22
244,246,22
244,268,22
245,268,22
244,268,22
243,268,22
240,268,22
239,268,22
238,268,22
241,268,22
242,268,22
241,268,22
243,268,22
239,215,22
242,215,22
243,215,22
241,215,22
240,215,22
239,215,22
239,215,22
239,215,22
241,215,22
241,215,22
241,215,22
241,215,22
240,215,22
237,215,22
237,215,22
238,215,22
239,242,22
241,242,22
240,242,22
239,242,22
236,242,22
237,242,22
235,242,22
231,242,22
231,242,22
232,242,22
236,242,22
233,242,22
234,242,22
237,242,22
235,242,22
233,242,22
233,226,22
233,226,22
234,226,22
235,226,22
238,226,22
237,226,22
239,226,22
240,226,22
240,217,22
240,217,22
237,217,22
235,217,22
233,217,22
237,217,22
234,217,22
234,240,22
236,240,22
234,240,22
234,240,22
233,240,22
234,240,22
232,240,22
230,240,22
228,240,22
230,240,22
230,240,22
228,240,22
230,240,22
229,240,22
232,240,22
234,240,22
236,240,22
234,240,22
238,240,22
237,240,22
233,240,22
231,240,22
230,240,22
225,240,22
227,240,22
227,240,22
232,240,22
233,240,22
236,240,22
239,240,22
239,240,22
239,240,22
240,240,22
240,240,22
241,240,22
241,240,22
238,240,22
239,240,22
242,240,22
241,240,22
243,240,22
240,240,22
242,241,22
242,241,22
243,241,22
240,241,22
239,241,22
238,241,22
235,241,22
235,241,22
234,241,22
235,257,22
235,257,22
234,257,22
236,257,22
236,257,22
235,257,22
234,257,22
235,257,22
236,257,22
237,257,22
234,257,22
237,257,22
235,257,22
236,257,22
232,257,22
230,257,22
228,257,22
229,257,22
229,257,22
226,257,22
226,257,22
226,257,22
223,235,22
224,235,22
223,235,22
222,235,22
224,235,22
223,235,22
224,235,22
225,235,22
226,235,22
224,235,22
221,235,22
222,235,22
226,235,22
227,235,22
226,207,22
227,207,22
226,207,22
225,207,22
227,207,22
227,207,22
226,207,22
225,207,22
225,207,22
224,207,22
225,207,22
221,189,22
219,189,22
220,189,22
222,189,22
222,189,22
221,189,22
220,189,22
219,189,22
219,189,22
221,189,22
219,189,22
223,226,22
221,226,22
218,226,22
218,226,22
219,226,22
220,226,22
217,226,22
217,226,22
218,226,22
218,226,22
221,226,22
219,226,22
221,226,22
223,226,22
225,226,22
227,226,22
229,226,22
228,226,22
227,226,22
227,226,22
226,226,22
225,226,22
227,226,22
227,226,22
229,226,22
226,226,22
224,226,22
225,226,22
227,226,22
227,226,22
227,226,22
227,226,22
230,226,22
229,226,22
227,226,22
230,226,22
231,226,22
230,226,22
229,226,22
225,226,22
228,226,22
228,226,22
227,226,22
228,226,22
229,226,22
227,226,22
230,226,22
231,226,22
230,226,22
229,226,22
232,226,22
235,226,22
235,226,22
236,226,22
234,247,22
235,247,22
233,247,22
232,247,22
236,247,22
233,247,22
232,247,22
231,247,22
232,247,22
233,247,22
230,247,22
234,247,22
236,247,22
236,247,22
236,247,22
234,247,22
231,247,22
230,247,22
233,247,22
235,247,22
240,247,22
241,247,22
243,247,22
247,247,22
246,247,22
245,247,22
242,247,22
243,247,22
240,247,22
242,247,22
244,247,22
244,247,22
241,247,22
241,247,22
242,247,22
242,247,22
237,247,22
237,223,22
237,223,22
236,223,22
235,223,22
234,223,22
236,223,22
233,223,22
231,223,22
230,223,22
229,223,22
229,223,22
228,223,22
229,223,22
229,223,22
230,223,22
228,223,22
231,223,22
225,223,22
226,223,22
227,223,22
228,223,22
228,223,22
231,223,22
231,223,22
233,223,22
233,223,22
232,223,22
234,223,22
233,223,22
235,223,22
234,223,22
232,223,22
230,223,22
228,223,22
226,223,22
224,223,22
224,223,22
225,223,22
226,223,22
227,223,22
230,223,22
233,223,22
234,223,22
231,223,22
233,223,22
232,223,22
230,223,22
232,223,22
231,223,22
229,223,22
229,210,22
229,210,22
228,210,22
226,210,22
229,210,22
230,210,22
229,210,22
228,210,22
230,210,22
233,240,22
231,240,22
227,240,22
228,240,22
227,240,22
226,240,22
228,240,22
223,240,22
222,240,22
224,240,22
221,240,22
222,240,22
221,226,22
221,226,22
219,226,22
217,226,22
218,226,22
218,226,22
216,226,22
215,226,22
213,226,22
212,226,22
214,226,22
215,226,22
216,226,22
217,226,22
213,226,22
214,226,22
215,226,22
212,226,22
213,226,22
214,226,22
211,194,22
210,194,22
209,194,22
209,194,22
208,194,22
209,194,22
211,194,22
209,194,22
212,194,22
218,194,22
219,194,22
218,194,22
220,194,22
225,194,22
224,194,22
223,194,22
220,194,22
222,194,22
222,194,22
220,194,22
219,194,22
216,194,22
215,194,22
213,194,22
215,194,22
218,194,22
217,194,22
219,194,22
221,194,22
220,194,22
221,220,22
222,220,22
222,220,22
218,220,22
221,220,22
221,220,22
216,220,22
216,220,22
216,220,22
213,220,22
214,220,22
215,220,22
213,220,22
209,220,22
212,220,22
211,220,22
213,220,22
210,220,22
207,220,22
208,220,22
209,220,22
209,220,22
207,220,22
206,220,22
211,220,22
210,220,22
211,220,22
212,220,22
212,220,22
211,220,22
210,220,22
210,220,22
213,220,22
214,220,22
215,220,22
216,220,22
218,220,22
217,220,22
222,220,22
222,220,22
224,220,22
226,220,22
226,220,22
229,220,22
229,220,22
230,209,22
231,209,22
228,209,22
228,209,22
227,209,22
230,209,22
229,209,22
231,209,22
234,209,22
234,209,22
233,209,22
229,209,22
231,209,22
233,209,22
233,209,22
231,209,22
235,209,22
235,209,22
236,209,22
237,209,22
241,209,22
244,209,22
241,209,22
239,209,22
240,230,22
241,230,22
241,230,22
238,230,22
237,230,22
236,230,22
237,230,22
236,230,22
236,230,22
240,230,22
239,230,22
237,230,22
238,230,22
241,230,22
239,230,22
240,230,22
241,230,22
241,230,22
239,230,22
237,230,22
234,230,22
235,230,22
236,230,22
242,230,22
243,230,22
245,230,22
244,230,22
246,230,22
247,230,22
248,230,22
248,230,22
250,230,22
248,230,22
246,230,22
246,230,22
245,230,22
243,230,22
242,230,22
243,230,22
244,230,22
240,230,22
242,230,22
244,230,22
243,230,22
242,230,22
242,230,22
240,230,22
241,230,22
238,230,22
242,230,22
243,230,22
243,230,22
241,230,22
239,230,22
239,230,22
241,230,22
243,230,22
239,230,22
239,230,22
237,254,22
239,254,22
241,254,22
240,254,22
237,254,22
235,254,22
237,254,22
237,254,22
236,254,22
236,254,22
236,254,22
236,254,22
237,254,22
236,254,22
235,254,22
236,227,22
237,227,22
236,227,22
238,227,22
241,227,22
240,227,22
238,227,22
241,227,22
242,227,22
244,227,22
245,227,22
248,227,22
248,227,22
250,227,22
251,227,22
252,227,22
252,227,22
252,227,22
248,227,22
249,227,22
250,227,22
251,227,22
251,227,22
254,227,22
255,227,22
255,227,22
253,227,22
257,227,22
257,227,22
256,227,22
259,227,22
257,227,22
258,227,22
257,227,22
258,227,22
257,227,22
259,227,22
258,227,22
260,227,22
260,227,22
261,227,22
261,227,22
262,227,22
259,227,22
258,227,22
256,227,22
259,227,22
257,227,22
258,227,22
260,227,22
263,227,22
261,227,22
262,227,22
260,294,22
263,294,22
265,294,22
264,294,22
262,294,22
262,294,22
265,294,22
265,294,22
267,294,22
267,294,22
267,294,22
263,294,22
264,294,22
263,294,22
263,294,22
263,294,22
264,294,22
267,294,22
268,294,22
266,294,22
269,294,22
270,294,22
270,294,22
273,294,22
273,294,22
272,294,22
276,294,22
275,294,22
277,294,22
277,294,22
277,294,22
278,294,22
279,294,22
276,294,22
275,294,22
271,257,22
271,257,22
273,257,22
275,257,22
277,257,22
279,257,22
281,257,22
278,257,22
281,257,22
282,257,22
280,257,22
280,257,22
279,257,22
278,257,22
280,257,22
280,257,22
279,257,22
278,257,22
279,257,22
280,257,22
279,257,22
278,257,22
277,287,22
277,287,22
273,287,22
275,287,22
279,287,22
275,287,22
278,287,22
279,287,22
279,287,22
284,287,22
286,287,22
287,287,22
284,287,22
283,287,22
283,287,22
282,287,22
278,287,22
278,276,22
278,276,22
278,276,22
276,276,22
275,276,22
273,276,22
273,276,22
272,276,22
270,276,22
275,276,22
277,276,22
276,276,22
277,276,22
277,276,22
278,276,22
274,289,22
273,289,22
272,289,22
270,289,22
270,289,22
272,289,22
274,289,22
279,289,22
279,289,22
278,289,22
280,269,22
282,269,22
281,269,22
282,269,22
279,269,22
282,269,22
285,269,22
286,269,22
285,269,22
286,269,22
285,269,22
282,269,22
284,269,22
284,269,22
282,269,22
281,269,22
280,269,22
279,269,22
277,269,22
276,269,22
272,269,22
273,269,22
274,269,22
273,269,22
275,269,22
270,269,22
271,269,22
271,269,22
271,269,22
273,269,22
274,269,22
276,269,22
276,269,22
278,269,22
277,269,22
277,285,22
273,285,22
272,285,22
271,285,22
272,285,22
273,285,22
270,285,22
269,285,22
267,285,22
265,285,22
264,277,22
265,277,22
263,277,22
264,277,22
264,277,22
263,277,22
267,277,22
267,277,22
266,277,22
267,277,22
268,277,22
269,277,22
268,277,22
265,277,22
263,277,22
266,277,22
264,263,22
268,263,22
269,263,22
273,263,22
272,263,22
272,263,22
269,263,22
268,263,22
269,263,22
269,263,22
269,263,22
271,263,22
271,263,22
272,263,22
268,263,22
265,263,22
265,263,22
268,263,22
267,263,22
268,263,22
267,263,22
267,263,22
267,263,22
268,263,22
269,263,22
267,263,22
267,263,22
267,263,22
272,263,22
270,263,22
273,263,22
270,263,22
272,263,22
272,263,22
271,263,22
271,262,22
272,262,22
272,262,22
272,262,22
272,262,22
272,262,22
272,262,22
274,262,22
275,262,22
275,262,22
276,262,22
276,262,22
275,262,22
272,262,22
273,262,22
274,262,22
272,262,22
270,285,22
270,285,22
269,285,22
272,285,22
269,285,22
270,285,22
270,285,22
272,285,22
273,285,22
274,285,22
273,285,22
273,285,22
276,285,22
278,285,22
276,283,22
278,283,22
279,283,22
279,283,22
279,283,22
283,283,22
281,283,22
281,283,22
282,283,22
282,283,22
285,283,22
287,283,22
289,283,22
287,283,22
286,283,22
288,283,22
289,283,22
291,283,22
290,283,22
292,283,22
293,283,22
292,283,22
292,283,22
292,283,22
291,283,22
292,283,22
294,283,22
296,283,22
298,283,22
298,283,22
297,283,22
295,283,22
297,283,22
297,278,22
298,278,22
297,278,22
297,278,22
296,278,22
297,278,22
295,278,22
297,278,22
300,278,22
298,278,22
300,278,22
300,278,22
301,278,22
299,278,22
301,278,22
300,278,22
301,278,22
302,278,22
305,278,22
306,278,22
303,278,22
305,278,22
303,278,22
300,278,22
301,278,22
300,310,22
299,310,22
303,310,22
304,310,22
305,310,22
305,310,22
304,310,22
301,309,22
301,309,22
303,309,22
300,309,22
301,309,22
300,309,22
301,309,22
302,309,22
301,309,22
298,309,22
304,309,22
304,309,22
304,309,22
305,309,22
300,309,22
301,309,22
300,309,22
297,309,22
297,309,22
294,276,22
293,276,22
294,276,22
291,276,22
292,276,22
295,276,22
294,276,22
292,276,22
289,276,22
290,276,22
289,276,22
288,276,22
290,276,22
291,276,22
290,276,22
292,276,22
290,276,22
292,316,22
295,316,22
293,316,22
295,316,22
296,316,22
299,316,22
300,316,22
302,316,22
302,316,22
301,326,22
300,326,22
300,326,22
299,326,22
301,326,22
304,326,22
306,326,22
306,326,22
304,326,22
300,326,22
299,326,22
299,326,22
299,326,22
300,326,22
300,326,22
300,326,22
299,326,22
300,326,22
301,326,22
