true_pos,obs_pos,true_var
327,331,22
327,331,22
327,331,22
327,331,22
327,331,22
327,331,22
327,331,22
327,331,22
327,331,22
327,331,22
327,331,22
327,331,22
327,331,22
327,331,22
327,331,22
327,331,22
327,331,22
327,331,22
327,306,22
327,306,22
327,306,22
327,306,22
327,306,22
327,306,22
327,306,22
327,306,22
327,306,22
327,306,22
327,306,22
327,306,22
327,357,22
327,357,22
327,357,22
327,357,22
327,357,22
327,357,22
327,357,22
327,357,22
327,357,22
327,357,22
327,357,22
327,357,22
327,357,22
327,357,22
327,357,22
327,357,22
327,357,22
327,357,22
327,357,22
327,357,22
327,357,22
327,357,22
327,357,22
327,357,22
327,357,22
327,357,22
327,357,22
327,357,22
327,357,22
327,349,22
327,349,22
327,349,22
327,349,22
327,349,22
327,349,22
327,349,22
327,349,22
327,349,22
327,349,22
327,349,22
327,349,22
327,349,22
327,349,22
327,349,22
327,349,22
327,349,22
327,313,22
327,313,22
327,313,22
327,313,22
327,313,22
327,313,22
327,313,22
327,313,22
327,313,22
327,313,22
327,313,22
327,34,22
327,34,22
327,34,22
327,34,22
327,34,22
327,34,22
327,34,22
327,313,22
327,313,22
327,313,22
327,313,22
327,313,22
327,313,22
327,313,22
327,313,22
327,313,22
327,350,22
327,350,22
327,350,22
327,350,22
327,350,22
327,350,22
327,350,22
327,15,22
327,15,22
327,15,22
327,15,22
327,15,22
327,15,22
327,15,22
327,15,22
327,349,22
327,349,22
327,349,22
327,349,22
327,349,22
327,349,22
327,349,22
327,349,22
327,349,22
327,349,22
327,349,22
327,349,22
327,349,22
327,349,22
327,349,22
327,349,22
327,349,22
327,349,22
327,349,22
327,349,22
327,349,22
327,349,22
327,349,22
327,349,22
327,349,22
327,349,22
327,349,22
327,349,22
327,349,22
327,349,22
327,349,22
327,349,22
327,349,22
327,324,22
327,324,22
327,324,22
327,324,22
327,324,22
327,324,22
327,324,22
327,324,22
327,324,22
327,324,22
327,324,22
327,324,22
327,324,22
327,324,22
327,324,22
327,324,22
327,324,22
327,324,22
327,324,22
327,324,22
327,324,22
327,324,22
327,324,22
327,324,22
327,324,22
327,324,22
327,324,22
327,324,22
327,324,22
327,324,22
327,324,22
327,324,22
327,324,22
327,324,22
327,324,22
327,324,22
327,324,22
327,324,22
327,324,22
327,324,22
327,324,22
327,324,22
327,324,22
327,324,22
327,324,22
327,324,22
327,324,22
327,324,22
327,324,22
327,324,22
327,324,22
327,324,22
327,324,22
327,324,22
327,324,22
327,324,22
327,324,22
327,324,22
327,324,22
327,324,22
327,324,22
327,324,22
327,324,22
327,324,22
327,306,22
327,306,22
327,306,22
327,306,22
327,306,22
327,306,22
327,306,22
327,306,22
327,306,22
327,306,22
327,306,22
327,306,22
327,306,22
327,306,22
327,306,22
327,290,22
327,290,22
327,290,22
327,290,22
327,290,22
327,290,22
327,290,22
327,290,22
327,290,22
327,290,22
327,290,22
327,290,22
327,290,22
327,290,22
327,290,22
327,290,22
327,290,22
327,290,22
327,290,22
327,290,22
327,290,22
327,290,22
327,290,22
327,290,22
327,290,22
327,290,22
327,290,22
327,290,22
327,290,22
327,290,22
327,290,22
327,290,22
327,290,22
327,290,22
327,290,22
327,290,22
327,275,22
327,275,22
327,275,22
327,275,22
327,275,22
327,275,22
327,275,22
327,275,22
327,275,22
327,275,22
327,275,22
327,275,22
327,275,22
327,275,22
327,275,22
327,275,22
327,275,22
327,275,22
327,275,22
327,275,22
327,275,22
302,285,22
302,285,22
302,285,22
302,285,22
302,285,22
302,285,22
302,285,22
302,285,22
302,285,22
302,285,22
302,285,22
302,285,22
302,285,22
302,285,22
302,285,22
302,335,22
302,335,22
302,335,22
302,335,22
302,335,22
302,335,22
302,288,22
302,288,22
302,288,22
302,288,22
302,288,22
302,288,22
302,288,22
302,288,22
302,316,22
302,316,22
302,316,22
302,316,22
302,316,22
302,316,22
302,316,22
302,316,22
302,316,22
302,316,22
302,316,22
302,316,22
302,316,22
302,316,22
302,316,22
302,316,22
302,316,22
302,316,22
302,316,22
302,316,22
302,316,22
302,316,22
302,316,22
302,297,22
302,297,22
302,297,22
302,297,22
302,297,22
302,297,22
302,297,22
302,297,22
302,297,22
302,297,22
302,297,22
302,297,22
302,297,22
302,297,22
302,297,22
302,297,22
302,297,22
302,297,22
302,297,22
302,297,22
302,297,22
302,297,22
302,297,22
302,297,22
302,297,22
302,297,22
302,297,22
302,297,22
302,297,22
302,297,22
302,297,22
302,297,22
302,297,22
302,297,22
302,272,22
302,272,22
302,272,22
302,272,22
302,272,22
302,272,22
302,272,22
302,272,22
302,272,22
302,272,22
302,272,22
302,272,22
302,272,22
302,272,22
302,272,22
302,272,22
302,272,22
302,272,22
302,272,22
302,272,22
302,272,22
302,272,22
302,272,22
302,272,22
302,272,22
302,272,22
302,272,22
302,272,22
302,272,22
302,272,22
302,272,22
302,272,22
302,282,22
302,282,22
302,282,22
302,282,22
302,282,22
302,282,22
302,282,22
302,282,22
302,282,22
302,282,22
302,282,22
302,282,22
302,282,22
302,282,22
302,282,22
302,282,22
302,282,22
302,282,22
302,282,22
302,282,22
302,282,22
302,282,22
302,282,22
302,282,22
302,282,22
302,282,22
302,282,22
302,282,22
302,282,22
302,282,22
302,308,22
302,308,22
302,308,22
302,308,22
302,308,22
302,308,22
302,303,22
302,303,22
302,303,22
302,303,22
302,303,22
302,303,22
302,303,22
302,294,22
302,294,22
302,294,22
302,294,22
302,294,22
302,294,22
302,294,22
302,294,22
302,294,22
302,294,22
302,294,22
302,294,22
302,294,22
302,294,22
302,294,22
302,294,22
302,294,22
302,294,22
302,294,22
302,294,22
302,294,22
302,294,22
302,332,22
302,332,22
302,332,22
302,332,22
302,332,22
302,332,22
302,332,22
302,332,22
302,332,22
302,332,22
302,332,22
302,332,22
302,332,22
302,332,22
302,332,22
302,332,22
302,299,22
302,299,22
302,299,22
302,299,22
302,299,22
302,299,22
302,299,22
302,299,22
302,299,22
302,299,22
302,299,22
302,299,22
302,299,22
302,299,22
302,299,22
302,299,22
302,299,22
302,299,22
302,299,22
302,299,22
302,299,22
302,299,22
302,299,22
302,299,22
302,299,22
302,299,22
302,299,22
302,299,22
302,299,22
302,299,22
302,299,22
302,299,22
302,299,22
302,299,22
302,299,22
302,299,22
302,299,22
302,299,22
302,299,22
302,299,22
302,299,22
302,299,22
302,299,22
302,299,22
302,299,22
302,299,22
302,299,22
302,299,22
302,299,22
302,299,22
302,299,22
302,299,22
302,299,22
302,299,22
302,299,22
302,299,22
302,328,22
302,328,22
302,328,22
302,328,22
302,328,22
302,328,22
302,328,22
302,328,22
302,328,22
302,328,22
302,328,22
302,328,22
302,328,22
302,328,22
302,328,22
302,328,22
302,328,22
302,328,22
302,327,22
302,327,22
302,327,22
302,327,22
302,327,22
302,327,22
302,289,22
302,289,22
302,289,22
302,289,22
302,289,22
302,289,22
302,289,22
302,289,22
302,289,22
302,289,22
302,289,22
302,289,22
302,289,22
302,289,22
302,289,22
302,289,22
302,289,22
302,327,22
302,327,22
302,327,22
302,327,22
302,327,22
302,327,22
302,327,22
302,327,22
302,327,22
302,327,22
302,327,22
302,327,22
302,327,22
302,327,22
302,327,22
302,327,22
302,327,22
302,327,22
302,327,22
302,306,22
302,306,22
302,306,22
302,306,22
302,306,22
302,306,22
302,306,22
302,306,22
302,306,22
302,306,22
302,306,22
302,305,22
302,305,22
302,305,22
302,305,22
302,305,22
302,305,22
302,305,22
302,305,22
302,305,22
302,305,22
302,305,22
302,305,22
302,305,22
302,305,22
302,305,22
302,305,22
302,305,22
302,305,22
302,305,22
302,305,22
302,305,22
302,305,22
302,305,22
302,305,22
302,305,22
302,305,22
302,305,22
302,305,22
302,305,22
302,305,22
302,305,22
302,305,22
302,305,22
302,305,22
302,305,22
302,305,22
302,305,22
302,305,22
302,305,22
302,305,22
302,299,22
302,299,22
302,299,22
302,299,22
302,299,22
302,299,22
302,299,22
302,299,22
302,323,22
302,323,22
302,323,22
302,323,22
302,323,22
302,323,22
302,323,22
302,323,22
302,323,22
302,323,22
302,323,22
302,323,22
302,323,22
287,307,22
287,307,22
287,307,22
287,307,22
287,307,22
287,307,22
287,307,22
287,307,22
287,307,22
287,307,22
287,307,22
287,307,22
287,307,22
287,307,22
287,307,22
287,307,22
287,307,22
287,307,22
287,307,22
287,307,22
287,307,22
287,307,22
287,307,22
287,307,22
287,307,22
287,307,22
287,307,22
287,307,22
287,307,22
287,307,22
287,307,22
287,307,22
287,307,22
287,307,22
287,307,22
287,307,22
287,307,22
287,307,22
287,307,22
287,307,22
287,307,22
287,307,22
287,307,22
287,307,22
287,307,22
287,307,22
287,307,22
287,307,22
287,307,22
287,307,22
287,302,22
287,302,22
287,302,22
287,302,22
287,302,22
287,302,22
287,302,22
287,302,22
287,302,22
287,302,22
287,302,22
287,302,22
287,302,22
287,302,22
287,302,22
287,302,22
287,302,22
287,302,22
287,302,22
287,302,22
287,302,22
287,302,22
287,302,22
287,302,22
287,302,22
287,302,22
287,302,22
287,302,22
287,302,22
287,302,22
287,302,22
287,302,22
287,302,22
287,302,22
287,302,22
287,302,22
287,302,22
287,302,22
287,302,22
287,302,22
287,302,22
287,302,22
287,302,22
287,302,22
287,302,22
287,302,22
287,302,22
287,302,22
287,302,22
287,302,22
287,302,22
287,302,22
287,302,22
287,302,22
287,302,22
287,268,22
287,268,22
287,268,22
287,268,22
287,268,22
287,268,22
287,268,22
287,268,22
287,268,22
287,268,22
287,268,22
287,268,22
287,268,22
287,268,22
287,268,22
287,268,22
287,268,22
287,285,22
287,285,22
287,285,22
287,285,22
287,285,22
287,285,22
287,314,22
287,314,22
287,314,22
287,314,22
287,314,22
287,314,22
287,314,22
287,314,22
287,314,22
287,314,22
287,314,22
287,314,22
287,314,22
287,314,22
287,314,22
287,314,22
287,314,22
287,314,22
287,314,22
287,283,22
287,283,22
287,283,22
287,283,22
287,283,22
287,283,22
287,283,22
287,283,22
287,283,22
287,283,22
287,283,22
287,283,22
287,283,22
287,283,22
287,283,22
287,283,22
287,283,22
287,283,22
287,283,22
287,283,22
287,283,22
287,283,22
287,283,22
287,283,22
287,283,22
287,283,22
287,283,22
287,283,22
287,283,22
287,283,22
287,283,22
287,283,22
287,283,22
287,283,22
287,283,22
287,283,22
287,283,22
287,283,22
287,283,22
287,283,22
287,283,22
287,283,22
287,283,22
287,283,22
287,283,22
287,283,22
287,283,22
287,283,22
287,283,22
287,283,22
287,283,22
287,283,22
287,283,22
287,294,22
287,294,22
287,294,22
287,294,22
287,294,22
287,294,22
287,294,22
287,294,22
287,294,22
287,294,22
287,294,22
287,294,22
287,290,22
287,290,22
287,290,22
287,290,22
287,290,22
287,290,22
287,290,22
287,290,22
287,290,22
287,290,22
287,290,22
287,317,22
287,317,22
287,317,22
287,317,22
287,317,22
287,317,22
287,317,22
287,317,22
287,317,22
287,317,22
287,317,22
287,317,22
287,317,22
287,317,22
287,317,22
287,317,22
287,282,22
287,282,22
287,282,22
287,282,22
287,282,22
287,282,22
287,282,22
287,282,22
287,282,22
287,282,22
287,282,22
287,282,22
287,282,22
287,282,22
287,282,22
287,282,22
287,282,22
287,282,22
287,282,22
287,282,22
287,282,22
287,282,22
287,282,22
287,282,22
287,282,22
287,282,22
287,282,22
287,282,22
287,274,22
287,274,22
287,274,22
287,274,22
287,274,22
287,274,22
287,274,22
287,274,22
287,274,22
287,269,22
287,269,22
287,269,22
287,269,22
287,269,22
287,269,22
287,269,22
287,269,22
287,269,22
287,269,22
287,269,22
287,269,22
287,269,22
287,269,22
287,269,22
287,269,22
287,269,22
287,269,22
287,269,22
287,269,22
287,269,22
287,269,22
287,267,22
287,267,22
287,267,22
287,267,22
287,267,22
287,267,22
287,267,22
287,267,22
287,267,22
287,267,22
287,267,22
287,267,22
287,267,22
287,267,22
287,267,22
287,296,22
287,296,22
287,296,22
287,296,22
287,296,22
287,296,22
287,296,22
287,296,22
287,296,22
287,296,22
287,296,22
287,296,22
287,296,22
287,296,22
287,296,22
287,295,22
287,295,22
287,295,22
287,295,22
287,295,22
287,295,22
287,295,22
287,295,22
287,295,22
287,295,22
287,295,22
287,295,22
287,295,22
287,295,22
287,281,22
287,281,22
287,281,22
287,281,22
287,281,22
287,281,22
287,281,22
287,281,22
287,281,22
287,281,22
287,281,22
287,281,22
287,281,22
287,281,22
287,281,22
287,281,22
287,281,22
287,281,22
287,281,22
287,294,22
287,294,22
287,294,22
287,294,22
287,294,22
287,294,22
287,294,22
287,294,22
287,294,22
287,294,22
287,294,22
287,294,22
287,294,22
287,294,22
287,294,22
287,294,22
287,294,22
287,294,22
287,294,22
287,294,22
287,294,22
287,294,22
287,294,22
302,290,22
302,290,22
302,290,22
302,290,22
302,290,22
302,290,22
302,290,22
302,290,22
302,290,22
302,290,22
302,290,22
302,290,22
302,290,22
302,290,22
302,290,22
302,290,22
302,290,22
302,290,22
302,306,22
302,306,22
302,306,22
302,306,22
302,306,22
302,306,22
302,306,22
302,306,22
302,306,22
302,306,22
302,264,22
302,264,22
302,264,22
302,264,22
302,264,22
302,264,22
302,264,22
302,264,22
302,264,22
302,264,22
302,264,22
302,264,22
302,264,22
302,264,22
302,264,22
302,297,22
302,297,22
302,297,22
302,297,22
302,297,22
302,297,22
302,297,22
302,297,22
302,297,22
302,297,22
302,297,22
302,340,22
302,340,22
302,340,22
302,340,22
302,340,22
302,340,22
302,340,22
302,340,22
302,340,22
302,340,22
302,324,22
302,324,22
302,324,22
302,324,22
302,324,22
302,324,22
302,324,22
302,324,22
302,351,22
302,351,22
302,351,22
302,351,22
302,351,22
302,351,22
302,351,22
302,351,22
302,314,22
302,314,22
302,314,22
302,314,22
302,314,22
302,314,22
302,314,22
302,314,22
302,314,22
302,314,22
302,314,22
302,314,22
302,314,22
302,314,22
302,314,22
302,314,22
302,311,22
302,311,22
302,311,22
302,311,22
302,311,22
302,311,22
302,311,22
302,311,22
302,263,22
302,263,22
302,263,22
302,263,22
302,263,22
302,263,22
302,263,22
302,263,22
302,263,22
302,263,22
302,263,22
302,263,22
302,263,22
302,263,22
302,282,22
302,282,22
302,282,22
302,282,22
302,282,22
302,282,22
302,326,22
302,326,22
302,326,22
302,326,22
302,326,22
302,326,22
302,326,22
302,326,22
302,326,22
302,326,22
302,326,22
302,320,22
302,320,22
302,320,22
302,320,22
302,320,22
302,320,22
302,320,22
302,320,22
302,320,22
302,320,22
302,320,22
302,320,22
302,320,22
302,320,22
302,320,22
302,320,22
302,320,22
302,320,22
302,320,22
302,320,22
302,320,22
302,320,22
302,320,22
302,320,22
302,320,22
302,320,22
302,320,22
302,320,22
302,273,22
302,273,22
302,273,22
302,273,22
302,273,22
302,273,22
302,273,22
302,273,22
302,273,22
302,273,22
302,273,22
302,273,22
302,273,22
302,273,22
302,273,22
302,273,22
302,273,22
302,273,22
302,273,22
302,273,22
302,273,22
302,273,22
302,273,22
302,273,22
302,273,22
302,273,22
302,273,22
302,273,22
302,273,22
302,273,22
302,273,22
302,309,22
302,309,22
302,309,22
302,309,22
302,309,22
302,309,22
302,309,22
302,309,22
302,309,22
302,309,22
302,309,22
302,309,22
302,309,22
302,309,22
302,309,22
302,309,22
302,309,22
302,309,22
302,309,22
302,309,22
302,309,22
302,309,22
302,309,22
302,309,22
302,309,22
302,309,22
302,309,22
302,309,22
302,309,22
302,309,22
302,309,22
302,309,22
302,309,22
302,309,22
302,309,22
302,309,22
302,309,22
302,309,22
302,309,22
302,309,22
302,309,22
302,309,22
302,310,22
302,310,22
302,310,22
302,310,22
302,310,22
302,310,22
302,310,22
302,310,22
302,310,22
302,310,22
302,310,22
302,310,22
302,310,22
302,310,22
302,310,22
302,320,22
302,320,22
302,320,22
302,320,22
302,320,22
302,320,22
302,320,22
302,320,22
302,320,22
302,320,22
302,320,22
287,256,22
287,256,22
287,256,22
287,256,22
287,256,22
287,256,22
287,256,22
287,256,22
287,256,22
287,256,22
287,256,22
287,256,22
287,256,22
287,286,22
287,286,22
287,286,22
287,286,22
287,286,22
287,286,22
287,286,22
287,286,22
287,286,22
287,286,22
287,286,22
287,286,22
287,286,22
287,286,22
287,286,22
287,286,22
287,286,22
287,286,22
287,273,22
287,273,22
287,273,22
287,273,22
287,273,22
287,273,22
287,273,22
287,273,22
287,273,22
287,273,22
287,273,22
287,273,22
287,273,22
287,273,22
287,273,22
287,273,22
287,273,22
287,273,22
287,251,22
287,251,22
287,251,22
287,251,22
287,251,22
287,251,22
287,251,22
287,251,22
287,251,22
287,251,22
287,310,22
287,310,22
287,310,22
287,310,22
287,310,22
287,310,22
287,310,22
287,310,22
287,310,22
287,310,22
287,310,22
287,310,22
287,310,22
287,310,22
287,310,22
287,310,22
287,310,22
287,310,22
287,310,22
287,321,22
287,321,22
287,321,22
287,321,22
287,321,22
287,321,22
287,321,22
287,321,22
287,321,22
287,321,22
287,321,22
287,321,22
287,321,22
287,321,22
287,321,22
287,321,22
287,321,22
287,321,22
287,321,22
287,321,22
287,321,22
287,321,22
287,321,22
287,321,22
287,321,22
287,321,22
287,321,22
287,321,22
287,321,22
287,285,22
287,285,22
287,285,22
287,285,22
287,285,22
287,285,22
287,285,22
287,285,22
287,285,22
287,285,22
287,277,22
287,277,22
287,277,22
287,277,22
287,277,22
287,277,22
287,277,22
287,277,22
287,277,22
287,277,22
287,277,22
287,277,22
287,277,22
287,277,22
287,277,22
287,277,22
287,277,22
287,277,22
287,277,22
287,257,22
287,257,22
287,257,22
287,257,22
287,257,22
287,257,22
287,303,22
287,303,22
287,303,22
287,303,22
287,303,22
287,303,22
287,303,22
287,303,22
287,303,22
287,303,22
287,303,22
287,303,22
287,303,22
287,303,22
287,303,22
287,303,22
287,303,22
287,303,22
287,303,22
287,303,22
287,303,22
287,303,22
287,303,22
287,303,22
287,303,22
287,303,22
287,303,22
287,303,22
287,303,22
287,256,22
287,256,22
287,256,22
287,256,22
287,256,22
287,256,22
287,256,22
287,256,22
287,255,22
287,255,22
287,255,22
287,255,22
287,255,22
287,255,22
287,255,22
287,255,22
287,255,22
287,255,22
287,255,22
287,255,22
287,245,22
287,245,22
287,245,22
287,245,22
287,245,22
287,245,22
287,245,22
287,245,22
287,245,22
287,245,22
287,245,22
287,245,22
287,282,22
287,282,22
287,282,22
287,282,22
287,282,22
287,282,22
287,282,22
287,282,22
287,282,22
287,282,22
287,282,22
287,282,22
287,282,22
287,282,22
287,282,22
287,282,22
287,282,22
287,282,22
287,282,22
287,282,22
287,282,22
287,267,22
287,267,22
287,267,22
287,267,22
287,267,22
287,267,22
287,267,22
287,267,22
287,267,22
287,267,22
287,267,22
287,267,22
287,267,22
287,267,22
287,267,22
287,267,22
287,267,22
287,267,22
287,267,22
287,267,22
287,267,22
287,267,22
287,267,22
287,267,22
287,267,22
287,267,22
287,267,22
287,267,22
287,267,22
287,267,22
287,267,22
287,267,22
287,267,22
287,267,22
287,267,22
287,267,22
287,246,22
287,246,22
287,246,22
287,246,22
287,246,22
287,246,22
287,246,22
287,246,22
287,246,22
287,246,22
287,299,22
287,299,22
287,299,22
287,299,22
287,299,22
287,299,22
287,299,22
287,299,22
287,299,22
287,299,22
287,299,22
287,299,22
287,299,22
287,299,22
287,299,22
287,299,22
287,299,22
287,299,22
287,299,22
287,299,22
287,299,22
287,299,22
287,299,22
287,299,22
287,299,22
287,299,22
287,299,22
287,299,22
287,299,22
287,299,22
287,299,22
287,299,22
287,299,22
287,299,22
287,299,22
287,299,22
287,271,22
287,271,22
287,271,22
287,271,22
287,271,22
287,271,22
287,271,22
287,271,22
287,271,22
287,271,22
287,271,22
287,277,22
287,277,22
287,277,22
287,277,22
287,277,22
287,277,22
287,277,22
287,277,22
287,277,22
287,277,22
287,277,22
287,277,22
287,277,22
287,277,22
287,277,22
287,277,22
287,277,22
287,277,22
287,277,22
287,277,22
287,277,22
287,277,22
287,277,22
287,277,22
287,277,22
287,277,22
287,277,22
287,277,22
287,277,22
287,277,22
287,277,22
287,277,22
287,277,22
287,277,22
287,277,22
287,277,22
287,277,22
287,277,22
287,277,22
287,277,22
287,277,22
287,277,22
287,277,22
287,277,22
287,277,22
287,277,22
287,277,22
287,277,22
287,277,22
287,277,22
287,277,22
287,277,22
287,277,22
287,246,22
287,246,22
287,246,22
287,246,22
287,246,22
287,246,22
287,246,22
287,246,22
287,246,22
287,246,22
287,246,22
287,246,22
287,246,22
287,246,22
287,246,22
287,246,22
287,246,22
287,246,22
287,246,22
287,246,22
287,246,22
287,246,22
287,246,22
287,246,22
287,246,22
287,246,22
287,246,22
287,246,22
287,246,22
287,246,22
287,246,22
287,246,22
287,246,22
287,246,22
287,308,22
287,308,22
287,308,22
287,308,22
287,308,22
287,308,22
287,303,22
287,303,22
287,303,22
287,303,22
287,303,22
287,303,22
287,303,22
287,303,22
287,303,22
287,303,22
287,303,22
287,303,22
287,303,22
287,303,22
287,303,22
287,303,22
287,304,22
287,304,22
287,304,22
287,304,22
287,304,22
287,304,22
287,304,22
287,304,22
287,304,22
287,304,22
287,276,22
287,276,22
287,276,22
287,276,22
287,276,22
287,276,22
287,276,22
287,276,22
287,276,22
287,276,22
287,276,22
287,276,22
287,276,22
287,276,22
287,276,22
287,292,22
287,292,22
287,292,22
287,292,22
287,292,22
287,292,22
287,292,22
287,292,22
287,292,22
287,292,22
287,292,22
287,292,22
287,292,22
287,292,22
287,292,22
287,292,22
287,292,22
287,292,22
287,292,22
287,292,22
287,292,22
287,292,22
287,292,22
287,292,22
287,292,22
267,296,22
267,296,22
267,296,22
267,296,22
267,296,22
267,296,22
267,296,22
267,296,22
267,296,22
267,296,22
267,296,22
267,296,22
267,296,22
267,294,22
267,294,22
267,294,22
267,294,22
267,294,22
267,294,22
267,294,22
267,251,22
267,251,22
267,251,22
267,251,22
267,251,22
267,251,22
267,251,22
267,251,22
267,251,22
267,251,22
267,251,22
267,251,22
267,251,22
267,251,22
267,251,22
267,251,22
267,251,22
267,251,22
267,251,22
267,251,22
267,251,22
267,251,22
267,251,22
267,251,22
267,251,22
267,292,22
267,292,22
267,292,22
267,292,22
267,292,22
267,292,22
267,292,22
267,292,22
267,292,22
267,292,22
267,292,22
267,292,22
267,292,22
267,292,22
267,275,22
267,275,22
267,275,22
267,275,22
267,275,22
267,275,22
267,275,22
267,275,22
267,275,22
267,275,22
267,275,22
267,255,22
267,255,22
267,255,22
267,255,22
267,255,22
267,255,22
267,255,22
267,255,22
267,255,22
267,255,22
267,255,22
267,255,22
267,295,22
267,295,22
267,295,22
267,295,22
267,295,22
267,295,22
267,295,22
267,295,22
267,295,22
267,295,22
267,295,22
267,295,22
267,238,22
267,238,22
267,238,22
267,238,22
267,238,22
267,238,22
267,238,22
267,238,22
267,238,22
267,238,22
267,238,22
267,238,22
267,238,22
267,238,22
267,238,22
267,238,22
267,238,22
267,284,22
267,284,22
267,284,22
267,284,22
267,284,22
267,284,22
267,284,22
267,284,22
267,284,22
267,284,22
267,269,22
267,269,22
267,269,22
267,269,22
267,269,22
267,269,22
267,269,22
267,269,22
267,269,22
267,269,22
267,269,22
267,269,22
267,269,22
267,269,22
267,269,22
267,269,22
267,269,22
267,269,22
267,269,22
267,269,22
267,236,22
267,236,22
267,236,22
267,236,22
267,236,22
267,236,22
267,236,22
267,236,22
267,248,22
267,248,22
267,248,22
267,248,22
267,248,22
267,248,22
267,248,22
267,248,22
267,248,22
267,248,22
267,248,22
267,248,22
267,248,22
267,248,22
267,248,22
267,248,22
267,248,22
267,248,22
267,248,22
267,248,22
267,248,22
267,248,22
267,248,22
267,248,22
267,248,22
267,306,22
267,306,22
267,306,22
267,306,22
267,306,22
267,306,22
267,271,22
267,271,22
267,271,22
267,271,22
267,271,22
267,271,22
267,238,22
267,238,22
267,238,22
267,238,22
267,238,22
267,238,22
267,238,22
267,238,22
267,238,22
267,238,22
267,238,22
267,238,22
267,238,22
267,238,22
267,238,22
267,238,22
267,238,22
267,238,22
267,238,22
267,238,22
267,238,22
267,238,22
267,238,22
267,238,22
267,238,22
267,238,22
267,238,22
267,238,22
267,238,22
267,238,22
267,238,22
267,238,22
267,238,22
267,238,22
267,238,22
267,238,22
267,238,22
267,238,22
267,238,22
267,238,22
267,238,22
267,238,22
267,238,22
267,238,22
267,238,22
267,238,22
267,238,22
267,238,22
267,285,22
267,285,22
267,285,22
267,285,22
267,285,22
267,285,22
267,285,22
267,285,22
267,285,22
267,285,22
267,285,22
267,285,22
267,285,22
267,273,22
267,273,22
267,273,22
267,273,22
267,273,22
267,273,22
267,273,22
267,273,22
267,273,22
267,273,22
267,273,22
267,273,22
267,273,22
267,273,22
267,273,22
267,273,22
267,273,22
267,273,22
267,273,22
267,273,22
267,273,22
267,273,22
267,273,22
267,273,22
267,273,22
267,273,22
267,273,22
267,273,22
267,273,22
267,273,22
267,273,22
267,273,22
267,273,22
267,273,22
267,273,22
267,273,22
267,273,22
267,273,22
267,273,22
267,273,22
267,273,22
267,292,22
267,292,22
267,292,22
267,292,22
267,292,22
267,292,22
267,292,22
267,292,22
267,292,22
267,292,22
267,292,22
267,292,22
267,292,22
267,292,22
267,292,22
267,292,22
267,292,22
267,292,22
267,292,22
267,292,22
267,292,22
267,292,22
267,292,22
267,292,22
267,292,22
267,292,22
267,292,22
267,292,22
267,292,22
267,304,22
267,304,22
267,304,22
267,304,22
267,304,22
267,304,22
267,304,22
267,304,22
267,304,22
267,304,22
267,304,22
267,304,22
267,304,22
267,304,22
267,304,22
267,256,22
267,256,22
267,256,22
267,256,22
267,256,22
267,256,22
267,256,22
267,256,22
267,256,22
267,269,22
267,269,22
267,269,22
267,269,22
267,269,22
267,269,22
267,253,22
267,253,22
267,253,22
267,253,22
267,253,22
267,253,22
267,253,22
267,253,22
267,289,22
267,289,22
267,289,22
267,289,22
267,289,22
267,289,22
267,289,22
267,289,22
267,289,22
267,289,22
267,289,22
267,289,22
267,289,22
267,273,22
267,273,22
267,273,22
267,273,22
267,273,22
267,273,22
267,273,22
267,273,22
267,273,22
267,273,22
267,270,22
267,270,22
267,270,22
267,270,22
267,270,22
267,270,22
267,254,22
267,254,22
267,254,22
267,254,22
267,254,22
267,254,22
267,254,22
267,254,22
267,254,22
267,254,22
267,254,22
267,254,22
267,254,22
267,254,22
267,254,22
267,254,22
267,254,22
267,254,22
267,254,22
267,254,22
267,254,22
267,254,22
267,254,22
267,254,22
267,254,22
267,254,22
267,254,22
267,254,22
242,219,22
242,219,22
242,219,22
242,219,22
242,219,22
242,219,22
242,219,22
242,219,22
242,209,22
242,209,22
242,209,22
242,209,22
242,209,22
242,209,22
242,209,22
242,209,22
242,209,22
242,209,22
242,209,22
242,209,22
242,209,22
242,209,22
242,209,22
242,209,22
242,209,22
242,209,22
242,209,22
242,209,22
242,209,22
242,209,22
242,209,22
242,209,22
242,209,22
242,209,22
242,209,22
242,209,22
242,209,22
242,209,22
242,209,22
242,209,22
242,256,22
242,256,22
242,256,22
242,256,22
242,256,22
242,256,22
242,256,22
242,256,22
242,256,22
242,256,22
242,256,22
242,256,22
242,256,22
242,256,22
242,256,22
242,256,22
242,256,22
242,256,22
242,256,22
242,256,22
242,256,22
242,256,22
242,256,22
242,256,22
242,256,22
242,256,22
242,256,22
242,256,22
242,256,22
242,256,22
242,256,22
242,256,22
242,256,22
242,256,22
242,263,22
242,263,22
242,263,22
242,263,22
242,263,22
242,263,22
242,263,22
242,263,22
242,263,22
242,263,22
242,263,22
242,263,22
242,263,22
242,263,22
242,247,22
242,247,22
242,247,22
242,247,22
242,247,22
242,247,22
242,247,22
242,288,22
242,288,22
242,288,22
242,288,22
242,288,22
242,288,22
242,288,22
242,288,22
242,288,22
242,288,22
242,247,22
242,247,22
242,247,22
242,247,22
242,247,22
242,247,22
242,247,22
242,247,22
242,247,22
242,247,22
242,247,22
242,247,22
242,247,22
242,247,22
242,247,22
242,231,22
242,231,22
242,231,22
242,231,22
242,231,22
242,231,22
242,231,22
242,231,22
242,231,22
242,231,22
242,231,22
242,231,22
242,231,22
242,231,22
242,231,22
242,231,22
242,231,22
242,231,22
242,231,22
242,231,22
242,231,22
242,231,22
242,231,22
242,231,22
242,231,22
242,231,22
242,231,22
242,231,22
242,231,22
242,231,22
242,231,22
242,231,22
242,231,22
242,231,22
242,231,22
242,231,22
242,231,22
242,231,22
242,231,22
242,231,22
242,231,22
242,231,22
242,231,22
242,231,22
242,231,22
242,231,22
242,231,22
242,231,22
242,231,22
242,231,22
242,231,22
242,231,22
242,231,22
242,231,22
242,231,22
242,231,22
242,231,22
242,235,22
242,235,22
242,235,22
242,235,22
242,235,22
242,235,22
242,235,22
242,235,22
242,235,22
242,235,22
242,235,22
242,235,22
242,235,22
242,235,22
242,235,22
242,235,22
242,235,22
242,235,22
242,235,22
242,235,22
242,235,22
242,235,22
242,235,22
242,235,22
242,235,22
242,235,22
242,235,22
242,246,22
242,246,22
242,246,22
242,246,22
242,246,22
242,246,22
242,277,22
242,277,22
242,277,22
242,277,22
242,277,22
242,277,22
242,277,22
242,242,22
242,242,22
242,242,22
242,242,22
242,242,22
242,242,22
242,242,22
242,242,22
242,242,22
242,242,22
242,242,22
242,242,22
242,242,22
242,242,22
242,242,22
242,242,22
242,242,22
242,242,22
242,242,22
242,242,22
242,242,22
242,242,22
242,242,22
242,242,22
242,240,22
242,240,22
242,240,22
242,240,22
242,240,22
242,240,22
242,240,22
242,240,22
242,240,22
242,240,22
242,240,22
242,240,22
242,240,22
242,240,22
242,240,22
242,240,22
242,240,22
242,240,22
242,240,22
242,240,22
242,240,22
242,240,22
242,240,22
242,240,22
242,240,22
242,240,22
242,240,22
242,240,22
242,240,22
242,240,22
242,240,22
242,240,22
242,240,22
242,240,22
242,240,22
242,240,22
242,240,22
242,240,22
242,240,22
242,240,22
242,240,22
242,240,22
242,285,22
242,285,22
242,285,22
242,285,22
242,285,22
242,285,22
242,285,22
242,285,22
242,285,22
242,285,22
242,285,22
242,285,22
242,285,22
242,203,22
242,203,22
242,203,22
242,203,22
242,203,22
242,203,22
242,203,22
242,203,22
242,203,22
242,253,22
242,253,22
242,253,22
242,253,22
242,253,22
242,253,22
242,253,22
242,253,22
242,253,22
242,253,22
242,253,22
242,253,22
242,253,22
242,253,22
242,253,22
242,253,22
242,253,22
242,253,22
242,215,22
242,215,22
242,215,22
242,215,22
242,215,22
242,215,22
242,215,22
242,215,22
242,215,22
242,215,22
242,215,22
242,215,22
242,215,22
242,215,22
242,215,22
242,215,22
242,215,22
242,215,22
242,215,22
242,215,22
242,215,22
242,215,22
242,215,22
242,215,22
242,215,22
242,215,22
242,215,22
242,215,22
242,215,22
242,215,22
242,215,22
242,215,22
242,215,22
242,215,22
242,215,22
242,239,22
242,239,22
242,239,22
242,239,22
242,239,22
242,239,22
242,239,22
262,256,22
262,256,22
262,256,22
262,256,22
262,256,22
262,256,22
262,256,22
262,256,22
262,256,22
262,256,22
262,256,22
262,256,22
262,256,22
262,256,22
262,256,22
262,256,22
262,256,22
262,256,22
262,256,22
262,256,22
262,256,22
262,256,22
262,256,22
262,256,22
262,256,22
262,256,22
262,256,22
262,256,22
262,256,22
262,256,22
262,256,22
262,256,22
262,256,22
262,256,22
262,256,22
262,256,22
262,256,22
262,256,22
262,279,22
262,279,22
262,279,22
262,279,22
262,279,22
262,279,22
262,279,22
262,279,22
262,279,22
262,279,22
262,279,22
262,279,22
262,279,22
262,279,22
262,279,22
262,279,22
262,281,22
262,281,22
262,281,22
262,281,22
262,281,22
262,281,22
262,281,22
262,281,22
262,293,22
262,293,22
262,293,22
262,293,22
262,293,22
262,293,22
262,293,22
262,293,22
262,293,22
262,293,22
262,293,22
262,293,22
262,293,22
262,293,22
262,293,22
262,293,22
262,293,22
262,293,22
262,293,22
262,293,22
262,293,22
262,272,22
262,272,22
262,272,22
262,272,22
262,272,22
262,272,22
262,272,22
262,260,22
262,260,22
262,260,22
262,260,22
262,260,22
262,260,22
262,260,22
262,260,22
262,260,22
262,260,22
262,260,22
262,260,22
262,260,22
262,260,22
262,294,22
262,294,22
262,294,22
262,294,22
262,294,22
262,294,22
262,294,22
262,294,22
262,294,22
262,294,22
262,294,22
262,294,22
262,294,22
262,294,22
262,294,22
262,294,22
262,294,22
262,294,22
262,294,22
262,294,22
262,294,22
262,294,22
262,294,22
262,294,22
262,294,22
262,294,22
262,294,22
262,241,22
262,241,22
262,241,22
262,241,22
262,241,22
262,241,22
262,241,22
262,241,22
262,241,22
262,241,22
262,241,22
262,241,22
262,241,22
262,241,22
262,241,22
262,241,22
262,241,22
262,241,22
262,241,22
262,241,22
262,241,22
262,241,22
262,241,22
262,241,22
262,241,22
262,241,22
262,241,22
262,241,22
262,241,22
262,241,22
262,241,22
262,241,22
262,241,22
262,241,22
262,241,22
262,241,22
262,241,22
262,241,22
262,241,22
262,241,22
262,241,22
262,241,22
262,265,22
262,265,22
262,265,22
262,265,22
262,265,22
262,265,22
262,265,22
262,265,22
262,265,22
262,265,22
262,265,22
262,265,22
262,263,22
262,263,22
262,263,22
262,263,22
262,263,22
262,263,22
262,263,22
262,263,22
262,263,22
262,263,22
262,263,22
262,263,22
262,263,22
262,263,22
262,263,22
262,263,22
262,263,22
262,263,22
262,263,22
262,279,22
262,279,22
262,279,22
262,279,22
262,279,22
262,279,22
262,279,22
262,279,22
262,279,22
262,279,22
262,279,22
262,279,22
262,287,22
262,287,22
262,287,22
262,287,22
262,287,22
262,287,22
262,287,22
262,287,22
262,287,22
262,287,22
262,287,22
262,287,22
262,287,22
262,287,22
262,287,22
262,287,22
262,287,22
262,266,22
262,266,22
262,266,22
262,266,22
262,266,22
262,266,22
262,266,22
262,266,22
262,266,22
262,266,22
262,266,22
262,266,22
262,266,22
262,266,22
262,266,22
262,266,22
262,266,22
262,266,22
262,266,22
262,266,22
262,268,22
262,268,22
262,268,22
262,268,22
262,268,22
262,268,22
262,261,22
262,261,22
262,261,22
262,261,22
262,261,22
262,261,22
262,261,22
262,261,22
262,261,22
262,261,22
262,261,22
262,261,22
262,261,22
262,261,22
262,261,22
262,277,22
262,277,22
262,277,22
262,277,22
262,277,22
262,277,22
262,277,22
262,304,22
262,304,22
262,304,22
262,304,22
262,304,22
262,304,22
262,304,22
262,304,22
262,304,22
262,304,22
262,304,22
262,304,22
262,304,22
262,240,22
262,240,22
262,240,22
262,240,22
262,240,22
262,240,22
262,240,22
262,240,22
262,240,22
262,240,22
262,240,22
262,240,22
262,240,22
262,240,22
262,240,22
262,240,22
262,243,22
262,243,22
262,243,22
262,243,22
262,243,22
262,243,22
262,243,22
262,243,22
262,243,22
262,243,22
262,243,22
262,243,22
262,243,22
262,243,22
262,243,22
262,243,22
262,243,22
262,243,22
262,243,22
262,243,22
262,243,22
262,243,22
262,243,22
262,243,22
262,243,22
262,243,22
262,243,22
262,243,22
262,243,22
262,243,22
262,243,22
262,243,22
262,243,22
262,243,22
262,243,22
262,243,22
262,243,22
262,243,22
262,243,22
262,243,22
262,243,22
262,243,22
262,243,22
262,243,22
262,243,22
262,243,22
262,221,22
262,221,22
262,221,22
262,221,22
262,221,22
262,221,22
262,221,22
262,221,22
262,221,22
262,221,22
262,221,22
262,221,22
262,221,22
262,221,22
262,221,22
262,221,22
262,221,22
262,221,22
262,221,22
262,221,22
262,221,22
262,221,22
262,221,22
262,221,22
262,221,22
262,221,22
262,221,22
282,264,22
282,264,22
282,264,22
282,264,22
282,264,22
282,264,22
282,264,22
282,264,22
282,264,22
282,264,22
282,264,22
282,264,22
282,264,22
282,264,22
282,264,22
282,264,22
282,264,22
282,264,22
282,264,22
282,264,22
282,264,22
282,264,22
282,264,22
282,264,22
282,264,22
282,290,22
282,290,22
282,290,22
282,290,22
282,290,22
282,290,22
282,290,22
282,290,22
282,290,22
282,290,22
282,257,22
282,257,22
282,257,22
282,257,22
282,257,22
282,257,22
282,257,22
282,257,22
282,257,22
282,257,22
282,257,22
282,257,22
282,257,22
282,257,22
282,257,22
282,257,22
282,257,22
282,257,22
282,257,22
282,257,22
282,257,22
282,257,22
282,283,22
282,283,22
282,283,22
282,283,22
282,283,22
282,283,22
282,283,22
282,283,22
282,283,22
282,283,22
282,283,22
282,283,22
282,283,22
282,318,22
282,318,22
282,318,22
282,318,22
282,318,22
282,318,22
282,318,22
282,318,22
282,318,22
282,318,22
282,318,22
282,288,22
282,288,22
282,288,22
282,288,22
282,288,22
282,288,22
282,288,22
282,288,22
282,288,22
282,288,22
282,288,22
282,288,22
282,288,22
282,288,22
282,288,22
282,288,22
282,288,22
282,288,22
282,288,22
282,288,22
282,288,22
282,263,22
282,263,22
282,263,22
282,263,22
282,263,22
282,263,22
282,263,22
282,263,22
282,263,22
282,263,22
282,263,22
282,263,22
282,263,22
282,263,22
282,263,22
282,263,22
282,263,22
282,263,22
282,263,22
282,263,22
282,263,22
282,263,22
282,247,22
282,247,22
282,247,22
282,247,22
282,247,22
282,247,22
282,247,22
282,247,22
282,247,22
282,247,22
282,247,22
282,247,22
282,247,22
282,247,22
282,247,22
282,247,22
282,247,22
282,247,22
282,247,22
282,247,22
282,247,22
282,247,22
282,247,22
282,247,22
282,247,22
282,247,22
282,247,22
282,247,22
282,247,22
282,247,22
282,261,22
282,261,22
282,261,22
282,261,22
282,261,22
282,261,22
282,261,22
282,261,22
282,261,22
282,261,22
282,261,22
282,261,22
282,261,22
282,261,22
282,261,22
282,261,22
282,261,22
282,261,22
282,261,22
282,261,22
282,261,22
282,261,22
282,268,22
282,268,22
282,268,22
282,268,22
282,268,22
282,268,22
282,268,22
282,268,22
282,268,22
282,268,22
282,268,22
282,268,22
282,268,22
282,268,22
282,282,22
282,282,22
282,282,22
282,282,22
282,282,22
282,282,22
282,282,22
282,282,22
282,282,22
282,282,22
282,282,22
282,282,22
282,282,22
282,282,22
282,282,22
282,284,22
282,284,22
282,284,22
282,284,22
282,284,22
282,284,22
282,284,22
282,284,22
282,276,22
282,276,22
282,276,22
282,276,22
282,276,22
282,276,22
282,276,22
282,276,22
282,276,22
282,276,22
282,276,22
282,276,22
282,276,22
282,276,22
282,276,22
282,276,22
282,276,22
282,276,22
282,276,22
282,276,22
282,276,22
282,276,22
282,276,22
282,276,22
282,276,22
282,276,22
282,276,22
282,276,22
282,276,22
282,276,22
282,276,22
282,276,22
282,276,22
282,276,22
282,276,22
282,276,22
282,276,22
282,276,22
282,276,22
282,276,22
282,276,22
282,276,22
282,276,22
282,276,22
282,276,22
282,276,22
282,276,22
282,276,22
282,276,22
282,311,22
282,311,22
282,311,22
282,311,22
282,311,22
282,311,22
282,311,22
282,311,22
282,311,22
282,311,22
282,311,22
282,311,22
282,312,22
282,312,22
282,312,22
282,312,22
282,312,22
282,312,22
282,312,22
282,312,22
282,312,22
282,312,22
282,312,22
282,312,22
282,312,22
282,312,22
282,312,22
282,312,22
282,312,22
282,312,22
282,312,22
282,312,22
282,312,22
282,312,22
282,312,22
282,303,22
282,303,22
282,303,22
282,303,22
282,303,22
282,303,22
282,303,22
282,310,22
282,310,22
282,310,22
282,310,22
282,310,22
282,310,22
282,310,22
282,310,22
282,310,22
297,278,22
297,278,22
297,278,22
297,278,22
297,278,22
297,278,22
297,278,22
297,278,22
297,278,22
297,278,22
297,278,22
297,278,22
297,278,22
297,278,22
297,278,22
297,278,22
297,278,22
297,278,22
297,278,22
297,278,22
297,278,22
297,278,22
297,278,22
297,278,22
297,278,22
297,278,22
297,278,22
297,278,22
297,278,22
297,278,22
297,278,22
297,278,22
297,278,22
297,278,22
297,278,22
297,278,22
297,293,22
297,293,22
297,293,22
297,293,22
297,293,22
297,293,22
297,293,22
297,293,22
297,293,22
297,293,22
297,293,22
297,293,22
297,293,22
297,293,22
297,293,22
297,293,22
297,293,22
297,293,22
297,293,22
297,293,22
297,293,22
297,293,22
297,293,22
297,283,22
297,283,22
297,283,22
297,283,22
297,283,22
297,283,22
297,283,22
297,283,22
297,283,22
297,283,22
297,283,22
297,283,22
297,283,22
297,283,22
297,286,22
297,286,22
297,286,22
297,286,22
297,286,22
297,286,22
297,286,22
297,289,22
297,289,22
297,289,22
297,289,22
297,289,22
297,289,22
297,289,22
297,289,22
297,289,22
297,289,22
297,289,22
297,289,22
297,289,22
297,289,22
297,289,22
297,289,22
297,289,22
297,289,22
297,289,22
297,267,22
297,267,22
297,267,22
297,267,22
297,267,22
297,267,22
297,267,22
297,267,22
297,267,22
297,267,22
297,267,22
297,267,22
297,267,22
297,267,22
297,260,22
297,260,22
297,260,22
297,260,22
297,260,22
297,260,22
297,260,22
297,260,22
297,260,22
297,260,22
297,260,22
297,260,22
297,260,22
297,260,22
297,260,22
297,270,22
297,270,22
297,270,22
297,270,22
297,270,22
297,270,22
297,270,22
297,270,22
297,270,22
297,270,22
297,270,22
297,270,22
297,270,22
297,270,22
297,270,22
297,270,22
297,286,22
297,286,22
297,286,22
297,286,22
297,286,22
297,286,22
297,286,22
297,286,22
297,286,22
297,286,22
297,286,22
297,286,22
297,286,22
297,286,22
297,286,22
297,286,22
297,286,22
297,286,22
297,286,22
297,286,22
297,286,22
297,286,22
297,286,22
297,286,22
297,286,22
297,286,22
297,286,22
297,286,22
297,286,22
297,286,22
297,286,22
297,286,22
297,286,22
297,286,22
297,286,22
297,286,22
297,286,22
297,286,22
297,286,22
297,286,22
297,286,22
297,286,22
297,286,22
297,286,22
297,286,22
297,286,22
297,286,22
297,286,22
297,310,22
297,310,22
297,310,22
297,310,22
297,310,22
297,310,22
297,310,22
297,310,22
297,310,22
297,310,22
297,310,22
297,310,22
297,310,22
297,310,22
297,310,22
297,321,22
297,321,22
297,321,22
297,321,22
297,321,22
297,321,22
297,321,22
297,321,22
297,321,22
297,321,22
297,321,22
297,321,22
297,321,22
297,321,22
297,321,22
297,321,22
297,321,22
297,321,22
297,321,22
297,321,22
297,321,22
297,321,22
297,321,22
297,321,22
297,321,22
297,321,22
312,279,22
312,279,22
312,279,22
312,279,22
312,279,22
312,279,22
312,279,22
312,279,22
312,279,22
312,279,22
312,279,22
312,279,22
312,279,22
312,279,22
312,279,22
312,279,22
312,279,22
312,279,22
312,279,22
312,279,22
312,279,22
312,279,22
312,279,22
312,279,22
312,279,22
312,279,22
312,279,22
312,279,22
312,279,22
312,279,22
312,279,22
312,279,22
312,279,22
312,279,22
312,279,22
312,279,22
312,279,22
312,279,22
312,279,22
312,270,22
312,270,22
312,270,22
312,270,22
312,270,22
312,270,22
312,270,22
312,270,22
312,270,22
312,270,22
312,270,22
312,270,22
312,270,22
312,270,22
312,270,22
312,270,22
312,270,22
312,270,22
312,270,22
312,270,22
312,270,22
312,270,22
312,270,22
312,270,22
312,270,22
312,270,22
312,270,22
312,270,22
312,270,22
312,270,22
312,316,22
312,316,22
312,316,22
312,316,22
312,316,22
312,316,22
312,316,22
312,316,22
312,316,22
312,316,22
312,316,22
312,316,22
312,316,22
312,316,22
312,316,22
312,316,22
312,316,22
312,316,22
312,316,22
312,316,22
312,316,22
312,316,22
312,316,22
312,316,22
312,316,22
312,316,22
312,316,22
312,316,22
312,316,22
312,316,22
312,316,22
312,316,22
312,316,22
312,316,22
312,316,22
312,316,22
312,316,22
312,284,22
312,284,22
312,284,22
312,284,22
312,284,22
312,284,22
312,284,22
312,284,22
312,284,22
312,284,22
312,284,22
312,284,22
312,284,22
312,284,22
312,284,22
312,284,22
312,284,22
312,284,22
312,284,22
312,284,22
312,299,22
312,299,22
312,299,22
312,299,22
312,299,22
312,299,22
312,299,22
312,299,22
312,299,22
312,324,22
312,324,22
312,324,22
312,324,22
312,324,22
312,324,22
312,298,22
312,298,22
312,298,22
312,298,22
312,298,22
312,298,22
312,298,22
312,298,22
312,298,22
312,298,22
312,298,22
312,298,22
312,298,22
312,298,22
312,298,22
312,298,22
312,298,22
312,298,22
312,298,22
312,298,22
312,298,22
312,298,22
312,298,22
312,298,22
312,298,22
312,298,22
312,298,22
312,298,22
312,298,22
312,298,22
312,298,22
312,309,22
312,309,22
312,309,22
312,309,22
312,309,22
312,309,22
312,309,22
312,309,22
312,309,22
312,309,22
312,309,22
312,309,22
312,309,22
312,309,22
312,309,22
312,309,22
312,309,22
312,309,22
312,309,22
312,309,22
312,309,22
312,309,22
312,309,22
312,309,22
312,309,22
312,309,22
312,309,22
312,309,22
312,309,22
312,309,22
312,309,22
312,309,22
312,309,22
312,309,22
312,309,22
312,309,22
312,309,22
312,309,22
312,289,22
312,289,22
312,289,22
312,289,22
312,289,22
312,289,22
312,339,22
312,339,22
312,339,22
312,339,22
312,339,22
312,339,22
312,339,22
312,339,22
312,339,22
312,315,22
312,315,22
312,315,22
312,315,22
312,315,22
312,315,22
312,315,22
312,315,22
312,315,22
312,315,22
312,290,22
312,290,22
312,290,22
312,290,22
312,290,22
312,290,22
312,290,22
312,290,22
312,290,22
312,290,22
312,290,22
312,290,22
312,290,22
312,290,22
312,290,22
312,290,22
312,290,22
312,290,22
312,290,22
312,290,22
312,301,22
312,301,22
312,301,22
312,301,22
312,301,22
312,301,22
312,301,22
312,301,22
312,301,22
312,301,22
312,301,22
312,301,22
312,298,22
312,298,22
312,298,22
312,298,22
312,298,22
312,298,22
312,298,22
312,298,22
312,298,22
312,298,22
312,298,22
312,298,22
312,298,22
312,298,22
312,298,22
312,298,22
312,298,22
312,298,22
312,298,22
312,298,22
312,298,22
312,298,22
312,298,22
312,298,22
312,298,22
312,298,22
312,298,22
312,298,22
312,298,22
312,298,22
312,298,22
312,298,22
312,298,22
312,298,22
312,298,22
312,296,22
312,296,22
312,296,22
312,296,22
312,296,22
312,296,22
312,296,22
312,296,22
312,296,22
312,296,22
312,296,22
312,296,22
312,296,22
312,296,22
312,296,22
312,296,22
312,296,22
312,296,22
312,296,22
327,305,22
327,305,22
327,305,22
327,305,22
327,305,22
327,305,22
327,305,22
327,305,22
327,0,22
327,0,22
327,0,22
327,0,22
327,0,22
327,0,22
327,0,22
327,0,22
327,0,22
327,0,22
327,0,22
327,0,22
327,0,22
327,0,22
327,0,22
327,0,22
327,0,22
327,0,22
327,0,22
327,0,22
327,0,22
327,0,22
327,320,22
327,320,22
327,320,22
327,320,22
327,320,22
327,320,22
327,320,22
327,320,22
327,320,22
327,320,22
327,320,22
327,320,22
327,320,22
327,320,22
327,320,22
327,320,22
327,320,22
327,320,22
327,320,22
327,320,22
327,320,22
327,320,22
327,320,22
327,320,22
327,320,22
327,320,22
327,320,22
327,320,22
327,320,22
327,320,22
327,320,22
327,320,22
327,320,22
327,320,22
327,320,22
327,320,22
327,320,22
327,320,22
327,320,22
327,320,22
327,320,22
327,320,22
327,320,22
327,320,22
327,320,22
327,320,22
327,320,22
327,320,22
327,320,22
327,320,22
327,320,22
327,320,22
327,320,22
327,320,22
327,320,22
327,320,22
327,320,22
327,320,22
327,330,22
327,330,22
327,330,22
327,330,22
327,330,22
327,330,22
327,330,22
327,330,22
327,330,22
327,330,22
327,330,22
327,330,22
327,330,22
327,330,22
327,330,22
327,330,22
327,330,22
327,330,22
327,330,22
327,330,22
327,330,22
327,330,22
327,330,22
327,330,22
327,330,22
327,330,22
327,330,22
327,330,22
327,330,22
327,330,22
327,330,22
327,330,22
327,330,22
327,330,22
327,330,22
327,330,22
327,313,22
327,313,22
327,313,22
327,313,22
327,313,22
327,313,22
327,313,22
327,313,22
327,313,22
327,313,22
327,313,22
327,313,22
327,313,22
327,313,22
327,313,22
327,313,22
327,313,22
327,313,22
327,313,22
327,313,22
327,313,22
327,313,22
327,313,22
327,319,22
327,319,22
327,319,22
327,319,22
327,319,22
327,319,22
327,319,22
327,319,22
327,319,22
327,319,22
327,319,22
327,319,22
327,319,22
327,319,22
327,319,22
327,319,22
327,319,22
327,319,22
327,319,22
327,319,22
327,319,22
327,319,22
327,319,22
327,319,22
327,319,22
327,319,22
327,319,22
327,319,22
327,319,22
327,319,22
327,319,22
327,319,22
327,319,22
327,319,22
327,319,22
327,319,22
327,319,22
327,319,22
327,319,22
327,319,22
327,319,22
327,319,22
327,319,22
327,319,22
327,319,22
327,319,22
327,319,22
327,319,22
327,319,22
327,319,22
327,319,22
327,319,22
327,319,22
327,319,22
327,319,22
327,319,22
327,319,22
327,342,22
327,342,22
327,342,22
327,342,22
327,342,22
327,342,22
327,342,22
327,342,22
327,342,22
327,342,22
327,342,22
327,342,22
327,342,22
327,342,22
327,342,22
327,342,22
327,342,22
327,342,22
327,342,22
327,342,22
327,342,22
327,342,22
327,342,22
327,342,22
327,342,22
327,342,22
327,342,22
327,342,22
327,342,22
327,342,22
327,342,22
327,342,22
327,342,22
327,342,22
327,342,22
327,342,22
327,350,22
327,350,22
327,350,22
327,350,22
327,350,22
327,350,22
327,350,22
327,350,22
327,350,22
327,350,22
327,350,22
327,321,22
327,321,22
327,321,22
327,321,22
327,321,22
327,321,22
327,321,22
327,321,22
327,321,22
327,321,22
327,321,22
327,321,22
327,321,22
327,321,22
327,321,22
327,321,22
327,321,22
327,321,22
327,321,22
327,321,22
327,321,22
327,321,22
327,321,22
327,321,22
327,321,22
327,321,22
327,321,22
327,321,22
327,321,22
327,321,22
327,321,22
327,321,22
327,321,22
327,321,22
327,321,22
327,321,22
327,321,22
327,321,22
327,321,22
327,321,22
327,321,22
327,335,22
327,335,22
327,335,22
327,335,22
327,335,22
327,335,22
327,335,22
327,335,22
327,335,22
327,335,22
327,335,22
327,335,22
327,335,22
327,335,22
327,335,22
327,335,22
327,335,22
327,335,22
327,335,22
327,335,22
327,319,22
327,319,22
327,319,22
327,319,22
327,319,22
327,319,22
327,319,22
327,319,22
327,319,22
327,319,22
327,319,22
327,319,22
327,319,22
327,319,22
327,319,22
327,319,22
327,319,22
327,319,22
327,319,22
327,319,22
327,319,22
327,319,22
327,319,22
327,319,22
327,319,22
327,319,22
327,319,22
327,349,22
327,349,22
327,349,22
327,349,22
327,349,22
327,349,22
327,349,22
327,349,22
327,349,22
327,349,22
327,349,22
327,349,22
327,349,22
327,349,22
327,349,22
327,349,22
327,349,22
327,349,22
327,349,22
327,322,22
327,322,22
327,322,22
327,322,22
327,322,22
327,322,22
327,322,22
327,322,22
327,322,22
327,322,22
327,322,22
327,313,22
327,313,22
327,313,22
327,313,22
327,313,22
327,313,22
327,313,22
327,313,22
327,313,22
327,313,22
327,313,22
327,313,22
327,313,22
327,313,22
327,313,22
327,313,22
327,313,22
327,313,22
327,313,22
327,313,22
327,313,22
327,313,22
327,313,22
327,313,22
327,313,22
327,313,22
327,313,22
327,313,22
327,313,22
327,313,22
327,313,22
327,313,22
327,313,22
327,313,22
327,313,22
352,352,22
352,352,22
352,352,22
352,352,22
352,352,22
352,352,22
352,352,22
352,352,22
352,352,22
352,352,22
352,352,22
352,352,22
352,352,22
352,338,22
352,338,22
352,338,22
352,338,22
352,338,22
352,338,22
352,338,22
352,338,22
352,338,22
352,338,22
352,338,22
352,338,22
352,338,22
352,338,22
352,338,22
352,338,22
352,338,22
352,338,22
352,338,22
352,338,22
352,338,22
352,338,22
352,338,22
352,338,22
352,338,22
352,338,22
352,338,22
352,338,22
352,338,22
352,338,22
352,338,22
352,338,22
352,338,22
352,338,22
352,338,22
352,338,22
352,338,22
352,338,22
352,338,22
352,338,22
352,338,22
352,338,22
352,338,22
352,339,22
352,339,22
352,339,22
352,339,22
352,339,22
352,339,22
352,339,22
352,339,22
352,339,22
352,339,22
352,339,22
352,339,22
352,339,22
352,314,22
352,314,22
352,314,22
352,314,22
352,314,22
352,314,22
352,314,22
352,314,22
352,314,22
352,314,22
352,314,22
352,314,22
352,314,22
352,314,22
352,314,22
352,314,22
352,314,22
352,314,22
352,314,22
352,353,22
352,353,22
352,353,22
352,353,22
352,353,22
352,353,22
352,353,22
352,326,22
352,326,22
352,326,22
352,326,22
352,326,22
352,326,22
352,326,22
352,326,22
352,326,22
352,326,22
352,326,22
352,326,22
352,326,22
352,326,22
352,326,22
352,326,22
352,326,22
352,326,22
352,326,22
352,326,22
352,326,22
352,326,22
352,326,22
352,326,22
352,326,22
352,326,22
352,326,22
352,307,22
352,307,22
352,307,22
352,307,22
352,307,22
352,307,22
352,307,22
352,307,22
352,307,22
352,307,22
352,307,22
352,307,22
352,307,22
352,307,22
352,307,22
352,307,22
352,359,22
352,359,22
352,359,22
352,359,22
352,359,22
352,359,22
352,359,22
352,359,22
352,359,22
352,359,22
352,359,22
352,359,22
352,359,22
352,359,22
352,359,22
352,359,22
352,5,22
352,5,22
352,5,22
352,5,22
352,5,22
352,5,22
352,5,22
352,5,22
352,317,22
352,317,22
352,317,22
352,317,22
352,317,22
352,317,22
352,317,22
352,317,22
352,317,22
352,317,22
352,317,22
352,317,22
352,317,22
352,317,22
352,317,22
352,317,22
352,317,22
352,317,22
352,317,22
352,317,22
352,317,22
352,317,22
352,317,22
352,317,22
352,317,22
352,317,22
352,317,22
352,317,22
352,317,22
352,317,22
352,317,22
352,317,22
352,317,22
352,317,22
352,317,22
352,317,22
352,317,22
352,317,22
352,317,22
352,347,22
352,347,22
352,347,22
352,347,22
352,347,22
352,347,22
352,347,22
352,347,22
352,347,22
352,347,22
352,347,22
352,347,22
352,347,22
352,347,22
352,347,22
352,347,22
352,347,22
352,347,22
352,347,22
352,26,22
352,26,22
352,26,22
352,26,22
352,26,22
352,26,22
352,26,22
352,26,22
352,26,22
352,26,22
352,26,22
352,26,22
352,26,22
352,26,22
352,26,22
352,26,22
352,26,22
352,26,22
352,26,22
352,26,22
352,26,22
352,26,22
352,26,22
352,26,22
352,26,22
352,26,22
352,26,22
352,26,22
352,26,22
352,343,22
352,343,22
352,343,22
352,343,22
352,343,22
352,343,22
352,343,22
352,343,22
352,343,22
352,343,22
352,343,22
352,343,22
352,45,22
352,45,22
352,45,22
352,45,22
352,45,22
352,45,22
352,45,22
352,45,22
352,45,22
352,45,22
352,45,22
352,45,22
352,45,22
352,2,22
352,2,22
352,2,22
352,2,22
352,2,22
352,2,22
352,2,22
352,2,22
352,2,22
352,2,22
352,2,22
352,2,22
352,2,22
352,2,22
352,2,22
352,2,22
352,2,22
352,2,22
352,2,22
352,2,22
352,2,22
352,2,22
352,2,22
352,2,22
352,2,22
352,2,22
352,2,22
352,2,22
352,2,22
352,2,22
352,2,22
352,2,22
352,2,22
352,2,22
352,2,22
352,2,22
352,355,22
352,355,22
352,355,22
352,355,22
352,355,22
352,355,22
352,14,22
352,14,22
352,14,22
352,14,22
352,14,22
352,14,22
352,14,22
352,14,22
352,14,22
352,14,22
352,14,22
352,14,22
352,14,22
352,14,22
352,14,22
352,14,22
352,14,22
352,14,22
352,14,22
352,14,22
352,14,22
352,14,22
352,14,22
352,14,22
352,14,22
352,14,22
352,341,22
352,341,22
352,341,22
352,341,22
352,341,22
352,341,22
352,341,22
352,341,22
352,341,22
352,341,22
352,341,22
352,341,22
352,341,22
352,52,22
352,52,22
352,52,22
352,52,22
352,52,22
352,52,22
352,52,22
352,52,22
352,52,22
352,350,22
352,350,22
352,350,22
352,350,22
352,350,22
352,350,22
352,350,22
352,350,22
352,350,22
352,350,22
352,350,22
352,350,22
352,350,22
352,350,22
352,350,22
352,350,22
352,350,22
352,350,22
352,350,22
352,350,22
352,350,22
352,350,22
352,350,22
352,350,22
352,350,22
352,350,22
352,350,22
352,350,22
352,330,22
352,330,22
352,330,22
352,330,22
352,330,22
352,330,22
352,330,22
352,330,22
352,330,22
352,330,22
352,330,22
352,330,22
352,330,22
352,330,22
352,330,22
352,344,22
352,344,22
352,344,22
352,344,22
352,344,22
352,344,22
352,344,22
352,344,22
352,344,22
352,344,22
352,344,22
352,344,22
352,344,22
352,330,22
352,330,22
352,330,22
352,330,22
352,330,22
352,330,22
352,330,22
352,330,22
352,330,22
352,330,22
352,330,22
352,330,22
352,330,22
352,330,22
352,330,22
352,330,22
352,330,22
352,330,22
352,330,22
352,330,22
352,330,22
352,330,22
352,330,22
352,330,22
352,330,22
352,330,22
352,330,22
352,330,22
352,330,22
352,330,22
352,330,22
352,330,22
352,330,22
352,330,22
352,330,22
352,11,22
352,11,22
352,11,22
352,11,22
352,11,22
352,11,22
352,11,22
352,11,22
352,11,22
352,11,22
352,11,22
352,11,22
352,11,22
352,11,22
352,11,22
352,11,22
352,11,22
352,11,22
352,336,22
352,336,22
352,336,22
352,336,22
352,336,22
352,336,22
352,336,22
352,336,22
352,336,22
352,336,22
352,336,22
352,336,22
352,336,22
352,336,22
352,336,22
352,336,22
352,336,22
352,336,22
352,336,22
352,336,22
352,336,22
352,336,22
352,336,22
352,336,22
352,336,22
352,336,22
352,336,22
352,336,22
352,336,22
352,336,22
352,336,22
352,336,22
352,339,22
352,339,22
352,339,22
352,339,22
352,339,22
352,339,22
352,3,22
352,3,22
352,3,22
352,3,22
352,3,22
352,3,22
352,3,22
352,3,22
352,3,22
352,3,22
352,3,22
352,3,22
352,3,22
352,3,22
352,3,22
352,3,22
352,34,22
352,34,22
352,34,22
352,34,22
352,34,22
352,34,22
352,34,22
352,34,22
352,34,22
337,303,22
337,303,22
337,303,22
337,303,22
337,303,22
337,303,22
337,303,22
337,303,22
337,303,22
337,303,22
337,303,22
337,303,22
337,303,22
337,303,22
337,303,22
337,303,22
337,303,22
337,303,22
337,303,22
337,303,22
337,303,22
337,303,22
337,303,22
337,311,22
337,311,22
337,311,22
337,311,22
337,311,22
337,311,22
337,311,22
337,311,22
337,311,22
337,311,22
337,311,22
337,311,22
337,311,22
337,311,22
337,311,22
337,311,22
337,332,22
337,332,22
337,332,22
337,332,22
337,332,22
337,332,22
337,332,22
337,332,22
337,332,22
337,332,22
337,332,22
337,332,22
337,332,22
337,332,22
337,316,22
337,316,22
337,316,22
337,316,22
337,316,22
337,316,22
337,316,22
337,316,22
337,316,22
337,316,22
337,316,22
337,316,22
337,316,22
337,316,22
337,316,22
337,316,22
337,316,22
337,316,22
337,316,22
337,316,22
337,316,22
337,316,22
337,316,22
337,316,22
337,316,22
337,316,22
337,316,22
337,355,22
337,355,22
337,355,22
337,355,22
337,355,22
337,355,22
337,355,22
337,355,22
337,337,22
337,337,22
337,337,22
337,337,22
337,337,22
337,337,22
337,337,22
337,337,22
337,337,22
337,337,22
337,337,22
337,337,22
337,337,22
337,337,22
337,337,22
337,337,22
337,337,22
337,337,22
337,337,22
337,337,22
337,337,22
337,337,22
337,337,22
337,337,22
337,337,22
337,337,22
337,337,22
337,337,22
337,313,22
337,313,22
337,313,22
337,313,22
337,313,22
337,313,22
337,313,22
337,313,22
337,313,22
337,313,22
337,313,22
337,313,22
337,313,22
337,313,22
337,313,22
337,313,22
337,313,22
337,313,22
337,313,22
337,313,22
337,313,22
337,313,22
337,313,22
337,313,22
337,313,22
337,313,22
337,313,22
337,313,22
337,313,22
337,3,22
337,3,22
337,3,22
337,3,22
337,3,22
337,3,22
337,3,22
337,3,22
337,3,22
337,3,22
337,3,22
337,3,22
337,3,22
337,3,22
337,3,22
337,3,22
337,342,22
337,342,22
337,342,22
337,342,22
337,342,22
337,342,22
337,342,22
337,342,22
337,342,22
337,342,22
337,342,22
337,342,22
337,340,22
337,340,22
337,340,22
337,340,22
337,340,22
337,340,22
337,340,22
337,340,22
337,340,22
337,340,22
337,340,22
337,337,22
337,337,22
337,337,22
337,337,22
337,337,22
337,337,22
337,337,22
337,337,22
337,337,22
337,337,22
337,337,22
337,337,22
337,337,22
337,337,22
337,346,22
337,346,22
337,346,22
337,346,22
337,346,22
337,346,22
337,346,22
337,346,22
337,346,22
337,346,22
337,346,22
337,346,22
337,346,22
337,346,22
337,346,22
337,356,22
337,356,22
337,356,22
337,356,22
337,356,22
337,356,22
337,356,22
337,356,22
337,356,22
337,356,22
337,356,22
337,356,22
337,356,22
337,356,22
337,356,22
337,356,22
337,356,22
337,356,22
337,356,22
337,356,22
337,356,22
337,356,22
337,356,22
337,356,22
337,356,22
337,356,22
337,356,22
337,356,22
337,356,22
337,356,22
337,356,22
337,356,22
337,356,22
337,356,22
337,356,22
337,356,22
337,356,22
337,356,22
337,356,22
337,356,22
337,356,22
337,356,22
337,356,22
337,356,22
337,356,22
337,0,22
337,0,22
337,0,22
337,0,22
337,0,22
337,0,22
337,0,22
337,342,22
337,342,22
337,342,22
337,342,22
337,342,22
337,342,22
337,342,22
337,342,22
337,342,22
337,342,22
337,342,22
337,342,22
337,342,22
337,342,22
337,342,22
337,342,22
337,342,22
337,342,22
337,342,22
337,342,22
337,342,22
337,342,22
337,342,22
337,342,22
337,342,22
337,342,22
337,342,22
337,342,22
337,342,22
337,342,22
337,342,22
337,342,22
337,342,22
337,259,22
337,259,22
337,259,22
337,259,22
337,259,22
337,259,22
337,259,22
337,259,22
337,259,22
322,316,22
322,316,22
322,316,22
322,316,22
322,316,22
322,316,22
322,316,22
322,316,22
322,316,22
322,316,22
322,316,22
322,316,22
322,316,22
322,316,22
322,316,22
322,316,22
322,316,22
322,316,22
322,316,22
322,316,22
322,316,22
322,316,22
322,316,22
322,316,22
322,316,22
322,316,22
322,316,22
322,316,22
322,316,22
322,316,22
322,316,22
322,316,22
322,316,22
322,316,22
322,316,22
322,316,22
322,316,22
322,316,22
322,316,22
322,316,22
322,316,22
322,316,22
322,316,22
322,316,22
322,316,22
322,316,22
322,316,22
322,316,22
322,307,22
322,307,22
322,307,22
322,307,22
322,307,22
322,307,22
322,307,22
322,307,22
322,307,22
322,307,22
322,307,22
322,307,22
322,307,22
322,336,22
322,336,22
322,336,22
322,336,22
322,336,22
322,336,22
322,336,22
322,336,22
322,336,22
322,336,22
322,336,22
322,336,22
322,336,22
322,336,22
322,336,22
322,336,22
322,336,22
322,336,22
322,336,22
322,336,22
322,336,22
322,336,22
322,336,22
322,336,22
322,336,22
322,336,22
322,336,22
322,336,22
322,336,22
322,336,22
322,336,22
322,336,22
322,336,22
322,336,22
322,336,22
322,279,22
322,279,22
322,279,22
322,279,22
322,279,22
322,279,22
322,279,22
322,279,22
322,279,22
322,279,22
322,279,22
322,279,22
322,279,22
322,279,22
322,279,22
322,279,22
322,279,22
322,279,22
322,279,22
322,279,22
322,279,22
322,279,22
322,279,22
322,279,22
322,279,22
322,279,22
322,279,22
322,279,22
322,279,22
322,279,22
322,279,22
322,334,22
322,334,22
322,334,22
322,334,22
322,334,22
322,334,22
322,334,22
322,334,22
322,334,22
322,334,22
322,334,22
322,334,22
322,334,22
322,334,22
322,334,22
322,334,22
322,334,22
322,334,22
322,334,22
322,334,22
322,320,22
322,320,22
322,320,22
322,320,22
322,320,22
322,320,22
322,320,22
322,320,22
322,320,22
322,320,22
322,320,22
322,320,22
322,320,22
322,320,22
322,320,22
322,320,22
322,320,22
322,320,22
322,320,22
322,320,22
322,320,22
322,320,22
322,320,22
322,320,22
322,320,22
322,320,22
322,320,22
322,320,22
322,320,22
322,320,22
322,320,22
322,320,22
322,320,22
322,320,22
322,320,22
322,320,22
322,320,22
322,320,22
322,320,22
322,320,22
322,320,22
322,320,22
322,320,22
322,325,22
322,325,22
322,325,22
322,325,22
322,325,22
322,325,22
322,321,22
322,321,22
322,321,22
322,321,22
322,321,22
322,321,22
322,321,22
322,321,22
322,321,22
322,321,22
322,321,22
322,321,22
322,321,22
322,321,22
322,321,22
322,321,22
322,321,22
322,321,22
322,321,22
322,321,22
322,321,22
322,321,22
322,321,22
322,321,22
322,321,22
322,321,22
322,321,22
322,321,22
322,321,22
322,321,22
322,321,22
322,321,22
322,321,22
322,321,22
322,321,22
322,321,22
322,321,22
322,321,22
322,321,22
322,269,22
322,269,22
322,269,22
322,269,22
322,269,22
322,269,22
322,269,22
322,269,22
322,269,22
322,269,22
322,269,22
322,269,22
322,269,22
322,269,22
322,269,22
322,269,22
322,269,22
322,269,22
322,269,22
322,269,22
322,269,22
322,269,22
322,269,22
322,269,22
322,269,22
322,269,22
322,269,22
322,307,22
322,307,22
322,307,22
322,307,22
322,307,22
322,307,22
322,307,22
322,307,22
322,307,22
322,307,22
322,307,22
322,307,22
322,307,22
322,307,22
322,307,22
322,307,22
322,307,22
322,307,22
322,307,22
322,307,22
322,307,22
322,307,22
322,307,22
322,307,22
322,307,22
322,307,22
322,307,22
322,307,22
322,318,22
322,318,22
322,318,22
322,318,22
322,318,22
322,318,22
322,336,22
322,336,22
322,336,22
322,336,22
322,336,22
322,336,22
322,336,22
322,341,22
322,341,22
322,341,22
322,341,22
322,341,22
322,341,22
322,341,22
322,341,22
322,359,22
322,359,22
322,359,22
322,359,22
322,359,22
322,359,22
322,309,22
322,309,22
322,309,22
322,309,22
322,309,22
322,309,22
322,309,22
322,309,22
322,309,22
322,309,22
322,309,22
322,309,22
322,340,22
322,340,22
322,340,22
322,340,22
322,340,22
322,340,22
322,340,22
322,340,22
322,340,22
322,340,22
322,340,22
322,340,22
322,340,22
322,340,22
322,340,22
322,340,22
322,340,22
322,340,22
322,340,22
322,340,22
322,340,22
322,306,22
322,306,22
322,306,22
322,306,22
322,306,22
322,306,22
322,306,22
322,306,22
322,333,22
322,333,22
322,333,22
322,333,22
322,333,22
322,333,22
322,333,22
322,333,22
322,6,22
322,6,22
322,6,22
322,6,22
322,6,22
322,6,22
322,6,22
322,6,22
322,6,22
322,6,22
322,6,22
322,6,22
322,6,22
322,6,22
322,6,22
322,6,22
322,6,22
322,6,22
322,6,22
322,6,22
322,6,22
322,6,22
322,290,22
322,290,22
322,290,22
322,290,22
322,290,22
322,290,22
322,290,22
322,290,22
322,290,22
322,290,22
322,290,22
322,290,22
322,290,22
322,290,22
322,290,22
322,290,22
322,0,22
322,0,22
322,0,22
322,0,22
322,0,22
322,0,22
322,0,22
322,0,22
322,0,22
322,0,22
322,0,22
322,0,22
322,0,22
322,0,22
322,0,22
322,0,22
322,0,22
322,0,22
322,0,22
322,0,22
322,0,22
322,0,22
322,0,22
322,0,22
322,0,22
322,0,22
322,0,22
322,0,22
322,0,22
322,0,22
322,0,22
322,0,22
322,0,22
322,0,22
322,0,22
322,0,22
322,0,22
322,0,22
322,295,22
322,295,22
322,295,22
322,295,22
322,295,22
322,295,22
322,295,22
322,295,22
322,295,22
322,295,22
322,295,22
322,295,22
322,295,22
322,295,22
322,295,22
322,295,22
322,295,22
322,295,22
322,295,22
322,330,22
322,330,22
322,330,22
322,330,22
322,330,22
322,330,22
322,330,22
322,330,22
322,330,22
322,330,22
322,330,22
322,313,22
322,313,22
322,313,22
322,313,22
322,313,22
322,313,22
322,313,22
322,313,22
322,313,22
322,313,22
322,313,22
322,313,22
322,313,22
322,313,22
322,313,22
322,313,22
322,313,22
322,313,22
322,313,22
322,313,22
322,313,22
322,313,22
322,313,22
322,313,22
322,313,22
322,313,22
322,313,22
322,313,22
322,313,22
322,313,22
322,326,22
322,326,22
322,326,22
322,326,22
322,326,22
322,326,22
322,326,22
322,326,22
322,326,22
322,326,22
322,326,22
322,326,22
322,326,22
322,326,22
322,326,22
322,326,22
322,326,22
322,326,22
322,326,22
322,326,22
322,326,22
322,326,22
322,326,22
322,326,22
322,326,22
322,326,22
302,275,22
302,275,22
302,275,22
302,275,22
302,275,22
302,275,22
302,275,22
302,275,22
302,275,22
302,275,22
302,275,22
302,275,22
302,275,22
302,275,22
302,275,22
302,275,22
302,275,22
302,275,22
302,275,22
302,275,22
302,275,22
302,275,22
302,275,22
302,275,22
302,275,22
302,275,22
302,275,22
302,275,22
302,275,22
302,275,22
302,275,22
302,275,22
302,275,22
302,321,22
302,321,22
302,321,22
302,321,22
302,321,22
302,321,22
302,321,22
302,321,22
302,321,22
302,321,22
302,321,22
302,321,22
302,321,22
302,289,22
302,289,22
302,289,22
302,289,22
302,289,22
302,289,22
302,289,22
302,289,22
302,289,22
302,289,22
302,289,22
302,289,22
302,289,22
302,289,22
302,289,22
302,289,22
302,289,22
302,289,22
302,289,22
302,289,22
302,289,22
302,289,22
302,289,22
302,289,22
302,289,22
302,289,22
302,289,22
302,289,22
302,289,22
302,289,22
302,289,22
302,318,22
302,318,22
302,318,22
302,318,22
302,318,22
302,318,22
302,318,22
302,318,22
302,318,22
302,318,22
302,318,22
302,318,22
302,318,22
302,318,22
302,318,22
302,334,22
302,334,22
302,334,22
302,334,22
302,334,22
302,334,22
302,334,22
302,334,22
302,334,22
302,334,22
302,334,22
302,334,22
302,334,22
302,334,22
302,334,22
302,334,22
302,291,22
302,291,22
302,291,22
302,291,22
302,291,22
302,291,22
302,291,22
302,291,22
302,291,22
302,291,22
302,291,22
302,291,22
302,291,22
302,291,22
302,291,22
302,291,22
302,291,22
302,291,22
302,291,22
302,291,22
302,291,22
302,291,22
302,291,22
302,291,22
302,291,22
302,291,22
302,291,22
302,291,22
302,291,22
302,291,22
302,291,22
302,291,22
302,291,22
302,291,22
302,291,22
302,291,22
302,291,22
302,291,22
302,291,22
302,291,22
302,291,22
302,291,22
302,291,22
302,291,22
302,291,22
302,291,22
302,291,22
302,291,22
302,291,22
302,291,22
302,291,22
302,291,22
302,291,22
302,291,22
302,291,22
302,291,22
302,291,22
302,291,22
302,291,22
302,291,22
302,276,22
302,276,22
302,276,22
302,276,22
302,276,22
302,276,22
302,276,22
302,276,22
302,276,22
302,276,22
302,276,22
302,276,22
302,276,22
302,276,22
302,276,22
302,276,22
302,276,22
302,276,22
302,276,22
302,276,22
302,276,22
302,276,22
302,276,22
302,276,22
302,276,22
302,276,22
302,276,22
302,276,22
302,276,22
302,276,22
302,276,22
302,276,22
302,276,22
302,276,22
302,276,22
302,276,22
302,276,22
302,276,22
302,276,22
302,276,22
302,276,22
302,276,22
302,276,22
302,276,22
302,276,22
302,276,22
302,276,22
302,276,22
302,276,22
302,276,22
302,276,22
302,276,22
302,276,22
302,276,22
302,276,22
302,302,22
302,302,22
302,302,22
302,302,22
302,302,22
302,302,22
302,302,22
302,302,22
302,302,22
302,302,22
302,302,22
302,302,22
302,302,22
302,302,22
302,302,22
302,302,22
302,302,22
302,302,22
302,302,22
302,302,22
302,302,22
302,302,22
302,302,22
302,302,22
302,302,22
302,283,22
302,283,22
302,283,22
302,283,22
302,283,22
302,283,22
302,283,22
302,283,22
302,283,22
302,283,22
302,283,22
302,283,22
302,314,22
302,314,22
302,314,22
302,314,22
302,314,22
302,314,22
302,314,22
302,314,22
302,314,22
302,314,22
302,314,22
302,314,22
302,314,22
302,314,22
302,314,22
302,332,22
302,332,22
302,332,22
302,332,22
302,332,22
302,332,22
302,332,22
302,341,22
302,341,22
302,341,22
302,341,22
302,341,22
302,341,22
302,341,22
302,341,22
302,341,22
302,341,22
302,341,22
302,335,22
302,335,22
302,335,22
302,335,22
302,335,22
302,335,22
302,335,22
302,335,22
302,335,22
302,335,22
302,335,22
302,335,22
302,335,22
302,335,22
302,335,22
302,335,22
302,335,22
302,335,22
302,335,22
302,315,22
302,315,22
302,315,22
302,315,22
302,315,22
302,315,22
302,315,22
302,315,22
302,315,22
302,315,22
302,315,22
302,315,22
302,315,22
302,315,22
302,315,22
302,315,22
302,315,22
302,315,22
302,315,22
302,315,22
302,315,22
302,315,22
302,315,22
302,315,22
302,315,22
302,284,22
302,284,22
302,284,22
302,284,22
302,284,22
302,284,22
302,290,22
302,290,22
302,290,22
302,290,22
302,290,22
302,290,22
302,290,22
302,290,22
302,290,22
302,290,22
302,290,22
302,290,22
302,290,22
302,290,22
302,284,22
302,284,22
302,284,22
302,284,22
302,284,22
302,284,22
302,284,22
302,288,22
302,288,22
302,288,22
302,288,22
302,288,22
302,288,22
302,288,22
302,288,22
302,323,22
302,323,22
302,323,22
302,323,22
302,323,22
302,323,22
302,316,22
302,316,22
302,316,22
302,316,22
302,316,22
302,316,22
302,316,22
302,316,22
302,316,22
302,316,22
302,316,22
302,316,22
302,316,22
302,316,22
302,316,22
302,316,22
302,293,22
302,293,22
302,293,22
302,293,22
302,293,22
302,293,22
302,293,22
302,293,22
302,293,22
302,293,22
302,293,22
302,293,22
302,293,22
302,293,22
302,293,22
302,293,22
302,293,22
302,293,22
302,293,22
302,293,22
302,293,22
302,293,22
302,293,22
302,293,22
302,293,22
302,293,22
302,293,22
302,293,22
302,293,22
302,293,22
302,293,22
302,287,22
302,287,22
302,287,22
302,287,22
302,287,22
302,287,22
302,287,22
302,287,22
302,287,22
302,287,22
302,327,22
302,327,22
302,327,22
302,327,22
302,327,22
302,327,22
302,327,22
302,327,22
302,327,22
302,327,22
302,327,22
302,306,22
302,306,22
302,306,22
302,306,22
302,306,22
302,306,22
302,306,22
302,306,22
302,306,22
302,306,22
302,330,22
302,330,22
302,330,22
302,330,22
302,330,22
302,330,22
302,330,22
302,330,22
302,330,22
302,330,22
302,330,22
302,330,22
302,330,22
302,330,22
302,330,22
302,330,22
302,330,22
302,330,22
317,331,22
317,331,22
317,331,22
317,331,22
317,331,22
317,331,22
317,331,22
317,331,22
317,331,22
317,331,22
317,331,22
317,331,22
317,331,22
317,331,22
317,331,22
317,331,22
317,331,22
317,329,22
317,329,22
317,329,22
317,329,22
317,329,22
317,329,22
317,329,22
317,329,22
317,329,22
317,329,22
317,329,22
317,329,22
317,329,22
317,329,22
317,329,22
317,329,22
317,329,22
317,329,22
317,329,22
317,329,22
317,329,22
317,329,22
317,329,22
317,329,22
317,329,22
317,329,22
317,329,22
317,329,22
317,329,22
317,329,22
317,303,22
317,303,22
317,303,22
317,303,22
317,303,22
317,303,22
317,303,22
317,290,22
317,290,22
317,290,22
317,290,22
317,290,22
317,290,22
317,290,22
317,290,22
317,290,22
317,290,22
317,290,22
317,290,22
317,290,22
317,290,22
317,290,22
317,290,22
317,290,22
317,334,22
317,334,22
317,334,22
317,334,22
317,334,22
317,334,22
317,334,22
317,334,22
317,334,22
317,334,22
317,301,22
317,301,22
317,301,22
317,301,22
317,301,22
317,301,22
317,301,22
317,317,22
317,317,22
317,317,22
317,317,22
317,317,22
317,317,22
317,317,22
317,317,22
317,317,22
317,317,22
317,317,22
317,317,22
317,317,22
317,317,22
317,317,22
317,317,22
317,317,22
317,317,22
317,317,22
317,317,22
317,317,22
317,317,22
317,317,22
317,317,22
317,317,22
317,317,22
317,317,22
317,317,22
317,317,22
317,317,22
317,317,22
317,317,22
317,317,22
317,317,22
317,317,22
317,317,22
317,317,22
317,317,22
317,317,22
317,317,22
317,317,22
317,317,22
317,317,22
317,317,22
317,317,22
317,317,22
317,317,22
317,317,22
317,317,22
317,317,22
317,317,22
317,317,22
317,317,22
317,317,22
317,317,22
317,317,22
317,317,22
317,317,22
317,317,22
317,317,22
317,300,22
317,300,22
317,300,22
317,300,22
317,300,22
317,300,22
317,300,22
317,300,22
317,300,22
317,300,22
317,300,22
317,300,22
317,300,22
317,300,22
317,300,22
317,300,22
317,300,22
317,300,22
317,300,22
317,300,22
317,300,22
317,300,22
317,300,22
317,300,22
317,300,22
317,289,22
317,289,22
317,289,22
317,289,22
317,289,22
317,289,22
317,289,22
317,289,22
317,289,22
317,289,22
317,289,22
317,289,22
317,307,22
317,307,22
317,307,22
317,307,22
317,307,22
317,307,22
317,307,22
317,307,22
317,307,22
317,307,22
317,307,22
317,307,22
317,307,22
317,307,22
317,307,22
317,307,22
317,307,22
317,307,22
317,307,22
317,307,22
317,307,22
317,307,22
317,307,22
317,307,22
317,307,22
317,307,22
317,307,22
317,307,22
317,307,22
317,307,22
317,324,22
317,324,22
317,324,22
317,324,22
317,324,22
317,324,22
317,324,22
317,255,22
317,255,22
317,255,22
317,255,22
317,255,22
317,255,22
317,255,22
317,255,22
317,255,22
317,255,22
317,255,22
317,255,22
317,255,22
317,321,22
317,321,22
317,321,22
317,321,22
317,321,22
317,321,22
317,321,22
317,321,22
317,321,22
317,321,22
317,321,22
317,321,22
317,321,22
317,321,22
317,321,22
317,321,22
317,321,22
317,321,22
317,321,22
317,321,22
317,321,22
317,321,22
317,321,22
317,321,22
317,321,22
317,0,22
317,0,22
317,0,22
317,0,22
317,0,22
317,0,22
317,312,22
317,312,22
317,312,22
317,312,22
317,312,22
317,312,22
317,312,22
317,312,22
317,312,22
317,312,22
317,308,22
317,308,22
317,308,22
317,308,22
317,308,22
317,308,22
317,308,22
317,308,22
317,308,22
317,308,22
317,315,22
317,315,22
317,315,22
317,315,22
317,315,22
317,315,22
317,315,22
317,315,22
317,315,22
317,315,22
317,315,22
317,315,22
317,315,22
317,315,22
317,315,22
317,315,22
317,315,22
317,315,22
317,315,22
317,315,22
317,315,22
317,315,22
317,315,22
317,315,22
317,315,22
317,315,22
317,315,22
317,315,22
317,315,22
317,315,22
317,315,22
317,315,22
317,315,22
317,315,22
317,317,22
317,317,22
317,317,22
317,317,22
317,317,22
317,317,22
317,317,22
317,303,22
317,303,22
317,303,22
317,303,22
317,303,22
317,303,22
317,303,22
317,303,22
317,303,22
317,303,22
317,303,22
317,303,22
317,303,22
317,303,22
317,303,22
317,303,22
317,303,22
317,303,22
317,303,22
317,303,22
317,303,22
317,303,22
317,303,22
317,303,22
317,303,22
317,303,22
317,303,22
317,303,22
317,303,22
317,303,22
317,303,22
317,303,22
317,303,22
317,303,22
317,303,22
317,303,22
317,303,22
317,303,22
317,303,22
317,303,22
302,295,22
302,295,22
302,295,22
302,295,22
302,295,22
302,295,22
302,295,22
302,295,22
302,295,22
302,295,22
302,295,22
302,295,22
302,295,22
302,295,22
302,295,22
302,295,22
302,295,22
302,295,22
302,295,22
302,295,22
302,295,22
302,295,22
302,295,22
302,295,22
302,295,22
302,295,22
302,295,22
302,295,22
302,295,22
302,295,22
302,295,22
302,295,22
302,295,22
302,295,22
302,295,22
302,295,22
302,295,22
302,295,22
302,295,22
302,327,22
302,327,22
302,327,22
302,327,22
302,327,22
302,327,22
302,327,22
302,327,22
302,327,22
302,327,22
302,327,22
302,327,22
302,327,22
302,327,22
302,327,22
302,327,22
302,327,22
302,289,22
302,289,22
302,289,22
302,289,22
302,289,22
302,289,22
302,289,22
302,289,22
302,289,22
302,346,22
302,346,22
302,346,22
302,346,22
302,346,22
302,346,22
302,346,22
302,346,22
302,346,22
302,346,22
302,346,22
302,346,22
302,346,22
302,346,22
302,346,22
302,346,22
302,346,22
302,324,22
302,324,22
302,324,22
302,324,22
302,324,22
302,324,22
302,324,22
302,324,22
302,324,22
302,324,22
302,324,22
302,324,22
302,324,22
302,324,22
302,324,22
302,325,22
302,325,22
302,325,22
302,325,22
302,325,22
302,325,22
302,325,22
302,325,22
302,325,22
302,325,22
302,325,22
302,325,22
302,325,22
302,325,22
302,325,22
302,325,22
302,325,22
302,325,22
302,325,22
302,325,22
302,325,22
302,325,22
302,325,22
302,325,22
302,325,22
302,325,22
302,325,22
302,325,22
302,325,22
302,325,22
302,325,22
302,325,22
302,325,22
302,325,22
302,325,22
302,325,22
302,325,22
302,315,22
302,315,22
302,315,22
302,315,22
302,315,22
302,315,22
302,315,22
302,315,22
302,315,22
302,315,22
302,315,22
302,315,22
302,315,22
302,315,22
302,315,22
302,315,22
302,315,22
302,350,22
302,350,22
302,350,22
302,350,22
302,350,22
302,350,22
302,350,22
302,350,22
302,350,22
302,350,22
302,350,22
302,350,22
302,350,22
302,350,22
302,350,22
302,350,22
302,350,22
302,350,22
302,350,22
302,350,22
302,350,22
302,350,22
302,350,22
302,350,22
302,350,22
302,350,22
302,350,22
302,350,22
302,350,22
302,350,22
302,350,22
302,350,22
302,300,22
302,300,22
302,300,22
302,300,22
302,300,22
302,300,22
302,300,22
302,300,22
302,300,22
302,300,22
302,300,22
302,300,22
302,300,22
302,300,22
302,300,22
302,300,22
302,288,22
302,288,22
302,288,22
302,288,22
302,288,22
302,288,22
302,288,22
302,288,22
302,288,22
302,288,22
302,288,22
302,288,22
302,288,22
302,288,22
302,288,22
302,280,22
302,280,22
302,280,22
302,280,22
302,280,22
302,280,22
302,280,22
302,280,22
302,280,22
302,280,22
302,280,22
302,282,22
302,282,22
302,282,22
302,282,22
302,282,22
302,282,22
302,282,22
302,282,22
302,282,22
302,272,22
302,272,22
302,272,22
302,272,22
302,272,22
302,272,22
302,272,22
302,272,22
302,272,22
302,272,22
302,272,22
302,272,22
302,272,22
302,272,22
302,272,22
302,272,22
302,272,22
302,272,22
302,272,22
302,272,22
302,272,22
302,272,22
302,272,22
302,272,22
302,272,22
302,272,22
302,272,22
302,272,22
302,272,22
302,272,22
302,272,22
302,272,22
302,272,22
302,272,22
302,272,22
302,272,22
302,272,22
302,272,22
302,272,22
302,272,22
302,272,22
302,272,22
302,272,22
302,272,22
322,327,22
322,327,22
322,327,22
322,327,22
322,327,22
322,327,22
322,327,22
322,327,22
322,327,22
322,327,22
322,327,22
322,327,22
322,327,22
322,327,22
322,327,22
322,327,22
322,327,22
322,327,22
322,327,22
322,327,22
322,327,22
322,348,22
322,348,22
322,348,22
322,348,22
322,348,22
322,348,22
322,348,22
322,348,22
322,348,22
322,348,22
322,343,22
322,343,22
322,343,22
322,343,22
322,343,22
322,343,22
322,343,22
322,343,22
322,343,22
322,343,22
322,343,22
322,332,22
322,332,22
322,332,22
322,332,22
322,332,22
322,332,22
322,332,22
322,332,22
322,332,22
322,332,22
322,332,22
322,332,22
322,332,22
322,332,22
322,332,22
322,332,22
322,332,22
322,332,22
322,332,22
322,332,22
322,332,22
322,332,22
322,332,22
322,332,22
322,332,22
322,332,22
322,332,22
322,334,22
322,334,22
322,334,22
322,334,22
322,334,22
322,334,22
322,334,22
322,334,22
322,334,22
322,334,22
322,334,22
322,334,22
322,334,22
322,334,22
322,334,22
322,334,22
322,334,22
322,334,22
322,334,22
322,334,22
322,334,22
322,334,22
322,334,22
322,334,22
322,334,22
322,334,22
322,334,22
322,334,22
322,334,22
322,334,22
322,334,22
322,334,22
322,334,22
322,334,22
322,334,22
322,334,22
322,334,22
322,334,22
322,334,22
322,334,22
322,334,22
322,334,22
322,334,22
322,334,22
322,334,22
322,334,22
322,334,22
322,334,22
322,334,22
322,334,22
322,334,22
322,334,22
322,334,22
322,335,22
322,335,22
322,335,22
322,335,22
322,335,22
322,335,22
322,335,22
322,335,22
322,335,22
322,335,22
322,335,22
322,335,22
322,335,22
322,335,22
322,335,22
322,335,22
322,335,22
322,335,22
322,335,22
322,335,22
322,335,22
322,335,22
322,335,22
322,335,22
322,335,22
322,335,22
322,335,22
322,335,22
322,335,22
322,335,22
322,335,22
322,335,22
322,335,22
322,335,22
322,321,22
322,321,22
322,321,22
322,321,22
322,321,22
322,321,22
322,321,22
322,321,22
322,321,22
322,321,22
322,321,22
322,321,22
322,314,22
322,314,22
322,314,22
322,314,22
322,314,22
322,314,22
322,314,22
322,280,22
322,280,22
322,280,22
322,280,22
322,280,22
322,280,22
322,280,22
322,280,22
322,280,22
322,346,22
322,346,22
322,346,22
322,346,22
322,346,22
322,346,22
322,346,22
322,346,22
322,346,22
322,346,22
322,346,22
322,346,22
322,346,22
322,346,22
322,346,22
322,346,22
322,346,22
322,346,22
322,346,22
322,346,22
322,346,22
322,346,22
322,346,22
322,346,22
322,294,22
322,294,22
322,294,22
322,294,22
322,294,22
322,294,22
322,294,22
322,294,22
322,294,22
322,294,22
322,294,22
322,294,22
322,294,22
322,294,22
322,294,22
322,294,22
322,294,22
322,294,22
322,294,22
322,294,22
322,294,22
322,294,22
322,294,22
322,294,22
322,294,22
322,294,22
322,294,22
322,294,22
322,294,22
322,294,22
322,294,22
322,294,22
322,294,22
322,294,22
322,294,22
322,294,22
322,294,22
322,294,22
322,294,22
322,294,22
322,294,22
322,311,22
322,311,22
322,311,22
322,311,22
322,311,22
322,311,22
322,311,22
322,311,22
322,311,22
322,311,22
322,311,22
322,319,22
322,319,22
322,319,22
322,319,22
322,319,22
322,319,22
322,319,22
322,319,22
322,319,22
322,319,22
322,319,22
322,319,22
322,319,22
322,319,22
322,319,22
322,319,22
322,319,22
322,319,22
322,319,22
322,319,22
322,319,22
322,319,22
322,319,22
322,319,22
322,319,22
322,319,22
322,319,22
322,319,22
322,319,22
322,319,22
322,319,22
322,319,22
322,319,22
322,319,22
322,319,22
322,319,22
322,319,22
322,319,22
322,319,22
322,319,22
322,319,22
322,319,22
322,319,22
322,319,22
322,314,22
322,314,22
322,314,22
322,314,22
322,314,22
322,314,22
322,314,22
322,314,22
322,314,22
322,314,22
322,314,22
322,314,22
322,314,22
322,314,22
322,314,22
322,314,22
322,314,22
322,314,22
322,314,22
322,314,22
322,314,22
322,314,22
322,314,22
322,314,22
322,314,22
322,314,22
322,314,22
322,314,22
322,314,22
322,314,22
322,314,22
322,314,22
322,314,22
322,314,22
322,312,22
322,312,22
322,312,22
322,312,22
322,312,22
322,312,22
322,312,22
322,312,22
322,312,22
322,312,22
322,312,22
322,312,22
322,317,22
322,317,22
322,317,22
322,317,22
322,317,22
322,317,22
322,317,22
322,317,22
322,317,22
322,317,22
322,317,22
322,317,22
322,317,22
322,317,22
322,317,22
322,317,22
322,317,22
322,317,22
322,317,22
322,317,22
322,317,22
322,317,22
322,317,22
322,317,22
322,317,22
322,317,22
322,317,22
342,327,22
342,327,22
342,327,22
342,327,22
342,327,22
342,327,22
342,327,22
342,327,22
342,327,22
342,327,22
342,357,22
342,357,22
342,357,22
342,357,22
342,357,22
342,357,22
342,357,22
342,357,22
342,357,22
342,357,22
342,357,22
342,357,22
342,357,22
342,357,22
342,357,22
342,357,22
342,357,22
342,357,22
342,357,22
342,357,22
342,357,22
342,357,22
342,357,22
342,357,22
342,357,22
342,357,22
342,357,22
342,357,22
342,357,22
342,357,22
342,357,22
342,357,22
342,335,22
342,335,22
342,335,22
342,335,22
342,335,22
342,335,22
342,335,22
342,335,22
342,335,22
342,335,22
342,308,22
342,308,22
342,308,22
342,308,22
342,308,22
342,308,22
342,308,22
342,308,22
342,308,22
342,308,22
342,308,22
342,308,22
342,308,22
342,308,22
342,308,22
342,308,22
342,308,22
342,308,22
342,308,22
342,308,22
342,308,22
342,308,22
342,308,22
342,308,22
342,308,22
342,308,22
342,308,22
342,308,22
342,308,22
342,308,22
342,308,22
342,308,22
342,308,22
342,320,22
342,320,22
342,320,22
342,320,22
342,320,22
342,320,22
342,320,22
342,320,22
342,320,22
342,320,22
342,320,22
342,327,22
342,327,22
342,327,22
342,327,22
342,327,22
342,327,22
342,327,22
342,327,22
342,327,22
342,327,22
342,327,22
342,327,22
342,327,22
342,327,22
342,327,22
342,327,22
342,327,22
342,327,22
342,327,22
342,327,22
342,327,22
342,327,22
342,9,22
342,9,22
342,9,22
342,9,22
342,9,22
342,9,22
342,9,22
342,9,22
342,9,22
342,9,22
342,9,22
342,9,22
342,9,22
342,9,22
342,9,22
342,9,22
342,9,22
342,9,22
342,9,22
342,2,22
342,2,22
342,2,22
342,2,22
342,2,22
342,2,22
342,2,22
342,2,22
342,2,22
342,355,22
342,355,22
342,355,22
342,355,22
342,355,22
342,355,22
342,355,22
342,355,22
342,355,22
342,355,22
342,355,22
342,355,22
342,355,22
342,355,22
342,355,22
342,355,22
342,355,22
342,355,22
342,312,22
342,312,22
342,312,22
342,312,22
342,312,22
342,312,22
342,312,22
342,312,22
342,312,22
342,312,22
342,312,22
342,324,22
342,324,22
342,324,22
342,324,22
342,324,22
342,324,22
342,324,22
342,324,22
342,356,22
342,356,22
342,356,22
342,356,22
342,356,22
342,356,22
342,356,22
342,356,22
342,356,22
342,356,22
342,356,22
342,0,22
342,0,22
342,0,22
342,0,22
342,0,22
342,0,22
342,0,22
342,0,22
342,0,22
342,0,22
342,0,22
342,23,22
342,23,22
342,23,22
342,23,22
342,23,22
342,23,22
342,23,22
342,23,22
342,347,22
342,347,22
342,347,22
342,347,22
342,347,22
342,347,22
342,347,22
342,347,22
342,347,22
342,347,22
342,347,22
342,347,22
342,347,22
342,347,22
342,347,22
342,347,22
342,347,22
342,347,22
342,347,22
342,347,22
342,347,22
342,347,22
342,347,22
342,2,22
342,2,22
342,2,22
342,2,22
342,2,22
342,2,22
342,2,22
342,2,22
342,2,22
342,2,22
342,2,22
342,2,22
342,2,22
342,2,22
342,2,22
342,2,22
342,2,22
342,2,22
342,2,22
342,2,22
342,2,22
342,2,22
342,2,22
342,2,22
342,2,22
342,2,22
342,359,22
342,359,22
342,359,22
342,359,22
342,359,22
342,359,22
342,359,22
342,359,22
342,359,22
342,359,22
342,359,22
342,359,22
342,359,22
342,359,22
342,359,22
342,359,22
342,359,22
342,359,22
342,359,22
342,359,22
342,359,22
342,359,22
342,359,22
342,359,22
342,359,22
342,306,22
342,306,22
342,306,22
342,306,22
342,306,22
342,306,22
342,306,22
342,306,22
342,306,22
342,306,22
342,306,22
342,306,22
342,306,22
342,306,22
342,306,22
342,306,22
342,306,22
342,306,22
342,306,22
342,306,22
342,306,22
342,306,22
342,306,22
342,306,22
342,306,22
342,306,22
342,306,22
342,306,22
342,306,22
342,306,22
342,306,22
342,306,22
342,306,22
342,306,22
342,306,22
342,293,22
342,293,22
342,293,22
342,293,22
342,293,22
342,293,22
342,293,22
342,293,22
342,293,22
342,293,22
342,293,22
342,293,22
342,293,22
342,293,22
342,293,22
342,293,22
342,293,22
342,293,22
342,293,22
342,293,22
342,293,22
342,293,22
342,351,22
342,351,22
342,351,22
342,351,22
342,351,22
342,351,22
342,351,22
342,351,22
342,351,22
342,351,22
342,351,22
342,351,22
342,351,22
342,351,22
342,351,22
342,351,22
342,351,22
342,351,22
342,351,22
342,351,22
342,351,22
342,351,22
342,351,22
342,351,22
342,351,22
342,351,22
342,351,22
322,341,22
322,341,22
322,341,22
322,341,22
322,341,22
322,341,22
322,341,22
322,341,22
322,341,22
322,341,22
322,341,22
322,341,22
322,341,22
322,341,22
322,341,22
322,341,22
322,341,22
322,341,22
322,341,22
322,341,22
322,341,22
322,341,22
322,341,22
322,341,22
322,341,22
322,341,22
322,341,22
322,341,22
322,341,22
322,341,22
322,341,22
322,341,22
322,341,22
322,341,22
322,341,22
322,341,22
322,341,22
322,341,22
322,341,22
322,341,22
322,341,22
322,341,22
322,341,22
322,341,22
322,341,22
322,341,22
322,341,22
322,341,22
322,341,22
322,341,22
322,341,22
322,341,22
322,341,22
322,341,22
322,301,22
322,301,22
322,301,22
322,301,22
322,301,22
322,301,22
322,300,22
322,300,22
322,300,22
322,300,22
322,300,22
322,300,22
322,300,22
322,300,22
322,300,22
322,300,22
322,300,22
322,300,22
322,300,22
322,300,22
322,300,22
322,300,22
322,300,22
322,300,22
322,300,22
322,300,22
322,300,22
322,300,22
322,300,22
322,311,22
322,311,22
322,311,22
322,311,22
322,311,22
322,311,22
322,311,22
322,311,22
322,311,22
322,311,22
322,311,22
322,311,22
322,311,22
322,311,22
322,311,22
322,311,22
322,311,22
322,311,22
322,311,22
322,311,22
322,311,22
322,311,22
322,311,22
322,311,22
322,311,22
322,311,22
322,311,22
322,311,22
322,355,22
322,355,22
322,355,22
322,355,22
322,355,22
322,355,22
322,355,22
322,355,22
322,355,22
322,355,22
322,355,22
322,315,22
322,315,22
322,315,22
322,315,22
322,315,22
322,315,22
322,315,22
322,315,22
322,315,22
322,315,22
322,315,22
322,315,22
322,315,22
322,315,22
322,315,22
322,315,22
322,315,22
322,315,22
322,315,22
322,315,22
322,315,22
322,315,22
322,315,22
322,315,22
322,315,22
322,315,22
322,315,22
322,315,22
322,315,22
322,315,22
322,334,22
322,334,22
322,334,22
322,334,22
322,334,22
322,334,22
322,334,22
322,334,22
322,334,22
322,334,22
322,334,22
322,334,22
322,334,22
322,334,22
322,334,22
322,316,22
322,316,22
322,316,22
322,316,22
322,316,22
322,316,22
322,316,22
322,316,22
322,316,22
322,316,22
322,316,22
322,316,22
322,316,22
322,316,22
322,316,22
322,316,22
322,316,22
322,316,22
322,316,22
322,316,22
322,316,22
322,316,22
322,316,22
322,316,22
322,316,22
322,316,22
322,316,22
322,316,22
322,316,22
322,316,22
322,316,22
322,316,22
322,316,22
322,316,22
322,316,22
322,316,22
322,316,22
322,316,22
322,316,22
322,316,22
322,316,22
322,316,22
322,316,22
322,316,22
322,316,22
322,309,22
322,309,22
322,309,22
322,309,22
322,309,22
322,309,22
322,309,22
322,309,22
322,309,22
322,309,22
322,309,22
322,309,22
322,309,22
322,309,22
322,309,22
322,309,22
322,309,22
322,309,22
322,309,22
322,309,22
322,309,22
322,309,22
322,309,22
322,309,22
322,309,22
322,309,22
322,309,22
322,309,22
322,309,22
322,309,22
322,309,22
322,309,22
322,309,22
322,309,22
322,309,22
322,309,22
322,309,22
322,309,22
322,309,22
322,309,22
322,309,22
322,309,22
322,309,22
322,309,22
322,309,22
322,309,22
322,309,22
322,309,22
322,309,22
322,309,22
322,309,22
322,309,22
322,309,22
322,309,22
322,309,22
322,309,22
322,309,22
322,309,22
322,309,22
322,12,22
322,12,22
322,12,22
322,12,22
322,12,22
322,12,22
322,12,22
322,12,22
322,12,22
322,12,22
322,12,22
322,12,22
322,12,22
322,12,22
322,12,22
322,12,22
322,12,22
322,12,22
322,12,22
322,12,22
322,12,22
322,12,22
322,12,22
322,12,22
322,12,22
322,12,22
322,12,22
322,12,22
322,12,22
322,12,22
322,12,22
322,12,22
322,12,22
322,12,22
322,12,22
322,12,22
322,12,22
322,12,22
322,12,22
322,12,22
322,12,22
322,12,22
322,12,22
322,12,22
322,12,22
322,12,22
322,12,22
322,12,22
322,12,22
322,12,22
322,12,22
322,12,22
322,12,22
322,12,22
322,12,22
322,292,22
322,292,22
322,292,22
322,292,22
322,292,22
322,292,22
322,292,22
322,292,22
322,292,22
322,292,22
322,292,22
322,292,22
322,292,22
322,292,22
322,292,22
322,337,22
322,337,22
322,337,22
322,337,22
322,337,22
322,337,22
322,337,22
322,322,22
322,322,22
322,322,22
322,322,22
322,322,22
322,322,22
322,322,22
322,322,22
322,322,22
322,322,22
322,322,22
322,322,22
322,322,22
322,322,22
322,322,22
322,322,22
302,261,22
302,261,22
302,261,22
302,261,22
302,261,22
302,261,22
302,261,22
302,261,22
302,261,22
302,261,22
302,261,22
302,303,22
302,303,22
302,303,22
302,303,22
302,303,22
302,303,22
302,303,22
302,303,22
302,303,22
302,303,22
302,303,22
302,303,22
302,303,22
302,303,22
302,303,22
302,303,22
302,303,22
302,303,22
302,303,22
302,303,22
302,303,22
302,303,22
302,303,22
302,303,22
302,303,22
302,303,22
302,303,22
302,303,22
302,303,22
302,303,22
302,303,22
302,303,22
302,303,22
302,303,22
302,303,22
302,303,22
302,303,22
302,303,22
302,303,22
302,303,22
302,303,22
302,303,22
302,303,22
302,303,22
302,303,22
302,303,22
302,303,22
302,303,22
302,303,22
302,303,22
302,303,22
302,303,22
302,303,22
302,303,22
302,303,22
302,303,22
302,287,22
302,287,22
302,287,22
302,287,22
302,287,22
302,287,22
302,287,22
302,340,22
302,340,22
302,340,22
302,340,22
302,340,22
302,340,22
302,340,22
302,340,22
302,340,22
302,340,22
302,340,22
302,340,22
302,340,22
302,340,22
302,340,22
302,340,22
302,340,22
302,340,22
302,340,22
302,340,22
302,340,22
302,340,22
302,340,22
302,340,22
302,340,22
302,340,22
302,340,22
302,340,22
302,340,22
302,324,22
302,324,22
302,324,22
302,324,22
302,324,22
302,324,22
302,324,22
302,324,22
302,324,22
302,324,22
302,324,22
302,324,22
302,324,22
302,310,22
302,310,22
302,310,22
302,310,22
302,310,22
302,310,22
302,310,22
302,310,22
302,313,22
302,313,22
302,313,22
302,313,22
302,313,22
302,313,22
302,313,22
302,313,22
302,313,22
302,313,22
302,313,22
302,313,22
302,313,22
302,313,22
302,313,22
302,313,22
302,280,22
302,280,22
302,280,22
302,280,22
302,280,22
302,280,22
302,280,22
302,280,22
302,280,22
302,280,22
302,280,22
302,280,22
302,280,22
302,280,22
302,280,22
302,280,22
302,280,22
302,280,22
302,280,22
302,280,22
302,280,22
302,280,22
302,280,22
302,280,22
302,280,22
302,280,22
302,303,22
302,303,22
302,303,22
302,303,22
302,303,22
302,303,22
302,303,22
302,303,22
302,303,22
302,303,22
302,303,22
302,303,22
302,303,22
302,303,22
302,303,22
302,303,22
302,303,22
302,303,22
302,303,22
302,303,22
302,303,22
302,303,22
302,303,22
302,303,22
302,303,22
302,303,22
302,303,22
302,303,22
302,303,22
302,303,22
302,303,22
302,303,22
302,303,22
302,303,22
302,303,22
302,303,22
302,303,22
302,303,22
302,303,22
302,303,22
302,312,22
302,312,22
302,312,22
302,312,22
302,312,22
302,312,22
302,312,22
302,312,22
302,312,22
302,312,22
302,312,22
302,312,22
302,312,22
302,0,22
302,0,22
302,0,22
302,0,22
302,0,22
302,0,22
302,0,22
302,0,22
302,0,22
302,0,22
302,0,22
302,0,22
302,0,22
302,0,22
302,291,22
302,291,22
302,291,22
302,291,22
302,291,22
302,291,22
302,291,22
302,291,22
302,291,22
302,291,22
302,291,22
302,291,22
302,291,22
302,269,22
302,269,22
302,269,22
302,269,22
302,269,22
302,269,22
302,269,22
302,269,22
302,269,22
302,269,22
302,269,22
302,314,22
302,314,22
302,314,22
302,314,22
302,314,22
302,314,22
302,314,22
302,314,22
302,314,22
302,314,22
302,314,22
302,314,22
302,314,22
302,314,22
302,314,22
302,314,22
302,314,22
302,314,22
302,314,22
302,314,22
302,314,22
302,314,22
302,314,22
302,314,22
302,314,22
302,314,22
302,314,22
302,314,22
317,290,22
317,290,22
317,290,22
317,290,22
317,290,22
317,290,22
317,290,22
317,290,22
317,290,22
317,290,22
317,290,22
317,290,22
317,290,22
317,290,22
317,290,22
317,290,22
317,278,22
317,278,22
317,278,22
317,278,22
317,278,22
317,278,22
317,278,22
317,278,22
317,278,22
317,278,22
317,278,22
317,278,22
317,278,22
317,278,22
317,278,22
317,278,22
317,278,22
317,278,22
317,278,22
317,278,22
317,278,22
317,278,22
317,278,22
317,278,22
317,278,22
317,278,22
317,278,22
317,278,22
317,278,22
317,278,22
317,278,22
317,278,22
317,278,22
317,278,22
317,278,22
317,278,22
317,278,22
317,278,22
317,278,22
317,278,22
317,278,22
317,278,22
317,278,22
317,278,22
317,278,22
317,278,22
317,278,22
317,278,22
317,278,22
317,278,22
317,278,22
317,278,22
317,278,22
317,278,22
317,278,22
317,278,22
317,278,22
317,274,22
317,274,22
317,274,22
317,274,22
317,274,22
317,274,22
317,274,22
317,274,22
317,274,22
317,337,22
317,337,22
317,337,22
317,337,22
317,337,22
317,337,22
317,337,22
317,337,22
317,337,22
317,337,22
317,337,22
317,337,22
317,327,22
317,327,22
317,327,22
317,327,22
317,327,22
317,327,22
317,309,22
317,309,22
317,309,22
317,309,22
317,309,22
317,309,22
317,309,22
317,309,22
317,309,22
317,309,22
317,309,22
317,309,22
317,309,22
317,309,22
317,309,22
317,309,22
317,309,22
317,309,22
317,309,22
317,309,22
317,309,22
317,309,22
317,309,22
317,309,22
317,309,22
317,309,22
317,309,22
317,309,22
317,309,22
317,309,22
317,309,22
317,309,22
317,309,22
317,327,22
317,327,22
317,327,22
317,327,22
317,327,22
317,327,22
317,327,22
317,327,22
317,327,22
317,327,22
317,327,22
317,327,22
317,327,22
317,327,22
317,327,22
317,302,22
317,302,22
317,302,22
317,302,22
317,302,22
317,302,22
317,302,22
317,302,22
317,302,22
317,302,22
317,319,22
317,319,22
317,319,22
317,319,22
317,319,22
317,319,22
317,319,22
317,319,22
317,319,22
317,297,22
317,297,22
317,297,22
317,297,22
317,297,22
317,297,22
317,297,22
317,297,22
317,297,22
317,297,22
317,297,22
317,297,22
317,297,22
317,297,22
317,297,22
317,297,22
317,297,22
317,297,22
317,297,22
317,297,22
317,297,22
317,297,22
317,342,22
317,342,22
317,342,22
317,342,22
317,342,22
317,342,22
317,342,22
317,342,22
317,342,22
317,342,22
317,342,22
317,342,22
317,342,22
317,342,22
317,342,22
317,325,22
317,325,22
317,325,22
317,325,22
317,325,22
317,325,22
317,325,22
317,325,22
317,325,22
317,325,22
317,325,22
317,325,22
317,325,22
317,325,22
317,325,22
317,325,22
317,325,22
317,325,22
317,308,22
317,308,22
317,308,22
317,308,22
317,308,22
317,308,22
317,308,22
317,308,22
317,308,22
317,308,22
317,308,22
317,308,22
317,308,22
317,308,22
317,308,22
317,308,22
317,308,22
317,308,22
317,308,22
317,308,22
317,308,22
317,308,22
317,308,22
317,308,22
317,308,22
317,308,22
317,308,22
317,308,22
317,308,22
317,308,22
317,308,22
317,308,22
317,308,22
317,289,22
317,289,22
317,289,22
317,289,22
317,289,22
317,289,22
317,289,22
317,289,22
317,289,22
317,289,22
317,289,22
317,289,22
317,289,22
317,289,22
317,289,22
317,289,22
317,289,22
317,289,22
317,289,22
317,289,22
317,289,22
317,289,22
317,289,22
317,289,22
317,289,22
317,289,22
317,289,22
317,311,22
317,311,22
317,311,22
317,311,22
317,311,22
317,311,22
317,311,22
317,311,22
317,332,22
317,332,22
317,332,22
317,332,22
317,332,22
317,332,22
317,332,22
317,332,22
317,332,22
317,332,22
317,335,22
317,335,22
317,335,22
317,335,22
317,335,22
317,335,22
317,335,22
317,335,22
317,335,22
317,335,22
317,335,22
317,335,22
317,335,22
317,335,22
317,335,22
317,335,22
317,335,22
317,335,22
317,335,22
317,335,22
317,335,22
317,335,22
317,335,22
317,335,22
317,335,22
317,335,22
317,335,22
317,335,22
317,335,22
317,335,22
317,335,22
317,335,22
317,335,22
317,335,22
317,335,22
297,300,22
297,300,22
297,300,22
297,300,22
297,300,22
297,300,22
297,300,22
297,300,22
297,300,22
297,300,22
297,300,22
297,300,22
297,300,22
297,302,22
297,302,22
297,302,22
297,302,22
297,302,22
297,302,22
297,302,22
297,302,22
297,302,22
297,302,22
297,302,22
297,302,22
297,302,22
297,302,22
297,302,22
297,273,22
297,273,22
297,273,22
297,273,22
297,273,22
297,273,22
297,273,22
297,273,22
297,273,22
297,273,22
297,273,22
297,273,22
297,273,22
297,273,22
297,273,22
297,273,22
297,273,22
297,273,22
297,273,22
297,273,22
297,273,22
297,273,22
297,273,22
297,273,22
297,273,22
297,273,22
297,273,22
297,273,22
297,273,22
297,273,22
297,273,22
297,273,22
297,273,22
297,273,22
297,273,22
297,273,22
297,273,22
297,273,22
297,273,22
297,273,22
297,273,22
297,273,22
297,273,22
297,273,22
297,273,22
297,273,22
297,273,22
297,273,22
297,273,22
297,273,22
297,273,22
297,273,22
297,273,22
297,322,22
297,322,22
297,322,22
297,322,22
297,322,22
297,322,22
297,322,22
297,322,22
297,322,22
297,322,22
297,322,22
297,322,22
297,322,22
297,322,22
297,322,22
297,322,22
297,322,22
297,322,22
297,322,22
297,322,22
297,322,22
297,322,22
297,322,22
297,322,22
297,322,22
297,322,22
297,322,22
297,322,22
297,322,22
297,322,22
297,322,22
297,322,22
297,322,22
297,322,22
297,322,22
297,322,22
297,322,22
297,322,22
297,322,22
297,322,22
297,322,22
297,322,22
297,322,22
297,295,22
297,295,22
297,295,22
297,295,22
297,295,22
297,295,22
297,295,22
297,295,22
297,295,22
297,295,22
297,295,22
297,295,22
297,295,22
297,295,22
297,295,22
297,295,22
297,295,22
297,278,22
297,278,22
297,278,22
297,278,22
297,278,22
297,278,22
297,278,22
297,278,22
297,278,22
297,278,22
297,278,22
297,278,22
297,278,22
297,278,22
297,278,22
297,278,22
297,278,22
297,278,22
297,278,22
297,278,22
297,278,22
297,278,22
297,278,22
297,278,22
297,278,22
297,278,22
297,296,22
297,296,22
297,296,22
297,296,22
297,296,22
297,296,22
297,296,22
297,296,22
297,282,22
297,282,22
297,282,22
297,282,22
297,282,22
297,282,22
297,282,22
297,282,22
297,282,22
297,282,22
297,282,22
297,282,22
297,282,22
297,282,22
297,282,22
297,282,22
297,282,22
297,282,22
297,282,22
297,282,22
297,282,22
297,282,22
297,282,22
297,313,22
297,313,22
297,313,22
297,313,22
297,313,22
297,313,22
297,313,22
297,313,22
297,313,22
297,313,22
297,313,22
297,313,22
297,313,22
297,313,22
297,313,22
297,313,22
297,313,22
297,313,22
297,313,22
297,313,22
297,313,22
297,313,22
297,313,22
297,313,22
297,313,22
297,313,22
297,313,22
297,313,22
297,313,22
297,287,22
297,287,22
297,287,22
297,287,22
297,287,22
297,287,22
297,287,22
297,287,22
297,287,22
297,287,22
297,319,22
297,319,22
297,319,22
297,319,22
297,319,22
297,319,22
297,319,22
297,319,22
297,319,22
297,319,22
297,319,22
297,319,22
297,319,22
297,319,22
297,319,22
297,319,22
297,319,22
297,319,22
297,319,22
297,319,22
297,319,22
297,319,22
297,319,22
297,319,22
297,319,22
297,319,22
297,319,22
297,319,22
297,319,22
297,319,22
297,319,22
297,319,22
297,319,22
297,319,22
297,319,22
297,319,22
297,319,22
297,319,22
297,319,22
297,319,22
297,319,22
297,319,22
297,319,22
297,319,22
297,319,22
297,319,22
297,319,22
297,319,22
297,319,22
297,319,22
297,319,22
297,319,22
297,319,22
297,319,22
297,319,22
297,319,22
297,319,22
297,319,22
297,299,22
297,299,22
297,299,22
297,299,22
297,299,22
297,299,22
297,313,22
297,313,22
297,313,22
297,313,22
297,313,22
297,313,22
297,313,22
297,313,22
297,313,22
297,313,22
297,313,22
297,313,22
297,297,22
297,297,22
297,297,22
297,297,22
297,297,22
297,297,22
297,297,22
297,297,22
297,297,22
297,297,22
297,297,22
297,297,22
297,297,22
297,297,22
297,297,22
297,297,22
297,297,22
297,297,22
297,297,22
297,297,22
297,297,22
297,297,22
297,297,22
297,297,22
297,297,22
297,297,22
297,297,22
297,297,22
297,297,22
297,297,22
297,297,22
297,297,22
297,301,22
297,301,22
297,301,22
297,301,22
297,301,22
297,301,22
297,301,22
297,301,22
297,301,22
297,301,22
297,301,22
297,301,22
297,301,22
297,301,22
297,301,22
297,301,22
297,301,22
297,301,22
297,301,22
297,301,22
297,301,22
297,301,22
297,301,22
297,301,22
297,301,22
297,301,22
297,301,22
312,307,22
312,307,22
312,307,22
312,307,22
312,307,22
312,307,22
312,307,22
312,307,22
312,307,22
312,307,22
312,307,22
312,307,22
312,307,22
312,307,22
312,307,22
312,307,22
312,307,22
312,307,22
312,307,22
312,307,22
312,307,22
312,307,22
312,307,22
312,307,22
312,307,22
312,307,22
312,307,22
312,307,22
312,307,22
312,307,22
312,307,22
312,307,22
312,307,22
312,307,22
312,307,22
312,307,22
312,307,22
312,307,22
312,307,22
312,307,22
312,307,22
312,307,22
312,297,22
312,297,22
312,297,22
312,297,22
312,297,22
312,297,22
312,297,22
312,297,22
312,297,22
312,297,22
312,297,22
312,297,22
312,297,22
312,297,22
312,297,22
312,297,22
312,297,22
312,297,22
312,297,22
312,297,22
312,331,22
312,331,22
312,331,22
312,331,22
312,331,22
312,331,22
312,331,22
312,331,22
312,331,22
312,331,22
312,331,22
312,331,22
312,331,22
312,331,22
312,331,22
312,331,22
312,331,22
312,331,22
312,331,22
312,331,22
312,331,22
312,331,22
312,331,22
312,331,22
312,331,22
312,331,22
312,331,22
312,331,22
312,331,22
312,331,22
312,331,22
312,320,22
312,320,22
312,320,22
312,320,22
312,320,22
312,320,22
312,320,22
312,320,22
312,320,22
312,320,22
312,320,22
312,320,22
312,320,22
312,320,22
312,320,22
312,320,22
312,320,22
312,320,22
312,292,22
312,292,22
312,292,22
312,292,22
312,292,22
312,292,22
312,358,22
312,358,22
312,358,22
312,358,22
312,358,22
312,358,22
312,327,22
312,327,22
312,327,22
312,327,22
312,327,22
312,327,22
312,327,22
312,327,22
312,327,22
312,327,22
312,327,22
312,327,22
312,327,22
312,327,22
312,1,22
312,1,22
312,1,22
312,1,22
312,1,22
312,1,22
312,1,22
312,1,22
312,1,22
312,1,22
312,1,22
312,1,22
312,1,22
312,1,22
312,1,22
312,1,22
312,1,22
312,1,22
312,1,22
312,1,22
312,1,22
312,1,22
312,1,22
312,1,22
312,1,22
312,1,22
312,1,22
312,1,22
312,1,22
312,1,22
312,1,22
312,1,22
312,1,22
312,1,22
312,1,22
312,1,22
312,1,22
312,312,22
312,312,22
312,312,22
312,312,22
312,312,22
312,312,22
312,312,22
312,312,22
312,312,22
312,312,22
312,312,22
312,312,22
312,312,22
312,312,22
312,312,22
312,312,22
312,312,22
312,312,22
312,312,22
312,312,22
312,312,22
312,312,22
312,312,22
312,312,22
312,312,22
312,312,22
312,312,22
312,312,22
312,312,22
312,312,22
312,312,22
312,312,22
312,312,22
312,285,22
312,285,22
312,285,22
312,285,22
312,285,22
312,285,22
312,285,22
312,285,22
312,285,22
312,285,22
312,285,22
312,285,22
312,285,22
312,285,22
312,285,22
312,285,22
312,285,22
312,285,22
312,285,22
312,285,22
312,285,22
312,285,22
312,285,22
312,285,22
312,285,22
312,285,22
312,285,22
312,285,22
312,285,22
312,285,22
312,285,22
312,285,22
312,285,22
312,285,22
312,285,22
312,285,22
312,285,22
312,285,22
312,285,22
312,285,22
312,285,22
312,285,22
312,285,22
312,285,22
312,285,22
312,285,22
312,285,22
312,340,22
312,340,22
312,340,22
312,340,22
312,340,22
312,340,22
312,340,22
312,340,22
312,340,22
312,340,22
312,340,22
312,340,22
312,340,22
312,340,22
312,340,22
312,340,22
312,340,22
312,340,22
312,340,22
312,340,22
312,340,22
312,308,22
312,308,22
312,308,22
312,308,22
312,308,22
312,308,22
312,308,22
312,308,22
312,308,22
312,308,22
312,308,22
312,308,22
312,308,22
312,308,22
312,308,22
312,308,22
312,308,22
312,308,22
312,273,22
312,273,22
312,273,22
312,273,22
312,273,22
312,273,22
312,273,22
312,273,22
312,332,22
312,332,22
312,332,22
312,332,22
312,332,22
312,332,22
312,332,22
312,332,22
312,332,22
312,332,22
312,332,22
312,332,22
312,332,22
312,332,22
312,332,22
312,332,22
312,332,22
312,332,22
312,332,22
312,332,22
312,332,22
312,332,22
312,332,22
312,332,22
312,332,22
312,332,22
312,332,22
312,332,22
312,332,22
312,332,22
312,332,22
312,339,22
312,339,22
312,339,22
312,339,22
312,339,22
312,339,22
312,339,22
312,339,22
312,339,22
312,294,22
312,294,22
312,294,22
312,294,22
312,294,22
312,294,22
312,294,22
312,294,22
312,294,22
312,294,22
312,294,22
312,294,22
312,294,22
312,294,22
312,294,22
332,321,22
332,321,22
332,321,22
332,321,22
332,321,22
332,321,22
332,321,22
332,321,22
332,321,22
332,321,22
332,321,22
332,321,22
332,321,22
332,335,22
332,335,22
332,335,22
332,335,22
332,335,22
332,335,22
332,335,22
332,335,22
332,335,22
332,335,22
332,335,22
332,335,22
332,335,22
332,335,22
332,335,22
332,335,22
332,346,22
332,346,22
332,346,22
332,346,22
332,346,22
332,346,22
332,346,22
332,346,22
332,346,22
332,346,22
332,335,22
332,335,22
332,335,22
332,335,22
332,335,22
332,335,22
332,335,22
332,335,22
332,335,22
332,335,22
332,335,22
332,335,22
332,335,22
332,335,22
332,335,22
332,335,22
332,335,22
332,335,22
332,335,22
332,335,22
332,335,22
332,308,22
332,308,22
332,308,22
332,308,22
332,308,22
332,308,22
332,308,22
332,308,22
332,308,22
332,308,22
332,308,22
332,308,22
332,308,22
332,308,22
332,308,22
332,308,22
332,308,22
332,308,22
332,308,22
332,308,22
332,308,22
332,308,22
332,308,22
332,308,22
332,308,22
332,308,22
332,308,22
332,308,22
332,308,22
332,308,22
332,308,22
332,308,22
332,341,22
332,341,22
332,341,22
332,341,22
332,341,22
332,341,22
332,341,22
332,341,22
332,341,22
332,341,22
332,341,22
332,336,22
332,336,22
332,336,22
332,336,22
332,336,22
332,336,22
332,336,22
332,336,22
332,336,22
332,336,22
332,336,22
332,336,22
332,298,22
332,298,22
332,298,22
332,298,22
332,298,22
332,298,22
332,298,22
332,298,22
332,298,22
332,298,22
332,298,22
332,319,22
332,319,22
332,319,22
332,319,22
332,319,22
332,319,22
332,319,22
332,319,22
332,319,22
332,319,22
332,319,22
332,319,22
332,319,22
332,280,22
332,280,22
332,280,22
332,280,22
332,280,22
332,280,22
332,280,22
332,280,22
332,280,22
332,334,22
332,334,22
332,334,22
332,334,22
332,334,22
332,334,22
332,334,22
332,334,22
332,334,22
332,334,22
332,334,22
332,334,22
332,334,22
332,334,22
332,334,22
332,334,22
332,334,22
332,334,22
332,334,22
332,334,22
332,334,22
332,334,22
332,334,22
332,334,22
332,334,22
332,334,22
332,334,22
332,334,22
332,334,22
332,334,22
332,334,22
332,334,22
332,343,22
332,343,22
332,343,22
332,343,22
332,343,22
332,343,22
332,343,22
332,343,22
332,343,22
332,343,22
332,343,22
332,354,22
332,354,22
332,354,22
332,354,22
332,354,22
332,354,22
332,354,22
332,354,22
332,354,22
332,354,22
332,354,22
332,354,22
332,354,22
332,354,22
332,354,22
332,354,22
332,354,22
332,331,22
332,331,22
332,331,22
332,331,22
332,331,22
332,331,22
332,331,22
332,331,22
332,339,22
332,339,22
332,339,22
332,339,22
332,339,22
332,339,22
332,339,22
332,339,22
332,339,22
332,339,22
332,339,22
332,339,22
332,339,22
332,339,22
332,339,22
332,339,22
332,339,22
332,339,22
332,339,22
332,339,22
332,339,22
332,339,22
332,330,22
332,330,22
332,330,22
332,330,22
332,330,22
332,330,22
332,330,22
332,330,22
332,330,22
332,330,22
332,330,22
332,330,22
332,309,22
332,309,22
332,309,22
332,309,22
332,309,22
332,309,22
332,309,22
332,309,22
332,309,22
332,309,22
332,309,22
332,309,22
332,309,22
332,309,22
332,309,22
332,309,22
332,309,22
332,309,22
332,309,22
332,309,22
332,309,22
332,309,22
332,309,22
332,309,22
332,309,22
332,309,22
332,309,22
332,309,22
332,309,22
332,342,22
332,342,22
332,342,22
332,342,22
332,342,22
332,342,22
332,342,22
332,342,22
332,342,22
332,342,22
332,342,22
332,342,22
332,342,22
332,342,22
332,342,22
332,342,22
332,342,22
332,342,22
332,342,22
332,342,22
332,342,22
332,359,22
332,359,22
332,359,22
332,359,22
332,359,22
332,359,22
332,359,22
332,359,22
332,359,22
332,359,22
332,359,22
332,359,22
332,359,22
332,359,22
332,359,22
332,359,22
332,359,22
332,359,22
332,359,22
332,359,22
332,359,22
332,359,22
332,359,22
332,359,22
332,359,22
332,339,22
332,339,22
332,339,22
332,339,22
332,339,22
332,339,22
332,339,22
332,339,22
332,339,22
332,339,22
332,339,22
332,339,22
332,339,22
332,339,22
332,339,22
332,339,22
332,339,22
332,339,22
332,339,22
332,311,22
332,311,22
332,311,22
332,311,22
332,311,22
332,311,22
332,311,22
332,311,22
332,311,22
332,311,22
332,311,22
332,311,22
332,311,22
332,311,22
332,311,22
332,311,22
332,311,22
332,311,22
332,311,22
332,311,22
332,324,22
332,324,22
332,324,22
332,324,22
332,324,22
332,324,22
332,324,22
332,324,22
332,324,22
332,324,22
332,324,22
332,324,22
332,324,22
332,324,22
332,324,22
332,324,22
332,324,22
332,324,22
332,324,22
332,324,22
332,324,22
332,324,22
332,324,22
332,324,22
332,324,22
332,324,22
332,324,22
332,324,22
332,324,22
332,5,22
332,5,22
332,5,22
332,5,22
332,5,22
332,5,22
332,5,22
332,324,22
332,324,22
332,324,22
332,324,22
332,324,22
332,324,22
332,324,22
332,324,22
332,324,22
332,324,22
332,324,22
332,324,22
332,324,22
332,324,22
332,324,22
332,324,22
332,324,22
332,324,22
332,324,22
332,324,22
332,324,22
332,324,22
332,324,22
332,325,22
332,325,22
332,325,22
332,325,22
332,325,22
332,325,22
332,325,22
332,358,22
332,358,22
332,358,22
332,358,22
332,358,22
332,358,22
332,358,22
332,358,22
332,313,22
332,313,22
332,313,22
332,313,22
332,313,22
332,313,22
332,313,22
332,313,22
332,313,22
332,313,22
332,313,22
332,313,22
332,313,22
332,313,22
332,313,22
332,313,22
332,313,22
332,313,22
332,313,22
332,313,22
332,313,22
332,313,22
332,313,22
332,313,22
332,313,22
332,313,22
332,313,22
332,313,22
332,313,22
332,313,22
332,313,22
332,313,22
332,313,22
332,313,22
332,313,22
332,313,22
332,313,22
332,313,22
332,313,22
332,11,22
332,11,22
332,11,22
332,11,22
332,11,22
332,11,22
332,11,22
332,11,22
317,333,22
317,333,22
317,333,22
317,333,22
317,333,22
317,333,22
317,333,22
317,333,22
317,333,22
317,333,22
317,333,22
317,333,22
317,333,22
317,333,22
317,333,22
317,333,22
317,333,22
317,333,22
317,333,22
317,333,22
317,343,22
317,343,22
317,343,22
317,343,22
317,343,22
317,343,22
317,343,22
317,343,22
317,343,22
317,343,22
317,343,22
317,343,22
317,343,22
317,343,22
317,343,22
317,343,22
317,343,22
317,343,22
317,343,22
317,343,22
317,343,22
317,343,22
317,343,22
317,343,22
317,343,22
317,343,22
317,343,22
317,343,22
317,343,22
317,343,22
317,343,22
317,343,22
317,343,22
317,343,22
317,343,22
317,343,22
317,343,22
317,343,22
317,343,22
317,343,22
317,343,22
317,343,22
317,343,22
317,343,22
317,343,22
317,343,22
317,343,22
317,343,22
317,343,22
317,324,22
317,324,22
317,324,22
317,324,22
317,324,22
317,324,22
317,324,22
317,324,22
317,324,22
317,299,22
317,299,22
317,299,22
317,299,22
317,299,22
317,299,22
317,299,22
317,299,22
317,299,22
317,299,22
317,299,22
317,299,22
317,299,22
317,299,22
317,324,22
317,324,22
317,324,22
317,324,22
317,324,22
317,324,22
317,324,22
317,324,22
317,324,22
317,324,22
317,319,22
317,319,22
317,319,22
317,319,22
317,319,22
317,319,22
317,319,22
317,319,22
317,319,22
317,319,22
317,319,22
317,319,22
317,319,22
317,319,22
317,319,22
317,319,22
317,319,22
317,336,22
317,336,22
317,336,22
317,336,22
317,336,22
317,336,22
317,336,22
317,336,22
317,336,22
317,336,22
317,314,22
317,314,22
317,314,22
317,314,22
317,314,22
317,314,22
317,314,22
317,314,22
317,314,22
317,314,22
317,314,22
317,314,22
317,314,22
317,314,22
317,314,22
317,314,22
317,314,22
317,320,22
317,320,22
317,320,22
317,320,22
317,320,22
317,320,22
317,320,22
317,320,22
317,320,22
317,320,22
317,320,22
317,320,22
317,338,22
317,338,22
317,338,22
317,338,22
317,338,22
317,338,22
317,338,22
317,338,22
317,338,22
317,338,22
317,338,22
317,338,22
317,338,22
317,338,22
317,338,22
317,338,22
317,338,22
317,338,22
317,338,22
317,338,22
317,338,22
317,338,22
317,338,22
317,338,22
317,338,22
317,338,22
317,338,22
317,338,22
317,338,22
317,338,22
317,304,22
317,304,22
317,304,22
317,304,22
317,304,22
317,304,22
317,304,22
317,304,22
317,304,22
317,304,22
317,304,22
317,304,22
317,304,22
317,304,22
317,304,22
317,304,22
317,304,22
317,304,22
317,304,22
317,304,22
317,304,22
317,304,22
317,304,22
317,304,22
317,304,22
317,304,22
317,304,22
317,304,22
317,304,22
317,304,22
317,304,22
317,304,22
317,304,22
317,304,22
317,304,22
317,304,22
317,304,22
317,304,22
317,330,22
317,330,22
317,330,22
317,330,22
317,330,22
317,330,22
317,330,22
317,330,22
317,330,22
317,310,22
317,310,22
317,310,22
317,310,22
317,310,22
317,310,22
317,310,22
317,310,22
317,310,22
317,310,22
317,310,22
317,310,22
317,310,22
317,310,22
317,310,22
317,310,22
317,310,22
317,310,22
317,310,22
317,310,22
317,310,22
317,310,22
317,310,22
317,310,22
317,310,22
317,310,22
317,310,22
317,310,22
317,310,22
317,310,22
317,310,22
317,310,22
317,310,22
317,310,22
317,310,22
317,310,22
317,310,22
317,310,22
317,310,22
317,310,22
317,310,22
317,310,22
317,310,22
317,310,22
317,310,22
317,310,22
317,310,22
317,310,22
317,353,22
317,353,22
317,353,22
317,353,22
317,353,22
317,353,22
317,353,22
317,353,22
317,353,22
317,353,22
317,353,22
317,353,22
317,353,22
317,353,22
317,353,22
317,353,22
317,353,22
317,353,22
317,353,22
317,353,22
317,353,22
317,308,22
317,308,22
317,308,22
317,308,22
317,308,22
317,308,22
317,308,22
317,308,22
317,308,22
317,308,22
317,308,22
317,308,22
317,308,22
317,308,22
317,308,22
317,308,22
317,308,22
317,308,22
317,308,22
317,308,22
317,308,22
317,308,22
317,308,22
317,308,22
317,308,22
317,308,22
317,308,22
317,308,22
317,308,22
317,308,22
317,308,22
317,308,22
317,308,22
317,308,22
317,308,22
317,308,22
317,308,22
317,308,22
317,308,22
317,308,22
317,308,22
317,308,22
317,308,22
317,305,22
317,305,22
317,305,22
317,305,22
317,305,22
317,305,22
317,305,22
317,305,22
317,305,22
317,305,22
317,305,22
317,305,22
317,305,22
317,305,22
317,305,22
317,305,22
317,305,22
317,305,22
317,305,22
317,305,22
337,332,22
337,332,22
337,332,22
337,332,22
337,332,22
337,332,22
337,332,22
337,332,22
337,332,22
337,332,22
337,332,22
337,332,22
337,332,22
337,332,22
337,332,22
337,339,22
337,339,22
337,339,22
337,339,22
337,339,22
337,339,22
337,339,22
337,339,22
337,339,22
337,339,22
337,349,22
337,349,22
337,349,22
337,349,22
337,349,22
337,349,22
337,349,22
337,349,22
337,349,22
337,349,22
337,349,22
337,349,22
337,349,22
337,349,22
337,301,22
337,301,22
337,301,22
337,301,22
337,301,22
337,301,22
337,301,22
337,301,22
337,301,22
337,301,22
337,301,22
337,301,22
337,301,22
337,301,22
337,301,22
337,301,22
337,301,22
337,301,22
337,301,22
337,301,22
337,301,22
337,301,22
337,301,22
337,301,22
337,301,22
337,301,22
337,301,22
337,301,22
337,301,22
337,301,22
337,301,22
337,301,22
337,301,22
337,301,22
337,301,22
337,301,22
337,301,22
337,301,22
337,301,22
337,301,22
337,301,22
337,301,22
337,301,22
337,301,22
337,301,22
337,301,22
337,301,22
337,301,22
337,2,22
337,2,22
337,2,22
337,2,22
337,2,22
337,2,22
337,2,22
337,2,22
337,2,22
337,2,22
337,2,22
337,2,22
337,2,22
337,2,22
337,2,22
337,2,22
337,2,22
337,2,22
337,338,22
337,338,22
337,338,22
337,338,22
337,338,22
337,338,22
337,338,22
337,338,22
337,338,22
337,338,22
337,338,22
337,338,22
337,338,22
337,338,22
337,338,22
337,338,22
337,338,22
337,338,22
337,338,22
337,338,22
337,338,22
337,338,22
337,338,22
337,1,22
337,1,22
337,1,22
337,1,22
337,1,22
337,1,22
337,1,22
337,1,22
337,1,22
337,1,22
337,1,22
337,1,22
337,1,22
337,1,22
337,1,22
337,1,22
337,1,22
337,1,22
337,1,22
337,1,22
337,1,22
337,1,22
337,1,22
337,329,22
337,329,22
337,329,22
337,329,22
337,329,22
337,329,22
337,329,22
337,329,22
337,329,22
337,329,22
337,329,22
337,329,22
337,329,22
337,329,22
337,329,22
337,329,22
337,329,22
337,334,22
337,334,22
337,334,22
337,334,22
337,334,22
337,334,22
337,334,22
337,334,22
337,334,22
337,334,22
337,334,22
337,334,22
337,334,22
337,334,22
337,334,22
337,334,22
337,334,22
337,334,22
337,334,22
337,334,22
337,302,22
337,302,22
337,302,22
337,302,22
337,302,22
337,302,22
337,302,22
337,302,22
337,302,22
337,302,22
337,302,22
337,308,22
337,308,22
337,308,22
337,308,22
337,308,22
337,308,22
337,308,22
337,308,22
337,308,22
337,308,22
337,308,22
337,308,22
337,308,22
337,308,22
337,308,22
337,308,22
337,308,22
337,308,22
337,308,22
337,308,22
337,307,22
337,307,22
337,307,22
337,307,22
337,307,22
337,307,22
337,307,22
337,307,22
337,307,22
337,307,22
337,307,22
337,307,22
337,307,22
337,307,22
337,307,22
337,307,22
337,307,22
337,307,22
337,307,22
337,307,22
337,307,22
337,307,22
337,307,22
337,307,22
337,307,22
337,323,22
337,323,22
337,323,22
337,323,22
337,323,22
337,323,22
337,323,22
337,323,22
337,323,22
337,323,22
337,323,22
337,323,22
337,323,22
337,323,22
337,323,22
337,323,22
337,323,22
337,323,22
337,323,22
337,323,22
337,323,22
337,323,22
337,323,22
337,323,22
337,323,22
337,323,22
337,323,22
337,323,22
337,323,22
337,323,22
337,323,22
337,348,22
337,348,22
337,348,22
337,348,22
337,348,22
337,348,22
337,348,22
337,348,22
337,348,22
337,348,22
337,348,22
337,348,22
337,348,22
337,348,22
337,348,22
337,348,22
337,348,22
337,348,22
337,348,22
337,317,22
337,317,22
337,317,22
337,317,22
337,317,22
337,317,22
337,317,22
337,317,22
337,317,22
337,317,22
337,317,22
337,317,22
337,317,22
337,317,22
337,317,22
337,317,22
337,317,22
337,317,22
337,317,22
337,317,22
337,317,22
337,317,22
337,317,22
337,317,22
337,317,22
337,317,22
337,317,22
312,303,22
312,303,22
312,303,22
312,303,22
312,303,22
312,303,22
312,303,22
312,303,22
312,303,22
312,303,22
312,303,22
312,303,22
312,318,22
312,318,22
312,318,22
312,318,22
312,318,22
312,318,22
312,318,22
312,349,22
312,349,22
312,349,22
312,349,22
312,349,22
312,349,22
312,349,22
312,349,22
312,349,22
312,349,22
312,349,22
312,349,22
312,349,22
312,349,22
312,349,22
312,349,22
312,349,22
312,349,22
312,313,22
312,313,22
312,313,22
312,313,22
312,313,22
312,313,22
312,313,22
312,313,22
312,313,22
312,313,22
312,288,22
312,288,22
312,288,22
312,288,22
312,288,22
312,288,22
312,288,22
312,288,22
312,288,22
312,288,22
312,288,22
312,288,22
312,288,22
312,288,22
312,288,22
312,288,22
312,288,22
312,288,22
312,288,22
312,288,22
312,288,22
312,288,22
312,288,22
312,288,22
312,288,22
312,288,22
312,288,22
312,288,22
312,288,22
312,288,22
312,288,22
312,308,22
312,308,22
312,308,22
312,308,22
312,308,22
312,308,22
312,308,22
312,308,22
312,308,22
312,308,22
312,308,22
312,308,22
312,308,22
312,308,22
312,308,22
312,308,22
312,308,22
312,308,22
312,308,22
312,308,22
312,308,22
312,308,22
312,308,22
312,308,22
312,308,22
312,308,22
312,308,22
312,308,22
312,308,22
312,308,22
312,308,22
312,308,22
312,308,22
312,344,22
312,344,22
312,344,22
312,344,22
312,344,22
312,344,22
312,344,22
312,344,22
312,344,22
312,344,22
312,344,22
312,344,22
312,333,22
312,333,22
312,333,22
312,333,22
312,333,22
312,333,22
312,333,22
312,333,22
312,333,22
312,333,22
312,333,22
312,333,22
312,333,22
312,333,22
312,333,22
312,333,22
312,333,22
312,333,22
312,333,22
312,333,22
312,333,22
312,333,22
312,333,22
312,333,22
312,333,22
312,333,22
312,333,22
312,333,22
312,333,22
312,333,22
312,333,22
312,327,22
312,327,22
312,327,22
312,327,22
312,327,22
312,327,22
312,327,22
312,327,22
312,327,22
312,327,22
312,327,22
312,327,22
312,327,22
312,27,22
312,27,22
312,27,22
312,27,22
312,27,22
312,27,22
312,27,22
312,27,22
312,27,22
312,27,22
312,27,22
312,27,22
312,27,22
312,27,22
312,27,22
312,27,22
312,27,22
312,27,22
312,27,22
312,287,22
312,287,22
312,287,22
312,287,22
312,287,22
312,287,22
312,287,22
312,287,22
312,287,22
312,287,22
312,6,22
312,6,22
312,6,22
312,6,22
312,6,22
312,6,22
312,6,22
312,6,22
312,6,22
312,6,22
312,6,22
312,6,22
312,6,22
312,6,22
312,6,22
312,342,22
312,342,22
312,342,22
312,342,22
312,342,22
312,342,22
312,342,22
312,342,22
312,342,22
312,342,22
312,342,22
312,342,22
312,342,22
312,342,22
312,342,22
312,342,22
312,342,22
312,342,22
312,342,22
312,342,22
312,342,22
312,342,22
312,342,22
332,345,22
332,345,22
332,345,22
332,345,22
332,345,22
332,345,22
332,345,22
332,345,22
332,345,22
332,345,22
332,345,22
332,345,22
332,345,22
332,345,22
332,294,22
332,294,22
332,294,22
332,294,22
332,294,22
332,294,22
332,294,22
332,294,22
332,294,22
332,294,22
332,294,22
332,294,22
332,294,22
332,356,22
332,356,22
332,356,22
332,356,22
332,356,22
332,356,22
332,356,22
332,356,22
332,356,22
332,356,22
332,356,22
332,356,22
332,356,22
332,356,22
332,356,22
332,356,22
332,356,22
332,356,22
332,356,22
332,356,22
332,356,22
332,356,22
332,356,22
332,356,22
332,356,22
332,356,22
332,356,22
332,356,22
332,356,22
332,356,22
332,356,22
332,356,22
332,356,22
332,356,22
332,356,22
332,356,22
332,334,22
332,334,22
332,334,22
332,334,22
332,334,22
332,334,22
332,334,22
332,334,22
332,334,22
332,334,22
332,329,22
332,329,22
332,329,22
332,329,22
332,329,22
332,329,22
332,310,22
332,310,22
332,310,22
332,310,22
332,310,22
332,310,22
332,310,22
332,310,22
332,310,22
332,310,22
332,310,22
332,1,22
332,1,22
332,1,22
332,1,22
332,1,22
332,1,22
332,1,22
332,1,22
332,1,22
332,1,22
332,1,22
332,1,22
332,330,22
332,330,22
332,330,22
332,330,22
332,330,22
332,330,22
332,330,22
332,330,22
332,330,22
332,330,22
332,333,22
332,333,22
332,333,22
332,333,22
332,333,22
332,333,22
332,333,22
332,333,22
332,333,22
332,333,22
332,341,22
332,341,22
332,341,22
332,341,22
332,341,22
332,341,22
332,341,22
332,341,22
332,341,22
332,341,22
332,341,22
332,341,22
332,341,22
332,316,22
332,316,22
332,316,22
332,316,22
332,316,22
332,316,22
332,316,22
332,316,22
332,316,22
332,316,22
332,316,22
332,316,22
332,316,22
332,316,22
332,316,22
332,316,22
332,316,22
332,316,22
332,316,22
332,316,22
332,316,22
332,316,22
332,316,22
332,316,22
332,316,22
332,324,22
332,324,22
332,324,22
332,324,22
332,324,22
332,324,22
332,324,22
332,324,22
332,324,22
332,324,22
332,324,22
332,324,22
332,324,22
332,324,22
332,324,22
332,324,22
332,324,22
332,324,22
332,324,22
332,324,22
332,324,22
332,324,22
332,324,22
332,324,22
332,324,22
332,324,22
332,324,22
332,324,22
332,324,22
332,324,22
332,324,22
332,324,22
332,324,22
332,324,22
332,324,22
332,324,22
332,324,22
332,324,22
332,324,22
332,324,22
332,4,22
332,4,22
332,4,22
332,4,22
332,4,22
332,4,22
332,4,22
332,4,22
332,4,22
332,4,22
332,4,22
332,4,22
332,4,22
332,4,22
332,4,22
332,4,22
