true_pos,obs_pos,true_var
37,26,22
34,26,22
32,26,22
32,26,22
30,26,22
31,26,22
32,26,22
31,26,22
31,26,22
30,38,22
29,38,22
28,38,22
26,38,22
26,38,22
29,38,22
30,38,22
25,38,22
23,38,22
21,38,22
17,38,22
15,38,22
14,38,22
14,38,22
14,38,22
14,38,22
13,38,22
13,38,22
15,38,22
14,38,22
18,54,22
13,54,22
10,54,22
10,54,22
11,54,22
8,54,22
6,54,22
10,54,22
10,54,22
10,54,22
11,54,22
8,54,22
9,54,22
12,54,22
11,54,22
11,54,22
10,54,22
15,54,22
19,54,22
19,54,22
17,54,22
16,54,22
15,54,22
15,54,22
10,54,22
11,54,22
8,54,22
8,54,22
8,54,22
8,54,22
9,54,22
11,54,22
14,54,22
14,54,22
15,54,22
19,54,22
20,54,22
19,54,22
19,54,22
19,54,22
23,54,22
24,54,22
23,54,22
24,54,22
26,54,22
26,54,22
27,54,22
27,54,22
27,54,22
31,61,22
32,61,22
33,61,22
33,61,22
32,61,22
27,61,22
26,61,22
26,61,22
22,61,22
22,61,22
20,61,22
21,61,22
22,61,22
20,61,22
21,61,22
21,61,22
28,61,22
25,61,22
28,61,22
30,61,22
32,61,22
33,61,22
34,61,22
33,61,22
30,61,22
31,61,22
31,61,22
32,61,22
35,61,22
33,61,22
31,61,22
32,61,22
30,61,22
29,61,22
31,29,22
28,29,22
27,29,22
24,29,22
24,29,22
27,29,22
27,29,22
26,57,22
27,57,22
30,57,22
28,57,22
25,57,22
21,57,22
19,57,22
17,57,22
17,57,22
17,57,22
16,57,22
17,57,22
19,57,22
16,358,22
19,358,22
21,358,22
17,358,22
14,358,22
12,358,22
15,358,22
14,358,22
14,358,22
16,358,22
14,358,22
13,45,22
14,45,22
12,45,22
14,45,22
13,45,22
15,45,22
15,45,22
18,45,22
17,45,22
16,45,22
16,45,22
15,45,22
18,45,22
16,45,22
16,336,22
15,336,22
13,336,22
13,336,22
12,336,22
11,336,22
11,336,22
9,336,22
12,336,22
16,336,22
15,336,22
12,336,22
13,336,22
12,336,22
15,336,22
15,336,22
14,336,22
13,336,22
12,336,22
12,336,22
10,336,22
11,336,22
11,336,22
11,336,22
7,336,22
6,336,22
7,336,22
5,336,22
6,336,22
9,336,22
7,336,22
8,336,22
7,336,22
8,336,22
9,336,22
13,336,22
12,336,22
13,336,22
11,336,22
7,336,22
6,336,22
5,336,22
7,336,22
6,336,22
5,350,22
5,350,22
1,350,22
1,350,22
355,350,22
356,350,22
356,350,22
357,350,22
356,350,22
354,350,22
352,350,22
348,351,22
349,351,22
349,351,22
348,351,22
345,351,22
347,351,22
351,351,22
351,351,22
351,351,22
356,351,22
356,350,22
358,350,22
356,350,22
359,350,22
359,350,22
2,350,22
4,350,22
4,350,22
6,350,22
6,350,22
7,350,22
7,350,22
10,350,22
10,350,22
9,350,22
12,350,22
14,350,22
14,350,22
13,350,22
13,350,22
11,350,22
13,350,22
11,350,22
8,350,22
6,350,22
9,350,22
11,350,22
12,350,22
13,350,22
12,350,22
7,350,22
8,350,22
6,350,22
9,350,22
6,350,22
2,350,22
3,350,22
3,350,22
6,350,22
8,350,22
5,350,22
4,350,22
7,350,22
5,350,22
4,350,22
6,350,22
6,350,22
8,350,22
7,350,22
8,350,22
9,17,22
10,17,22
12,17,22
13,17,22
13,17,22
14,17,22
14,17,22
13,17,22
14,17,22
13,17,22
14,17,22
14,17,22
16,17,22
16,17,22
18,17,22
18,17,22
15,17,22
15,17,22
15,17,22
11,17,22
13,17,22
16,17,22
14,17,22
11,17,22
11,17,22
9,17,22
6,17,22
7,25,22
10,25,22
11,25,22
13,25,22
14,25,22
17,25,22
15,25,22
17,25,22
16,25,22
16,25,22
17,25,22
17,25,22
19,25,22
17,25,22
14,25,22
15,25,22
14,25,22
12,25,22
8,25,22
9,25,22
11,25,22
11,25,22
12,25,22
15,26,22
13,26,22
12,26,22
15,26,22
14,26,22
17,26,22
19,26,22
19,26,22
19,26,22
20,26,22
23,26,22
23,26,22
25,26,22
25,26,22
24,26,22
27,26,22
27,26,22
25,26,22
27,26,22
26,26,22
27,26,22
27,26,22
28,26,22
30,26,22
31,26,22
32,26,22
31,26,22
30,26,22
26,26,22
26,23,22
24,23,22
24,23,22
22,23,22
21,23,22
20,23,22
23,23,22
25,23,22
22,23,22
25,23,22
22,23,22
22,23,22
21,23,22
22,17,22
21,17,22
24,17,22
23,17,22
23,17,22
23,17,22
21,17,22
21,17,22
21,17,22
22,17,22
20,17,22
18,17,22
13,17,22
14,17,22
13,17,22
11,17,22
13,17,22
15,17,22
14,17,22
11,17,22
12,17,22
14,17,22
10,17,22
11,17,22
11,17,22
11,17,22
13,17,22
14,17,22
14,17,22
12,17,22
9,17,22
10,17,22
10,17,22
9,17,22
8,17,22
7,17,22
7,10,22
3,10,22
0,10,22
4,10,22
1,10,22
359,10,22
2,10,22
1,10,22
2,10,22
3,10,22
0,10,22
358,10,22
357,10,22
358,10,22
356,10,22
355,10,22
355,10,22
357,10,22
355,10,22
355,10,22
353,10,22
350,10,22
350,10,22
350,10,22
345,10,22
340,10,22
343,10,22
344,10,22
345,10,22
345,10,22
346,10,22
345,10,22
349,2,22
348,2,22
348,2,22
353,2,22
356,2,22
358,2,22
357,2,22
1,2,22
5,2,22
5,2,22
7,2,22
10,2,22
13,2,22
16,2,22
15,2,22
14,2,22
14,2,22
13,2,22
16,2,22
17,2,22
19,2,22
19,2,22
19,2,22
18,2,22
14,2,22
14,2,22
14,2,22
16,2,22
17,2,22
20,2,22
21,2,22
22,2,22
20,17,22
19,17,22
18,17,22
19,17,22
19,17,22
17,17,22
15,359,22
15,359,22
17,359,22
18,359,22
20,359,22
23,359,22
22,359,22
24,359,22
25,359,22
24,359,22
25,359,22
27,359,22
22,359,22
21,359,22
21,359,22
23,359,22
24,359,22
21,359,22
22,359,22
21,359,22
24,30,22
25,30,22
24,30,22
24,30,22
24,30,22
21,30,22
23,30,22
23,30,22
24,30,22
26,30,22
25,30,22
23,30,22
19,30,22
17,30,22
18,30,22
16,30,22
20,18,22
21,18,22
24,18,22
24,18,22
23,18,22
24,18,22
20,18,22
24,18,22
26,18,22
30,18,22
32,18,22
34,18,22
31,18,22
28,18,22
29,18,22
29,18,22
27,18,22
27,18,22
30,18,22
31,18,22
33,28,22
26,28,22
23,28,22
25,28,22
22,28,22
23,28,22
22,28,22
20,28,22
18,28,22
16,28,22
14,347,22
15,347,22
15,347,22
11,347,22
11,347,22
7,347,22
7,7,22
5,7,22
3,7,22
2,7,22
1,7,22
3,7,22
3,7,22
2,7,22
5,7,22
359,7,22
0,7,22
1,7,22
4,7,22
1,7,22
0,7,22
3,7,22
4,7,22
2,7,22
1,7,22
359,7,22
0,7,22
358,7,22
357,7,22
358,7,22
358,7,22
359,7,22
3,7,22
3,7,22
359,333,22
2,333,22
4,333,22
5,333,22
5,333,22
4,333,22
3,333,22
1,333,22
0,333,22
358,333,22
357,346,22
355,346,22
358,346,22
0,346,22
357,346,22
358,346,22
359,346,22
0,346,22
0,346,22
359,346,22
1,346,22
1,346,22
359,346,22
358,346,22
359,346,22
356,346,22
359,346,22
358,346,22
356,331,22
356,331,22
355,331,22
353,331,22
353,331,22
354,331,22
357,331,22
356,331,22
356,331,22
355,331,22
354,331,22
353,331,22
357,331,22
355,331,22
355,331,22
352,331,22
352,331,22
352,331,22
353,331,22
357,357,22
358,357,22
359,357,22
3,357,22
4,357,22
3,357,22
5,336,22
5,336,22
5,336,22
6,336,22
6,336,22
8,336,22
9,336,22
7,336,22
8,336,22
7,336,22
10,336,22
11,19,22
14,19,22
15,19,22
16,19,22
16,19,22
18,19,22
20,19,22
17,19,22
17,19,22
16,19,22
20,19,22
19,21,22
21,21,22
24,21,22
22,21,22
25,21,22
22,21,22
25,21,22
24,21,22
26,21,22
30,21,22
26,21,22
29,21,22
27,21,22
24,21,22
25,21,22
22,21,22
24,21,22
24,21,22
23,21,22
24,21,22
26,21,22
26,21,22
27,21,22
27,21,22
25,21,22
26,21,22
28,21,22
27,21,22
26,21,22
26,21,22
27,21,22
26,21,22
21,21,22
22,21,22
24,21,22
25,21,22
30,21,22
26,21,22
27,21,22
27,21,22
27,21,22
31,21,22
26,357,22
25,357,22
21,357,22
20,357,22
23,357,22
20,357,22
17,357,22
18,357,22
19,357,22
20,357,22
21,357,22
19,357,22
17,357,22
19,12,22
20,12,22
21,12,22
16,12,22
16,12,22
18,12,22
18,12,22
19,12,22
21,12,22
27,12,22
28,12,22
24,12,22
24,12,22
25,12,22
26,12,22
28,12,22
29,12,22
28,12,22
28,12,22
29,12,22
30,12,22
31,12,22
30,12,22
27,12,22
27,12,22
23,12,22
22,12,22
24,12,22
25,12,22
25,12,22
24,12,22
21,12,22
22,12,22
22,12,22
22,12,22
24,12,22
28,12,22
26,12,22
21,12,22
20,12,22
21,12,22
19,12,22
23,12,22
26,12,22
23,12,22
22,29,22
22,29,22
16,29,22
16,29,22
18,29,22
18,29,22
18,29,22
15,29,22
17,29,22
15,29,22
15,29,22
18,29,22
19,29,22
14,29,22
14,29,22
13,29,22
11,29,22
12,29,22
10,29,22
10,29,22
9,29,22
8,29,22
3,29,22
359,29,22
1,29,22
359,29,22
0,29,22
358,29,22
358,29,22
358,29,22
358,29,22
358,29,22
356,29,22
355,29,22
355,29,22
356,29,22
359,29,22
0,29,22
0,29,22
0,29,22
2,29,22
4,29,22
5,29,22
5,13,22
3,13,22
2,13,22
4,13,22
5,13,22
5,13,22
7,354,22
8,354,22
11,354,22
12,354,22
11,354,22
11,354,22
8,354,22
8,354,22
7,354,22
8,354,22
4,354,22
1,354,22
0,354,22
1,354,22
4,354,22
1,354,22
0,23,22
2,23,22
1,23,22
0,23,22
3,23,22
4,23,22
3,23,22
4,23,22
2,23,22
1,23,22
359,23,22
359,23,22
357,23,22
357,23,22
1,23,22
2,317,22
3,317,22
2,317,22
359,317,22
0,317,22
355,317,22
355,317,22
353,317,22
351,317,22
350,317,22
348,317,22
346,317,22
348,317,22
348,317,22
349,317,22
348,317,22
350,317,22
351,322,22
349,322,22
345,322,22
345,322,22
345,322,22
347,322,22
348,322,22
349,322,22
349,322,22
351,322,22
353,322,22
355,322,22
355,322,22
356,322,22
357,322,22
0,322,22
0,322,22
1,322,22
5,322,22
2,322,22
1,322,22
6,322,22
10,322,22
10,322,22
11,322,22
7,322,22
9,322,22
13,322,22
15,322,22
16,322,22
16,322,22
18,322,22
21,322,22
21,322,22
20,322,22
17,322,22
20,322,22
17,322,22
14,322,22
15,322,22
14,322,22
12,322,22
8,322,22
9,322,22
9,322,22
6,322,22
7,322,22
8,322,22
7,322,22
9,322,22
7,322,22
4,322,22
7,322,22
7,322,22
7,322,22
4,322,22
3,24,22
4,24,22
1,24,22
359,24,22
1,24,22
359,24,22
1,24,22
3,24,22
0,24,22
3,24,22
2,24,22
6,24,22
7,24,22
5,24,22
9,10,22
8,10,22
4,10,22
5,10,22
7,10,22
8,10,22
9,10,22
10,10,22
13,10,22
14,10,22
12,10,22
13,10,22
14,10,22
16,10,22
16,10,22
15,10,22
14,10,22
13,10,22
14,10,22
16,10,22
14,10,22
15,10,22
19,10,22
18,10,22
21,10,22
19,10,22
16,10,22
17,10,22
18,10,22
23,10,22
23,10,22
24,10,22
25,10,22
28,10,22
27,10,22
28,10,22
27,10,22
26,10,22
27,10,22
26,10,22
27,10,22
27,10,22
24,10,22
22,10,22
20,10,22
18,10,22
22,10,22
21,10,22
23,10,22
22,10,22
20,10,22
21,10,22
20,10,22
18,10,22
19,8,22
18,8,22
16,8,22
18,8,22
20,8,22
20,8,22
21,8,22
20,8,22
22,8,22
22,8,22
24,8,22
25,8,22
27,20,22
28,20,22
28,20,22
29,20,22
30,20,22
28,20,22
30,20,22
29,20,22
30,20,22
28,20,22
26,20,22
28,20,22
26,20,22
24,20,22
28,343,22
34,343,22
32,343,22
31,343,22
28,343,22
27,343,22
28,343,22
28,343,22
28,343,22
26,343,22
23,343,22
25,343,22
28,343,22
28,343,22
28,343,22
25,343,22
27,343,22
24,343,22
27,343,22
27,343,22
27,343,22
27,343,22
29,343,22
33,343,22
34,343,22
34,343,22
32,343,22
35,343,22
32,343,22
32,343,22
30,343,22
28,343,22
27,343,22
25,343,22
25,343,22
27,343,22
26,343,22
23,343,22
24,343,22
22,343,22
21,343,22
22,343,22
20,343,22
17,343,22
18,343,22
16,343,22
14,343,22
14,343,22
16,343,22
20,343,22
21,343,22
21,343,22
18,343,22
22,343,22
24,1,22
24,1,22
25,1,22
24,1,22
21,1,22
22,1,22
21,1,22
24,1,22
20,1,22
22,1,22
24,1,22
22,1,22
21,1,22
20,1,22
18,1,22
14,1,22
16,1,22
17,1,22
17,1,22
15,1,22
17,1,22
20,1,22
21,1,22
21,1,22
20,1,22
17,1,22
19,1,22
19,1,22
19,1,22
17,1,22
18,1,22
20,1,22
19,1,22
17,1,22
15,1,22
13,1,22
11,1,22
17,1,22
19,1,22
18,33,22
19,33,22
18,33,22
22,33,22
22,33,22
23,33,22
24,33,22
25,33,22
25,33,22
25,33,22
26,33,22
24,33,22
23,33,22
25,33,22
23,11,22
26,11,22
25,11,22
22,11,22
23,11,22
23,11,22
21,11,22
19,11,22
16,11,22
18,11,22
20,11,22
18,346,22
17,346,22
15,346,22
15,346,22
19,346,22
18,346,22
17,346,22
17,346,22
18,346,22
17,346,22
15,346,22
14,346,22
10,346,22
10,346,22
11,346,22
12,346,22
15,346,22
16,346,22
19,346,22
25,346,22
24,346,22
27,346,22
22,346,22
25,346,22
26,346,22
26,346,22
23,346,22
19,346,22
20,346,22
19,346,22
17,346,22
17,346,22
17,346,22
15,346,22
17,346,22
20,346,22
24,346,22
25,346,22
25,346,22
26,346,22
24,17,22
24,17,22
21,17,22
25,17,22
28,17,22
32,17,22
33,17,22
34,17,22
34,17,22
35,23,22
33,23,22
32,23,22
32,23,22
32,23,22
32,23,22
32,23,22
30,23,22
31,23,22
33,23,22
32,23,22
33,23,22
37,23,22
40,23,22
41,49,22
42,49,22
43,49,22
44,49,22
43,49,22
44,49,22
43,49,22
44,49,22
46,49,22
47,49,22
47,49,22
47,49,22
49,49,22
46,49,22
45,49,22
46,49,22
47,49,22
49,49,22
50,49,22
50,32,22
52,32,22
52,32,22
51,32,22
55,32,22
56,32,22
54,32,22
55,32,22
57,76,22
56,76,22
53,76,22
54,76,22
53,76,22
52,76,22
51,76,22
51,76,22
50,76,22
47,76,22
46,76,22
44,76,22
45,76,22
46,76,22
48,76,22
53,28,22
52,28,22
49,28,22
48,28,22
49,28,22
47,28,22
50,28,22
50,28,22
54,28,22
55,28,22
57,28,22
57,28,22
58,28,22
56,28,22
56,28,22
58,28,22
58,28,22
57,28,22
60,95,22
60,95,22
60,95,22
59,95,22
61,95,22
61,95,22
60,95,22
60,95,22
61,95,22
59,95,22
57,95,22
57,95,22
57,95,22
54,95,22
53,95,22
56,95,22
55,95,22
58,95,22
56,95,22
56,95,22
53,95,22
55,37,22
56,37,22
54,37,22
49,37,22
47,37,22
48,37,22
51,37,22
51,37,22
51,37,22
49,37,22
47,37,22
47,37,22
48,37,22
47,37,22
48,37,22
45,37,22
44,37,22
47,37,22
47,37,22
50,52,22
50,52,22
50,52,22
48,52,22
47,52,22
45,52,22
46,52,22
44,52,22
46,49,22
48,49,22
50,49,22
45,49,22
45,49,22
45,49,22
42,49,22
42,49,22
45,49,22
45,49,22
45,49,22
46,49,22
47,49,22
46,49,22
44,49,22
50,49,22
51,49,22
48,49,22
52,49,22
51,49,22
53,49,22
52,49,22
54,49,22
58,49,22
61,49,22
60,49,22
59,24,22
60,24,22
59,24,22
57,24,22
60,24,22
63,24,22
65,24,22
64,24,22
59,35,22
59,35,22
57,35,22
55,35,22
55,35,22
57,35,22
56,35,22
59,35,22
60,35,22
60,35,22
61,35,22
64,35,22
66,35,22
70,35,22
69,35,22
67,35,22
69,35,22
69,35,22
70,35,22
67,35,22
69,35,22
69,35,22
66,35,22
65,35,22
68,35,22
68,38,22
67,38,22
67,38,22
67,38,22
65,38,22
64,38,22
65,38,22
63,38,22
60,38,22
57,38,22
58,38,22
57,38,22
58,38,22
60,38,22
59,38,22
58,38,22
61,38,22
63,38,22
62,38,22
60,38,22
64,38,22
63,38,22
66,38,22
66,38,22
65,38,22
64,38,22
67,38,22
68,38,22
68,38,22
71,38,22
72,38,22
72,38,22
74,38,22
73,38,22
74,38,22
75,38,22
74,38,22
73,38,22
72,95,22
67,95,22
67,95,22
71,95,22
72,95,22
74,95,22
75,95,22
76,95,22
75,95,22
75,95,22
75,95,22
75,95,22
78,112,22
79,112,22
77,112,22
83,112,22
82,112,22
79,112,22
78,112,22
79,112,22
79,112,22
79,112,22
81,112,22
85,112,22
83,112,22
84,112,22
80,112,22
80,112,22
83,112,22
85,112,22
86,112,22
89,112,22
91,112,22
94,112,22
92,112,22
90,112,22
90,112,22
94,112,22
94,112,22
94,112,22
97,129,22
94,129,22
94,129,22
91,129,22
91,129,22
90,129,22
88,129,22
87,129,22
87,101,22
87,101,22
88,101,22
87,101,22
86,101,22
87,101,22
87,101,22
92,101,22
92,101,22
89,101,22
89,101,22
89,101,22
94,101,22
91,101,22
92,101,22
89,101,22
91,101,22
90,101,22
88,101,22
87,101,22
88,101,22
87,101,22
86,101,22
87,101,22
86,101,22
88,101,22
87,101,22
87,101,22
92,101,22
90,101,22
88,101,22
86,101,22
88,101,22
86,101,22
87,101,22
89,101,22
89,101,22
90,101,22
88,101,22
89,101,22
89,101,22
86,101,22
85,101,22
83,101,22
81,101,22
82,101,22
84,101,22
82,101,22
81,101,22
80,101,22
80,101,22
76,87,22
80,87,22
82,87,22
85,87,22
88,87,22
88,87,22
89,87,22
92,87,22
92,87,22
89,82,22
87,82,22
90,82,22
91,82,22
90,82,22
89,82,22
93,82,22
90,82,22
92,82,22
91,82,22
91,82,22
92,82,22
94,82,22
94,82,22
93,82,22
95,82,22
96,82,22
99,82,22
103,82,22
100,82,22
98,82,22
98,82,22
99,82,22
96,82,22
103,82,22
104,82,22
104,110,22
104,110,22
107,110,22
107,110,22
106,110,22
105,110,22
102,110,22
104,110,22
101,110,22
98,110,22
101,110,22
102,110,22
100,110,22
98,110,22
97,110,22
98,110,22
98,110,22
95,110,22
98,110,22
98,110,22
95,110,22
95,110,22
92,110,22
92,110,22
92,110,22
89,110,22
90,110,22
87,78,22
84,78,22
82,78,22
81,78,22
85,78,22
83,78,22
86,64,22
86,64,22
88,64,22
91,64,22
93,64,22
92,64,22
92,64,22
94,64,22
92,64,22
95,64,22
93,64,22
93,64,22
94,64,22
92,64,22
95,64,22
93,64,22
92,64,22
90,64,22
87,64,22
89,64,22
88,64,22
88,64,22
90,64,22
92,64,22
90,64,22
90,64,22
87,64,22
85,100,22
84,100,22
82,100,22
82,100,22
84,100,22
82,100,22
82,100,22
80,100,22
78,100,22
78,100,22
79,100,22
80,100,22
83,100,22
84,100,22
86,100,22
84,100,22
83,82,22
83,82,22
83,82,22
85,82,22
86,82,22
90,82,22
93,82,22
92,82,22
93,82,22
93,82,22
93,82,22
93,82,22
92,82,22
94,82,22
90,82,22
90,82,22
91,82,22
89,82,22
91,82,22
89,82,22
89,82,22
89,82,22
92,95,22
91,95,22
88,95,22
90,95,22
91,95,22
94,95,22
93,95,22
92,95,22
94,95,22
92,95,22
90,95,22
91,105,22
90,105,22
90,105,22
92,105,22
90,105,22
89,105,22
91,105,22
89,105,22
87,105,22
86,105,22
86,105,22
89,105,22
90,105,22
90,105,22
89,105,22
86,105,22
85,105,22
83,105,22
79,105,22
81,105,22
81,105,22
83,105,22
84,105,22
85,105,22
86,105,22
84,105,22
87,69,22
85,69,22
86,69,22
87,69,22
87,69,22
86,69,22
86,69,22
87,69,22
86,69,22
84,69,22
83,69,22
84,73,22
82,73,22
84,73,22
86,73,22
84,73,22
84,73,22
86,108,22
86,108,22
83,108,22
84,108,22
85,108,22
87,108,22
87,108,22
86,108,22
83,108,22
85,108,22
82,108,22
83,108,22
84,108,22
82,108,22
80,108,22
82,108,22
83,108,22
83,108,22
82,108,22
82,108,22
83,108,22
83,108,22
80,108,22
84,108,22
82,108,22
77,108,22
76,108,22
79,108,22
78,108,22
80,108,22
80,108,22
81,108,22
80,66,22
77,66,22
78,66,22
77,66,22
77,66,22
77,66,22
80,66,22
79,66,22
79,66,22
77,66,22
72,66,22
68,66,22
69,66,22
66,66,22
67,72,22
67,72,22
68,72,22
69,72,22
66,72,22
68,72,22
67,72,22
65,72,22
66,72,22
66,72,22
62,72,22
60,72,22
59,52,22
56,52,22
55,52,22
58,52,22
58,52,22
53,52,22
56,52,22
57,52,22
60,52,22
59,52,22
62,52,22
62,52,22
58,52,22
59,52,22
59,52,22
62,52,22
63,52,22
66,52,22
66,52,22
70,52,22
66,52,22
65,52,22
63,52,22
61,52,22
60,79,22
62,79,22
62,79,22
63,79,22
63,79,22
64,79,22
62,79,22
59,79,22
57,79,22
60,79,22
58,79,22
58,82,22
57,82,22
59,82,22
60,82,22
61,82,22
59,82,22
57,82,22
60,82,22
61,82,22
58,82,22
56,82,22
57,82,22
57,82,22
61,90,22
57,90,22
56,90,22
55,90,22
53,90,22
53,90,22
53,90,22
53,90,22
54,90,22
54,90,22
52,90,22
50,90,22
52,90,22
51,52,22
50,52,22
45,52,22
44,52,22
45,52,22
46,52,22
45,52,22
45,52,22
45,52,22
45,48,22
48,48,22
48,48,22
48,48,22
48,48,22
48,48,22
48,48,22
48,48,22
48,48,22
49,48,22
49,48,22
48,48,22
50,48,22
49,46,22
49,46,22
53,46,22
52,46,22
53,46,22
49,46,22
49,76,22
48,76,22
44,76,22
45,76,22
45,76,22
47,76,22
47,73,22
47,73,22
48,73,22
45,73,22
45,73,22
50,73,22
51,73,22
49,73,22
53,73,22
52,73,22
51,73,22
50,73,22
51,73,22
50,73,22
49,73,22
50,49,22
49,49,22
49,49,22
48,49,22
45,49,22
44,49,22
46,49,22
43,49,22
43,49,22
45,49,22
43,42,22
40,42,22
41,42,22
43,42,22
42,42,22
45,42,22
44,42,22
46,42,22
48,34,22
50,34,22
49,34,22
48,34,22
45,34,22
46,34,22
47,34,22
50,34,22
49,34,22
51,34,22
45,34,22
46,34,22
47,34,22
48,34,22
47,34,22
52,34,22
51,34,22
50,34,22
51,34,22
51,34,22
51,34,22
53,34,22
50,34,22
48,34,22
47,34,22
44,34,22
44,34,22
44,34,22
44,34,22
44,34,22
42,34,22
42,34,22
44,34,22
45,34,22
44,34,22
44,34,22
44,37,22
45,37,22
42,37,22
40,37,22
43,37,22
40,37,22
35,37,22
33,37,22
32,37,22
33,37,22
33,37,22
32,37,22
34,37,22
35,37,22
35,37,22
30,37,22
29,37,22
27,37,22
26,37,22
24,37,22
24,37,22
30,37,22
31,37,22
34,37,22
36,37,22
36,37,22
35,37,22
33,37,22
34,37,22
31,37,22
34,37,22
37,37,22
37,37,22
38,37,22
38,37,22
38,37,22
38,37,22
41,37,22
42,37,22
43,37,22
47,44,22
48,44,22
47,44,22
47,44,22
47,44,22
49,44,22
50,44,22
57,44,22
58,44,22
55,44,22
56,45,22
52,45,22
52,45,22
49,45,22
49,45,22
49,45,22
48,45,22
49,45,22
50,45,22
49,45,22
47,45,22
49,45,22
52,45,22
49,45,22
46,45,22
47,45,22
47,45,22
46,45,22
43,45,22
42,45,22
43,45,22
44,45,22
43,45,22
43,45,22
42,45,22
40,31,22
43,31,22
43,31,22
45,31,22
49,31,22
49,31,22
52,31,22
54,31,22
56,31,22
57,31,22
54,85,22
55,85,22
54,85,22
56,85,22
58,85,22
60,85,22
63,85,22
66,85,22
67,85,22
67,85,22
66,80,22
65,80,22
63,80,22
63,80,22
62,80,22
62,80,22
62,80,22
61,80,22
60,63,22
60,63,22
61,63,22
60,63,22
63,63,22
61,63,22
64,63,22
64,63,22
64,63,22
66,63,22
66,63,22
64,63,22
62,63,22
62,63,22
60,63,22
58,63,22
56,63,22
55,63,22
55,63,22
56,63,22
56,63,22
57,63,22
55,63,22
56,63,22
55,63,22
53,63,22
54,63,22
50,63,22
51,63,22
52,63,22
54,63,22
54,63,22
54,63,22
53,63,22
53,63,22
54,63,22
51,63,22
50,63,22
49,63,22
48,63,22
48,63,22
45,63,22
46,63,22
47,63,22
46,63,22
45,63,22
49,63,22
50,63,22
52,63,22
49,63,22
52,58,22
53,58,22
56,58,22
54,58,22
53,58,22
56,58,22
53,58,22
54,58,22
53,58,22
52,58,22
54,58,22
54,58,22
56,58,22
57,58,22
57,58,22
58,58,22
58,58,22
60,58,22
58,58,22
56,58,22
57,58,22
56,58,22
57,58,22
59,58,22
58,58,22
56,58,22
58,58,22
58,58,22
61,58,22
61,58,22
60,58,22
63,58,22
59,58,22
61,58,22
61,58,22
64,58,22
68,58,22
73,58,22
73,58,22
76,58,22
76,58,22
75,58,22
74,58,22
73,58,22
73,58,22
73,76,22
75,76,22
76,76,22
77,76,22
77,76,22
76,76,22
82,76,22
84,76,22
85,76,22
87,76,22
87,76,22
88,76,22
87,76,22
87,76,22
89,76,22
90,76,22
95,76,22
95,76,22
97,76,22
96,76,22
99,76,22
99,76,22
98,76,22
101,76,22
101,76,22
105,76,22
104,76,22
103,102,22
104,102,22
103,102,22
103,102,22
103,102,22
99,102,22
98,102,22
96,102,22
97,102,22
96,102,22
99,102,22
98,102,22
96,102,22
97,102,22
96,102,22
98,102,22
99,102,22
104,106,22
105,106,22
109,106,22
107,106,22
105,106,22
107,106,22
107,106,22
108,106,22
109,106,22
112,106,22
111,106,22
114,106,22
113,106,22
113,106,22
115,106,22
117,106,22
118,106,22
120,106,22
121,106,22
120,104,22
118,104,22
117,104,22
117,104,22
119,104,22
118,104,22
121,126,22
119,126,22
119,126,22
119,126,22
120,126,22
121,126,22
120,126,22
122,126,22
122,168,22
120,168,22
122,168,22
124,168,22
121,168,22
116,168,22
117,139,22
116,139,22
116,139,22
115,139,22
113,139,22
115,139,22
114,139,22
113,139,22
112,139,22
117,139,22
118,139,22
114,139,22
110,139,22
110,139,22
114,139,22
113,139,22
112,139,22
112,139,22
114,139,22
112,139,22
111,139,22
110,139,22
110,139,22
114,139,22
113,139,22
112,139,22
113,139,22
110,139,22
112,139,22
114,139,22
113,139,22
114,139,22
112,139,22
112,139,22
115,139,22
115,139,22
117,139,22
119,139,22
122,139,22
123,139,22
124,139,22
120,139,22
120,139,22
118,139,22
115,139,22
114,139,22
112,139,22
113,139,22
111,139,22
112,139,22
115,140,22
117,140,22
117,140,22
112,140,22
112,140,22
114,140,22
114,140,22
114,140,22
114,127,22
111,127,22
113,127,22
110,127,22
111,127,22
111,127,22
112,127,22
110,127,22
109,127,22
106,127,22
105,127,22
109,127,22
107,127,22
108,127,22
106,127,22
107,127,22
109,127,22
112,127,22
115,127,22
116,127,22
118,127,22
121,127,22
117,127,22
114,127,22
115,147,22
114,147,22
116,147,22
117,147,22
117,147,22
117,147,22
115,116,22
114,116,22
114,116,22
115,116,22
113,116,22
116,116,22
118,116,22
121,116,22
122,116,22
120,116,22
125,116,22
126,116,22
129,116,22
130,116,22
132,116,22
132,116,22
128,116,22
130,116,22
128,116,22
123,116,22
125,116,22
124,116,22
124,116,22
122,116,22
122,116,22
121,116,22
124,116,22
124,116,22
123,116,22
126,116,22
125,116,22
126,116,22
128,116,22
131,116,22
130,116,22
130,116,22
131,116,22
129,116,22
127,116,22
129,116,22
127,104,22
124,104,22
123,104,22
123,104,22
124,104,22
129,104,22
126,104,22
126,104,22
126,104,22
124,104,22
119,104,22
120,104,22
120,104,22
121,104,22
120,104,22
120,104,22
117,104,22
116,104,22
115,104,22
115,104,22
117,104,22
119,104,22
118,104,22
119,104,22
120,104,22
121,104,22
122,98,22
121,98,22
117,98,22
120,98,22
120,98,22
122,98,22
120,98,22
118,98,22
119,98,22
119,98,22
121,98,22
121,98,22
120,98,22
122,98,22
118,98,22
117,98,22
120,98,22
117,98,22
115,98,22
113,91,22
114,91,22
115,91,22
115,91,22
119,91,22
121,91,22
120,91,22
122,91,22
127,91,22
127,91,22
131,91,22
128,91,22
128,91,22
126,91,22
126,91,22
126,91,22
121,91,22
125,91,22
123,91,22
123,91,22
123,91,22
122,91,22
125,91,22
125,91,22
124,91,22
127,91,22
128,91,22
130,91,22
131,91,22
133,91,22
135,190,22
131,190,22
132,190,22
131,190,22
133,190,22
134,190,22
133,190,22
132,190,22
130,190,22
133,190,22
134,190,22
134,190,22
139,190,22
139,190,22
141,190,22
139,190,22
138,190,22
139,190,22
139,190,22
140,190,22
140,190,22
140,190,22
139,190,22
137,190,22
133,190,22
130,190,22
130,136,22
128,136,22
123,136,22
125,136,22
128,136,22
127,136,22
125,136,22
123,136,22
124,136,22
125,136,22
126,136,22
126,126,22
124,126,22
122,126,22
119,126,22
122,126,22
122,126,22
118,126,22
119,126,22
120,126,22
122,126,22
122,126,22
124,126,22
126,126,22
127,126,22
130,171,22
130,171,22
132,171,22
128,171,22
127,171,22
127,171,22
127,171,22
126,171,22
121,171,22
124,171,22
129,171,22
129,171,22
132,171,22
134,121,22
135,121,22
136,121,22
139,121,22
137,121,22
138,121,22
140,121,22
138,121,22
139,121,22
139,121,22
136,121,22
137,121,22
135,121,22
135,121,22
136,121,22
137,121,22
136,121,22
133,121,22
132,121,22
132,121,22
134,121,22
132,121,22
133,121,22
133,121,22
134,121,22
133,121,22
132,121,22
131,121,22
130,121,22
135,121,22
140,121,22
138,121,22
143,121,22
143,121,22
143,121,22
144,121,22
143,121,22
139,121,22
137,121,22
138,121,22
135,121,22
133,121,22
131,121,22
131,121,22
132,121,22
131,152,22
130,152,22
133,152,22
137,152,22
137,152,22
137,152,22
138,152,22
134,152,22
134,152,22
135,152,22
134,152,22
137,124,22
138,124,22
139,124,22
141,124,22
139,124,22
136,124,22
132,124,22
134,124,22
133,124,22
134,124,22
135,124,22
138,124,22
138,124,22
138,124,22
139,124,22
145,124,22
147,124,22
145,124,22
145,124,22
148,124,22
146,124,22
144,124,22
144,124,22
144,124,22
146,124,22
149,124,22
148,188,22
146,188,22
148,188,22
147,188,22
146,188,22
145,188,22
143,188,22
144,188,22
141,162,22
142,162,22
142,162,22
145,162,22
145,162,22
148,162,22
150,162,22
149,162,22
148,162,22
152,162,22
154,162,22
154,162,22
151,162,22
151,162,22
145,162,22
144,162,22
142,162,22
142,162,22
143,162,22
140,162,22
141,162,22
146,162,22
144,162,22
142,162,22
142,162,22
142,162,22
146,162,22
149,162,22
150,162,22
150,162,22
150,162,22
150,162,22
149,162,22
152,162,22
153,162,22
152,162,22
154,162,22
157,162,22
159,162,22
159,162,22
160,162,22
157,162,22
159,162,22
152,162,22
149,162,22
146,162,22
145,162,22
148,162,22
147,123,22
147,123,22
146,123,22
147,123,22
146,123,22
145,123,22
143,123,22
141,123,22
144,123,22
141,123,22
139,123,22
139,123,22
140,123,22
138,123,22
140,123,22
140,166,22
143,166,22
145,166,22
143,166,22
142,166,22
146,166,22
147,166,22
147,166,22
142,166,22
140,166,22
141,166,22
144,166,22
145,166,22
143,166,22
140,166,22
138,166,22
137,166,22
137,166,22
135,166,22
134,166,22
133,166,22
131,166,22
128,166,22
127,166,22
129,166,22
127,166,22
125,166,22
121,166,22
119,166,22
119,166,22
118,166,22
119,166,22
116,166,22
120,114,22
123,114,22
127,114,22
127,114,22
131,114,22
133,114,22
135,114,22
133,114,22
132,114,22
136,114,22
137,114,22
141,114,22
142,114,22
143,114,22
141,114,22
145,114,22
150,114,22
153,114,22
154,135,22
155,135,22
153,135,22
152,135,22
152,135,22
155,135,22
153,135,22
153,132,22
151,132,22
154,132,22
152,132,22
154,132,22
153,132,22
153,132,22
157,132,22
159,132,22
155,132,22
155,132,22
155,132,22
151,132,22
150,132,22
153,132,22
154,132,22
153,132,22
156,132,22
160,132,22
159,132,22
157,132,22
155,132,22
157,132,22
158,161,22
157,161,22
158,161,22
154,161,22
154,161,22
154,161,22
155,161,22
149,161,22
150,161,22
150,161,22
150,161,22
152,161,22
150,161,22
149,195,22
148,195,22
147,195,22
151,195,22
151,195,22
150,195,22
149,195,22
147,195,22
149,195,22
151,195,22
152,195,22
151,195,22
150,195,22
151,195,22
152,195,22
149,195,22
148,195,22
150,195,22
151,195,22
149,195,22
151,195,22
154,195,22
153,195,22
156,195,22
151,175,22
156,175,22
159,175,22
158,175,22
162,175,22
162,175,22
160,175,22
160,175,22
156,175,22
158,175,22
158,175,22
154,175,22
154,175,22
157,175,22
154,175,22
153,175,22
152,175,22
152,175,22
153,175,22
152,175,22
155,175,22
156,182,22
157,182,22
159,182,22
160,182,22
159,182,22
159,182,22
156,182,22
155,182,22
155,182,22
156,182,22
156,190,22
156,190,22
158,190,22
160,190,22
162,190,22
166,190,22
165,190,22
164,190,22
162,190,22
163,190,22
163,190,22
159,190,22
159,190,22
160,190,22
160,190,22
158,190,22
158,190,22
156,190,22
155,190,22
155,190,22
158,190,22
162,190,22
161,190,22
159,176,22
159,176,22
160,176,22
160,176,22
161,176,22
162,176,22
163,176,22
163,176,22
162,176,22
162,176,22
162,176,22
163,176,22
164,176,22
164,176,22
167,176,22
166,176,22
165,176,22
164,176,22
167,176,22
163,176,22
162,176,22
163,176,22
164,176,22
166,176,22
168,176,22
169,139,22
174,139,22
174,139,22
170,139,22
169,139,22
168,139,22
168,139,22
163,139,22
166,139,22
167,190,22
168,190,22
167,190,22
163,190,22
164,190,22
164,190,22
165,190,22
161,190,22
161,190,22
163,190,22
163,190,22
163,190,22
167,190,22
169,190,22
169,190,22
170,190,22
170,190,22
170,190,22
169,190,22
168,190,22
167,190,22
169,190,22
168,190,22
166,190,22
167,190,22
167,190,22
166,190,22
165,190,22
164,190,22
166,190,22
166,190,22
169,190,22
168,190,22
165,190,22
166,190,22
168,190,22
166,190,22
164,190,22
163,190,22
164,190,22
163,190,22
163,190,22
164,190,22
163,190,22
159,190,22
160,190,22
161,190,22
159,165,22
163,165,22
164,165,22
166,165,22
164,165,22
163,165,22
165,165,22
163,165,22
164,165,22
163,165,22
165,165,22
165,165,22
163,165,22
161,165,22
163,165,22
162,165,22
160,165,22
159,165,22
163,165,22
165,165,22
165,165,22
168,165,22
168,165,22
167,165,22
168,165,22
169,165,22
169,165,22
171,165,22
170,165,22
164,165,22
164,165,22
162,165,22
161,165,22
161,165,22
161,165,22
163,165,22
164,165,22
165,165,22
166,165,22
167,165,22
169,165,22
168,165,22
165,165,22
166,165,22
166,165,22
167,165,22
168,165,22
168,184,22
166,184,22
163,184,22
164,184,22
164,184,22
166,184,22
166,193,22
167,193,22
165,193,22
165,193,22
164,193,22
162,193,22
161,193,22
161,193,22
162,193,22
161,193,22
163,193,22
162,155,22
162,155,22
160,155,22
162,155,22
157,155,22
159,155,22
159,155,22
159,155,22
160,155,22
164,155,22
160,155,22
161,155,22
164,155,22
163,155,22
162,155,22
158,155,22
157,155,22
154,155,22
153,155,22
154,155,22
152,155,22
152,155,22
151,155,22
151,155,22
153,155,22
152,155,22
154,155,22
155,155,22
155,155,22
158,155,22
152,160,22
153,160,22
152,160,22
154,160,22
154,160,22
157,160,22
152,160,22
155,160,22
155,159,22
156,159,22
156,159,22
157,159,22
161,159,22
162,159,22
162,159,22
160,159,22
161,159,22
162,159,22
159,159,22
162,159,22
160,159,22
156,159,22
157,159,22
157,159,22
154,159,22
159,151,22
159,151,22
160,151,22
159,151,22
158,151,22
157,151,22
155,151,22
152,151,22
150,179,22
147,179,22
148,179,22
149,179,22
147,179,22
146,179,22
148,179,22
149,179,22
146,179,22
146,179,22
148,179,22
146,179,22
146,179,22
146,179,22
150,179,22
149,179,22
151,179,22
149,179,22
151,179,22
154,179,22
154,179,22
155,126,22
151,126,22
143,126,22
145,126,22
146,126,22
145,126,22
144,126,22
143,126,22
141,126,22
143,126,22
143,126,22
143,121,22
142,121,22
143,121,22
143,121,22
143,121,22
141,121,22
139,121,22
140,121,22
143,121,22
144,121,22
146,121,22
143,121,22
144,121,22
144,121,22
142,121,22
140,121,22
139,121,22
141,121,22
143,121,22
144,121,22
145,121,22
146,121,22
143,121,22
145,121,22
147,121,22
146,121,22
145,121,22
147,121,22
147,121,22
148,121,22
149,121,22
147,121,22
146,121,22
148,121,22
147,121,22
147,121,22
148,121,22
151,121,22
151,121,22
153,121,22
156,121,22
158,121,22
157,121,22
161,121,22
166,121,22
169,121,22
169,121,22
167,121,22
162,121,22
164,121,22
165,121,22
164,121,22
168,121,22
170,121,22
170,121,22
171,121,22
170,121,22
167,121,22
171,121,22
167,187,22
168,187,22
167,187,22
165,187,22
163,187,22
161,187,22
163,187,22
164,158,22
163,158,22
164,158,22
165,158,22
168,158,22
168,158,22
170,158,22
169,158,22
172,158,22
170,158,22
173,158,22
171,183,22
173,183,22
172,183,22
172,183,22
171,183,22
169,183,22
167,183,22
166,183,22
166,183,22
165,183,22
166,183,22
169,183,22
169,183,22
169,171,22
168,171,22
165,171,22
168,171,22
167,171,22
170,171,22
170,171,22
170,171,22
174,171,22
176,171,22
179,171,22
177,171,22
176,171,22
176,171,22
175,171,22
175,171,22
176,171,22
174,171,22
172,171,22
172,171,22
172,171,22
173,171,22
174,171,22
177,171,22
178,171,22
180,171,22
178,171,22
178,171,22
178,171,22
178,171,22
177,171,22
178,171,22
181,171,22
183,171,22
184,171,22
183,171,22
183,171,22
181,171,22
184,171,22
183,231,22
182,231,22
182,231,22
184,231,22
186,231,22
188,231,22
186,231,22
186,231,22
186,231,22
189,231,22
188,231,22
187,231,22
185,231,22
182,231,22
180,195,22
185,195,22
186,195,22
186,195,22
189,195,22
185,195,22
186,171,22
184,171,22
183,171,22
178,171,22
179,171,22
178,171,22
181,171,22
179,171,22
179,156,22
180,156,22
177,156,22
177,156,22
176,156,22
175,156,22
177,156,22
175,156,22
176,156,22
173,156,22
174,156,22
173,156,22
170,156,22
172,156,22
172,156,22
170,156,22
170,156,22
172,156,22
168,156,22
168,156,22
168,156,22
168,156,22
169,156,22
168,156,22
171,156,22
171,156,22
171,156,22
172,156,22
169,156,22
172,156,22
169,156,22
170,156,22
170,156,22
168,156,22
171,156,22
171,156,22
173,156,22
177,156,22
176,156,22
176,156,22
178,156,22
179,195,22
179,195,22
179,195,22
183,195,22
181,195,22
183,195,22
182,195,22
183,195,22
181,195,22
180,195,22
180,220,22
177,220,22
179,220,22
177,220,22
176,220,22
173,220,22
176,220,22
179,220,22
180,174,22
181,174,22
179,174,22
179,174,22
184,174,22
183,174,22
181,174,22
182,174,22
180,174,22
181,174,22
185,174,22
181,174,22
180,174,22
175,174,22
176,174,22
176,175,22
177,175,22
176,175,22
178,175,22
179,175,22
179,175,22
177,175,22
176,175,22
175,175,22
175,175,22
174,175,22
175,175,22
177,175,22
177,175,22
175,175,22
176,175,22
179,175,22
180,175,22
183,175,22
182,175,22
179,175,22
179,175,22
180,175,22
181,175,22
180,175,22
178,175,22
180,175,22
182,175,22
182,175,22
182,175,22
179,175,22
178,175,22
176,175,22
172,175,22
173,175,22
172,175,22
172,175,22
169,175,22
173,175,22
173,175,22
170,175,22
170,175,22
167,175,22
164,175,22
164,175,22
164,175,22
164,175,22
166,175,22
166,175,22
163,175,22
163,175,22
164,175,22
163,175,22
162,175,22
163,158,22
158,158,22
159,158,22
161,158,22
161,158,22
161,158,22
160,158,22
161,163,22
165,163,22
165,163,22
166,163,22
163,163,22
164,163,22
160,163,22
159,163,22
159,163,22
154,163,22
152,163,22
152,163,22
155,163,22
155,163,22
152,163,22
152,163,22
152,163,22
150,163,22
151,163,22
153,163,22
153,163,22
153,163,22
157,163,22
157,163,22
158,163,22
158,163,22
155,163,22
156,163,22
157,163,22
155,163,22
153,163,22
150,163,22
147,163,22
147,163,22
149,163,22
147,163,22
146,163,22
145,163,22
147,163,22
149,163,22
149,163,22
148,163,22
146,163,22
146,163,22
145,163,22
142,163,22
136,163,22
138,163,22
138,163,22
142,163,22
142,163,22
143,163,22
141,163,22
141,163,22
141,163,22
139,130,22
142,130,22
143,130,22
145,130,22
144,130,22
145,130,22
149,130,22
146,130,22
143,130,22
141,130,22
144,130,22
147,130,22
147,130,22
146,130,22
147,130,22
142,130,22
146,130,22
145,130,22
144,130,22
145,130,22
145,130,22
149,130,22
149,130,22
150,130,22
152,130,22
150,130,22
150,130,22
150,130,22
150,130,22
157,130,22
154,130,22
153,130,22
155,130,22
154,130,22
156,130,22
153,130,22
151,147,22
149,147,22
148,147,22
147,147,22
148,147,22
142,147,22
139,147,22
138,147,22
142,147,22
143,147,22
144,147,22
144,147,22
143,147,22
141,147,22
143,147,22
145,147,22
146,147,22
146,147,22
146,147,22
143,147,22
142,147,22
142,147,22
142,147,22
146,147,22
147,147,22
147,147,22
150,147,22
153,147,22
153,147,22
151,147,22
150,153,22
152,153,22
152,153,22
150,153,22
149,153,22
151,153,22
150,153,22
144,153,22
144,153,22
144,153,22
145,153,22
143,153,22
141,153,22
140,153,22
144,164,22
145,164,22
143,164,22
147,164,22
146,164,22
146,164,22
146,164,22
144,164,22
143,164,22
140,164,22
141,164,22
138,164,22
141,164,22
141,164,22
140,164,22
139,164,22
138,120,22
138,120,22
137,120,22
140,120,22
140,120,22
138,120,22
139,120,22
138,120,22
137,120,22
138,147,22
135,147,22
141,147,22
140,147,22
144,147,22
143,147,22
143,147,22
145,147,22
142,147,22
143,147,22
139,147,22
139,147,22
145,147,22
144,147,22
145,147,22
144,167,22
144,167,22
142,167,22
142,167,22
142,167,22
141,167,22
141,167,22
140,167,22
142,167,22
141,167,22
140,167,22
141,167,22
142,167,22
142,167,22
140,167,22
142,167,22
140,167,22
144,167,22
142,167,22
145,167,22
143,167,22
142,167,22
140,167,22
137,167,22
135,167,22
134,167,22
131,167,22
131,167,22
132,167,22
135,167,22
136,167,22
138,167,22
140,167,22
141,167,22
138,167,22
141,167,22
140,125,22
137,125,22
139,125,22
138,125,22
137,125,22
134,125,22
135,125,22
136,125,22
134,125,22
134,125,22
135,125,22
136,125,22
141,125,22
142,125,22
140,125,22
140,125,22
141,125,22
137,125,22
138,125,22
137,125,22
138,125,22
140,125,22
140,125,22
140,125,22
139,125,22
139,125,22
138,125,22
139,125,22
140,125,22
139,125,22
139,125,22
137,125,22
138,125,22
139,125,22
140,125,22
139,125,22
138,125,22
139,125,22
139,133,22
139,133,22
140,133,22
140,133,22
142,133,22
139,133,22
139,133,22
137,133,22
137,146,22
135,146,22
139,146,22
137,146,22
139,146,22
139,146,22
139,146,22
142,146,22
140,146,22
139,146,22
141,146,22
142,146,22
139,146,22
139,146,22
139,146,22
141,146,22
136,146,22
136,146,22
138,146,22
136,146,22
135,146,22
136,146,22
135,136,22
134,136,22
136,136,22
136,136,22
136,136,22
137,136,22
133,136,22
135,136,22
133,136,22
134,136,22
134,136,22
137,136,22
136,136,22
134,136,22
134,136,22
134,136,22
135,136,22
136,136,22
135,136,22
137,136,22
138,136,22
137,136,22
134,115,22
134,115,22
132,115,22
136,115,22
135,115,22
134,115,22
134,115,22
133,115,22
133,115,22
130,115,22
130,115,22
130,115,22
130,115,22
132,115,22
132,115,22
129,115,22
128,115,22
125,115,22
124,115,22
125,115,22
129,115,22
131,115,22
130,115,22
129,115,22
132,115,22
134,115,22
138,115,22
138,115,22
137,160,22
134,160,22
136,160,22
139,160,22
143,160,22
142,160,22
143,160,22
144,160,22
144,160,22
143,160,22
142,160,22
143,160,22
142,160,22
140,160,22
141,160,22
143,160,22
144,160,22
142,160,22
143,160,22
147,160,22
147,160,22
144,160,22
144,160,22
145,160,22
146,160,22
148,160,22
147,160,22
150,160,22
148,160,22
146,160,22
148,160,22
150,160,22
148,160,22
148,160,22
148,160,22
148,160,22
147,160,22
148,160,22
148,160,22
150,160,22
154,160,22
153,160,22
151,172,22
147,172,22
146,172,22
144,172,22
143,172,22
145,172,22
145,161,22
146,161,22
146,161,22
148,161,22
149,161,22
149,161,22
151,161,22
147,161,22
145,161,22
143,161,22
142,161,22
143,119,22
142,119,22
141,119,22
141,119,22
138,119,22
137,119,22
135,119,22
137,119,22
141,187,22
143,187,22
141,187,22
142,187,22
146,187,22
148,187,22
149,187,22
151,187,22
153,187,22
150,187,22
153,187,22
153,187,22
151,187,22
148,187,22
150,97,22
150,97,22
151,97,22
150,97,22
152,97,22
155,97,22
156,97,22
156,97,22
159,97,22
156,97,22
156,97,22
154,97,22
152,97,22
152,97,22
146,97,22
144,175,22
145,175,22
145,175,22
144,175,22
145,175,22
144,175,22
146,175,22
144,175,22
144,175,22
146,175,22
146,132,22
145,132,22
142,132,22
144,132,22
142,132,22
143,132,22
142,132,22
144,132,22
147,132,22
147,132,22
144,132,22
146,132,22
148,132,22
145,132,22
144,132,22
149,132,22
150,132,22
152,132,22
151,132,22
147,132,22
144,132,22
145,155,22
145,155,22
148,155,22
147,155,22
148,155,22
146,155,22
146,161,22
148,161,22
146,161,22
148,161,22
148,161,22
146,161,22
146,161,22
148,161,22
144,161,22
143,161,22
142,161,22
140,161,22
142,161,22
139,161,22
142,161,22
144,161,22
143,161,22
142,161,22
140,161,22
142,161,22
141,161,22
144,161,22
144,161,22
144,161,22
142,161,22
141,161,22
140,161,22
144,161,22
145,161,22
145,161,22
145,161,22
143,161,22
144,161,22
142,161,22
143,161,22
142,161,22
140,161,22
141,161,22
140,161,22
137,161,22
135,161,22
131,161,22
130,161,22
133,161,22
130,161,22
130,161,22
131,161,22
133,161,22
134,161,22
135,130,22
136,130,22
140,130,22
140,130,22
140,130,22
139,130,22
137,130,22
136,130,22
134,130,22
135,130,22
133,130,22
132,130,22
132,130,22
134,130,22
138,130,22
137,130,22
137,130,22
136,130,22
139,130,22
140,130,22
138,130,22
136,130,22
136,130,22
134,130,22
135,130,22
137,130,22
141,130,22
136,170,22
135,170,22
137,170,22
137,170,22
137,170,22
138,170,22
140,170,22
145,170,22
143,170,22
142,170,22
142,170,22
142,170,22
142,170,22
142,132,22
141,132,22
138,132,22
137,132,22
138,132,22
141,132,22
140,138,22
141,138,22
143,138,22
143,138,22
143,138,22
141,138,22
140,138,22
140,138,22
139,138,22
138,138,22
135,138,22
137,138,22
137,138,22
140,138,22
142,168,22
142,168,22
140,168,22
138,168,22
139,168,22
141,168,22
141,168,22
142,168,22
142,168,22
143,168,22
141,168,22
141,168,22
141,168,22
143,168,22
146,168,22
146,168,22
145,168,22
141,168,22
145,168,22
144,168,22
145,168,22
143,168,22
143,168,22
144,168,22
140,168,22
143,168,22
145,168,22
143,168,22
143,168,22
142,168,22
140,168,22
140,168,22
140,168,22
139,168,22
138,168,22
136,123,22
135,123,22
131,123,22
129,123,22
129,123,22
130,123,22
126,123,22
126,123,22
132,123,22
131,123,22
129,123,22
130,134,22
129,134,22
125,134,22
121,134,22
120,134,22
122,134,22
126,134,22
123,134,22
122,134,22
125,134,22
127,134,22
127,134,22
127,134,22
126,134,22
128,134,22
128,134,22
129,134,22
131,134,22
134,134,22
134,134,22
135,134,22
137,134,22
136,134,22
134,134,22
136,134,22
133,134,22
134,134,22
133,134,22
130,134,22
126,134,22
127,164,22
125,164,22
127,164,22
124,164,22
126,164,22
127,164,22
128,164,22
129,164,22
131,164,22
128,164,22
127,164,22
125,164,22
123,164,22
123,164,22
123,164,22
124,164,22
124,164,22
123,164,22
126,126,22
121,126,22
121,126,22
122,126,22
122,126,22
121,126,22
122,126,22
120,126,22
121,126,22
122,126,22
123,126,22
122,126,22
126,126,22
124,126,22
124,126,22
123,126,22
123,126,22
125,126,22
125,126,22
124,126,22
121,126,22
118,126,22
120,126,22
121,126,22
124,126,22
121,126,22
121,126,22
123,143,22
123,143,22
123,143,22
123,143,22
123,143,22
126,143,22
125,143,22
127,143,22
131,143,22
128,143,22
130,143,22
131,143,22
132,143,22
131,143,22
130,143,22
129,143,22
127,143,22
128,143,22
129,143,22
126,143,22
126,143,22
124,143,22
122,135,22
120,135,22
117,135,22
119,135,22
114,135,22
116,135,22
119,149,22
120,149,22
119,149,22
120,149,22
118,149,22
117,149,22
120,149,22
119,149,22
116,149,22
115,149,22
116,149,22
117,149,22
115,149,22
115,149,22
112,149,22
111,149,22
114,149,22
115,149,22
116,149,22
117,149,22
117,149,22
114,149,22
117,149,22
116,149,22
114,149,22
113,149,22
116,149,22
115,149,22
117,149,22
119,149,22
118,149,22
117,149,22
116,149,22
116,149,22
116,149,22
121,149,22
122,138,22
121,138,22
124,138,22
121,138,22
122,138,22
123,138,22
120,138,22
119,138,22
120,138,22
115,138,22
111,138,22
112,138,22
108,138,22
113,138,22
114,138,22
115,138,22
110,138,22
109,138,22
109,138,22
107,122,22
106,122,22
105,122,22
109,122,22
108,122,22
108,122,22
105,122,22
104,122,22
106,122,22
107,122,22
110,122,22
109,122,22
107,122,22
105,116,22
106,116,22
104,116,22
105,116,22
105,116,22
102,116,22
102,116,22
104,116,22
105,116,22
108,116,22
107,116,22
111,116,22
111,116,22
111,116,22
112,116,22
117,116,22
116,116,22
119,116,22
119,116,22
118,116,22
120,116,22
120,116,22
126,116,22
124,116,22
122,116,22
117,116,22
117,116,22
115,116,22
115,116,22
115,116,22
114,116,22
113,116,22
112,116,22
114,116,22
117,116,22
117,116,22
119,116,22
121,116,22
119,116,22
118,116,22
116,116,22
116,116,22
117,101,22
118,101,22
118,101,22
117,101,22
117,101,22
115,101,22
119,101,22
121,101,22
124,101,22
127,101,22
128,101,22
128,101,22
124,127,22
123,127,22
126,127,22
126,127,22
127,127,22
131,127,22
132,127,22
133,127,22
132,127,22
135,127,22
133,127,22
133,127,22
134,127,22
136,127,22
136,127,22
133,127,22
132,127,22
134,127,22
135,127,22
135,127,22
135,127,22
138,127,22
138,127,22
141,127,22
138,127,22
140,127,22
139,127,22
138,127,22
138,127,22
138,127,22
136,127,22
136,127,22
136,127,22
134,127,22
135,130,22
134,130,22
132,130,22
129,130,22
130,130,22
130,130,22
128,130,22
125,130,22
124,130,22
121,130,22
120,130,22
122,130,22
125,130,22
125,130,22
121,130,22
120,130,22
119,130,22
115,130,22
113,130,22
114,130,22
112,130,22
111,130,22
111,130,22
111,130,22
109,130,22
113,130,22
112,130,22
111,130,22
110,130,22
107,130,22
105,130,22
105,130,22
107,130,22
104,116,22
104,116,22
101,116,22
97,116,22
97,116,22
98,116,22
99,116,22
102,116,22
100,116,22
99,116,22
100,116,22
101,116,22
101,116,22
106,116,22
109,70,22
106,70,22
103,70,22
101,70,22
103,70,22
101,70,22
101,70,22
101,70,22
101,70,22
100,70,22
101,70,22
104,100,22
105,100,22
103,100,22
102,100,22
105,100,22
103,100,22
105,100,22
108,100,22
110,100,22
111,100,22
113,140,22
118,140,22
118,140,22
116,140,22
116,140,22
115,140,22
115,140,22
113,140,22
114,140,22
113,140,22
112,140,22
111,140,22
113,125,22
114,125,22
115,125,22
113,125,22
109,125,22
110,125,22
107,125,22
110,107,22
109,107,22
112,107,22
112,107,22
115,107,22
114,107,22
112,107,22
113,107,22
113,107,22
114,107,22
118,107,22
115,107,22
113,107,22
112,110,22
107,110,22
108,110,22
108,110,22
104,110,22
106,110,22
107,110,22
107,110,22
105,110,22
103,110,22
104,110,22
104,110,22
105,110,22
105,110,22
101,110,22
100,110,22
99,110,22
101,110,22
102,110,22
102,110,22
101,132,22
103,132,22
103,132,22
107,132,22
109,132,22
105,132,22
103,132,22
101,132,22
106,132,22
105,132,22
104,132,22
106,132,22
104,132,22
102,132,22
102,132,22
100,132,22
105,132,22
107,118,22
107,118,22
106,118,22
106,118,22
103,118,22
105,118,22
103,118,22
104,108,22
105,108,22
106,108,22
109,108,22
112,108,22
107,108,22
107,108,22
107,108,22
108,108,22
112,108,22
112,108,22
111,108,22
110,108,22
109,108,22
107,108,22
108,108,22
110,108,22
112,108,22
110,108,22
108,108,22
108,108,22
105,108,22
102,108,22
101,108,22
101,108,22
98,108,22
95,108,22
93,108,22
96,108,22
98,108,22
98,108,22
99,108,22
101,108,22
100,108,22
101,108,22
101,108,22
103,108,22
102,108,22
101,108,22
104,108,22
105,83,22
99,83,22
102,83,22
102,83,22
103,83,22
100,83,22
100,83,22
100,83,22
100,83,22
100,83,22
104,83,22
102,83,22
100,83,22
97,83,22
95,83,22
94,83,22
95,83,22
95,83,22
94,83,22
96,83,22
97,83,22
97,83,22
100,83,22
98,83,22
101,83,22
101,83,22
98,83,22
99,83,22
96,100,22
96,100,22
99,100,22
98,100,22
98,100,22
97,100,22
96,100,22
95,100,22
93,100,22
94,100,22
92,100,22
91,100,22
89,100,22
86,100,22
86,100,22
85,100,22
82,100,22
79,100,22
78,100,22
78,100,22
80,100,22
80,88,22
81,88,22
84,88,22
81,88,22
82,88,22
85,88,22
82,88,22
81,88,22
81,88,22
79,88,22
77,88,22
80,88,22
80,88,22
78,96,22
80,96,22
82,96,22
81,96,22
82,96,22
82,96,22
83,96,22
81,96,22
78,96,22
76,96,22
77,96,22
78,96,22
77,96,22
70,96,22
69,96,22
69,96,22
64,96,22
66,96,22
68,96,22
68,96,22
68,96,22
69,96,22
68,96,22
67,96,22
68,96,22
67,96,22
67,96,22
69,96,22
69,96,22
71,96,22
75,96,22
70,96,22
70,96,22
74,96,22
75,96,22
75,96,22
75,96,22
75,96,22
72,96,22
68,96,22
66,96,22
67,86,22
69,86,22
70,86,22
71,86,22
74,86,22
78,86,22
82,86,22
82,86,22
81,86,22
82,86,22
82,86,22
86,86,22
86,86,22
87,86,22
84,86,22
81,86,22
82,86,22
81,86,22
78,86,22
80,86,22
75,86,22
72,86,22
74,86,22
78,88,22
80,88,22
83,88,22
83,88,22
80,88,22
79,88,22
78,88,22
76,56,22
75,56,22
76,56,22
77,56,22
76,56,22
77,56,22
74,56,22
72,56,22
71,56,22
72,59,22
73,59,22
75,59,22
74,59,22
74,59,22
74,59,22
74,59,22
76,59,22
75,61,22
76,61,22
77,61,22
78,61,22
77,61,22
78,61,22
76,61,22
76,61,22
79,61,22
80,61,22
83,61,22
83,61,22
85,61,22
87,61,22
88,61,22
88,61,22
91,61,22
89,61,22
92,69,22
88,69,22
85,69,22
83,69,22
84,69,22
85,69,22
82,69,22
82,69,22
79,69,22
78,69,22
77,69,22
79,69,22
78,69,22
79,69,22
79,69,22
79,69,22
81,69,22
80,69,22
80,66,22
79,66,22
80,66,22
80,66,22
80,66,22
79,66,22
79,66,22
82,93,22
82,93,22
80,93,22
81,93,22
81,93,22
84,93,22
88,93,22
90,93,22
90,93,22
91,93,22
93,93,22
94,93,22
92,93,22
91,93,22
90,93,22
89,93,22
87,93,22
87,93,22
86,93,22
88,93,22
89,93,22
91,93,22
90,93,22
93,80,22
97,80,22
97,80,22
97,80,22
99,80,22
102,80,22
101,80,22
102,80,22
102,80,22
100,80,22
100,80,22
101,80,22
99,80,22
100,80,22
103,80,22
105,80,22
106,80,22
108,80,22
107,80,22
106,80,22
103,80,22
103,80,22
103,80,22
103,80,22
103,80,22
102,80,22
102,115,22
103,115,22
103,115,22
102,115,22
103,115,22
102,115,22
99,115,22
100,115,22
100,115,22
97,96,22
93,96,22
92,96,22
94,96,22
94,96,22
93,96,22
94,96,22
94,96,22
93,96,22
94,96,22
95,96,22
96,96,22
98,96,22
97,96,22
96,96,22
96,96,22
92,96,22
91,96,22
92,96,22
94,96,22
97,96,22
97,96,22
97,93,22
97,93,22
98,93,22
96,93,22
94,93,22
92,93,22
94,93,22
96,93,22
94,93,22
94,93,22
94,93,22
93,93,22
93,93,22
91,93,22
94,93,22
93,93,22
93,93,22
95,93,22
94,93,22
90,93,22
87,93,22
88,93,22
88,93,22
89,80,22
88,80,22
87,80,22
86,80,22
86,80,22
86,80,22
87,80,22
90,80,22
89,80,22
87,80,22
90,80,22
91,80,22
93,80,22
91,80,22
92,80,22
94,80,22
96,80,22
98,80,22
101,80,22
101,80,22
98,80,22
97,80,22
98,80,22
99,80,22
103,80,22
99,80,22
98,80,22
96,88,22
95,88,22
92,88,22
91,88,22
87,88,22
87,88,22
89,88,22
91,88,22
93,88,22
93,88,22
91,88,22
89,88,22
88,88,22
88,88,22
87,88,22
90,88,22
90,88,22
94,88,22
94,88,22
97,88,22
97,88,22
96,88,22
96,88,22
93,88,22
94,88,22
95,88,22
94,88,22
92,112,22
92,112,22
97,112,22
99,112,22
99,112,22
98,112,22
98,112,22
100,112,22
97,112,22
98,112,22
99,112,22
97,112,22
94,112,22
92,48,22
94,48,22
99,48,22
99,48,22
98,48,22
98,48,22
100,48,22
103,48,22
103,48,22
101,48,22
97,48,22
101,48,22
104,48,22
105,48,22
103,48,22
103,48,22
101,48,22
99,73,22
100,73,22
98,73,22
99,73,22
98,73,22
99,73,22
96,73,22
99,73,22
96,73,22
92,73,22
92,73,22
91,137,22
89,137,22
91,137,22
90,137,22
91,137,22
90,137,22
90,137,22
91,137,22
90,117,22
95,117,22
96,117,22
97,117,22
96,117,22
96,117,22
97,117,22
95,117,22
98,117,22
96,117,22
97,117,22
96,117,22
94,117,22
92,117,22
95,117,22
95,89,22
96,89,22
94,89,22
93,89,22
93,89,22
93,89,22
92,89,22
93,89,22
92,89,22
94,89,22
94,106,22
97,106,22
98,106,22
101,106,22
101,106,22
100,106,22
99,106,22
96,106,22
95,106,22
96,106,22
98,106,22
103,106,22
100,106,22
99,106,22
101,106,22
101,106,22
99,106,22
99,106,22
99,106,22
99,92,22
102,92,22
104,92,22
105,92,22
107,92,22
108,92,22
105,92,22
101,92,22
101,92,22
97,92,22
99,92,22
96,92,22
98,92,22
101,92,22
101,92,22
102,92,22
98,92,22
96,92,22
95,92,22
98,92,22
102,92,22
101,92,22
98,92,22
104,92,22
103,92,22
105,92,22
107,92,22
106,92,22
105,92,22
108,92,22
108,112,22
107,112,22
108,112,22
106,112,22
105,112,22
104,112,22
104,112,22
102,112,22
104,112,22
102,112,22
106,112,22
108,119,22
104,119,22
104,119,22
101,119,22
103,119,22
103,119,22
104,119,22
102,119,22
103,119,22
102,119,22
103,119,22
102,119,22
101,119,22
98,119,22
99,119,22
97,119,22
99,119,22
98,119,22
98,119,22
98,119,22
97,119,22
98,119,22
99,119,22
99,119,22
98,119,22
99,119,22
98,119,22
98,119,22
99,119,22
99,119,22
100,119,22
99,119,22
100,119,22
100,119,22
104,119,22
104,119,22
104,119,22
105,119,22
102,119,22
98,90,22
96,90,22
100,90,22
102,90,22
104,90,22
106,90,22
107,90,22
106,90,22
111,90,22
115,90,22
117,90,22
120,90,22
120,90,22
119,90,22
119,125,22
120,125,22
121,125,22
115,125,22
116,125,22
113,125,22
116,125,22
115,125,22
117,125,22
115,125,22
115,125,22
117,125,22
119,125,22
119,125,22
115,125,22
112,124,22
112,124,22
116,124,22
117,124,22
114,124,22
113,124,22
114,124,22
113,124,22
111,124,22
114,124,22
113,124,22
114,124,22
113,124,22
107,124,22
110,124,22
112,124,22
109,124,22
109,124,22
107,124,22
109,124,22
106,124,22
105,124,22
104,124,22
101,124,22
104,124,22
108,124,22
105,124,22
104,124,22
103,124,22
101,124,22
100,124,22
103,124,22
104,124,22
101,124,22
103,124,22
101,124,22
102,124,22
98,124,22
99,124,22
102,124,22
102,124,22
104,124,22
103,124,22
99,124,22
99,124,22
100,114,22
104,114,22
105,114,22
106,114,22
105,114,22
104,114,22
106,114,22
104,155,22
105,155,22
105,155,22
109,155,22
110,155,22
110,155,22
111,155,22
113,155,22
111,155,22
112,155,22
110,155,22
108,155,22
108,155,22
110,155,22
111,155,22
109,155,22
108,155,22
107,155,22
104,155,22
103,155,22
103,155,22
104,155,22
109,155,22
115,90,22
114,90,22
113,90,22
114,90,22
117,90,22
121,90,22
121,90,22
122,90,22
122,90,22
121,90,22
123,90,22
120,90,22
120,90,22
119,90,22
121,90,22
120,90,22
122,90,22
121,90,22
122,90,22
124,90,22
123,90,22
121,90,22
121,90,22
119,90,22
118,90,22
119,90,22
119,90,22
119,90,22
121,90,22
123,122,22
121,122,22
121,122,22
121,122,22
123,122,22
123,122,22
122,122,22
121,122,22
125,122,22
122,122,22
123,122,22
123,122,22
119,139,22
119,139,22
121,139,22
122,139,22
122,139,22
124,139,22
121,139,22
121,139,22
120,139,22
120,139,22
118,139,22
115,139,22
115,104,22
116,104,22
116,104,22
114,104,22
115,104,22
118,104,22
120,104,22
121,104,22
121,104,22
118,104,22
117,104,22
116,104,22
115,104,22
114,104,22
110,104,22
113,104,22
110,104,22
109,104,22
111,104,22
110,104,22
107,104,22
104,104,22
101,104,22
100,104,22
102,104,22
102,104,22
102,104,22
103,104,22
101,104,22
99,104,22
100,104,22
99,104,22
100,104,22
102,129,22
103,129,22
107,129,22
104,129,22
105,129,22
101,129,22
100,129,22
98,129,22
95,129,22
97,129,22
99,129,22
99,129,22
98,129,22
99,129,22
100,129,22
103,107,22
101,107,22
103,107,22
100,107,22
98,107,22
98,107,22
99,79,22
100,79,22
101,79,22
101,79,22
102,79,22
102,79,22
102,79,22
102,79,22
99,79,22
100,79,22
101,79,22
101,79,22
99,121,22
100,121,22
100,121,22
99,121,22
97,121,22
96,121,22
97,102,22
96,102,22
95,102,22
97,102,22
99,102,22
99,102,22
98,102,22
97,102,22
99,102,22
96,102,22
98,102,22
98,102,22
95,102,22
93,102,22
92,102,22
93,102,22
90,102,22
91,102,22
91,102,22
90,93,22
92,93,22
90,93,22
87,93,22
88,93,22
88,93,22
88,93,22
88,93,22
88,93,22
89,93,22
94,93,22
93,93,22
88,93,22
87,93,22
82,93,22
82,93,22
85,93,22
86,93,22
87,93,22
87,93,22
88,93,22
84,93,22
84,93,22
86,93,22
85,93,22
86,93,22
85,93,22
87,93,22
86,93,22
89,93,22
89,93,22
88,93,22
84,93,22
85,93,22
86,93,22
87,93,22
85,93,22
85,93,22
85,93,22
84,93,22
84,93,22
83,93,22
82,93,22
84,93,22
83,93,22
82,93,22
81,72,22
81,72,22
81,72,22
80,72,22
81,72,22
81,72,22
78,72,22
77,72,22
75,72,22
80,72,22
83,72,22
82,72,22
82,72,22
80,72,22
81,72,22
80,72,22
82,72,22
82,72,22
82,72,22
85,72,22
84,72,22
83,72,22
83,72,22
84,72,22
86,72,22
87,72,22
90,72,22
89,72,22
86,72,22
90,72,22
92,72,22
89,72,22
88,72,22
91,72,22
89,72,22
92,72,22
89,72,22
87,72,22
86,111,22
88,111,22
87,111,22
87,111,22
87,111,22
90,111,22
88,111,22
87,111,22
87,111,22
87,111,22
91,111,22
91,130,22
95,130,22
95,130,22
91,130,22
87,130,22
87,130,22
85,130,22
84,130,22
83,130,22
80,130,22
82,130,22
81,130,22
81,130,22
80,130,22
81,130,22
80,130,22
78,130,22
77,130,22
77,130,22
80,130,22
80,130,22
80,130,22
80,130,22
79,87,22
78,87,22
79,87,22
77,87,22
76,87,22
72,87,22
74,110,22
76,110,22
74,110,22
69,110,22
69,110,22
70,110,22
68,110,22
69,110,22
70,110,22
73,110,22
73,110,22
73,110,22
77,69,22
75,69,22
72,69,22
74,69,22
75,69,22
72,69,22
73,69,22
75,69,22
74,69,22
74,69,22
74,69,22
73,69,22
72,69,22
72,89,22
73,89,22
72,89,22
72,89,22
71,89,22
72,89,22
72,89,22
73,89,22
75,89,22
72,89,22
73,89,22
73,89,22
70,89,22
70,89,22
69,89,22
72,89,22
68,89,22
67,89,22
66,89,22
65,89,22
64,89,22
66,89,22
66,89,22
70,89,22
71,89,22
71,89,22
68,89,22
68,89,22
68,73,22
70,73,22
71,73,22
70,73,22
68,73,22
68,73,22
71,73,22
73,73,22
75,73,22
71,73,22
69,73,22
68,73,22
68,73,22
68,73,22
68,73,22
68,73,22
69,73,22
66,73,22
66,73,22
65,73,22
64,73,22
64,73,22
64,73,22
63,73,22
67,73,22
68,73,22
67,73,22
66,73,22
66,73,22
62,73,22
59,73,22
62,73,22
62,73,22
65,73,22
63,73,22
61,73,22
55,73,22
56,73,22
58,73,22
60,73,22
59,73,22
55,73,22
54,83,22
53,83,22
54,83,22
54,83,22
57,83,22
56,83,22
58,83,22
58,83,22
58,83,22
59,83,22
55,83,22
54,83,22
54,83,22
51,83,22
52,83,22
54,83,22
57,83,22
57,83,22
57,83,22
59,83,22
61,83,22
62,83,22
60,83,22
61,83,22
59,64,22
60,64,22
63,64,22
64,64,22
64,64,22
64,64,22
67,64,22
66,64,22
66,64,22
64,64,22
66,64,22
67,64,22
68,64,22
71,64,22
71,64,22
73,80,22
73,80,22
74,80,22
75,80,22
74,80,22
76,80,22
76,80,22
72,80,22
70,87,22
67,87,22
65,87,22
63,87,22
64,87,22
65,87,22
63,87,22
61,87,22
63,87,22
61,87,22
60,87,22
57,87,22
59,87,22
57,74,22
56,74,22
50,74,22
48,74,22
51,74,22
50,74,22
49,74,22
50,74,22
50,74,22
49,74,22
50,74,22
47,74,22
48,74,22
48,74,22
47,74,22
46,74,22
49,74,22
51,74,22
49,74,22
49,74,22
52,74,22
50,55,22
49,55,22
47,55,22
46,55,22
47,55,22
50,55,22
52,55,22
53,55,22
54,55,22
52,55,22
52,55,22
52,21,22
50,21,22
46,21,22
47,21,22
49,21,22
48,21,22
49,21,22
47,21,22
45,54,22
44,54,22
41,54,22
41,54,22
39,54,22
39,54,22
40,54,22
38,54,22
37,54,22
36,54,22
33,54,22
35,54,22
36,54,22
35,54,22
33,54,22
35,54,22
34,54,22
34,54,22
36,54,22
35,54,22
36,54,22
38,54,22
35,54,22
38,54,22
38,54,22
39,54,22
41,54,22
45,54,22
44,54,22
45,54,22
46,59,22
47,59,22
50,59,22
48,59,22
48,59,22
46,59,22
44,59,22
45,59,22
46,59,22
44,39,22
45,39,22
45,39,22
45,39,22
44,39,22
39,39,22
42,39,22
41,39,22
39,39,22
38,39,22
37,39,22
36,19,22
39,19,22
40,19,22
39,19,22
40,19,22
37,19,22
39,19,22
36,19,22
36,19,22
36,19,22
32,19,22
33,19,22
33,19,22
34,19,22
32,19,22
33,19,22
32,19,22
32,19,22
32,19,22
33,19,22
32,19,22
31,19,22
32,19,22
34,19,22
33,57,22
28,57,22
27,57,22
23,57,22
24,57,22
26,57,22
27,57,22
27,57,22
28,57,22
31,57,22
31,57,22
30,57,22
29,57,22
29,57,22
31,57,22
31,57,22
33,57,22
35,57,22
33,57,22
32,57,22
32,57,22
34,57,22
32,57,22
30,57,22
30,57,22
32,57,22
31,57,22
29,57,22
27,57,22
27,57,22
30,57,22
30,57,22
29,57,22
32,57,22
34,57,22
34,57,22
34,57,22
34,57,22
32,57,22
33,57,22
34,57,22
29,57,22
29,57,22
30,38,22
30,38,22
29,38,22
27,38,22
29,38,22
29,38,22
29,31,22
27,31,22
26,31,22
25,31,22
22,31,22
20,31,22
20,31,22
20,31,22
19,31,22
21,31,22
22,31,22
24,31,22
24,31,22
23,31,22
22,31,22
25,31,22
26,31,22
28,31,22
28,31,22
27,31,22
30,31,22
33,31,22
33,31,22
35,31,22
34,31,22
31,31,22
30,31,22
33,31,22
34,31,22
35,31,22
36,31,22
36,27,22
36,27,22
34,27,22
35,27,22
36,27,22
36,27,22
35,27,22
38,27,22
39,27,22
40,27,22
40,27,22
42,27,22
46,27,22
45,27,22
45,27,22
42,27,22
43,27,22
45,27,22
44,27,22
44,0,22
45,0,22
44,0,22
46,0,22
45,0,22
43,0,22
41,0,22
39,0,22
44,0,22
45,0,22
46,0,22
50,0,22
54,0,22
53,0,22
50,0,22
51,0,22
48,0,22
52,0,22
54,0,22
51,0,22
52,0,22
53,0,22
54,0,22
54,0,22
55,34,22
57,34,22
59,34,22
59,34,22
60,34,22
59,34,22
58,34,22
60,34,22
58,34,22
57,34,22
59,34,22
61,34,22
59,34,22
62,34,22
65,34,22
64,34,22
63,34,22
66,47,22
65,47,22
64,47,22
64,47,22
65,47,22
64,47,22
67,47,22
66,47,22
69,47,22
68,47,22
66,47,22
68,47,22
70,47,22
70,47,22
72,47,22
71,47,22
73,47,22
73,47,22
77,47,22
78,47,22
80,47,22
81,80,22
80,80,22
77,80,22
79,80,22
80,80,22
83,80,22
85,80,22
85,80,22
85,80,22
90,80,22
91,80,22
92,80,22
89,80,22
90,80,22
92,80,22
94,80,22
96,71,22
95,71,22
99,71,22
98,71,22
97,71,22
97,71,22
100,71,22
98,71,22
99,71,22
98,71,22
98,71,22
94,71,22
95,71,22
95,71,22
96,71,22
95,89,22
95,89,22
98,89,22
100,89,22
102,89,22
101,89,22
105,89,22
105,89,22
99,97,22
101,97,22
100,97,22
98,97,22
99,97,22
98,97,22
102,97,22
104,97,22
104,97,22
104,97,22
102,97,22
101,97,22
100,97,22
103,97,22
103,97,22
104,97,22
101,97,22
102,97,22
102,97,22
104,97,22
101,97,22
101,97,22
100,97,22
98,97,22
96,97,22
97,97,22
99,97,22
99,97,22
98,97,22
103,97,22
102,97,22
101,97,22
96,97,22
98,97,22
96,97,22
98,97,22
101,97,22
100,97,22
101,97,22
98,97,22
101,97,22
100,97,22
102,97,22
103,97,22
101,97,22
102,97,22
102,97,22
103,97,22
103,97,22
102,97,22
105,97,22
108,97,22
106,97,22
104,97,22
101,97,22
98,97,22
97,97,22
96,119,22
97,119,22
94,119,22
96,119,22
94,119,22
95,119,22
93,119,22
95,119,22
92,119,22
92,97,22
91,97,22
92,97,22
93,97,22
95,97,22
94,97,22
91,97,22
87,97,22
88,97,22
88,97,22
90,97,22
91,97,22
89,97,22
86,97,22
85,97,22
89,97,22
87,97,22
86,97,22
84,97,22
83,97,22
83,97,22
81,97,22
80,97,22
79,97,22
78,97,22
80,97,22
80,97,22
82,97,22
84,97,22
84,97,22
86,97,22
83,97,22
82,97,22
83,107,22
84,107,22
83,107,22
83,107,22
83,107,22
83,107,22
84,107,22
79,107,22
80,107,22
80,107,22
79,107,22
80,107,22
81,107,22
85,107,22
85,107,22
84,107,22
84,101,22
84,101,22
86,101,22
89,101,22
90,101,22
91,101,22
88,101,22
87,101,22
85,101,22
83,101,22
83,101,22
83,101,22
83,101,22
82,101,22
81,101,22
84,101,22
81,101,22
79,101,22
81,101,22
83,101,22
82,61,22
81,61,22
82,61,22
84,61,22
83,61,22
79,61,22
77,61,22
76,61,22
74,61,22
75,61,22
73,61,22
76,61,22
76,61,22
75,61,22
71,61,22
73,61,22
74,61,22
69,61,22
66,61,22
67,61,22
66,61,22
63,61,22
61,61,22
59,61,22
57,61,22
58,61,22
53,61,22
55,27,22
55,27,22
58,27,22
57,27,22
59,27,22
57,27,22
54,27,22
50,27,22
51,27,22
49,27,22
49,27,22
51,27,22
53,27,22
52,27,22
51,27,22
55,27,22
55,27,22
56,27,22
59,27,22
62,30,22
61,30,22
58,30,22
57,30,22
54,30,22
56,30,22
61,30,22
59,30,22
57,30,22
58,30,22
58,30,22
57,30,22
58,30,22
53,30,22
54,30,22
55,30,22
54,30,22
55,30,22
54,30,22
53,30,22
52,30,22
54,30,22
53,30,22
52,73,22
50,73,22
52,73,22
51,73,22
51,73,22
53,73,22
52,73,22
52,73,22
52,73,22
56,73,22
56,73,22
56,73,22
57,73,22
58,73,22
60,73,22
57,73,22
58,73,22
58,73,22
57,73,22
59,73,22
61,73,22
62,50,22
62,50,22
61,50,22
63,50,22
65,50,22
65,50,22
64,50,22
63,50,22
63,50,22
62,50,22
62,50,22
63,50,22
66,50,22
69,50,22
74,50,22
75,50,22
75,50,22
77,94,22
75,94,22
75,94,22
71,94,22
75,94,22
78,94,22
80,79,22
80,79,22
79,79,22
73,79,22
73,79,22
72,79,22
70,79,22
71,79,22
72,79,22
70,79,22
66,79,22
66,79,22
68,79,22
69,79,22
70,79,22
69,79,22
68,79,22
67,79,22
69,79,22
73,79,22
73,79,22
71,79,22
67,79,22
67,79,22
68,79,22
64,79,22
62,79,22
63,23,22
62,23,22
61,23,22
58,23,22
58,23,22
57,23,22
57,23,22
58,23,22
56,23,22
59,23,22
58,23,22
57,23,22
56,23,22
58,23,22
58,23,22
58,23,22
58,23,22
60,23,22
59,23,22
60,23,22
64,23,22
66,23,22
66,23,22
66,23,22
68,23,22
66,23,22
67,23,22
68,23,22
66,23,22
63,23,22
60,23,22
57,23,22
58,23,22
56,23,22
60,23,22
62,23,22
66,23,22
66,23,22
65,23,22
67,23,22
66,59,22
69,59,22
71,59,22
69,59,22
65,59,22
68,59,22
70,59,22
70,59,22
71,59,22
71,59,22
75,59,22
77,59,22
75,59,22
74,31,22
73,31,22
71,31,22
73,31,22
71,31,22
69,31,22
67,31,22
69,31,22
64,31,22
66,31,22
66,31,22
67,31,22
68,31,22
71,31,22
70,31,22
70,31,22
67,31,22
67,31,22
68,31,22
71,31,22
77,31,22
81,31,22
84,31,22
81,99,22
85,99,22
84,99,22
87,99,22
86,99,22
87,99,22
88,99,22
89,99,22
92,99,22
85,99,22
86,99,22
84,99,22
84,99,22
82,99,22
80,99,22
78,99,22
79,99,22
80,69,22
81,69,22
78,69,22
81,69,22
81,69,22
78,69,22
78,69,22
78,69,22
77,69,22
81,69,22
79,69,22
79,69,22
79,69,22
81,69,22
77,69,22
76,69,22
76,69,22
81,69,22
81,69,22
84,69,22
85,69,22
84,69,22
82,69,22
82,69,22
85,69,22
83,69,22
84,69,22
88,69,22
88,69,22
85,69,22
86,69,22
84,69,22
81,69,22
85,100,22
84,100,22
89,100,22
88,100,22
92,100,22
94,100,22
96,100,22
98,100,22
98,100,22
98,100,22
98,100,22
97,100,22
96,100,22
97,100,22
98,100,22
98,100,22
94,100,22
93,100,22
97,100,22
97,100,22
93,100,22
96,80,22
94,80,22
97,80,22
96,80,22
95,80,22
94,80,22
95,80,22
99,80,22
98,80,22
94,80,22
97,80,22
95,80,22
98,80,22
97,80,22
98,80,22
99,98,22
101,98,22
101,98,22
101,98,22
98,98,22
102,98,22
99,98,22
99,98,22
97,98,22
102,98,22
101,98,22
101,98,22
98,98,22
94,98,22
97,98,22
100,98,22
100,98,22
102,98,22
102,98,22
102,98,22
102,98,22
99,98,22
99,98,22
105,98,22
109,98,22
107,98,22
110,98,22
111,98,22
111,98,22
108,98,22
109,98,22
111,98,22
107,98,22
109,98,22
108,98,22
111,98,22
108,111,22
109,111,22
107,111,22
107,111,22
106,111,22
104,111,22
104,111,22
103,111,22
104,111,22
102,111,22
106,111,22
105,111,22
103,111,22
104,111,22
102,111,22
102,111,22
102,111,22
104,111,22
104,111,22
104,111,22
103,111,22
103,111,22
105,111,22
107,111,22
104,111,22
107,86,22
107,86,22
106,86,22
106,86,22
109,86,22
107,86,22
107,120,22
109,120,22
108,120,22
107,120,22
102,120,22
101,120,22
102,120,22
104,120,22
101,120,22
99,120,22
101,120,22
100,120,22
100,120,22
99,120,22
98,120,22
95,89,22
93,89,22
97,89,22
97,89,22
99,89,22
99,89,22
98,89,22
100,89,22
99,89,22
99,89,22
95,89,22
96,89,22
99,89,22
100,89,22
98,89,22
99,89,22
99,89,22
101,89,22
100,97,22
98,97,22
98,97,22
100,97,22
98,97,22
101,97,22
102,97,22
104,97,22
104,97,22
105,97,22
104,97,22
105,97,22
110,70,22
111,70,22
112,70,22
114,70,22
114,70,22
110,70,22
109,70,22
112,70,22
111,70,22
113,70,22
115,70,22
114,70,22
117,70,22
112,70,22
114,70,22
114,70,22
115,70,22
114,70,22
113,70,22
113,70,22
112,70,22
109,70,22
109,70,22
110,70,22
109,70,22
108,70,22
109,70,22
108,70,22
106,70,22
104,70,22
104,70,22
100,70,22
102,70,22
103,70,22
104,70,22
102,70,22
105,70,22
103,70,22
103,70,22
103,70,22
105,114,22
103,114,22
105,114,22
108,114,22
108,114,22
108,114,22
113,114,22
110,114,22
112,114,22
113,114,22
113,114,22
111,114,22
111,114,22
110,114,22
108,114,22
111,114,22
112,114,22
115,114,22
115,114,22
114,114,22
107,114,22
105,114,22
105,114,22
108,114,22
107,114,22
109,114,22
109,114,22
109,114,22
110,114,22
108,114,22
108,114,22
107,114,22
107,114,22
107,114,22
109,114,22
109,114,22
110,114,22
110,103,22
111,103,22
109,103,22
109,103,22
107,103,22
108,103,22
108,103,22
111,103,22
110,103,22
107,103,22
109,103,22
109,103,22
110,103,22
111,103,22
112,103,22
114,103,22
112,103,22
112,103,22
116,103,22
116,103,22
113,103,22
111,103,22
113,103,22
112,103,22
112,103,22
114,103,22
113,103,22
114,103,22
115,103,22
112,103,22
110,103,22
112,103,22
111,103,22
112,103,22
115,126,22
114,126,22
112,126,22
110,126,22
113,126,22
113,126,22
115,126,22
114,126,22
117,126,22
117,126,22
118,126,22
118,126,22
120,126,22
118,126,22
119,126,22
120,126,22
119,126,22
122,126,22
123,126,22
121,121,22
117,121,22
116,121,22
117,121,22
116,121,22
113,121,22
112,121,22
113,121,22
115,121,22
114,121,22
114,121,22
113,121,22
116,121,22
116,121,22
114,121,22
114,121,22
115,106,22
117,106,22
117,106,22
114,106,22
112,106,22
112,106,22
114,113,22
113,113,22
110,113,22
114,113,22
113,113,22
114,113,22
112,113,22
113,113,22
113,113,22
116,113,22
119,113,22
120,113,22
119,113,22
122,113,22
118,113,22
117,113,22
119,113,22
117,113,22
115,113,22
116,113,22
120,113,22
121,113,22
120,113,22
119,113,22
119,113,22
121,113,22
118,113,22
113,113,22
110,113,22
109,110,22
108,110,22
108,110,22
106,110,22
107,110,22
107,110,22
107,110,22
103,110,22
105,110,22
108,110,22
110,110,22
109,110,22
110,110,22
108,129,22
111,129,22
108,129,22
105,129,22
103,129,22
103,129,22
101,129,22
102,129,22
102,129,22
101,129,22
104,129,22
104,129,22
102,129,22
103,129,22
102,129,22
102,129,22
104,129,22
105,129,22
101,129,22
101,129,22
100,129,22
101,129,22
101,129,22
103,129,22
103,129,22
106,129,22
103,129,22
105,162,22
101,162,22
101,162,22
99,162,22
99,162,22
100,162,22
99,162,22
100,162,22
99,162,22
99,162,22
95,162,22
93,162,22
92,162,22
91,162,22
89,162,22
89,162,22
88,162,22
90,162,22
89,162,22
92,162,22
94,162,22
90,162,22
87,162,22
89,162,22
87,162,22
86,162,22
83,162,22
83,162,22
86,162,22
88,162,22
88,162,22
86,162,22
86,162,22
82,162,22
87,162,22
88,162,22
86,162,22
87,162,22
86,162,22
84,162,22
84,162,22
84,162,22
81,162,22
81,162,22
81,162,22
79,162,22
79,76,22
81,76,22
84,76,22
83,76,22
81,76,22
81,76,22
80,76,22
80,76,22
77,76,22
79,76,22
77,76,22
75,76,22
76,76,22
75,76,22
76,76,22
74,76,22
75,76,22
77,76,22
80,76,22
84,76,22
81,76,22
85,76,22
85,76,22
85,76,22
86,76,22
85,76,22
81,76,22
82,76,22
83,76,22
80,76,22
84,76,22
87,76,22
83,76,22
83,90,22
83,90,22
81,90,22
83,90,22
86,90,22
89,90,22
89,90,22
90,109,22
88,109,22
87,109,22
86,109,22
83,109,22
83,109,22
84,109,22
84,109,22
85,109,22
83,109,22
84,109,22
82,109,22
83,91,22
80,91,22
81,91,22
81,91,22
80,91,22
81,91,22
81,91,22
81,91,22
85,91,22
86,91,22
83,91,22
83,91,22
83,91,22
80,91,22
78,91,22
79,91,22
77,91,22
73,91,22
72,91,22
76,72,22
76,72,22
74,72,22
75,72,22
74,72,22
76,72,22
77,72,22
78,72,22
78,72,22
76,72,22
74,72,22
69,72,22
68,72,22
67,72,22
70,72,22
69,72,22
69,72,22
68,72,22
69,72,22
66,72,22
66,72,22
63,72,22
62,72,22
63,72,22
63,72,22
64,72,22
62,72,22
64,72,22
62,72,22
63,72,22
64,72,22
66,72,22
66,72,22
66,72,22
64,72,22
63,72,22
65,72,22
63,72,22
65,72,22
68,72,22
66,72,22
66,72,22
66,72,22
65,72,22
65,72,22
65,72,22
64,81,22
66,81,22
67,81,22
69,81,22
67,81,22
64,81,22
65,81,22
65,81,22
67,81,22
62,81,22
62,81,22
62,81,22
63,81,22
63,81,22
62,81,22
59,81,22
66,81,22
65,81,22
65,81,22
63,81,22
61,81,22
61,81,22
60,81,22
61,81,22
66,81,22
68,81,22
66,81,22
69,81,22
69,81,22
69,81,22
66,81,22
65,81,22
67,81,22
64,81,22
62,81,22
61,81,22
61,81,22
60,81,22
59,81,22
60,33,22
57,33,22
57,33,22
58,33,22
57,33,22
59,33,22
62,33,22
61,33,22
61,33,22
63,33,22
65,33,22
66,33,22
65,33,22
69,69,22
70,69,22
65,69,22
64,69,22
66,69,22
65,69,22
60,52,22
62,52,22
66,52,22
72,52,22
68,52,22
68,52,22
69,52,22
72,52,22
71,52,22
76,52,22
76,52,22
73,52,22
74,52,22
74,52,22
75,52,22
73,52,22
73,52,22
73,52,22
70,52,22
70,52,22
71,52,22
71,52,22
71,52,22
69,52,22
71,52,22
72,52,22
69,52,22
71,52,22
72,52,22
73,52,22
71,52,22
72,52,22
74,52,22
74,52,22
74,52,22
75,52,22
78,52,22
79,52,22
77,80,22
79,80,22
82,80,22
82,80,22
83,80,22
85,80,22
83,80,22
83,80,22
83,80,22
82,80,22
85,80,22
83,80,22
87,78,22
87,78,22
87,78,22
86,78,22
87,78,22
84,78,22
85,78,22
84,80,22
84,80,22
82,80,22
82,80,22
79,80,22
82,80,22
81,80,22
82,80,22
82,80,22
79,80,22
82,80,22
79,80,22
82,80,22
85,80,22
83,80,22
82,80,22
81,80,22
80,80,22
76,80,22
78,80,22
78,80,22
77,80,22
75,80,22
75,80,22
76,80,22
79,80,22
76,80,22
77,80,22
74,80,22
78,80,22
74,80,22
77,80,22
76,80,22
76,80,22
77,80,22
75,80,22
76,80,22
75,80,22
72,80,22
72,80,22
74,80,22
78,75,22
76,75,22
78,75,22
76,75,22
78,75,22
78,75,22
78,75,22
79,75,22
77,75,22
78,75,22
78,75,22
77,75,22
79,75,22
76,75,22
75,75,22
76,75,22
73,75,22
73,75,22
74,75,22
74,75,22
76,75,22
76,75,22
72,75,22
73,75,22
75,75,22
73,75,22
72,75,22
76,75,22
77,75,22
78,75,22
76,75,22
79,86,22
76,86,22
77,86,22
75,86,22
75,86,22
75,86,22
79,86,22
75,86,22
76,86,22
76,86,22
76,86,22
77,86,22
80,86,22
84,86,22
85,86,22
86,86,22
85,86,22
86,86,22
86,86,22
87,86,22
86,86,22
89,86,22
86,86,22
87,86,22
86,86,22
86,86,22
90,86,22
87,86,22
86,86,22
87,86,22
90,86,22
91,86,22
90,86,22
87,74,22
84,74,22
86,74,22
86,74,22
87,74,22
83,74,22
83,74,22
82,74,22
83,74,22
81,74,22
78,74,22
81,74,22
82,74,22
82,53,22
81,53,22
81,53,22
82,53,22
83,53,22
85,53,22
82,53,22
83,53,22
80,53,22
82,53,22
79,53,22
81,53,22
84,53,22
86,53,22
87,53,22
92,53,22
92,53,22
91,53,22
90,53,22
88,53,22
90,53,22
87,53,22
87,53,22
82,53,22
79,53,22
77,53,22
75,53,22
75,53,22
76,53,22
76,53,22
75,53,22
75,53,22
74,53,22
70,53,22
70,53,22
68,53,22
70,53,22
71,53,22
70,53,22
71,53,22
70,53,22
73,53,22
79,53,22
78,53,22
78,53,22
80,53,22
78,53,22
76,53,22
75,53,22
79,53,22
78,53,22
76,53,22
78,53,22
77,53,22
76,101,22
78,101,22
81,101,22
80,101,22
79,101,22
83,101,22
84,101,22
81,101,22
78,101,22
76,101,22
76,101,22
78,101,22
77,101,22
80,101,22
82,101,22
83,101,22
84,101,22
87,101,22
84,101,22
84,101,22
84,101,22
87,101,22
91,101,22
94,101,22
96,101,22
95,101,22
94,101,22
95,101,22
97,101,22
99,101,22
101,101,22
107,101,22
108,101,22
105,101,22
107,101,22
105,101,22
105,101,22
104,101,22
110,101,22
110,128,22
115,128,22
115,128,22
116,128,22
116,128,22
118,128,22
113,128,22
113,128,22
112,128,22
112,128,22
111,128,22
109,128,22
107,128,22
103,128,22
102,128,22
107,109,22
107,109,22
110,109,22
110,109,22
108,109,22
108,109,22
110,109,22
112,109,22
116,109,22
116,104,22
114,104,22
114,104,22
115,104,22
119,104,22
119,104,22
117,104,22
119,104,22
119,104,22
117,104,22
119,104,22
116,104,22
116,104,22
116,104,22
115,104,22
115,104,22
114,104,22
115,104,22
114,129,22
118,129,22
121,129,22
123,129,22
119,129,22
117,129,22
116,129,22
121,129,22
122,129,22
125,121,22
125,121,22
124,121,22
123,121,22
123,121,22
127,121,22
129,121,22
128,121,22
127,152,22
131,152,22
130,152,22
132,152,22
131,152,22
128,152,22
124,152,22
126,152,22
126,152,22
124,152,22
122,152,22
118,152,22
116,152,22
118,152,22
118,152,22
119,152,22
122,152,22
120,152,22
119,152,22
119,152,22
120,152,22
118,152,22
118,152,22
118,152,22
115,152,22
117,152,22
116,152,22
116,152,22
119,152,22
120,152,22
119,152,22
120,152,22
117,152,22
118,152,22
116,152,22
113,110,22
112,110,22
110,110,22
106,110,22
104,110,22
101,110,22
101,110,22
98,110,22
96,110,22
100,110,22
103,110,22
102,110,22
99,110,22
98,110,22
97,110,22
98,110,22
96,110,22
95,110,22
100,110,22
101,110,22
101,110,22
103,110,22
105,110,22
103,110,22
101,110,22
103,110,22
105,110,22
105,110,22
104,110,22
100,110,22
99,110,22
103,110,22
102,110,22
100,110,22
98,110,22
97,110,22
97,110,22
99,110,22
98,110,22
97,110,22
97,110,22
98,110,22
97,110,22
97,110,22
97,110,22
99,110,22
99,110,22
98,110,22
95,110,22
91,110,22
92,110,22
94,110,22
92,110,22
91,110,22
91,110,22
93,90,22
93,90,22
92,90,22
90,90,22
90,90,22
89,90,22
87,90,22
89,90,22
90,90,22
86,90,22
85,81,22
85,81,22
89,81,22
88,81,22
85,81,22
86,81,22
89,81,22
88,81,22
87,81,22
85,81,22
86,81,22
83,81,22
79,81,22
81,81,22
82,81,22
86,81,22
85,81,22
83,81,22
84,81,22
85,81,22
86,81,22
88,81,22
92,81,22
95,81,22
93,81,22
92,81,22
88,81,22
89,81,22
89,81,22
87,81,22
88,81,22
90,81,22
91,81,22
91,81,22
89,81,22
89,81,22
90,81,22
89,81,22
88,98,22
87,98,22
85,98,22
85,98,22
84,98,22
83,98,22
82,98,22
84,98,22
86,98,22
82,98,22
80,98,22
83,98,22
83,75,22
81,75,22
79,75,22
79,75,22
80,75,22
79,75,22
78,75,22
78,75,22
81,75,22
82,89,22
86,89,22
87,89,22
85,89,22
88,89,22
88,89,22
89,93,22
91,93,22
88,93,22
89,93,22
92,93,22
91,93,22
89,93,22
89,93,22
89,93,22
91,93,22
93,93,22
95,93,22
96,93,22
96,93,22
93,93,22
96,93,22
94,93,22
97,93,22
97,93,22
97,93,22
93,93,22
90,93,22
90,93,22
88,93,22
90,93,22
90,93,22
89,93,22
91,56,22
94,56,22
95,56,22
92,56,22
88,56,22
90,56,22
91,56,22
88,56,22
88,56,22
88,56,22
86,56,22
84,56,22
86,56,22
85,56,22
85,56,22
83,56,22
84,93,22
81,93,22
79,93,22
79,93,22
79,93,22
82,93,22
83,93,22
84,93,22
85,93,22
85,93,22
81,93,22
82,93,22
81,93,22
82,93,22
80,93,22
81,93,22
79,93,22
81,93,22
81,93,22
81,93,22
86,93,22
83,93,22
87,93,22
88,93,22
91,93,22
91,93,22
88,93,22
84,93,22
80,93,22
82,93,22
85,93,22
87,93,22
86,93,22
88,93,22
87,93,22
87,93,22
89,93,22
90,93,22
91,93,22
90,93,22
93,93,22
92,93,22
90,93,22
90,93,22
87,93,22
83,93,22
81,93,22
78,26,22
76,26,22
78,26,22
79,26,22
81,26,22
81,26,22
84,26,22
85,26,22
87,26,22
87,26,22
84,26,22
81,82,22
80,82,22
81,82,22
82,82,22
85,82,22
86,82,22
84,82,22
83,88,22
84,88,22
81,88,22
85,88,22
87,88,22
85,88,22
90,88,22
88,88,22
87,88,22
91,88,22
91,88,22
90,88,22
89,88,22
90,88,22
93,88,22
91,88,22
87,88,22
88,88,22
88,88,22
87,88,22
92,88,22
93,88,22
90,88,22
91,88,22
88,88,22
91,88,22
91,84,22
89,84,22
91,84,22
92,84,22
93,84,22
92,84,22
91,84,22
93,84,22
91,84,22
87,84,22
83,84,22
86,84,22
87,84,22
83,84,22
82,84,22
81,84,22
84,84,22
84,84,22
86,100,22
88,100,22
91,100,22
92,100,22
94,100,22
95,100,22
96,100,22
95,100,22
95,100,22
94,100,22
93,100,22
89,100,22
94,100,22
95,100,22
95,100,22
93,100,22
89,100,22
92,100,22
95,100,22
94,100,22
94,100,22
96,100,22
94,100,22
90,100,22
91,100,22
90,100,22
91,100,22
92,100,22
96,100,22
94,100,22
94,100,22
93,100,22
95,100,22
96,100,22
96,100,22
98,100,22
94,100,22
92,100,22
92,100,22
90,100,22
88,100,22
90,100,22
89,100,22
89,100,22
86,100,22
85,100,22
90,100,22
90,100,22
90,100,22
89,100,22
90,100,22
89,100,22
87,100,22
88,100,22
91,100,22
92,100,22
91,100,22
93,100,22
91,100,22
92,100,22
90,81,22
90,81,22
90,81,22
90,81,22
85,81,22
88,81,22
85,81,22
88,92,22
88,92,22
87,92,22
88,92,22
89,92,22
85,92,22
82,92,22
82,92,22
82,92,22
83,92,22
82,92,22
83,92,22
83,92,22
83,92,22
84,92,22
82,92,22
79,92,22
82,110,22
83,110,22
83,110,22
85,110,22
84,110,22
87,110,22
87,110,22
89,110,22
91,110,22
92,110,22
89,110,22
89,110,22
88,110,22
87,110,22
87,110,22
84,110,22
84,110,22
88,110,22
87,110,22
86,110,22
88,110,22
91,110,22
92,110,22
91,110,22
93,110,22
93,110,22
91,110,22
88,110,22
90,110,22
89,110,22
95,110,22
94,110,22
96,110,22
99,110,22
100,110,22
104,110,22
100,110,22
101,110,22
98,110,22
101,110,22
102,110,22
102,110,22
102,110,22
101,110,22
100,110,22
102,110,22
102,110,22
103,110,22
102,110,22
102,110,22
102,110,22
100,110,22
103,110,22
104,110,22
100,110,22
100,110,22
101,106,22
99,106,22
100,106,22
101,106,22
102,106,22
100,106,22
99,106,22
100,106,22
98,106,22
93,106,22
91,55,22
89,55,22
95,55,22
96,55,22
94,55,22
92,55,22
92,55,22
93,55,22
91,55,22
88,55,22
87,55,22
88,55,22
85,55,22
85,55,22
85,55,22
82,55,22
82,55,22
83,55,22
83,75,22
80,75,22
81,75,22
80,75,22
78,75,22
78,75,22
78,75,22
75,94,22
77,94,22
77,94,22
76,94,22
77,94,22
79,94,22
82,94,22
80,94,22
84,94,22
83,94,22
85,94,22
87,94,22
91,94,22
94,94,22
91,94,22
88,94,22
89,94,22
92,94,22
96,94,22
94,94,22
93,94,22
90,94,22
89,94,22
84,94,22
81,94,22
81,94,22
82,94,22
80,57,22
79,57,22
78,57,22
77,57,22
80,57,22
82,57,22
80,57,22
80,57,22
80,57,22
79,57,22
80,57,22
79,57,22
76,57,22
76,57,22
74,57,22
74,57,22
74,51,22
73,51,22
75,51,22
76,51,22
75,51,22
75,51,22
79,51,22
81,51,22
80,51,22
79,51,22
80,106,22
78,106,22
78,106,22
78,106,22
81,106,22
84,106,22
85,106,22
84,106,22
85,106,22
87,106,22
90,106,22
89,106,22
88,106,22
89,106,22
88,106,22
87,106,22
90,106,22
92,118,22
94,118,22
96,118,22
94,118,22
94,118,22
94,118,22
95,118,22
92,130,22
92,130,22
92,130,22
91,130,22
90,130,22
90,130,22
88,130,22
86,117,22
87,117,22
88,117,22
90,117,22
93,117,22
94,117,22
97,117,22
94,117,22
94,117,22
95,117,22
92,117,22
90,89,22
90,89,22
89,89,22
88,89,22
86,89,22
87,89,22
87,89,22
87,89,22
90,89,22
92,89,22
94,89,22
95,89,22
96,89,22
97,89,22
102,89,22
101,89,22
103,89,22
103,89,22
102,96,22
102,96,22
105,96,22
103,96,22
104,96,22
106,96,22
106,96,22
108,96,22
109,96,22
107,96,22
107,96,22
112,96,22
111,96,22
109,96,22
107,96,22
107,96,22
107,96,22
108,96,22
109,96,22
107,96,22
106,96,22
107,96,22
106,96,22
106,96,22
102,96,22
97,96,22
100,96,22
102,96,22
101,96,22
100,96,22
103,96,22
104,96,22
107,96,22
103,96,22
103,96,22
107,96,22
109,96,22
110,94,22
108,94,22
108,94,22
109,94,22
106,94,22
105,94,22
104,94,22
103,94,22
103,94,22
102,94,22
102,94,22
102,94,22
105,94,22
104,94,22
108,94,22
104,94,22
106,94,22
103,94,22
103,94,22
105,94,22
101,94,22
100,85,22
98,85,22
100,85,22
102,85,22
103,85,22
104,85,22
103,85,22
101,85,22
103,85,22
104,85,22
106,85,22
104,85,22
104,85,22
108,85,22
108,85,22
108,85,22
106,85,22
108,85,22
109,85,22
108,85,22
108,85,22
112,85,22
107,85,22
104,85,22
102,85,22
101,85,22
100,85,22
98,85,22
101,85,22
102,85,22
99,85,22
100,85,22
98,85,22
97,85,22
97,85,22
99,85,22
98,85,22
99,127,22
98,127,22
99,127,22
101,127,22
101,127,22
103,127,22
103,127,22
101,127,22
97,58,22
98,58,22
97,58,22
97,58,22
98,58,22
101,58,22
98,58,22
95,58,22
96,58,22
98,99,22
96,99,22
97,99,22
95,99,22
95,99,22
94,99,22
96,99,22
100,99,22
101,99,22
101,99,22
98,99,22
99,99,22
98,99,22
96,99,22
95,99,22
93,99,22
93,99,22
93,99,22
89,99,22
88,99,22
86,99,22
86,99,22
87,99,22
87,99,22
87,99,22
85,99,22
84,99,22
83,99,22
82,99,22
79,99,22
77,99,22
79,99,22
81,99,22
80,99,22
79,99,22
80,99,22
79,118,22
80,118,22
80,118,22
80,118,22
79,118,22
75,118,22
77,118,22
77,118,22
78,118,22
80,118,22
79,118,22
76,118,22
79,118,22
80,118,22
81,118,22
79,118,22
79,118,22
79,118,22
76,118,22
79,118,22
77,118,22
77,118,22
76,118,22
72,118,22
77,118,22
79,118,22
80,118,22
79,118,22
79,118,22
78,118,22
77,118,22
80,118,22
78,118,22
81,118,22
83,118,22
80,118,22
80,118,22
79,118,22
79,118,22
80,118,22
81,118,22
82,118,22
81,118,22
78,118,22
77,118,22
76,118,22
78,118,22
74,118,22
75,107,22
79,107,22
79,107,22
80,107,22
81,107,22
82,107,22
81,107,22
83,107,22
81,107,22
79,107,22
80,107,22
80,104,22
83,104,22
84,104,22
86,104,22
87,104,22
88,104,22
87,104,22
83,104,22
86,104,22
85,104,22
87,104,22
92,104,22
91,104,22
89,104,22
91,104,22
88,104,22
89,104,22
90,104,22
89,104,22
89,104,22
90,104,22
87,104,22
87,88,22
87,88,22
88,88,22
90,88,22
88,88,22
89,88,22
88,88,22
88,88,22
88,88,22
88,88,22
86,88,22
84,88,22
88,88,22
89,88,22
88,88,22
88,88,22
86,88,22
82,88,22
80,88,22
82,88,22
82,88,22
84,88,22
83,88,22
84,88,22
87,88,22
87,50,22
88,50,22
88,50,22
88,50,22
92,50,22
93,50,22
91,50,22
93,50,22
93,50,22
95,50,22
94,50,22
94,50,22
92,50,22
91,50,22
91,50,22
90,50,22
89,85,22
91,85,22
90,85,22
92,85,22
92,85,22
93,85,22
96,85,22
95,85,22
97,85,22
99,85,22
102,85,22
104,85,22
108,85,22
107,85,22
109,85,22
112,85,22
112,85,22
112,85,22
112,85,22
114,85,22
113,85,22
112,85,22
112,85,22
112,85,22
111,85,22
108,85,22
106,85,22
107,85,22
108,85,22
107,85,22
106,117,22
108,117,22
111,117,22
111,117,22
112,117,22
111,117,22
112,117,22
109,108,22
111,108,22
112,108,22
110,108,22
111,108,22
110,108,22
110,108,22
108,108,22
106,108,22
106,108,22
106,108,22
104,108,22
105,108,22
103,108,22
102,108,22
101,91,22
100,91,22
102,91,22
101,91,22
103,91,22
99,91,22
101,91,22
103,91,22
100,91,22
103,91,22
105,91,22
104,91,22
101,91,22
103,91,22
100,91,22
99,91,22
100,91,22
101,91,22
102,98,22
102,98,22
102,98,22
102,98,22
103,98,22
102,98,22
102,98,22
100,98,22
102,98,22
102,98,22
99,98,22
100,106,22
104,106,22
104,106,22
104,106,22
105,106,22
106,106,22
107,106,22
107,106,22
107,106,22
107,106,22
107,106,22
110,106,22
109,106,22
112,106,22
111,106,22
112,106,22
112,106,22
111,106,22
113,106,22
115,106,22
119,106,22
119,106,22
120,106,22
119,106,22
119,106,22
119,106,22
116,106,22
114,106,22
114,106,22
114,106,22
114,121,22
114,121,22
114,121,22
110,121,22
112,121,22
112,121,22
110,121,22
111,121,22
114,121,22
116,121,22
115,145,22
117,145,22
118,145,22
119,145,22
119,145,22
118,145,22
119,145,22
117,145,22
117,145,22
114,145,22
116,145,22
116,145,22
116,145,22
118,145,22
118,145,22
118,145,22
116,145,22
116,145,22
120,145,22
119,145,22
115,145,22
115,145,22
114,145,22
117,145,22
118,145,22
119,145,22
118,145,22
121,145,22
118,145,22
117,150,22
117,150,22
117,150,22
118,150,22
120,150,22
120,150,22
117,150,22
118,150,22
120,150,22
120,150,22
120,150,22
121,150,22
122,150,22
121,150,22
120,118,22
124,118,22
123,118,22
125,118,22
125,118,22
127,118,22
129,118,22
132,118,22
131,118,22
130,118,22
129,118,22
129,118,22
128,118,22
127,118,22
126,118,22
125,118,22
126,118,22
126,166,22
126,166,22
130,166,22
132,166,22
130,166,22
131,166,22
131,166,22
131,166,22
131,166,22
133,166,22
135,166,22
133,166,22
134,166,22
134,156,22
136,156,22
137,156,22
133,156,22
132,156,22
134,156,22
131,156,22
132,156,22
131,156,22
127,129,22
126,129,22
125,129,22
126,129,22
127,129,22
124,129,22
126,129,22
125,129,22
126,129,22
124,129,22
125,129,22
124,129,22
127,129,22
127,129,22
128,129,22
123,129,22
123,129,22
124,129,22
125,129,22
118,129,22
116,129,22
116,129,22
116,129,22
113,129,22
112,129,22
110,129,22
108,129,22
106,129,22
107,129,22
110,129,22
108,129,22
112,129,22
111,129,22
110,116,22
109,116,22
113,116,22
114,116,22
115,116,22
112,116,22
114,116,22
115,116,22
113,116,22
113,116,22
114,116,22
112,112,22
113,112,22
110,112,22
107,112,22
109,112,22
109,112,22
108,112,22
108,112,22
106,112,22
105,112,22
105,112,22
107,112,22
109,112,22
110,112,22
111,106,22
113,106,22
111,106,22
109,106,22
114,106,22
116,106,22
117,108,22
119,108,22
121,108,22
120,108,22
120,108,22
118,108,22
118,108,22
115,108,22
115,108,22
117,108,22
119,108,22
120,108,22
119,132,22
121,132,22
116,132,22
118,132,22
120,132,22
119,132,22
119,132,22
120,132,22
116,132,22
117,132,22
120,132,22
118,132,22
116,132,22
117,132,22
113,132,22
115,132,22
116,132,22
117,132,22
121,132,22
123,132,22
123,132,22
124,132,22
124,132,22
122,132,22
122,90,22
121,90,22
119,90,22
120,90,22
126,90,22
122,90,22
118,90,22
118,90,22
119,90,22
118,90,22
115,90,22
114,90,22
116,90,22
118,90,22
119,90,22
119,90,22
117,90,22
116,90,22
113,90,22
111,90,22
114,90,22
110,90,22
109,90,22
107,90,22
103,90,22
104,90,22
105,90,22
107,90,22
112,90,22
110,90,22
110,90,22
110,90,22
108,90,22
113,90,22
114,90,22
118,90,22
120,90,22
123,90,22
123,90,22
123,90,22
124,90,22
122,90,22
121,90,22
117,90,22
115,90,22
116,90,22
118,159,22
118,159,22
120,159,22
123,159,22
126,159,22
127,159,22
128,159,22
128,159,22
126,159,22
127,159,22
128,159,22
125,159,22
125,159,22
127,159,22
128,159,22
129,159,22
126,159,22
128,159,22
132,159,22
129,156,22
130,156,22
131,156,22
126,156,22
125,156,22
125,156,22
126,156,22
123,156,22
120,156,22
118,156,22
118,156,22
120,156,22
118,156,22
117,156,22
114,156,22
114,156,22
113,156,22
115,156,22
115,156,22
113,156,22
113,156,22
113,124,22
114,124,22
116,124,22
115,124,22
111,124,22
111,124,22
110,124,22
111,124,22
113,124,22
112,124,22
114,124,22
115,124,22
112,124,22
112,124,22
111,124,22
110,124,22
109,124,22
111,124,22
115,124,22
115,124,22
116,124,22
117,95,22
114,95,22
116,95,22
114,95,22
109,95,22
110,95,22
112,95,22
110,95,22
108,95,22
106,95,22
106,95,22
105,95,22
103,95,22
105,95,22
108,95,22
107,95,22
102,95,22
101,102,22
101,102,22
102,102,22
103,102,22
103,102,22
107,102,22
111,102,22
112,102,22
108,102,22
109,102,22
110,102,22
107,102,22
109,102,22
110,102,22
109,102,22
108,102,22
111,102,22
111,102,22
111,102,22
111,116,22
112,116,22
108,116,22
110,116,22
108,116,22
109,116,22
114,116,22
111,116,22
112,116,22
112,116,22
111,116,22
108,116,22
106,116,22
108,118,22
108,118,22
109,118,22
106,118,22
104,118,22
102,118,22
100,118,22
101,118,22
102,118,22
101,118,22
103,118,22
102,118,22
103,139,22
103,139,22
107,139,22
108,139,22
103,139,22
102,139,22
101,139,22
102,139,22
104,139,22
104,139,22
102,139,22
106,139,22
104,121,22
104,121,22
102,121,22
100,121,22
97,121,22
98,121,22
99,121,22
96,121,22
94,121,22
92,121,22
92,121,22
92,121,22
94,121,22
95,121,22
94,121,22
95,121,22
94,121,22
96,110,22
91,110,22
94,110,22
91,110,22
88,110,22
89,110,22
89,110,22
91,110,22
89,103,22
89,103,22
87,103,22
88,103,22
86,103,22
81,103,22
81,103,22
84,103,22
90,103,22
89,103,22
90,103,22
89,103,22
90,103,22
92,103,22
95,103,22
93,103,22
95,103,22
96,103,22
95,103,22
95,103,22
94,103,22
98,103,22
98,103,22
96,103,22
97,103,22
101,103,22
97,103,22
94,110,22
94,110,22
93,110,22
93,110,22
92,110,22
91,110,22
90,110,22
89,110,22
89,110,22
89,94,22
89,94,22
88,94,22
86,94,22
85,94,22
84,94,22
84,94,22
86,94,22
92,94,22
90,94,22
91,94,22
90,94,22
91,94,22
91,94,22
92,94,22
93,94,22
92,94,22
91,94,22
94,94,22
97,94,22
98,94,22
96,94,22
97,94,22
98,94,22
102,94,22
101,94,22
100,94,22
96,94,22
95,94,22
92,94,22
89,94,22
88,94,22
91,94,22
92,94,22
94,94,22
92,94,22
91,94,22
89,94,22
87,94,22
88,94,22
86,94,22
85,94,22
85,94,22
87,94,22
85,94,22
84,94,22
84,94,22
84,94,22
83,94,22
81,102,22
83,102,22
81,102,22
79,102,22
79,102,22
80,102,22
81,102,22
84,102,22
84,102,22
85,102,22
86,102,22
83,102,22
83,102,22
85,102,22
85,75,22
84,75,22
81,75,22
84,75,22
84,75,22
87,75,22
90,75,22
90,75,22
85,75,22
88,75,22
88,75,22
89,52,22
86,52,22
87,52,22
90,52,22
86,52,22
90,52,22
87,52,22
87,113,22
85,113,22
82,113,22
83,113,22
82,113,22
83,113,22
84,113,22
85,113,22
82,64,22
79,64,22
82,64,22
86,64,22
87,64,22
84,64,22
82,64,22
82,64,22
79,64,22
78,64,22
78,64,22
78,109,22
77,109,22
76,109,22
75,109,22
73,109,22
69,109,22
69,109,22
69,109,22
67,109,22
66,109,22
70,109,22
71,109,22
71,109,22
70,109,22
68,109,22
67,109,22
64,109,22
62,109,22
62,109,22
63,109,22
66,109,22
67,109,22
67,109,22
67,109,22
67,109,22
65,109,22
66,109,22
63,109,22
60,109,22
60,109,22
62,109,22
60,109,22
60,109,22
63,109,22
63,109,22
60,109,22
60,109,22
58,109,22
57,109,22
57,109,22
57,109,22
56,109,22
55,86,22
57,86,22
58,86,22
57,86,22
57,86,22
60,86,22
58,86,22
57,86,22
58,86,22
56,86,22
59,86,22
59,86,22
60,86,22
62,86,22
62,86,22
64,86,22
67,86,22
64,86,22
65,86,22
68,86,22
67,86,22
69,86,22
69,86,22
69,86,22
70,86,22
71,86,22
73,86,22
74,86,22
71,86,22
70,86,22
71,86,22
69,86,22
68,86,22
71,86,22
69,86,22
67,86,22
68,86,22
69,86,22
67,70,22
68,70,22
66,70,22
64,70,22
64,70,22
64,70,22
65,70,22
61,70,22
58,70,22
58,70,22
53,70,22
49,70,22
52,70,22
52,70,22
52,70,22
51,70,22
54,70,22
51,70,22
51,70,22
49,70,22
51,70,22
50,70,22
49,70,22
48,70,22
45,70,22
46,70,22
48,70,22
48,70,22
48,70,22
52,70,22
48,79,22
48,79,22
49,79,22
50,79,22
49,79,22
51,79,22
52,79,22
53,79,22
56,79,22
57,79,22
58,79,22
59,79,22
57,79,22
55,79,22
57,79,22
56,79,22
57,79,22
56,79,22
57,79,22
57,79,22
55,79,22
55,79,22
57,79,22
58,79,22
56,79,22
58,79,22
58,79,22
56,79,22
54,79,22
56,79,22
57,79,22
53,79,22
50,79,22
50,79,22
49,79,22
50,79,22
46,79,22
45,79,22
45,79,22
44,79,22
41,79,22
40,79,22
38,79,22
35,79,22
36,79,22
37,79,22
37,79,22
37,79,22
39,79,22
39,79,22
41,79,22
38,79,22
43,79,22
42,79,22
39,79,22
38,79,22
37,79,22
39,79,22
39,38,22
40,38,22
43,38,22
43,38,22
44,38,22
41,38,22
42,38,22
42,41,22
43,41,22
43,41,22
43,41,22
41,41,22
40,41,22
38,41,22
35,41,22
34,41,22
34,41,22
33,41,22
34,41,22
37,41,22
34,41,22
34,41,22
32,41,22
30,41,22
33,41,22
36,41,22
36,41,22
36,41,22
34,41,22
39,41,22
42,41,22
40,41,22
39,41,22
38,41,22
40,41,22
42,41,22
39,41,22
43,41,22
44,41,22
44,41,22
42,41,22
46,41,22
44,41,22
45,41,22
46,41,22
45,41,22
44,41,22
46,41,22
44,41,22
41,41,22
39,41,22
41,41,22
40,41,22
42,41,22
47,36,22
47,36,22
48,36,22
47,36,22
43,36,22
42,36,22
39,36,22
39,36,22
37,15,22
40,15,22
37,15,22
38,15,22
37,15,22
35,15,22
34,15,22
35,15,22
34,15,22
35,15,22
35,15,22
37,15,22
39,15,22
40,15,22
40,15,22
40,15,22
38,15,22
37,15,22
37,15,22
39,15,22
37,15,22
34,15,22
38,15,22
36,15,22
36,15,22
34,15,22
32,15,22
37,15,22
36,15,22
37,15,22
39,15,22
37,15,22
36,15,22
35,15,22
33,15,22
32,15,22
37,15,22
36,15,22
35,15,22
29,15,22
29,15,22
28,15,22
28,15,22
26,15,22
26,15,22
24,15,22
24,15,22
22,15,22
23,15,22
19,15,22
14,15,22
17,15,22
18,15,22
20,15,22
21,354,22
21,354,22
22,354,22
22,354,22
21,354,22
22,354,22
20,354,22
24,354,22
22,354,22
23,354,22
17,354,22
17,354,22
18,354,22
19,354,22
18,354,22
18,354,22
15,354,22
16,354,22
17,354,22
20,354,22
20,354,22
23,354,22
22,354,22
22,354,22
22,354,22
22,354,22
24,354,22
25,354,22
22,7,22
22,7,22
25,7,22
25,7,22
23,7,22
22,7,22
20,7,22
20,7,22
22,7,22
22,7,22
24,7,22
24,7,22
27,7,22
27,7,22
27,7,22
27,7,22
25,7,22
25,7,22
22,7,22
24,7,22
21,7,22
24,7,22
25,7,22
26,7,22
29,7,22
29,42,22
31,42,22
31,42,22
31,42,22
31,42,22
31,42,22
29,42,22
28,42,22
29,42,22
28,42,22
28,42,22
25,32,22
25,32,22
25,32,22
24,32,22
25,32,22
27,32,22
24,32,22
25,32,22
25,32,22
30,32,22
31,32,22
32,32,22
36,32,22
37,32,22
41,32,22
43,32,22
46,32,22
46,32,22
45,32,22
43,32,22
44,32,22
43,32,22
42,32,22
43,32,22
42,32,22
44,32,22
42,32,22
43,32,22
46,32,22
48,32,22
46,32,22
47,32,22
44,32,22
39,32,22
41,32,22
38,32,22
35,32,22
36,32,22
37,32,22
33,32,22
37,66,22
36,66,22
39,66,22
40,66,22
44,66,22
43,66,22
45,66,22
42,66,22
40,66,22
40,66,22
40,66,22
41,66,22
40,66,22
38,66,22
37,66,22
36,66,22
31,66,22
33,66,22
32,66,22
31,66,22
30,66,22
34,66,22
36,66,22
38,19,22
39,19,22
36,19,22
40,19,22
41,19,22
41,19,22
42,19,22
45,19,22
45,19,22
48,19,22
51,19,22
51,49,22
50,49,22
50,49,22
48,49,22
46,49,22
46,49,22
44,49,22
44,49,22
47,49,22
45,49,22
49,49,22
49,49,22
48,49,22
48,49,22
48,49,22
48,4,22
50,4,22
48,4,22
47,4,22
49,4,22
48,4,22
50,4,22
47,4,22
45,4,22
48,4,22
52,4,22
49,4,22
51,4,22
51,4,22
51,4,22
51,4,22
49,4,22
49,4,22
54,4,22
54,4,22
57,4,22
54,4,22
52,4,22
53,22,22
56,22,22
53,22,22
56,22,22
55,22,22
56,22,22
59,22,22
61,22,22
62,22,22
65,22,22
68,22,22
68,22,22
65,22,22
64,22,22
63,22,22
61,22,22
62,22,22
62,22,22
63,22,22
65,22,22
66,22,22
67,22,22
68,22,22
69,22,22
71,22,22
71,22,22
67,22,22
70,22,22
70,22,22
71,22,22
69,22,22
69,22,22
73,22,22
71,22,22
74,56,22
71,56,22
72,56,22
71,56,22
71,56,22
73,56,22
73,56,22
73,56,22
71,56,22
75,56,22
75,56,22
76,56,22
76,56,22
77,56,22
81,56,22
80,63,22
83,63,22
79,63,22
80,63,22
83,63,22
84,63,22
86,63,22
86,63,22
88,63,22
90,63,22
92,63,22
93,63,22
94,63,22
94,63,22
95,63,22
97,63,22
98,63,22
99,94,22
98,94,22
96,94,22
95,94,22
92,94,22
93,94,22
91,94,22
89,94,22
89,94,22
88,94,22
89,94,22
89,94,22
88,94,22
92,94,22
93,94,22
96,94,22
97,94,22
95,94,22
96,94,22
99,94,22
97,94,22
97,94,22
98,94,22
100,94,22
101,94,22
98,94,22
98,94,22
98,94,22
96,94,22
100,94,22
102,94,22
102,94,22
100,94,22
98,94,22
99,94,22
102,94,22
104,94,22
107,94,22
110,94,22
108,94,22
109,94,22
106,86,22
103,86,22
105,86,22
105,86,22
103,86,22
105,86,22
102,86,22
102,86,22
103,86,22
101,86,22
99,86,22
100,86,22
102,86,22
106,86,22
107,86,22
106,86,22
107,86,22
105,86,22
105,86,22
99,86,22
99,86,22
102,86,22
101,86,22
98,86,22
99,86,22
101,86,22
101,86,22
103,86,22
101,86,22
103,86,22
102,86,22
102,86,22
99,86,22
98,86,22
100,86,22
99,86,22
100,86,22
103,86,22
101,86,22
100,86,22
102,76,22
99,76,22
97,76,22
102,76,22
103,76,22
105,76,22
104,76,22
101,76,22
102,76,22
101,76,22
101,76,22
105,76,22
105,76,22
106,76,22
105,76,22
106,76,22
106,76,22
107,79,22
108,79,22
107,79,22
106,79,22
104,79,22
103,79,22
106,79,22
103,79,22
101,79,22
100,79,22
97,79,22
100,79,22
101,79,22
104,79,22
103,79,22
104,79,22
105,79,22
103,79,22
107,79,22
105,79,22
107,79,22
105,79,22
107,79,22
111,79,22
112,79,22
112,79,22
111,79,22
108,79,22
105,109,22
110,109,22
113,109,22
115,109,22
114,109,22
115,109,22
116,109,22
113,109,22
116,109,22
115,109,22
116,109,22
121,109,22
123,109,22
121,109,22
121,109,22
125,109,22
122,109,22
119,109,22
120,109,22
119,109,22
121,109,22
124,109,22
125,109,22
125,109,22
125,109,22
126,109,22
126,109,22
127,109,22
124,101,22
123,101,22
123,101,22
119,101,22
119,101,22
119,101,22
116,101,22
116,101,22
116,101,22
114,101,22
114,101,22
116,101,22
117,101,22
116,101,22
115,101,22
113,101,22
117,101,22
117,101,22
115,101,22
115,101,22
115,101,22
113,123,22
114,123,22
115,123,22
113,123,22
112,123,22
112,123,22
110,123,22
105,123,22
104,123,22
105,123,22
104,123,22
104,123,22
102,123,22
102,123,22
103,123,22
104,123,22
103,123,22
102,123,22
101,123,22
101,123,22
104,123,22
103,123,22
101,123,22
99,123,22
103,123,22
105,123,22
107,123,22
108,123,22
110,123,22
109,123,22
112,123,22
110,123,22
108,123,22
108,123,22
108,123,22
112,123,22
111,123,22
112,123,22
114,123,22
112,123,22
111,123,22
112,123,22
109,123,22
109,123,22
106,123,22
105,88,22
104,88,22
104,88,22
103,88,22
103,88,22
105,88,22
105,88,22
107,88,22
109,88,22
108,88,22
108,88,22
107,88,22
108,88,22
108,88,22
110,109,22
113,109,22
114,109,22
117,109,22
116,109,22
115,109,22
112,109,22
109,109,22
108,109,22
108,109,22
107,109,22
110,109,22
108,109,22
108,109,22
108,109,22
110,109,22
108,134,22
103,134,22
103,134,22
105,134,22
105,134,22
104,134,22
105,134,22
105,134,22
103,134,22
105,114,22
106,114,22
107,114,22
105,114,22
103,114,22
103,114,22
100,114,22
99,114,22
105,114,22
106,114,22
107,114,22
103,110,22
107,110,22
106,110,22
105,110,22
105,110,22
103,110,22
104,110,22
106,110,22
109,110,22
108,110,22
110,110,22
110,110,22
109,110,22
111,110,22
108,101,22
107,101,22
108,101,22
104,101,22
103,101,22
102,101,22
104,101,22
106,101,22
106,101,22
106,101,22
106,101,22
104,101,22
105,101,22
106,101,22
107,101,22
107,101,22
107,101,22
106,101,22
104,101,22
106,101,22
106,101,22
110,101,22
110,101,22
110,101,22
106,101,22
108,101,22
107,101,22
105,101,22
106,101,22
108,101,22
106,101,22
109,101,22
109,101,22
107,101,22
106,133,22
110,133,22
107,133,22
108,133,22
110,133,22
110,133,22
109,133,22
108,133,22
108,133,22
107,133,22
105,133,22
106,133,22
108,133,22
108,133,22
104,133,22
104,133,22
106,133,22
106,133,22
107,133,22
103,133,22
103,133,22
103,133,22
106,133,22
106,133,22
109,133,22
108,133,22
111,133,22
107,133,22
109,133,22
113,133,22
112,112,22
112,112,22
113,112,22
112,112,22
113,112,22
114,112,22
115,112,22
112,112,22
112,112,22
117,112,22
116,112,22
118,112,22
115,112,22
113,112,22
117,112,22
116,112,22
113,112,22
115,112,22
116,112,22
117,112,22
117,112,22
120,112,22
116,112,22
116,112,22
115,112,22
117,112,22
118,112,22
118,112,22
119,112,22
119,112,22
119,112,22
119,112,22
121,112,22
123,112,22
125,112,22
123,112,22
126,112,22
126,112,22
126,112,22
126,112,22
125,112,22
126,112,22
128,112,22
131,112,22
128,112,22
127,112,22
123,112,22
123,111,22
121,111,22
119,111,22
120,111,22
119,111,22
122,111,22
119,111,22
119,103,22
117,103,22
118,103,22
115,103,22
116,103,22
113,103,22
113,103,22
111,103,22
108,103,22
109,103,22
108,103,22
110,103,22
110,103,22
108,103,22
108,103,22
109,103,22
107,103,22
108,103,22
105,103,22
108,103,22
109,103,22
111,103,22
108,107,22
108,107,22
109,107,22
108,107,22
110,107,22
110,107,22
110,107,22
112,107,22
109,107,22
106,107,22
106,107,22
105,107,22
104,107,22
103,107,22
101,107,22
100,107,22
105,107,22
105,107,22
99,107,22
98,111,22
97,111,22
97,111,22
97,111,22
97,111,22
99,111,22
101,111,22
94,111,22
95,111,22
96,111,22
97,111,22
99,111,22
99,111,22
95,111,22
94,111,22
92,111,22
91,111,22
89,111,22
92,111,22
95,111,22
93,111,22
93,111,22
93,111,22
94,111,22
93,111,22
95,101,22
94,101,22
93,101,22
93,101,22
92,101,22
86,101,22
84,101,22
87,101,22
86,101,22
89,101,22
87,105,22
85,105,22
86,105,22
85,105,22
90,105,22
89,105,22
86,105,22
86,105,22
86,105,22
86,105,22
84,105,22
85,105,22
85,105,22
84,105,22
85,105,22
86,105,22
89,105,22
91,105,22
90,105,22
88,105,22
87,105,22
81,105,22
84,105,22
85,105,22
85,105,22
86,105,22
83,105,22
83,105,22
84,105,22
84,105,22
82,105,22
80,105,22
82,119,22
83,119,22
78,119,22
83,119,22
84,119,22
87,119,22
86,119,22
85,119,22
84,119,22
82,119,22
79,119,22
80,119,22
81,119,22
81,51,22
81,51,22
79,51,22
75,51,22
75,51,22
74,51,22
73,51,22
73,51,22
73,51,22
72,51,22
74,51,22
76,51,22
79,51,22
79,51,22
79,51,22
80,51,22
82,51,22
82,51,22
79,51,22
78,51,22
78,51,22
79,51,22
80,51,22
77,51,22
75,51,22
72,51,22
73,72,22
72,72,22
73,72,22
73,72,22
69,72,22
71,72,22
73,72,22
72,72,22
73,72,22
73,72,22
73,71,22
71,71,22
67,71,22
67,71,22
69,71,22
69,71,22
70,71,22
70,71,22
70,71,22
74,71,22
73,71,22
73,71,22
75,71,22
77,71,22
78,71,22
82,71,22
80,71,22
77,71,22
76,71,22
72,71,22
73,71,22
77,71,22
79,93,22
80,93,22
79,93,22
76,93,22
79,93,22
76,93,22
74,93,22
74,93,22
72,93,22
73,93,22
73,93,22
71,93,22
73,93,22
73,93,22
72,93,22
71,93,22
74,115,22
73,115,22
71,115,22
71,115,22
72,115,22
68,115,22
67,43,22
69,43,22
70,43,22
71,43,22
72,43,22
69,43,22
69,43,22
66,43,22
69,43,22
68,43,22
70,43,22
72,43,22
69,43,22
67,43,22
65,43,22
66,43,22
61,43,22
62,43,22
62,43,22
66,43,22
66,43,22
65,43,22
63,91,22
65,91,22
68,91,22
66,91,22
64,91,22
62,91,22
61,91,22
63,91,22
63,104,22
63,104,22
63,104,22
62,104,22
61,104,22
61,104,22
57,104,22
56,104,22
56,104,22
56,104,22
55,104,22
54,104,22
58,104,22
60,104,22
61,104,22
60,104,22
60,104,22
57,104,22
60,104,22
57,104,22
56,104,22
55,104,22
54,104,22
53,51,22
51,51,22
50,51,22
47,51,22
43,51,22
43,51,22
40,51,22
39,51,22
39,51,22
40,51,22
37,51,22
37,51,22
37,51,22
36,46,22
39,46,22
36,46,22
37,46,22
41,46,22
42,46,22
42,46,22
43,46,22
41,39,22
39,39,22
41,39,22
37,39,22
39,39,22
41,39,22
39,39,22
40,39,22
41,39,22
42,39,22
44,39,22
43,39,22
44,39,22
44,39,22
47,39,22
48,39,22
46,39,22
46,39,22
46,39,22
45,39,22
49,39,22
51,39,22
49,39,22
51,39,22
48,39,22
49,39,22
47,39,22
49,39,22
50,39,22
51,39,22
51,39,22
47,39,22
47,39,22
44,39,22
43,39,22
45,39,22
45,39,22
45,39,22
43,39,22
45,39,22
44,39,22
45,39,22
47,39,22
49,27,22
50,27,22
49,27,22
49,27,22
50,27,22
49,27,22
49,27,22
50,27,22
48,27,22
50,27,22
50,27,22
52,27,22
54,27,22
54,27,22
55,27,22
54,27,22
55,27,22
58,27,22
54,66,22
56,66,22
54,66,22
48,66,22
52,66,22
49,66,22
50,66,22
50,66,22
51,66,22
56,66,22
57,66,22
59,66,22
59,66,22
58,66,22
59,66,22
59,66,22
56,66,22
53,66,22
58,66,22
60,66,22
60,66,22
59,66,22
58,66,22
57,66,22
58,66,22
60,66,22
59,66,22
56,66,22
57,66,22
55,66,22
54,66,22
57,66,22
57,66,22
59,66,22
63,66,22
60,66,22
58,66,22
63,66,22
63,66,22
66,66,22
67,66,22
67,66,22
65,66,22
64,66,22
62,66,22
62,66,22
61,66,22
61,66,22
63,66,22
65,66,22
71,66,22
71,66,22
69,66,22
64,66,22
64,88,22
65,88,22
64,88,22
63,88,22
60,88,22
59,88,22
58,88,22
61,88,22
62,88,22
61,88,22
63,88,22
59,35,22
62,35,22
63,35,22
61,35,22
60,35,22
59,35,22
59,35,22
59,35,22
61,35,22
61,35,22
61,35,22
61,35,22
60,35,22
57,35,22
57,35,22
58,35,22
59,62,22
61,62,22
60,62,22
59,62,22
56,62,22
57,62,22
55,62,22
51,62,22
51,62,22
52,62,22
56,62,22
53,62,22
54,62,22
57,62,22
55,62,22
53,62,22
53,46,22
53,46,22
54,46,22
55,46,22
58,46,22
57,46,22
59,46,22
60,46,22
60,37,22
60,37,22
57,37,22
55,37,22
53,37,22
57,37,22
54,37,22
54,60,22
56,60,22
54,60,22
54,60,22
53,60,22
54,60,22
52,60,22
50,60,22
48,60,22
50,60,22
50,60,22
48,60,22
50,60,22
49,60,22
52,60,22
54,60,22
56,60,22
54,60,22
58,60,22
57,60,22
53,60,22
51,60,22
50,60,22
45,60,22
47,60,22
47,60,22
52,60,22
53,60,22
56,60,22
59,60,22
59,60,22
59,60,22
60,60,22
60,60,22
61,60,22
61,60,22
58,60,22
59,60,22
62,60,22
61,60,22
63,60,22
60,60,22
62,61,22
62,61,22
63,61,22
60,61,22
59,61,22
58,61,22
55,61,22
55,61,22
54,61,22
55,77,22
55,77,22
54,77,22
56,77,22
56,77,22
55,77,22
54,77,22
55,77,22
56,77,22
57,77,22
54,77,22
57,77,22
55,77,22
56,77,22
52,77,22
50,77,22
48,77,22
49,77,22
49,77,22
46,77,22
46,77,22
46,77,22
43,55,22
44,55,22
43,55,22
42,55,22
44,55,22
43,55,22
44,55,22
45,55,22
46,55,22
44,55,22
41,55,22
42,55,22
46,55,22
47,55,22
46,27,22
47,27,22
46,27,22
45,27,22
47,27,22
47,27,22
46,27,22
45,27,22
45,27,22
44,27,22
45,27,22
41,9,22
39,9,22
40,9,22
42,9,22
42,9,22
41,9,22
40,9,22
39,9,22
39,9,22
41,9,22
39,9,22
43,46,22
41,46,22
38,46,22
38,46,22
39,46,22
40,46,22
37,46,22
37,46,22
38,46,22
38,46,22
41,46,22
39,46,22
41,46,22
43,46,22
45,46,22
47,46,22
49,46,22
48,46,22
47,46,22
47,46,22
46,46,22
45,46,22
47,46,22
47,46,22
49,46,22
46,46,22
44,46,22
45,46,22
47,46,22
47,46,22
47,46,22
47,46,22
50,46,22
49,46,22
47,46,22
50,46,22
51,46,22
50,46,22
49,46,22
45,46,22
48,46,22
48,46,22
47,46,22
48,46,22
49,46,22
47,46,22
50,46,22
51,46,22
50,46,22
49,46,22
52,46,22
55,46,22
55,46,22
56,46,22
54,67,22
55,67,22
53,67,22
52,67,22
56,67,22
53,67,22
52,67,22
51,67,22
52,67,22
53,67,22
50,67,22
54,67,22
56,67,22
56,67,22
56,67,22
54,67,22
51,67,22
50,67,22
53,67,22
55,67,22
60,67,22
61,67,22
63,67,22
67,67,22
66,67,22
65,67,22
62,67,22
63,67,22
60,67,22
62,67,22
64,67,22
64,67,22
61,67,22
61,67,22
62,67,22
62,67,22
57,67,22
57,43,22
57,43,22
56,43,22
55,43,22
54,43,22
56,43,22
53,43,22
51,43,22
50,43,22
49,43,22
49,43,22
48,43,22
49,43,22
49,43,22
50,43,22
48,43,22
51,43,22
45,43,22
46,43,22
47,43,22
48,43,22
48,43,22
51,43,22
51,43,22
53,43,22
53,43,22
52,43,22
54,43,22
53,43,22
55,43,22
54,43,22
52,43,22
50,43,22
48,43,22
46,43,22
44,43,22
44,43,22
45,43,22
46,43,22
47,43,22
50,43,22
53,43,22
54,43,22
51,43,22
53,43,22
52,43,22
50,43,22
52,43,22
51,43,22
49,43,22
49,30,22
49,30,22
48,30,22
46,30,22
49,30,22
50,30,22
49,30,22
48,30,22
50,30,22
53,60,22
51,60,22
47,60,22
48,60,22
47,60,22
46,60,22
48,60,22
43,60,22
42,60,22
44,60,22
41,60,22
42,60,22
41,46,22
41,46,22
39,46,22
37,46,22
38,46,22
38,46,22
36,46,22
35,46,22
33,46,22
32,46,22
34,46,22
35,46,22
36,46,22
37,46,22
33,46,22
34,46,22
35,46,22
32,46,22
33,46,22
34,46,22
31,14,22
30,14,22
29,14,22
29,14,22
28,14,22
29,14,22
31,14,22
29,14,22
32,14,22
38,14,22
39,14,22
38,14,22
40,14,22
45,14,22
44,14,22
43,14,22
40,14,22
42,14,22
42,14,22
40,14,22
39,14,22
36,14,22
35,14,22
33,14,22
35,14,22
38,14,22
37,14,22
39,14,22
41,14,22
40,14,22
41,40,22
42,40,22
42,40,22
38,40,22
41,40,22
41,40,22
36,40,22
36,40,22
36,40,22
33,40,22
34,40,22
35,40,22
33,40,22
29,40,22
32,40,22
31,40,22
33,40,22
30,40,22
27,40,22
28,40,22
29,40,22
29,40,22
27,40,22
26,40,22
31,40,22
30,40,22
31,40,22
32,40,22
32,40,22
31,40,22
30,40,22
30,40,22
33,40,22
34,40,22
35,40,22
36,40,22
38,40,22
37,40,22
42,40,22
42,40,22
44,40,22
46,40,22
46,40,22
49,40,22
49,40,22
50,29,22
51,29,22
48,29,22
48,29,22
47,29,22
50,29,22
49,29,22
51,29,22
54,29,22
54,29,22
53,29,22
49,29,22
51,29,22
53,29,22
53,29,22
51,29,22
55,29,22
55,29,22
56,29,22
57,29,22
61,29,22
64,29,22
61,29,22
59,29,22
60,50,22
61,50,22
61,50,22
58,50,22
57,50,22
56,50,22
57,50,22
56,50,22
56,50,22
60,50,22
59,50,22
57,50,22
58,50,22
61,50,22
59,50,22
60,50,22
61,50,22
61,50,22
59,50,22
57,50,22
54,50,22
55,50,22
56,50,22
62,50,22
63,50,22
65,50,22
64,50,22
66,50,22
67,50,22
68,50,22
68,50,22
70,50,22
68,50,22
66,50,22
66,50,22
65,50,22
63,50,22
62,50,22
63,50,22
64,50,22
60,50,22
62,50,22
64,50,22
63,50,22
62,50,22
62,50,22
60,50,22
61,50,22
58,50,22
62,50,22
63,50,22
63,50,22
61,50,22
59,50,22
59,50,22
61,50,22
63,50,22
59,50,22
59,50,22
57,74,22
59,74,22
61,74,22
60,74,22
57,74,22
55,74,22
57,74,22
57,74,22
56,74,22
56,74,22
56,74,22
56,74,22
57,74,22
56,74,22
55,74,22
56,47,22
57,47,22
56,47,22
58,47,22
61,47,22
60,47,22
58,47,22
61,47,22
62,47,22
64,47,22
65,47,22
68,47,22
68,47,22
70,47,22
71,47,22
72,47,22
72,47,22
72,47,22
68,47,22
69,47,22
70,47,22
71,47,22
71,47,22
74,47,22
75,47,22
75,47,22
73,47,22
77,47,22
77,47,22
76,47,22
79,47,22
77,47,22
78,47,22
77,47,22
78,47,22
77,47,22
79,47,22
78,47,22
80,47,22
80,47,22
81,47,22
81,47,22
82,47,22
79,47,22
78,47,22
76,47,22
79,47,22
77,47,22
78,47,22
80,47,22
83,47,22
81,47,22
82,47,22
80,114,22
83,114,22
85,114,22
84,114,22
82,114,22
82,114,22
85,114,22
85,114,22
87,114,22
87,114,22
87,114,22
83,114,22
84,114,22
83,114,22
83,114,22
83,114,22
84,114,22
87,114,22
88,114,22
86,114,22
89,114,22
90,114,22
90,114,22
93,114,22
93,114,22
92,114,22
96,114,22
95,114,22
97,114,22
97,114,22
97,114,22
98,114,22
99,114,22
96,114,22
95,114,22
91,77,22
91,77,22
93,77,22
95,77,22
97,77,22
99,77,22
101,77,22
98,77,22
101,77,22
102,77,22
100,77,22
100,77,22
99,77,22
98,77,22
100,77,22
100,77,22
99,77,22
98,77,22
99,77,22
100,77,22
99,77,22
98,77,22
97,107,22
97,107,22
93,107,22
95,107,22
99,107,22
95,107,22
98,107,22
99,107,22
99,107,22
104,107,22
106,107,22
107,107,22
104,107,22
103,107,22
103,107,22
102,107,22
98,107,22
98,96,22
98,96,22
98,96,22
96,96,22
95,96,22
93,96,22
93,96,22
92,96,22
90,96,22
95,96,22
97,96,22
96,96,22
97,96,22
97,96,22
98,96,22
94,109,22
93,109,22
92,109,22
90,109,22
90,109,22
92,109,22
94,109,22
99,109,22
99,109,22
98,109,22
100,89,22
102,89,22
101,89,22
102,89,22
99,89,22
102,89,22
105,89,22
106,89,22
105,89,22
106,89,22
105,89,22
102,89,22
104,89,22
104,89,22
102,89,22
101,89,22
100,89,22
99,89,22
97,89,22
96,89,22
92,89,22
93,89,22
94,89,22
93,89,22
95,89,22
90,89,22
91,89,22
91,89,22
91,89,22
93,89,22
94,89,22
96,89,22
96,89,22
98,89,22
97,89,22
97,105,22
93,105,22
92,105,22
91,105,22
92,105,22
93,105,22
90,105,22
89,105,22
87,105,22
85,105,22
84,97,22
85,97,22
83,97,22
84,97,22
84,97,22
83,97,22
87,97,22
87,97,22
86,97,22
87,97,22
88,97,22
89,97,22
88,97,22
85,97,22
83,97,22
86,97,22
84,83,22
88,83,22
89,83,22
93,83,22
92,83,22
92,83,22
89,83,22
88,83,22
89,83,22
89,83,22
89,83,22
91,83,22
91,83,22
92,83,22
88,83,22
85,83,22
85,83,22
88,83,22
87,83,22
88,83,22
87,83,22
87,83,22
87,83,22
88,83,22
89,83,22
87,83,22
87,83,22
87,83,22
92,83,22
90,83,22
93,83,22
90,83,22
92,83,22
92,83,22
91,83,22
91,82,22
92,82,22
92,82,22
92,82,22
92,82,22
92,82,22
92,82,22
94,82,22
95,82,22
95,82,22
96,82,22
96,82,22
95,82,22
92,82,22
93,82,22
94,82,22
92,82,22
90,105,22
90,105,22
89,105,22
92,105,22
89,105,22
90,105,22
90,105,22
92,105,22
93,105,22
94,105,22
93,105,22
93,105,22
96,105,22
98,105,22
96,103,22
98,103,22
99,103,22
99,103,22
99,103,22
103,103,22
101,103,22
101,103,22
102,103,22
102,103,22
105,103,22
107,103,22
109,103,22
107,103,22
106,103,22
108,103,22
109,103,22
111,103,22
110,103,22
112,103,22
113,103,22
112,103,22
112,103,22
112,103,22
111,103,22
112,103,22
114,103,22
116,103,22
118,103,22
118,103,22
117,103,22
115,103,22
117,103,22
117,98,22
118,98,22
117,98,22
117,98,22
116,98,22
117,98,22
115,98,22
117,98,22
120,98,22
118,98,22
120,98,22
120,98,22
121,98,22
119,98,22
121,98,22
120,98,22
121,98,22
122,98,22
125,98,22
126,98,22
123,98,22
125,98,22
123,98,22
120,98,22
121,98,22
120,130,22
119,130,22
123,130,22
124,130,22
125,130,22
125,130,22
124,130,22
121,129,22
121,129,22
123,129,22
120,129,22
121,129,22
120,129,22
121,129,22
122,129,22
121,129,22
118,129,22
124,129,22
124,129,22
124,129,22
125,129,22
120,129,22
121,129,22
120,129,22
117,129,22
117,129,22
114,96,22
113,96,22
114,96,22
111,96,22
112,96,22
115,96,22
114,96,22
112,96,22
109,96,22
110,96,22
109,96,22
108,96,22
110,96,22
111,96,22
110,96,22
112,96,22
110,96,22
112,136,22
115,136,22
113,136,22
115,136,22
116,136,22
119,136,22
120,136,22
122,136,22
122,136,22
121,146,22
120,146,22
120,146,22
119,146,22
121,146,22
124,146,22
126,146,22
126,146,22
124,146,22
120,146,22
119,146,22
119,146,22
119,146,22
120,146,22
120,146,22
120,146,22
119,146,22
120,146,22
121,146,22
