true_pos,obs_pos,true_var
215,212,22
213,212,22
211,212,22
210,212,22
210,212,22
211,212,22
213,212,22
214,209,22
214,209,22
213,209,22
217,209,22
217,209,22
216,209,22
216,209,22
215,209,22
212,209,22
212,209,22
211,209,22
209,209,22
208,209,22
206,209,22
202,209,22
204,209,22
208,209,22
208,209,22
212,209,22
212,209,22
212,209,22
213,209,22
211,209,22
213,209,22
209,209,22
209,245,22
205,245,22
202,245,22
202,245,22
201,245,22
202,245,22
204,245,22
204,245,22
204,245,22
207,245,22
207,245,22
207,245,22
206,245,22
206,245,22
205,245,22
205,245,22
204,245,22
202,245,22
202,245,22
199,245,22
203,245,22
203,245,22
206,245,22
205,245,22
201,193,22
199,193,22
199,193,22
197,193,22
196,193,22
196,193,22
197,193,22
198,193,22
199,232,22
198,232,22
199,232,22
201,232,22
201,232,22
200,232,22
199,232,22
202,232,22
205,232,22
203,232,22
202,232,22
202,182,22
200,182,22
204,182,22
202,182,22
201,182,22
201,182,22
199,217,22
203,217,22
205,217,22
208,217,22
208,217,22
210,217,22
210,217,22
210,217,22
206,217,22
204,217,22
205,217,22
202,217,22
203,217,22
202,217,22
198,217,22
197,217,22
197,217,22
196,217,22
196,217,22
196,217,22
192,217,22
193,217,22
196,217,22
195,217,22
197,217,22
196,217,22
196,193,22
195,193,22
193,193,22
194,193,22
199,193,22
201,193,22
201,193,22
200,193,22
200,193,22
200,193,22
198,193,22
198,193,22
197,193,22
198,193,22
199,193,22
199,193,22
199,193,22
196,193,22
194,193,22
191,193,22
190,193,22
194,193,22
195,193,22
194,193,22
194,193,22
195,193,22
194,193,22
196,193,22
196,193,22
192,193,22
191,193,22
189,193,22
189,206,22
187,206,22
185,206,22
182,206,22
184,206,22
184,206,22
186,206,22
183,187,22
180,187,22
181,187,22
181,187,22
179,187,22
179,187,22
183,187,22
184,187,22
186,187,22
184,187,22
185,187,22
189,187,22
188,187,22
184,187,22
184,187,22
185,187,22
187,187,22
188,187,22
192,187,22
192,187,22
190,187,22
190,187,22
190,187,22
190,187,22
189,187,22
193,187,22
194,187,22
196,187,22
192,187,22
193,187,22
197,187,22
197,187,22
196,187,22
197,187,22
197,187,22
200,187,22
199,187,22
202,187,22
201,187,22
200,219,22
199,219,22
199,219,22
199,219,22
197,219,22
196,219,22
195,219,22
195,219,22
197,219,22
197,219,22
199,219,22
199,219,22
199,219,22
199,219,22
204,219,22
207,219,22
208,219,22
207,219,22
207,219,22
211,219,22
212,219,22
214,219,22
214,219,22
212,219,22
214,219,22
215,219,22
213,219,22
214,219,22
213,219,22
216,219,22
219,219,22
218,219,22
217,219,22
218,219,22
218,241,22
222,241,22
221,241,22
219,241,22
222,241,22
221,241,22
222,241,22
221,241,22
217,241,22
215,241,22
212,241,22
212,241,22
209,241,22
210,241,22
211,241,22
210,241,22
209,241,22
204,241,22
205,241,22
204,241,22
203,241,22
203,241,22
199,166,22
197,166,22
197,166,22
198,166,22
197,166,22
196,166,22
199,166,22
203,166,22
202,166,22
200,166,22
196,166,22
195,166,22
193,166,22
190,166,22
189,166,22
184,166,22
187,166,22
187,166,22
190,166,22
188,166,22
190,166,22
188,166,22
188,166,22
185,166,22
184,166,22
187,166,22
191,211,22
190,211,22
188,211,22
186,211,22
188,211,22
189,211,22
190,211,22
189,211,22
188,211,22
184,211,22
185,211,22
185,211,22
183,211,22
183,193,22
182,193,22
185,193,22
183,193,22
183,193,22
181,193,22
185,193,22
183,193,22
182,226,22
181,226,22
180,226,22
181,226,22
179,226,22
183,226,22
182,226,22
182,226,22
185,226,22
186,226,22
183,187,22
182,187,22
182,187,22
182,187,22
184,187,22
181,187,22
181,187,22
177,187,22
180,187,22
178,187,22
179,187,22
176,205,22
178,205,22
180,205,22
178,205,22
177,205,22
178,205,22
178,205,22
175,205,22
178,191,22
183,191,22
185,191,22
185,191,22
181,191,22
180,191,22
182,191,22
184,191,22
181,191,22
182,191,22
180,191,22
180,191,22
178,191,22
177,191,22
177,191,22
182,191,22
186,191,22
183,191,22
186,191,22
188,191,22
189,191,22
187,191,22
184,191,22
184,191,22
187,191,22
187,191,22
190,191,22
190,191,22
186,191,22
187,191,22
187,191,22
186,191,22
184,189,22
185,189,22
185,189,22
186,189,22
183,189,22
183,189,22
182,189,22
179,189,22
178,189,22
176,189,22
174,189,22
179,189,22
178,189,22
175,189,22
176,189,22
174,189,22
173,189,22
170,189,22
173,189,22
177,189,22
176,189,22
174,189,22
174,209,22
173,209,22
173,209,22
173,209,22
175,209,22
174,209,22
176,209,22
176,209,22
175,209,22
176,209,22
176,209,22
173,209,22
172,209,22
172,209,22
171,209,22
171,209,22
173,209,22
174,209,22
173,209,22
170,209,22
170,209,22
173,209,22
169,209,22
163,158,22
161,158,22
162,158,22
168,158,22
168,158,22
171,158,22
171,158,22
172,158,22
174,158,22
175,158,22
174,158,22
172,158,22
175,158,22
175,158,22
175,158,22
178,158,22
179,158,22
177,158,22
178,158,22
179,158,22
178,158,22
179,158,22
178,158,22
173,158,22
172,158,22
175,158,22
178,158,22
176,158,22
174,158,22
173,158,22
175,158,22
178,158,22
181,158,22
182,158,22
183,158,22
182,158,22
180,158,22
178,158,22
177,158,22
176,158,22
174,158,22
176,158,22
176,158,22
180,158,22
185,158,22
185,158,22
182,186,22
180,186,22
177,186,22
176,186,22
173,186,22
171,186,22
174,186,22
172,186,22
172,186,22
170,186,22
173,186,22
171,199,22
171,199,22
172,199,22
168,199,22
168,199,22
165,199,22
168,199,22
169,199,22
167,199,22
163,199,22
164,199,22
166,199,22
167,140,22
165,140,22
167,140,22
163,140,22
163,140,22
163,140,22
165,140,22
161,140,22
164,140,22
167,140,22
163,140,22
162,140,22
161,140,22
162,140,22
161,140,22
160,140,22
158,140,22
157,140,22
156,140,22
151,140,22
151,111,22
150,111,22
149,111,22
151,111,22
150,111,22
148,111,22
146,111,22
149,111,22
145,111,22
146,111,22
149,111,22
149,111,22
149,111,22
149,111,22
150,111,22
152,111,22
152,111,22
153,111,22
157,143,22
155,143,22
154,143,22
154,143,22
158,143,22
157,143,22
156,143,22
159,143,22
160,225,22
163,225,22
163,225,22
162,225,22
162,225,22
161,225,22
166,225,22
168,225,22
172,225,22
173,225,22
174,225,22
175,225,22
175,225,22
177,225,22
178,225,22
178,225,22
178,225,22
178,225,22
182,225,22
184,225,22
182,225,22
184,225,22
185,225,22
183,225,22
183,225,22
183,225,22
186,225,22
185,225,22
188,225,22
189,225,22
191,225,22
190,225,22
191,225,22
187,225,22
188,225,22
189,225,22
187,225,22
185,225,22
185,225,22
184,225,22
183,174,22
183,174,22
179,174,22
176,174,22
174,174,22
174,174,22
173,174,22
174,174,22
172,174,22
176,174,22
174,174,22
172,174,22
172,174,22
172,174,22
172,174,22
172,174,22
170,174,22
171,174,22
173,174,22
173,174,22
175,174,22
171,174,22
176,174,22
174,174,22
170,174,22
167,174,22
166,174,22
169,174,22
169,174,22
164,174,22
164,192,22
164,192,22
166,192,22
166,192,22
163,192,22
168,192,22
165,192,22
166,192,22
166,192,22
164,192,22
167,192,22
164,192,22
166,192,22
166,192,22
168,192,22
168,192,22
165,192,22
165,192,22
164,192,22
163,144,22
164,144,22
165,144,22
163,144,22
163,144,22
162,144,22
164,144,22
164,144,22
162,144,22
162,144,22
163,144,22
164,144,22
164,144,22
162,157,22
161,157,22
165,157,22
168,157,22
168,157,22
166,157,22
165,157,22
164,157,22
165,157,22
163,157,22
163,157,22
163,157,22
160,157,22
161,157,22
158,157,22
161,157,22
163,157,22
161,157,22
162,157,22
166,196,22
165,196,22
161,196,22
163,196,22
162,196,22
162,196,22
164,196,22
163,196,22
164,196,22
164,199,22
163,199,22
161,199,22
160,199,22
159,199,22
156,199,22
154,199,22
152,163,22
146,163,22
145,163,22
144,163,22
146,163,22
144,163,22
143,163,22
143,163,22
141,163,22
140,163,22
142,163,22
143,163,22
143,163,22
147,141,22
147,141,22
145,141,22
142,141,22
148,141,22
148,141,22
150,141,22
150,141,22
150,141,22
154,128,22
151,128,22
146,128,22
146,128,22
149,128,22
150,128,22
145,128,22
145,128,22
146,128,22
144,128,22
141,128,22
140,128,22
139,128,22
138,128,22
137,128,22
137,128,22
136,128,22
135,128,22
133,128,22
130,128,22
134,128,22
134,128,22
130,128,22
134,128,22
132,128,22
133,128,22
133,128,22
130,128,22
127,128,22
126,128,22
123,128,22
123,128,22
123,140,22
122,140,22
122,140,22
122,140,22
123,140,22
124,140,22
122,140,22
122,140,22
118,92,22
116,92,22
117,92,22
121,92,22
119,92,22
119,92,22
122,92,22
121,92,22
121,92,22
122,92,22
125,92,22
122,92,22
126,92,22
126,92,22
128,92,22
129,92,22
128,92,22
127,92,22
129,92,22
129,92,22
130,92,22
130,92,22
128,92,22
129,92,22
131,92,22
131,92,22
128,92,22
129,92,22
127,92,22
126,92,22
125,92,22
123,92,22
123,125,22
121,125,22
119,125,22
119,125,22
119,125,22
116,125,22
113,125,22
112,125,22
111,125,22
109,125,22
109,125,22
107,125,22
111,101,22
113,101,22
116,101,22
112,101,22
111,101,22
109,101,22
106,101,22
107,101,22
106,101,22
103,101,22
101,101,22
104,151,22
101,151,22
100,151,22
103,151,22
103,151,22
101,151,22
100,151,22
99,151,22
101,151,22
102,151,22
100,151,22
100,151,22
99,151,22
100,151,22
98,151,22
95,151,22
96,151,22
95,151,22
90,151,22
92,151,22
91,151,22
92,151,22
89,151,22
89,151,22
87,151,22
88,151,22
90,151,22
89,151,22
90,151,22
88,151,22
86,151,22
81,151,22
84,151,22
85,151,22
88,151,22
89,151,22
87,151,22
86,151,22
85,151,22
85,151,22
88,151,22
87,151,22
87,111,22
87,111,22
87,111,22
86,111,22
86,111,22
91,111,22
94,62,22
91,62,22
90,62,22
91,62,22
91,62,22
90,62,22
89,62,22
90,62,22
92,62,22
91,62,22
93,62,22
92,62,22
92,62,22
92,64,22
88,64,22
91,64,22
93,64,22
93,64,22
96,64,22
94,64,22
93,64,22
92,64,22
90,64,22
91,64,22
92,64,22
93,64,22
95,64,22
94,64,22
96,64,22
95,64,22
94,64,22
96,64,22
94,64,22
92,64,22
90,64,22
90,64,22
93,64,22
91,64,22
89,64,22
90,64,22
92,64,22
95,64,22
93,64,22
93,64,22
91,64,22
90,64,22
85,64,22
80,64,22
82,64,22
82,64,22
84,64,22
81,64,22
81,64,22
80,64,22
82,64,22
79,64,22
81,64,22
79,64,22
81,64,22
79,64,22
78,64,22
80,64,22
81,64,22
82,64,22
81,64,22
78,81,22
82,81,22
80,81,22
81,81,22
82,81,22
85,81,22
84,81,22
85,81,22
84,81,22
85,81,22
84,81,22
81,81,22
79,81,22
81,81,22
82,81,22
85,81,22
83,81,22
81,81,22
83,66,22
83,66,22
81,66,22
78,66,22
76,66,22
76,66,22
74,66,22
74,66,22
74,66,22
77,66,22
75,66,22
75,53,22
74,53,22
71,53,22
68,53,22
69,53,22
69,53,22
67,53,22
64,53,22
64,53,22
66,53,22
67,53,22
69,53,22
69,53,22
71,53,22
69,53,22
72,53,22
71,53,22
73,53,22
76,53,22
77,53,22
81,53,22
79,53,22
82,53,22
84,81,22
81,81,22
80,81,22
75,81,22
75,81,22
73,81,22
71,81,22
70,81,22
74,81,22
74,81,22
75,81,22
78,81,22
81,81,22
77,81,22
78,81,22
76,96,22
78,96,22
78,96,22
79,96,22
79,96,22
80,96,22
81,96,22
80,96,22
79,96,22
75,96,22
78,96,22
80,96,22
79,96,22
80,96,22
81,96,22
81,96,22
80,96,22
81,96,22
80,96,22
82,96,22
83,96,22
82,96,22
81,96,22
85,96,22
87,96,22
87,96,22
86,96,22
87,96,22
85,96,22
85,96,22
82,96,22
85,96,22
87,96,22
86,96,22
86,96,22
84,96,22
83,96,22
85,96,22
86,96,22
84,77,22
83,77,22
85,77,22
86,77,22
87,77,22
85,77,22
88,78,22
85,78,22
84,78,22
87,78,22
89,78,22
91,78,22
90,78,22
86,78,22
88,78,22
87,78,22
86,78,22
86,113,22
88,113,22
88,113,22
85,113,22
82,113,22
83,113,22
85,113,22
84,113,22
86,113,22
86,113,22
85,113,22
88,113,22
86,113,22
86,113,22
88,113,22
88,113,22
92,113,22
88,113,22
91,113,22
91,113,22
90,113,22
93,113,22
95,113,22
98,113,22
100,113,22
99,113,22
100,113,22
102,113,22
102,113,22
100,113,22
100,113,22
101,113,22
100,113,22
98,113,22
103,113,22
102,113,22
98,113,22
96,113,22
100,113,22
100,113,22
99,113,22
97,113,22
96,113,22
95,65,22
94,65,22
94,65,22
92,65,22
96,65,22
98,65,22
97,65,22
95,65,22
96,65,22
98,65,22
101,65,22
104,65,22
105,65,22
106,65,22
104,65,22
104,65,22
104,65,22
100,65,22
95,65,22
96,65,22
97,65,22
97,65,22
97,65,22
98,65,22
96,65,22
95,65,22
94,65,22
94,65,22
92,65,22
93,65,22
92,65,22
91,65,22
92,65,22
90,65,22
92,65,22
91,65,22
90,65,22
92,65,22
90,65,22
88,65,22
90,65,22
89,65,22
91,65,22
88,65,22
88,65,22
88,65,22
89,65,22
91,65,22
92,65,22
89,65,22
87,65,22
85,65,22
87,65,22
86,65,22
86,88,22
86,88,22
84,88,22
82,88,22
83,88,22
82,88,22
83,88,22
82,88,22
83,88,22
84,88,22
83,88,22
82,88,22
84,88,22
83,88,22
85,88,22
87,88,22
88,88,22
89,88,22
87,88,22
85,88,22
87,88,22
88,68,22
89,68,22
90,68,22
90,68,22
91,68,22
91,68,22
92,68,22
91,68,22
91,68,22
91,68,22
91,68,22
93,68,22
94,68,22
95,68,22
94,68,22
93,68,22
91,68,22
94,68,22
92,68,22
91,68,22
89,68,22
91,68,22
94,68,22
93,68,22
94,68,22
95,68,22
97,68,22
92,68,22
94,105,22
91,105,22
91,105,22
90,105,22
93,105,22
93,105,22
93,105,22
94,105,22
93,105,22
93,105,22
91,105,22
93,105,22
91,105,22
91,105,22
90,105,22
93,105,22
90,105,22
89,105,22
91,105,22
87,105,22
91,105,22
90,105,22
90,105,22
92,105,22
93,105,22
97,105,22
99,105,22
99,105,22
101,105,22
99,105,22
102,105,22
102,105,22
98,105,22
97,105,22
98,105,22
101,105,22
104,105,22
100,105,22
99,105,22
97,105,22
100,105,22
100,105,22
97,105,22
95,105,22
96,105,22
100,105,22
100,105,22
100,105,22
100,105,22
102,105,22
101,105,22
103,105,22
100,105,22
97,105,22
98,126,22
96,126,22
95,126,22
95,126,22
97,126,22
100,126,22
102,126,22
103,126,22
101,126,22
101,126,22
103,126,22
98,126,22
97,126,22
96,126,22
94,126,22
93,126,22
94,126,22
95,126,22
94,126,22
90,126,22
88,126,22
90,126,22
93,105,22
91,105,22
89,105,22
87,105,22
86,105,22
87,105,22
90,105,22
88,105,22
88,105,22
85,105,22
86,105,22
90,105,22
91,105,22
90,105,22
90,105,22
88,105,22
88,105,22
88,105,22
90,105,22
89,105,22
91,105,22
94,105,22
94,105,22
96,105,22
99,105,22
96,105,22
97,105,22
96,105,22
95,105,22
94,105,22
92,101,22
90,101,22
91,101,22
90,101,22
89,101,22
87,101,22
87,101,22
88,101,22
86,101,22
86,101,22
84,101,22
83,101,22
81,101,22
78,101,22
80,101,22
80,101,22
80,101,22
79,101,22
78,117,22
74,117,22
73,117,22
72,117,22
74,117,22
73,117,22
75,117,22
74,117,22
76,117,22
76,117,22
77,117,22
75,117,22
76,117,22
75,117,22
73,117,22
75,117,22
76,117,22
77,117,22
75,117,22
74,117,22
72,117,22
72,117,22
71,117,22
68,117,22
68,117,22
65,117,22
65,117,22
61,117,22
62,117,22
65,117,22
69,117,22
70,117,22
73,102,22
72,102,22
73,102,22
76,102,22
77,102,22
74,102,22
75,102,22
76,54,22
76,54,22
75,54,22
79,54,22
75,54,22
77,54,22
78,54,22
77,54,22
79,54,22
79,54,22
82,54,22
83,54,22
82,54,22
86,54,22
85,54,22
88,54,22
90,54,22
91,54,22
88,54,22
88,85,22
86,85,22
87,85,22
86,85,22
86,85,22
87,85,22
86,85,22
87,85,22
89,85,22
91,85,22
90,81,22
93,81,22
94,81,22
94,81,22
97,81,22
99,81,22
98,81,22
98,81,22
97,81,22
98,81,22
97,81,22
100,81,22
99,81,22
95,81,22
97,81,22
98,81,22
98,81,22
101,81,22
101,81,22
100,81,22
100,81,22
104,81,22
105,81,22
109,81,22
108,81,22
104,106,22
107,106,22
107,106,22
106,106,22
106,106,22
107,106,22
106,106,22
109,106,22
106,106,22
105,106,22
107,106,22
109,106,22
110,106,22
110,106,22
108,106,22
110,106,22
109,106,22
112,106,22
110,106,22
112,98,22
115,98,22
112,98,22
110,98,22
112,98,22
115,98,22
115,98,22
116,98,22
114,98,22
117,98,22
122,98,22
118,98,22
119,98,22
119,98,22
118,98,22
116,98,22
119,161,22
117,161,22
118,161,22
119,161,22
120,161,22
121,161,22
119,161,22
116,161,22
112,161,22
112,161,22
111,161,22
111,161,22
110,161,22
107,161,22
105,161,22
103,161,22
104,161,22
102,105,22
102,105,22
102,105,22
101,105,22
99,105,22
100,105,22
97,105,22
100,105,22
102,105,22
105,108,22
105,108,22
107,108,22
108,108,22
107,108,22
105,108,22
106,108,22
109,108,22
110,108,22
110,108,22
110,108,22
110,108,22
112,108,22
114,108,22
114,108,22
113,108,22
113,108,22
114,108,22
114,108,22
112,108,22
111,104,22
113,104,22
110,104,22
112,104,22
112,104,22
113,104,22
112,104,22
111,104,22
111,104,22
111,104,22
109,104,22
110,104,22
111,104,22
110,96,22
112,96,22
114,96,22
114,96,22
112,96,22
112,96,22
113,96,22
110,111,22
107,111,22
111,111,22
112,111,22
111,111,22
113,111,22
111,111,22
109,111,22
109,111,22
111,98,22
109,98,22
110,98,22
109,98,22
110,98,22
110,98,22
113,98,22
112,98,22
115,98,22
115,105,22
113,105,22
111,105,22
110,105,22
110,105,22
108,105,22
109,105,22
108,105,22
109,105,22
107,105,22
107,105,22
109,105,22
110,105,22
109,105,22
108,105,22
110,105,22
109,105,22
111,105,22
112,105,22
110,105,22
112,105,22
112,105,22
114,105,22
117,105,22
116,105,22
120,105,22
124,105,22
126,105,22
124,105,22
122,105,22
122,105,22
121,105,22
121,105,22
122,105,22
119,105,22
121,105,22
119,105,22
119,105,22
120,105,22
116,105,22
116,106,22
117,106,22
114,106,22
118,106,22
114,106,22
113,106,22
115,106,22
116,106,22
119,106,22
118,106,22
120,106,22
121,106,22
125,106,22
124,106,22
127,106,22
128,106,22
125,106,22
125,113,22
127,113,22
122,113,22
122,113,22
120,113,22
120,113,22
119,113,22
117,113,22
119,113,22
120,113,22
119,113,22
119,113,22
118,113,22
120,113,22
120,113,22
120,113,22
119,113,22
119,113,22
118,113,22
120,113,22
117,111,22
114,111,22
112,111,22
114,111,22
112,111,22
114,111,22
116,94,22
116,94,22
117,94,22
116,94,22
116,94,22
117,94,22
117,94,22
114,102,22
114,102,22
109,102,22
109,102,22
112,102,22
112,102,22
112,102,22
112,136,22
109,136,22
112,136,22
114,136,22
112,136,22
113,136,22
110,136,22
111,136,22
106,136,22
102,136,22
102,136,22
104,136,22
104,136,22
105,95,22
104,95,22
106,95,22
103,95,22
100,95,22
100,95,22
98,95,22
98,95,22
99,95,22
98,95,22
97,95,22
97,95,22
98,95,22
97,95,22
93,95,22
94,95,22
92,95,22
94,95,22
95,95,22
97,95,22
92,95,22
91,95,22
93,95,22
94,95,22
94,95,22
92,95,22
95,95,22
94,95,22
96,95,22
97,95,22
98,95,22
97,95,22
97,95,22
95,110,22
96,110,22
95,110,22
94,110,22
98,110,22
100,110,22
101,110,22
98,110,22
96,110,22
94,110,22
94,110,22
97,110,22
100,121,22
103,121,22
103,121,22
100,121,22
101,121,22
102,121,22
106,121,22
107,121,22
107,121,22
104,121,22
103,121,22
104,121,22
105,121,22
107,121,22
106,121,22
105,92,22
109,92,22
108,92,22
108,92,22
110,92,22
109,92,22
106,92,22
102,92,22
106,92,22
105,92,22
108,92,22
107,92,22
108,91,22
107,91,22
108,91,22
107,91,22
110,91,22
113,91,22
113,91,22
115,91,22
114,91,22
111,91,22
107,91,22
108,91,22
108,91,22
107,91,22
106,91,22
105,91,22
103,91,22
103,91,22
103,91,22
103,78,22
100,78,22
100,78,22
100,78,22
98,78,22
101,78,22
98,78,22
98,78,22
97,78,22
96,78,22
95,108,22
96,108,22
94,108,22
92,108,22
92,108,22
90,108,22
92,108,22
92,108,22
93,108,22
96,108,22
94,108,22
94,108,22
97,108,22
97,108,22
101,108,22
103,120,22
104,120,22
106,120,22
105,120,22
107,120,22
108,120,22
110,120,22
108,120,22
108,120,22
109,120,22
109,120,22
107,120,22
106,120,22
107,120,22
103,120,22
102,120,22
102,120,22
103,120,22
101,120,22
101,90,22
104,90,22
106,90,22
106,90,22
106,90,22
108,90,22
110,90,22
112,94,22
113,94,22
115,94,22
113,94,22
111,94,22
110,94,22
109,94,22
106,94,22
104,94,22
103,94,22
104,94,22
107,94,22
110,94,22
114,94,22
115,94,22
119,94,22
121,94,22
123,94,22
120,94,22
122,94,22
124,94,22
127,94,22
131,94,22
134,94,22
134,94,22
133,94,22
134,94,22
133,94,22
130,94,22
128,94,22
128,94,22
127,94,22
126,94,22
126,128,22
123,128,22
125,128,22
123,128,22
122,128,22
124,128,22
124,128,22
128,128,22
129,128,22
129,128,22
131,130,22
130,130,22
129,130,22
132,130,22
132,130,22
129,130,22
127,100,22
129,100,22
127,100,22
125,100,22
122,100,22
124,100,22
127,100,22
126,100,22
125,100,22
125,100,22
126,100,22
122,100,22
118,100,22
118,100,22
109,100,22
111,100,22
108,100,22
106,100,22
104,100,22
104,100,22
107,100,22
105,100,22
105,100,22
105,100,22
106,100,22
103,100,22
105,100,22
104,100,22
105,100,22
107,100,22
106,100,22
107,100,22
109,100,22
107,100,22
111,100,22
111,100,22
114,100,22
115,103,22
115,103,22
120,103,22
120,103,22
118,103,22
117,103,22
119,103,22
118,103,22
122,103,22
124,103,22
126,103,22
128,103,22
128,103,22
129,103,22
129,103,22
133,103,22
130,103,22
132,103,22
129,103,22
130,103,22
131,103,22
134,116,22
137,116,22
134,116,22
136,116,22
136,116,22
134,116,22
135,116,22
134,116,22
133,116,22
135,116,22
135,116,22
133,116,22
134,116,22
134,116,22
134,116,22
136,116,22
132,116,22
130,116,22
129,116,22
130,116,22
130,116,22
130,116,22
128,116,22
124,116,22
124,116,22
125,116,22
126,116,22
129,116,22
129,82,22
127,82,22
129,82,22
127,82,22
126,82,22
124,82,22
125,82,22
125,111,22
121,111,22
123,111,22
123,111,22
124,111,22
123,111,22
123,111,22
124,111,22
125,111,22
128,111,22
127,111,22
127,111,22
126,111,22
127,111,22
128,111,22
127,111,22
124,111,22
125,111,22
130,111,22
128,111,22
132,111,22
129,111,22
127,111,22
126,111,22
123,111,22
120,111,22
119,111,22
121,111,22
117,111,22
120,111,22
117,143,22
118,143,22
116,143,22
116,143,22
118,143,22
119,143,22
116,143,22
113,143,22
111,143,22
111,143,22
107,143,22
107,143,22
107,143,22
104,143,22
104,143,22
104,143,22
108,143,22
107,143,22
108,118,22
108,118,22
109,118,22
106,118,22
107,118,22
109,118,22
111,118,22
110,118,22
107,118,22
110,118,22
107,118,22
107,118,22
105,118,22
102,118,22
105,63,22
106,63,22
104,63,22
102,63,22
104,63,22
105,63,22
105,63,22
103,63,22
105,63,22
108,63,22
113,63,22
112,63,22
109,63,22
110,63,22
110,63,22
109,63,22
108,63,22
109,63,22
107,63,22
109,63,22
111,63,22
106,63,22
106,63,22
111,87,22
113,87,22
111,87,22
110,87,22
108,87,22
110,87,22
111,87,22
113,87,22
113,87,22
117,87,22
119,87,22
118,87,22
117,87,22
119,87,22
116,87,22
114,87,22
110,87,22
110,87,22
110,87,22
112,87,22
112,87,22
116,87,22
117,87,22
118,87,22
118,87,22
117,87,22
116,87,22
114,87,22
114,87,22
116,87,22
121,87,22
119,87,22
120,87,22
118,87,22
118,87,22
119,87,22
118,87,22
121,87,22
122,133,22
123,133,22
125,133,22
124,133,22
124,133,22
125,133,22
126,133,22
126,133,22
130,133,22
132,127,22
134,127,22
134,127,22
133,127,22
133,127,22
131,127,22
131,127,22
129,127,22
127,127,22
126,97,22
125,97,22
121,97,22
122,97,22
123,97,22
123,97,22
124,97,22
125,97,22
124,97,22
124,97,22
124,97,22
122,97,22
123,97,22
121,103,22
122,103,22
125,103,22
122,103,22
121,103,22
119,103,22
121,103,22
119,103,22
122,103,22
121,103,22
118,103,22
120,103,22
119,103,22
120,110,22
122,110,22
124,110,22
123,110,22
121,110,22
121,110,22
121,110,22
120,110,22
120,149,22
118,149,22
117,149,22
121,149,22
122,149,22
122,149,22
124,149,22
122,149,22
123,149,22
127,149,22
124,149,22
126,149,22
126,149,22
126,149,22
128,149,22
126,149,22
128,149,22
129,133,22
127,133,22
130,133,22
131,133,22
129,133,22
129,133,22
124,133,22
123,133,22
122,133,22
123,133,22
118,133,22
116,133,22
116,133,22
115,133,22
113,133,22
115,133,22
115,133,22
112,133,22
108,133,22
105,133,22
107,133,22
109,133,22
108,133,22
109,133,22
108,133,22
110,133,22
110,133,22
111,140,22
110,140,22
113,140,22
114,140,22
118,140,22
118,140,22
119,140,22
119,140,22
122,140,22
122,140,22
123,140,22
123,140,22
124,140,22
126,146,22
121,146,22
121,146,22
121,146,22
119,146,22
121,146,22
118,146,22
117,146,22
118,146,22
121,146,22
121,146,22
121,146,22
123,147,22
124,147,22
125,147,22
120,147,22
122,147,22
121,147,22
123,147,22
123,147,22
124,147,22
124,147,22
123,147,22
123,147,22
123,147,22
125,147,22
123,126,22
123,126,22
126,126,22
128,126,22
128,126,22
126,126,22
126,126,22
126,126,22
127,126,22
127,126,22
129,148,22
130,148,22
129,148,22
128,148,22
127,148,22
124,148,22
125,148,22
125,148,22
122,148,22
117,148,22
118,148,22
118,148,22
119,148,22
118,148,22
119,148,22
121,148,22
121,148,22
121,148,22
120,148,22
121,148,22
121,148,22
120,150,22
121,150,22
121,150,22
120,150,22
119,150,22
118,150,22
115,150,22
118,150,22
115,150,22
108,150,22
109,150,22
109,150,22
109,150,22
109,150,22
107,150,22
110,150,22
108,150,22
112,150,22
108,150,22
107,150,22
111,150,22
113,150,22
110,114,22
113,114,22
116,114,22
115,114,22
116,114,22
116,114,22
116,114,22
114,114,22
114,114,22
117,114,22
116,114,22
117,114,22
116,114,22
116,109,22
114,109,22
116,109,22
117,109,22
116,109,22
117,109,22
117,109,22
119,109,22
119,109,22
119,109,22
121,109,22
120,109,22
121,109,22
117,109,22
118,109,22
117,109,22
117,109,22
113,109,22
110,109,22
109,109,22
109,109,22
110,109,22
108,109,22
107,109,22
106,109,22
105,109,22
102,109,22
102,109,22
99,134,22
97,134,22
98,134,22
95,134,22
99,134,22
98,134,22
100,134,22
100,134,22
100,134,22
100,134,22
100,134,22
96,134,22
96,115,22
97,115,22
101,115,22
97,115,22
95,115,22
94,115,22
93,115,22
93,115,22
92,115,22
91,115,22
91,115,22
89,115,22
89,113,22
89,113,22
89,113,22
91,113,22
87,113,22
83,113,22
80,113,22
80,113,22
81,113,22
78,113,22
77,113,22
75,113,22
77,113,22
76,113,22
77,113,22
76,113,22
80,113,22
84,113,22
83,113,22
84,113,22
81,113,22
80,75,22
77,75,22
77,75,22
77,75,22
76,75,22
76,75,22
75,75,22
73,75,22
76,75,22
74,75,22
74,75,22
73,75,22
75,75,22
74,75,22
72,75,22
72,75,22
71,75,22
71,75,22
70,75,22
67,75,22
70,75,22
71,75,22
72,75,22
74,75,22
75,75,22
75,75,22
76,75,22
72,75,22
74,75,22
68,75,22
69,75,22
68,75,22
64,61,22
64,61,22
64,61,22
64,61,22
62,61,22
64,61,22
65,61,22
67,61,22
70,61,22
67,61,22
67,61,22
69,61,22
68,61,22
72,61,22
72,61,22
69,61,22
70,61,22
67,61,22
68,61,22
68,61,22
71,61,22
71,61,22
70,61,22
69,61,22
68,61,22
68,61,22
67,61,22
68,61,22
67,61,22
67,61,22
70,61,22
71,61,22
69,61,22
70,61,22
66,61,22
67,61,22
64,61,22
66,61,22
66,61,22
66,61,22
67,61,22
65,61,22
65,61,22
63,61,22
62,61,22
63,78,22
65,78,22
62,78,22
64,78,22
66,78,22
64,78,22
63,78,22
63,78,22
64,78,22
64,78,22
64,78,22
64,78,22
67,78,22
63,78,22
63,78,22
64,78,22
65,78,22
64,78,22
66,78,22
63,78,22
63,78,22
66,78,22
66,78,22
65,78,22
63,78,22
63,78,22
60,78,22
60,78,22
62,78,22
64,78,22
61,78,22
58,78,22
57,78,22
54,78,22
50,78,22
52,65,22
53,65,22
52,65,22
53,65,22
52,65,22
53,65,22
54,65,22
59,65,22
65,65,22
67,65,22
65,65,22
68,65,22
69,65,22
63,65,22
63,65,22
63,65,22
64,80,22
64,80,22
66,80,22
67,80,22
69,80,22
69,80,22
69,80,22
69,80,22
68,80,22
69,80,22
71,80,22
71,80,22
68,80,22
70,80,22
71,80,22
73,80,22
76,80,22
79,80,22
78,80,22
76,80,22
75,80,22
78,80,22
77,80,22
77,80,22
76,80,22
74,80,22
73,80,22
74,80,22
72,80,22
74,80,22
72,80,22
70,80,22
67,80,22
70,80,22
65,80,22
66,80,22
67,80,22
66,80,22
64,80,22
63,80,22
66,80,22
66,80,22
66,80,22
65,80,22
68,80,22
72,80,22
75,80,22
75,80,22
77,80,22
76,80,22
78,80,22
80,80,22
78,80,22
77,80,22
77,80,22
77,80,22
74,80,22
77,80,22
81,80,22
81,80,22
81,103,22
78,103,22
75,103,22
73,103,22
75,103,22
76,103,22
73,103,22
74,30,22
73,30,22
73,30,22
76,30,22
75,30,22
79,30,22
78,30,22
77,70,22
75,70,22
77,70,22
75,70,22
75,70,22
73,70,22
73,70,22
75,70,22
75,70,22
74,70,22
72,70,22
75,70,22
76,70,22
74,70,22
74,70,22
76,70,22
78,70,22
75,70,22
72,70,22
73,70,22
69,70,22
67,70,22
67,70,22
69,70,22
68,70,22
67,70,22
65,70,22
67,70,22
65,70,22
63,70,22
61,61,22
63,61,22
62,61,22
65,61,22
63,61,22
61,61,22
60,61,22
59,61,22
61,61,22
63,61,22
61,61,22
64,61,22
63,61,22
63,61,22
67,61,22
68,61,22
70,61,22
70,61,22
72,61,22
73,61,22
75,61,22
76,61,22
76,61,22
73,61,22
71,61,22
69,61,22
71,61,22
72,61,22
73,61,22
75,61,22
75,61,22
77,61,22
80,61,22
80,61,22
82,61,22
82,61,22
83,61,22
83,61,22
83,61,22
81,61,22
81,61,22
80,61,22
76,106,22
74,106,22
74,106,22
70,106,22
69,106,22
69,106,22
72,106,22
76,60,22
74,60,22
72,60,22
73,60,22
74,60,22
77,60,22
77,60,22
74,60,22
76,60,22
80,60,22
80,60,22
83,60,22
84,78,22
85,78,22
84,78,22
80,78,22
80,78,22
79,78,22
77,78,22
78,78,22
75,78,22
75,78,22
77,78,22
78,78,22
79,78,22
77,78,22
75,105,22
76,105,22
75,105,22
73,105,22
71,105,22
70,105,22
67,105,22
65,105,22
63,105,22
66,105,22
66,105,22
68,105,22
65,105,22
60,105,22
60,105,22
58,105,22
58,105,22
57,90,22
58,90,22
58,90,22
58,90,22
58,90,22
56,90,22
58,90,22
61,90,22
61,90,22
58,90,22
58,90,22
58,90,22
57,90,22
56,90,22
57,90,22
59,90,22
59,90,22
63,90,22
62,90,22
60,90,22
57,90,22
56,90,22
54,90,22
53,58,22
54,58,22
54,58,22
55,58,22
57,58,22
57,58,22
57,58,22
55,58,22
53,58,22
51,58,22
50,58,22
47,58,22
51,58,22
52,58,22
54,58,22
52,58,22
52,65,22
51,65,22
51,65,22
49,65,22
50,65,22
49,65,22
52,36,22
50,36,22
51,36,22
50,36,22
50,36,22
46,36,22
45,36,22
45,36,22
44,36,22
43,36,22
42,36,22
44,36,22
42,36,22
45,36,22
44,36,22
45,36,22
46,36,22
44,36,22
45,36,22
44,36,22
47,36,22
48,36,22
49,36,22
50,36,22
50,36,22
51,36,22
51,36,22
52,36,22
51,36,22
50,36,22
49,36,22
46,36,22
42,36,22
41,36,22
41,36,22
41,36,22
42,36,22
45,36,22
45,36,22
40,36,22
43,36,22
43,36,22
40,36,22
38,36,22
39,36,22
38,36,22
39,36,22
37,36,22
38,36,22
40,36,22
39,36,22
43,40,22
41,40,22
36,40,22
37,40,22
35,40,22
35,40,22
37,40,22
33,40,22
32,74,22
32,74,22
30,74,22
30,74,22
29,74,22
32,74,22
30,74,22
29,74,22
27,74,22
27,74,22
28,32,22
29,32,22
28,32,22
29,32,22
24,32,22
22,32,22
23,32,22
24,32,22
26,32,22
26,32,22
29,32,22
33,32,22
33,32,22
35,32,22
37,32,22
37,32,22
37,32,22
39,32,22
39,32,22
40,32,22
42,47,22
46,47,22
48,47,22
47,47,22
45,47,22
41,47,22
41,47,22
43,47,22
44,47,22
45,47,22
45,47,22
45,47,22
46,47,22
44,47,22
44,47,22
46,47,22
47,47,22
45,47,22
43,47,22
46,47,22
47,47,22
46,47,22
47,47,22
47,47,22
48,47,22
50,47,22
48,47,22
50,47,22
50,47,22
50,47,22
49,47,22
50,47,22
50,47,22
48,47,22
49,47,22
50,47,22
49,47,22
51,47,22
52,47,22
52,68,22
51,68,22
51,68,22
48,68,22
48,68,22
48,68,22
46,68,22
48,68,22
47,68,22
48,68,22
52,68,22
52,68,22
51,68,22
50,68,22
49,68,22
48,68,22
48,68,22
49,68,22
50,68,22
51,68,22
50,68,22
51,68,22
49,68,22
49,68,22
51,68,22
52,68,22
52,68,22
48,68,22
47,68,22
47,68,22
46,68,22
47,68,22
45,68,22
44,68,22
44,68,22
47,68,22
45,68,22
43,67,22
40,67,22
45,67,22
48,67,22
50,67,22
51,67,22
54,67,22
51,67,22
54,67,22
53,67,22
51,67,22
52,62,22
49,62,22
49,62,22
52,62,22
48,62,22
50,62,22
50,62,22
50,62,22
48,62,22
48,62,22
46,62,22
42,72,22
41,72,22
42,72,22
39,72,22
38,72,22
36,72,22
35,72,22
34,72,22
33,72,22
34,72,22
34,72,22
36,72,22
35,72,22
33,72,22
34,53,22
32,53,22
32,53,22
34,53,22
34,53,22
31,53,22
29,53,22
32,53,22
32,53,22
32,53,22
32,53,22
33,53,22
31,53,22
33,53,22
33,53,22
33,53,22
33,53,22
34,53,22
32,53,22
33,53,22
31,53,22
31,53,22
28,53,22
30,53,22
34,53,22
33,53,22
34,53,22
30,53,22
29,53,22
27,43,22
26,43,22
26,43,22
28,43,22
30,43,22
28,43,22
28,43,22
29,43,22
31,43,22
34,43,22
33,43,22
33,43,22
34,43,22
33,35,22
32,35,22
33,35,22
35,35,22
36,35,22
35,35,22
34,81,22
31,81,22
36,81,22
36,81,22
38,81,22
35,81,22
35,81,22
34,81,22
31,81,22
31,81,22
31,33,22
29,33,22
29,33,22
31,33,22
31,33,22
30,33,22
34,33,22
36,33,22
36,33,22
36,33,22
34,33,22
33,33,22
32,33,22
34,33,22
33,33,22
32,33,22
30,33,22
29,33,22
28,33,22
27,33,22
28,33,22
26,33,22
30,33,22
30,33,22
31,33,22
34,33,22
32,12,22
33,12,22
35,12,22
38,12,22
39,12,22
39,12,22
39,12,22
35,12,22
36,12,22
32,12,22
30,12,22
32,12,22
33,12,22
34,12,22
33,12,22
34,12,22
34,12,22
40,12,22
39,12,22
34,12,22
34,12,22
31,12,22
28,12,22
27,12,22
30,12,22
30,12,22
35,12,22
36,12,22
37,12,22
36,12,22
35,12,22
32,12,22
34,12,22
41,12,22
39,12,22
39,12,22
44,12,22
44,12,22
47,12,22
52,12,22
51,104,22
49,104,22
48,104,22
44,104,22
42,104,22
41,104,22
44,104,22
46,104,22
49,104,22
46,104,22
47,104,22
48,104,22
48,104,22
47,104,22
43,104,22
43,104,22
42,104,22
44,104,22
46,104,22
48,104,22
49,104,22
48,104,22
46,104,22
46,104,22
48,104,22
48,104,22
43,104,22
44,104,22
43,104,22
42,104,22
41,104,22
40,104,22
38,54,22
38,54,22
39,54,22
39,54,22
37,54,22
38,54,22
38,54,22
40,54,22
40,51,22
39,51,22
41,51,22
40,51,22
37,51,22
37,51,22
37,51,22
36,51,22
33,51,22
35,51,22
35,51,22
34,51,22
34,51,22
32,11,22
27,11,22
27,11,22
30,11,22
30,11,22
30,11,22
30,11,22
31,11,22
36,11,22
35,11,22
33,11,22
34,6,22
33,6,22
33,6,22
33,6,22
33,6,22
34,6,22
33,6,22
30,6,22
31,6,22
31,6,22
34,6,22
34,6,22
33,6,22
35,6,22
35,6,22
36,6,22
34,6,22
34,6,22
29,6,22
30,6,22
32,6,22
30,6,22
26,6,22
26,6,22
27,6,22
29,6,22
27,6,22
29,6,22
33,6,22
32,6,22
31,6,22
31,6,22
34,6,22
30,6,22
31,6,22
28,6,22
27,6,22
25,6,22
22,13,22
21,13,22
18,13,22
20,13,22
19,13,22
19,13,22
18,13,22
18,13,22
18,13,22
16,13,22
13,13,22
14,10,22
11,10,22
12,10,22
13,10,22
12,10,22
11,10,22
10,10,22
10,10,22
12,10,22
10,10,22
11,10,22
12,10,22
9,10,22
11,10,22
12,10,22
12,10,22
11,10,22
14,10,22
18,10,22
18,10,22
18,10,22
19,10,22
22,10,22
26,10,22
25,10,22
26,10,22
26,10,22
24,10,22
26,10,22
21,10,22
22,10,22
23,10,22
26,10,22
22,10,22
20,10,22
21,10,22
22,10,22
19,10,22
15,10,22
16,10,22
15,10,22
17,10,22
17,10,22
18,10,22
15,10,22
14,10,22
14,10,22
15,10,22
16,10,22
19,10,22
18,63,22
19,63,22
17,63,22
22,63,22
20,63,22
20,63,22
21,63,22
20,29,22
20,29,22
20,29,22
22,29,22
24,29,22
25,29,22
27,29,22
27,29,22
27,29,22
28,29,22
32,29,22
32,29,22
30,29,22
31,29,22
32,29,22
31,29,22
34,29,22
36,29,22
37,29,22
34,29,22
36,29,22
34,29,22
32,29,22
35,29,22
33,29,22
34,29,22
33,29,22
34,29,22
32,29,22
29,29,22
30,29,22
30,29,22
29,29,22
28,29,22
28,29,22
28,29,22
30,29,22
31,29,22
29,29,22
26,29,22
29,358,22
30,358,22
29,358,22
30,358,22
31,358,22
35,358,22
35,358,22
34,358,22
33,358,22
34,358,22
33,358,22
34,358,22
36,358,22
36,358,22
38,358,22
40,358,22
42,358,22
42,358,22
44,358,22
46,358,22
46,358,22
45,358,22
43,47,22
41,47,22
43,47,22
45,47,22
42,47,22
38,47,22
38,47,22
38,47,22
39,47,22
41,47,22
36,47,22
36,47,22
34,47,22
38,47,22
40,47,22
37,70,22
37,70,22
36,70,22
37,70,22
36,70,22
35,70,22
35,70,22
35,70,22
37,70,22
36,70,22
35,70,22
38,70,22
37,70,22
37,70,22
38,70,22
38,70,22
39,70,22
38,70,22
38,70,22
38,70,22
43,70,22
41,70,22
41,61,22
43,61,22
46,61,22
51,61,22
56,61,22
57,61,22
55,61,22
55,61,22
56,61,22
57,61,22
55,61,22
54,61,22
54,61,22
52,61,22
54,61,22
52,61,22
51,61,22
48,61,22
51,61,22
52,61,22
50,59,22
50,59,22
50,59,22
49,59,22
48,59,22
47,59,22
47,59,22
46,59,22
47,59,22
48,59,22
48,59,22
48,59,22
49,59,22
49,59,22
49,59,22
47,59,22
46,59,22
48,59,22
48,59,22
48,59,22
50,59,22
50,59,22
51,59,22
50,59,22
52,59,22
54,59,22
54,67,22
55,67,22
57,67,22
60,67,22
58,67,22
58,67,22
57,67,22
56,67,22
58,67,22
58,71,22
61,71,22
61,71,22
60,71,22
59,71,22
58,71,22
59,71,22
59,71,22
56,71,22
57,71,22
58,71,22
58,71,22
61,79,22
63,79,22
62,79,22
67,79,22
69,79,22
68,79,22
68,79,22
71,79,22
71,79,22
69,79,22
70,79,22
72,79,22
70,79,22
71,79,22
72,78,22
73,78,22
72,78,22
69,78,22
67,78,22
65,78,22
66,78,22
65,78,22
63,78,22
62,78,22
62,78,22
64,78,22
67,78,22
70,78,22
69,78,22
69,78,22
70,78,22
69,78,22
71,78,22
71,78,22
70,78,22
67,78,22
66,78,22
65,78,22
65,78,22
65,78,22
64,78,22
61,78,22
61,78,22
60,81,22
60,81,22
55,81,22
56,81,22
55,81,22
53,81,22
56,81,22
59,81,22
55,81,22
55,81,22
58,81,22
56,81,22
57,81,22
56,81,22
56,81,22
55,81,22
58,81,22
60,81,22
61,81,22
62,42,22
62,42,22
61,42,22
57,42,22
58,42,22
57,42,22
57,42,22
57,42,22
57,42,22
54,42,22
54,42,22
51,42,22
50,42,22
50,24,22
51,24,22
52,24,22
47,24,22
47,24,22
42,24,22
38,24,22
39,24,22
38,24,22
41,24,22
38,24,22
39,24,22
42,24,22
41,24,22
40,24,22
39,24,22
40,52,22
40,52,22
38,52,22
40,52,22
40,52,22
43,52,22
39,52,22
39,52,22
42,52,22
40,52,22
39,52,22
42,52,22
42,52,22
43,52,22
44,22,22
44,22,22
38,22,22
39,22,22
35,22,22
36,22,22
37,43,22
37,43,22
38,43,22
39,43,22
39,43,22
40,43,22
40,43,22
40,44,22
41,44,22
38,44,22
39,44,22
40,44,22
42,44,22
43,57,22
45,57,22
45,57,22
43,57,22
41,57,22
42,57,22
43,57,22
43,57,22
44,57,22
45,19,22
46,19,22
46,19,22
49,19,22
49,19,22
51,19,22
52,19,22
52,65,22
51,65,22
54,65,22
55,65,22
54,65,22
55,65,22
58,88,22
56,88,22
58,88,22
56,88,22
55,88,22
58,88,22
56,88,22
59,88,22
60,88,22
59,88,22
56,88,22
58,88,22
56,88,22
55,88,22
58,88,22
57,88,22
56,55,22
56,55,22
52,55,22
56,55,22
57,55,22
59,55,22
58,55,22
60,55,22
59,55,22
58,55,22
59,55,22
57,55,22
60,55,22
60,55,22
59,55,22
58,55,22
58,55,22
54,55,22
53,55,22
54,55,22
56,55,22
54,55,22
56,55,22
55,55,22
52,55,22
54,55,22
55,55,22
56,55,22
54,55,22
51,55,22
56,55,22
57,55,22
57,55,22
58,55,22
61,55,22
59,55,22
59,55,22
60,55,22
61,61,22
64,61,22
66,61,22
66,61,22
69,61,22
72,61,22
75,72,22
74,72,22
75,72,22
76,72,22
76,72,22
77,72,22
79,72,22
78,72,22
78,72,22
77,72,22
76,72,22
76,72,22
79,72,22
83,72,22
80,72,22
82,72,22
79,72,22
81,72,22
79,72,22
79,72,22
80,72,22
80,72,22
78,72,22
75,72,22
74,72,22
74,72,22
74,72,22
75,72,22
75,72,22
77,72,22
78,72,22
79,72,22
77,72,22
78,72,22
76,72,22
72,72,22
70,72,22
73,72,22
72,72,22
71,72,22
71,72,22
71,72,22
72,72,22
72,72,22
72,72,22
75,72,22
74,72,22
71,72,22
70,72,22
70,58,22
67,58,22
67,58,22
64,58,22
65,58,22
67,58,22
68,58,22
68,58,22
69,58,22
71,58,22
71,58,22
70,58,22
68,58,22
71,58,22
73,58,22
73,58,22
74,58,22
74,58,22
71,58,22
72,58,22
74,58,22
75,58,22
76,58,22
76,58,22
78,58,22
76,58,22
73,58,22
72,58,22
72,58,22
75,58,22
75,58,22
72,58,22
72,58,22
70,58,22
70,58,22
71,58,22
69,58,22
69,58,22
69,58,22
70,58,22
71,86,22
73,86,22
71,86,22
70,86,22
72,86,22
74,86,22
73,86,22
74,95,22
72,95,22
72,95,22
72,95,22
69,95,22
68,95,22
69,95,22
68,95,22
73,95,22
72,95,22
73,95,22
73,95,22
72,95,22
72,95,22
71,95,22
67,95,22
68,16,22
67,16,22
64,16,22
61,16,22
63,16,22
62,16,22
64,16,22
66,16,22
67,16,22
66,16,22
64,74,22
63,74,22
66,74,22
64,74,22
66,74,22
66,74,22
70,74,22
72,74,22
71,74,22
70,74,22
69,74,22
67,74,22
68,74,22
69,74,22
70,74,22
67,74,22
65,74,22
64,74,22
64,74,22
65,74,22
66,74,22
66,74,22
70,74,22
73,74,22
70,74,22
67,74,22
65,74,22
66,74,22
69,74,22
70,74,22
71,74,22
68,74,22
66,74,22
64,74,22
66,74,22
70,74,22
68,74,22
67,74,22
68,74,22
70,74,22
72,74,22
73,74,22
73,74,22
71,74,22
69,74,22
67,74,22
66,74,22
67,74,22
69,74,22
66,74,22
67,74,22
66,74,22
64,65,22
67,65,22
64,65,22
62,65,22
62,65,22
58,65,22
55,65,22
55,65,22
53,65,22
53,65,22
53,65,22
54,65,22
57,65,22
55,65,22
55,65,22
55,65,22
53,65,22
51,40,22
48,40,22
45,40,22
45,40,22
46,40,22
46,40,22
46,40,22
43,40,22
44,40,22
44,40,22
40,40,22
36,40,22
34,40,22
34,40,22
34,40,22
33,40,22
30,40,22
33,40,22
30,40,22
30,40,22
32,40,22
33,40,22
35,40,22
37,40,22
41,40,22
46,40,22
46,40,22
45,40,22
43,40,22
40,40,22
43,40,22
40,40,22
40,40,22
44,40,22
46,47,22
44,47,22
42,47,22
44,47,22
44,47,22
41,47,22
39,47,22
38,47,22
36,47,22
36,47,22
36,47,22
37,34,22
33,34,22
33,34,22
30,34,22
30,34,22
30,34,22
30,34,22
32,34,22
33,34,22
35,21,22
31,21,22
34,21,22
34,21,22
34,21,22
30,21,22
25,21,22
24,21,22
23,21,22
27,21,22
27,21,22
31,21,22
32,21,22
30,21,22
28,21,22
26,21,22
29,21,22
28,21,22
26,21,22
24,21,22
24,21,22
24,21,22
23,21,22
21,21,22
21,21,22
19,21,22
17,21,22
19,21,22
18,21,22
16,21,22
17,21,22
17,21,22
15,21,22
14,21,22
17,21,22
17,21,22
16,21,22
18,21,22
18,21,22
20,21,22
20,21,22
21,21,22
19,21,22
19,21,22
21,21,22
22,21,22
24,21,22
27,345,22
28,345,22
28,345,22
26,345,22
25,345,22
26,345,22
25,345,22
24,345,22
21,345,22
19,31,22
18,31,22
19,31,22
20,31,22
20,31,22
23,31,22
20,31,22
24,31,22
30,31,22
30,31,22
30,31,22
32,31,22
33,31,22
29,31,22
28,31,22
29,31,22
30,31,22
30,31,22
33,31,22
31,31,22
30,31,22
32,31,22
33,31,22
35,31,22
35,31,22
36,31,22
37,31,22
35,31,22
38,31,22
41,31,22
43,14,22
45,14,22
42,14,22
41,14,22
39,14,22
41,14,22
42,14,22
42,14,22
45,14,22
43,14,22
43,42,22
40,42,22
41,42,22
43,42,22
44,42,22
41,42,22
37,42,22
35,42,22
35,64,22
37,64,22
37,64,22
40,64,22
39,64,22
40,64,22
39,64,22
39,64,22
39,64,22
38,64,22
39,64,22
41,64,22
39,64,22
42,7,22
38,7,22
36,7,22
37,7,22
37,7,22
41,7,22
40,7,22
41,55,22
41,55,22
45,55,22
45,55,22
47,55,22
49,55,22
49,55,22
48,55,22
51,55,22
50,55,22
50,55,22
49,55,22
49,55,22
45,55,22
46,55,22
46,55,22
47,55,22
48,55,22
49,55,22
47,55,22
48,55,22
50,55,22
50,55,22
51,55,22
47,55,22
48,55,22
44,55,22
43,55,22
39,55,22
37,55,22
35,55,22
32,55,22
31,55,22
30,55,22
31,55,22
30,55,22
31,46,22
34,46,22
32,46,22
34,46,22
34,46,22
37,46,22
38,46,22
39,24,22
39,24,22
38,24,22
37,24,22
39,24,22
38,24,22
33,24,22
35,24,22
34,24,22
36,24,22
35,24,22
37,24,22
37,24,22
35,24,22
34,24,22
39,24,22
39,24,22
39,24,22
39,24,22
40,21,22
40,21,22
41,21,22
41,21,22
39,21,22
38,21,22
40,21,22
40,21,22
37,21,22
38,21,22
37,21,22
38,21,22
37,21,22
36,38,22
35,38,22
35,38,22
35,38,22
34,38,22
35,38,22
36,38,22
38,40,22
38,40,22
38,40,22
39,40,22
40,40,22
39,40,22
37,40,22
37,40,22
36,40,22
35,40,22
39,40,22
38,40,22
37,40,22
37,40,22
35,40,22
35,40,22
37,40,22
36,40,22
37,40,22
42,40,22
40,40,22
45,40,22
46,40,22
43,40,22
40,40,22
42,40,22
45,40,22
45,40,22
45,40,22
43,40,22
44,40,22
43,40,22
43,40,22
45,40,22
44,40,22
45,40,22
45,40,22
44,40,22
46,40,22
46,40,22
43,40,22
46,57,22
44,57,22
46,57,22
44,57,22
43,57,22
43,57,22
44,57,22
41,57,22
40,57,22
40,54,22
40,54,22
40,54,22
42,54,22
40,54,22
39,54,22
40,54,22
37,54,22
39,54,22
37,54,22
35,54,22
38,49,22
37,49,22
36,49,22
34,49,22
35,49,22
32,49,22
31,49,22
29,49,22
30,49,22
29,49,22
29,49,22
30,49,22
27,49,22
31,49,22
30,49,22
29,49,22
31,49,22
32,49,22
34,49,22
32,49,22
30,49,22
31,49,22
32,49,22
32,49,22
35,49,22
33,49,22
36,49,22
36,49,22
35,49,22
35,49,22
34,49,22
36,49,22
35,19,22
34,19,22
35,19,22
38,19,22
37,19,22
34,19,22
35,19,22
34,19,22
35,19,22
35,19,22
31,42,22
31,42,22
31,42,22
29,42,22
28,42,22
30,42,22
29,42,22
33,42,22
34,42,22
34,42,22
30,42,22
31,42,22
30,23,22
29,23,22
31,23,22
29,23,22
32,23,22
31,23,22
28,23,22
28,23,22
25,23,22
22,23,22
21,23,22
19,23,22
19,23,22
19,23,22
21,23,22
23,23,22
26,23,22
28,23,22
28,23,22
25,37,22
27,37,22
29,37,22
28,37,22
29,37,22
29,37,22
29,37,22
33,37,22
37,37,22
34,37,22
32,37,22
33,37,22
33,37,22
31,37,22
29,23,22
29,23,22
26,23,22
24,23,22
26,23,22
23,23,22
20,23,22
21,23,22
23,23,22
19,23,22
21,23,22
19,23,22
18,23,22
19,23,22
20,23,22
19,23,22
15,23,22
15,23,22
17,23,22
15,23,22
15,23,22
16,23,22
16,23,22
15,23,22
22,23,22
25,23,22
23,23,22
23,23,22
23,17,22
24,17,22
22,17,22
22,17,22
21,17,22
19,17,22
20,17,22
22,17,22
24,17,22
25,62,22
24,62,22
22,62,22
22,62,22
23,62,22
21,62,22
23,62,22
21,62,22
25,62,22
23,62,22
20,62,22
22,62,22
24,62,22
22,62,22
22,356,22
21,356,22
18,356,22
18,356,22
18,356,22
16,356,22
16,356,22
18,356,22
16,356,22
15,356,22
13,356,22
13,356,22
17,356,22
15,356,22
15,356,22
19,28,22
17,28,22
20,28,22
21,28,22
19,28,22
19,28,22
22,28,22
22,28,22
23,28,22
24,28,22
23,28,22
24,28,22
22,28,22
25,28,22
21,27,22
21,27,22
22,27,22
21,27,22
21,27,22
19,27,22
19,27,22
17,27,22
18,9,22
19,9,22
16,9,22
14,9,22
14,9,22
19,9,22
21,9,22
21,9,22
17,9,22
20,9,22
20,9,22
20,9,22
19,9,22
18,9,22
20,9,22
20,9,22
27,9,22
28,9,22
29,9,22
31,9,22
33,9,22
34,9,22
36,9,22
34,9,22
33,9,22
34,9,22
34,9,22
34,9,22
34,9,22
34,9,22
31,9,22
29,12,22
30,12,22
31,12,22
28,12,22
27,12,22
30,12,22
29,12,22
28,12,22
33,12,22
31,12,22
35,12,22
31,12,22
29,12,22
33,12,22
30,12,22
29,12,22
23,12,22
25,12,22
19,12,22
16,12,22
13,56,22
12,56,22
12,56,22
12,56,22
14,56,22
14,56,22
15,56,22
16,56,22
12,56,22
14,56,22
14,56,22
15,56,22
14,21,22
9,21,22
6,21,22
2,21,22
1,21,22
2,21,22
3,21,22
359,21,22
357,21,22
353,21,22
353,21,22
350,21,22
348,21,22
346,21,22
349,21,22
349,21,22
351,21,22
353,21,22
353,21,22
351,21,22
354,21,22
357,21,22
0,21,22
359,21,22
1,21,22
2,21,22
6,21,22
9,21,22
9,21,22
8,21,22
9,21,22
8,21,22
7,21,22
7,21,22
6,21,22
9,21,22
7,21,22
5,21,22
6,21,22
6,21,22
8,21,22
8,21,22
3,21,22
0,21,22
358,21,22
359,21,22
353,17,22
354,17,22
355,17,22
349,17,22
346,17,22
347,17,22
348,17,22
349,17,22
348,17,22
345,17,22
348,17,22
348,17,22
351,17,22
350,17,22
351,0,22
349,0,22
349,0,22
346,0,22
346,0,22
345,0,22
343,0,22
341,0,22
339,0,22
343,0,22
341,0,22
340,0,22
340,0,22
343,0,22
346,0,22
344,0,22
345,0,22
342,0,22
342,0,22
343,347,22
341,347,22
340,347,22
340,347,22
336,347,22
338,347,22
336,347,22
339,347,22
337,347,22
336,347,22
336,347,22
336,347,22
334,347,22
337,347,22
334,347,22
331,347,22
329,347,22
333,347,22
330,347,22
325,347,22
327,347,22
324,347,22
325,320,22
326,320,22
326,320,22
326,320,22
326,320,22
325,320,22
327,320,22
328,320,22
330,320,22
333,320,22
332,320,22
330,320,22
330,320,22
332,320,22
331,336,22
333,336,22
334,336,22
338,336,22
337,336,22
332,336,22
335,336,22
337,336,22
337,336,22
337,336,22
338,336,22
340,336,22
339,336,22
340,336,22
339,336,22
337,336,22
335,336,22
337,336,22
338,336,22
339,336,22
339,336,22
341,336,22
339,336,22
338,336,22
339,336,22
341,336,22
341,336,22
340,336,22
339,336,22
341,336,22
339,336,22
341,336,22
342,328,22
343,328,22
343,328,22
342,328,22
342,328,22
341,328,22
337,328,22
340,328,22
340,328,22
340,328,22
341,328,22
342,328,22
338,328,22
343,328,22
344,328,22
342,328,22
346,328,22
343,328,22
340,328,22
342,328,22
341,328,22
342,328,22
337,328,22
336,328,22
339,328,22
334,328,22
336,328,22
336,328,22
335,328,22
338,328,22
339,328,22
339,328,22
340,0,22
339,0,22
339,0,22
340,0,22
341,0,22
342,0,22
343,0,22
345,0,22
346,0,22
347,0,22
348,327,22
343,327,22
345,327,22
344,327,22
340,327,22
341,327,22
341,327,22
346,327,22
347,327,22
342,351,22
344,351,22
348,351,22
348,351,22
347,351,22
344,351,22
344,351,22
342,351,22
343,351,22
341,351,22
339,351,22
337,351,22
340,351,22
340,351,22
340,351,22
342,351,22
341,351,22
343,351,22
341,351,22
343,351,22
342,351,22
341,351,22
342,351,22
342,351,22
342,351,22
341,353,22
343,353,22
342,353,22
341,353,22
343,353,22
343,353,22
346,353,22
346,353,22
349,353,22
346,353,22
346,353,22
349,353,22
354,353,22
353,353,22
351,353,22
350,353,22
347,353,22
344,353,22
343,353,22
341,353,22
340,353,22
343,3,22
342,3,22
340,3,22
341,3,22
340,3,22
345,3,22
344,3,22
346,3,22
345,3,22
347,3,22
348,3,22
349,3,22
351,3,22
353,3,22
351,3,22
353,3,22
353,3,22
350,3,22
352,3,22
351,3,22
352,3,22
352,3,22
352,3,22
352,321,22
347,321,22
349,321,22
348,321,22
347,321,22
345,321,22
348,321,22
346,321,22
348,321,22
348,321,22
349,321,22
349,321,22
349,321,22
347,321,22
344,321,22
345,321,22
343,321,22
344,321,22
344,321,22
344,321,22
343,321,22
345,321,22
342,321,22
345,321,22
346,321,22
343,321,22
341,321,22
339,321,22
337,321,22
340,321,22
339,321,22
344,321,22
343,321,22
341,321,22
343,321,22
344,321,22
342,321,22
342,321,22
344,321,22
344,321,22
347,321,22
348,321,22
349,321,22
352,321,22
352,321,22
351,321,22
351,321,22
351,321,22
348,321,22
347,321,22
345,321,22
345,321,22
346,321,22
345,321,22
345,321,22
344,321,22
344,321,22
344,321,22
341,338,22
342,338,22
345,338,22
343,338,22
339,338,22
339,338,22
339,338,22
338,338,22
336,338,22
332,338,22
332,338,22
330,338,22
332,338,22
331,338,22
326,338,22
327,338,22
330,338,22
331,338,22
330,338,22
329,338,22
328,338,22
330,338,22
330,338,22
328,338,22
328,338,22
328,338,22
328,338,22
329,338,22
330,338,22
329,338,22
333,338,22
333,338,22
335,338,22
333,338,22
329,338,22
328,338,22
326,338,22
325,338,22
324,338,22
326,338,22
328,338,22
328,317,22
327,317,22
329,317,22
331,317,22
329,317,22
330,317,22
328,317,22
327,317,22
330,317,22
335,300,22
338,300,22
337,300,22
337,300,22
336,300,22
337,300,22
336,300,22
338,300,22
338,300,22
342,300,22
343,300,22
344,300,22
342,300,22
342,300,22
345,300,22
343,300,22
344,315,22
344,315,22
345,315,22
343,315,22
346,315,22
346,315,22
345,315,22
342,315,22
347,315,22
341,333,22
342,333,22
339,333,22
341,333,22
339,333,22
338,333,22
338,333,22
338,333,22
337,333,22
339,333,22
341,333,22
340,333,22
342,337,22
339,337,22
337,337,22
339,337,22
342,337,22
342,337,22
340,337,22
340,337,22
342,337,22
338,337,22
338,337,22
338,337,22
340,337,22
341,337,22
341,337,22
344,337,22
343,337,22
343,337,22
342,337,22
343,337,22
344,337,22
344,5,22
344,5,22
346,5,22
346,5,22
345,5,22
342,5,22
342,5,22
343,5,22
341,5,22
341,5,22
344,5,22
347,5,22
346,5,22
348,5,22
348,5,22
345,5,22
347,5,22
345,5,22
345,5,22
343,5,22
344,5,22
342,5,22
342,5,22
340,5,22
337,5,22
338,5,22
340,333,22
338,333,22
335,333,22
336,333,22
336,333,22
336,333,22
336,333,22
332,333,22
334,333,22
334,333,22
334,333,22
332,333,22
331,333,22
332,314,22
333,314,22
334,314,22
333,314,22
334,314,22
336,314,22
332,314,22
333,319,22
333,319,22
333,319,22
329,319,22
330,319,22
335,319,22
336,319,22
338,355,22
339,355,22
343,355,22
342,355,22
345,355,22
343,355,22
341,355,22
341,355,22
339,355,22
339,355,22
341,355,22
341,355,22
337,355,22
335,355,22
336,355,22
334,355,22
336,355,22
339,329,22
339,329,22
336,329,22
337,329,22
334,329,22
337,329,22
340,343,22
341,343,22
343,343,22
344,343,22
340,343,22
338,343,22
335,343,22
336,343,22
338,343,22
338,352,22
334,352,22
336,352,22
336,352,22
335,352,22
338,352,22
339,352,22
338,352,22
333,352,22
333,352,22
333,352,22
332,352,22
335,352,22
335,352,22
332,352,22
332,352,22
334,352,22
334,352,22
331,352,22
330,352,22
329,352,22
331,352,22
330,352,22
330,352,22
328,352,22
330,352,22
331,315,22
333,315,22
334,315,22
332,315,22
331,315,22
328,315,22
327,315,22
332,315,22
335,315,22
332,315,22
330,315,22
328,315,22
324,315,22
323,315,22
323,315,22
325,315,22
329,315,22
325,315,22
323,315,22
321,315,22
322,315,22
323,315,22
322,315,22
321,315,22
324,315,22
322,335,22
320,335,22
322,335,22
319,335,22
320,335,22
316,335,22
321,335,22
324,335,22
325,335,22
324,335,22
326,335,22
326,335,22
324,335,22
325,335,22
326,335,22
329,335,22
328,335,22
326,335,22
329,335,22
332,335,22
336,335,22
334,335,22
334,335,22
333,335,22
334,335,22
335,335,22
335,335,22
336,335,22
336,335,22
335,335,22
340,335,22
340,335,22
338,335,22
337,322,22
337,322,22
336,322,22
339,322,22
342,322,22
341,322,22
344,322,22
341,322,22
339,320,22
342,320,22
340,320,22
337,320,22
336,320,22
335,320,22
338,320,22
339,320,22
339,320,22
337,320,22
338,320,22
336,320,22
334,320,22
337,320,22
338,320,22
339,320,22
336,323,22
335,323,22
334,323,22
333,323,22
332,323,22
334,323,22
333,323,22
331,323,22
329,323,22
331,323,22
328,306,22
328,306,22
329,306,22
331,306,22
329,306,22
331,306,22
326,306,22
327,306,22
326,306,22
322,306,22
320,306,22
322,306,22
324,306,22
323,306,22
325,306,22
327,306,22
328,306,22
328,306,22
327,306,22
322,306,22
320,305,22
320,305,22
319,305,22
320,305,22
317,305,22
318,305,22
319,305,22
317,305,22
318,305,22
320,305,22
320,305,22
318,305,22
314,305,22
315,305,22
317,305,22
316,305,22
316,305,22
315,305,22
311,305,22
311,305,22
313,305,22
313,305,22
316,305,22
316,305,22
318,305,22
321,305,22
321,305,22
323,305,22
321,305,22
318,305,22
317,305,22
314,305,22
314,305,22
314,305,22
312,305,22
310,305,22
308,305,22
305,305,22
307,305,22
307,305,22
310,305,22
308,305,22
312,305,22
315,305,22
318,305,22
318,305,22
315,305,22
315,305,22
312,305,22
317,305,22
314,305,22
313,306,22
309,306,22
308,306,22
307,306,22
306,306,22
303,306,22
304,306,22
306,306,22
303,306,22
305,306,22
304,306,22
301,306,22
301,306,22
299,306,22
301,306,22
301,306,22
304,306,22
305,306,22
307,324,22
305,324,22
305,324,22
303,324,22
304,324,22
301,324,22
298,324,22
296,324,22
296,324,22
297,324,22
301,324,22
301,324,22
302,324,22
301,324,22
300,324,22
299,324,22
300,324,22
302,324,22
299,324,22
299,324,22
299,324,22
295,324,22
302,324,22
299,324,22
298,324,22
299,324,22
298,324,22
299,324,22
299,324,22
299,324,22
298,324,22
300,324,22
299,324,22
297,324,22
298,324,22
296,324,22
296,324,22
298,324,22
298,324,22
295,324,22
297,324,22
295,324,22
294,324,22
293,324,22
290,324,22
289,324,22
287,324,22
284,324,22
285,324,22
281,324,22
284,324,22
284,324,22
286,324,22
286,324,22
285,324,22
283,324,22
282,324,22
279,324,22
277,324,22
279,324,22
277,256,22
279,256,22
280,256,22
282,256,22
281,256,22
282,256,22
282,256,22
281,256,22
284,256,22
284,256,22
283,256,22
284,256,22
286,256,22
284,256,22
284,256,22
286,256,22
285,256,22
285,256,22
288,256,22
283,277,22
280,277,22
281,277,22
281,277,22
278,277,22
277,277,22
278,277,22
277,277,22
275,277,22
275,277,22
273,277,22
273,277,22
276,277,22
271,277,22
269,277,22
268,277,22
266,277,22
268,277,22
269,277,22
270,277,22
271,254,22
270,254,22
273,254,22
273,254,22
273,254,22
270,254,22
270,254,22
268,279,22
270,279,22
269,279,22
268,279,22
267,279,22
266,279,22
269,279,22
275,279,22
275,279,22
274,279,22
277,279,22
276,279,22
277,279,22
278,279,22
279,279,22
277,279,22
276,279,22
276,279,22
275,279,22
275,279,22
280,279,22
281,279,22
283,279,22
284,279,22
282,279,22
286,279,22
289,279,22
290,279,22
291,279,22
292,279,22
290,279,22
289,279,22
286,279,22
286,279,22
290,279,22
290,279,22
286,279,22
285,279,22
283,279,22
284,279,22
282,279,22
285,279,22
287,279,22
284,279,22
284,279,22
282,279,22
283,279,22
281,282,22
281,282,22
278,282,22
278,282,22
276,282,22
275,282,22
274,278,22
274,278,22
276,278,22
277,278,22
277,278,22
277,278,22
277,278,22
276,252,22
277,252,22
279,252,22
279,252,22
280,252,22
278,252,22
278,252,22
279,252,22
281,252,22
284,252,22
284,252,22
287,261,22
290,261,22
290,261,22
289,261,22
289,261,22
287,261,22
287,261,22
290,261,22
288,261,22
286,261,22
287,261,22
286,261,22
287,261,22
287,261,22
288,261,22
291,261,22
287,261,22
283,261,22
284,261,22
284,261,22
285,261,22
286,261,22
284,261,22
282,261,22
284,261,22
281,261,22
280,261,22
283,261,22
284,261,22
281,261,22
282,261,22
281,261,22
281,261,22
281,281,22
278,281,22
276,281,22
277,281,22
280,281,22
280,281,22
282,281,22
283,281,22
287,281,22
287,281,22
285,281,22
286,281,22
286,281,22
282,281,22
283,281,22
280,281,22
283,281,22
283,281,22
285,281,22
282,281,22
282,281,22
280,281,22
279,281,22
275,281,22
276,281,22
273,298,22
271,298,22
272,298,22
271,298,22
269,298,22
269,298,22
267,298,22
265,298,22
259,298,22
261,298,22
256,281,22
256,281,22
257,281,22
262,281,22
261,281,22
260,281,22
262,281,22
262,281,22
262,281,22
261,281,22
263,281,22
264,281,22
264,281,22
266,281,22
264,281,22
264,281,22
263,281,22
262,281,22
264,261,22
261,261,22
261,261,22
261,261,22
262,261,22
263,261,22
262,261,22
260,261,22
258,261,22
259,261,22
259,261,22
259,261,22
259,301,22
262,301,22
262,301,22
263,301,22
263,301,22
264,301,22
263,301,22
265,301,22
268,301,22
267,301,22
265,301,22
261,301,22
258,301,22
258,301,22
256,301,22
254,261,22
255,261,22
256,261,22
254,261,22
254,261,22
255,261,22
252,261,22
251,261,22
248,261,22
246,261,22
245,261,22
248,261,22
249,261,22
248,261,22
247,261,22
246,261,22
247,261,22
248,261,22
249,261,22
251,261,22
255,261,22
259,261,22
258,260,22
259,260,22
262,260,22
265,260,22
262,260,22
267,260,22
264,260,22
267,260,22
268,260,22
265,260,22
264,260,22
266,260,22
265,260,22
262,260,22
265,260,22
268,267,22
266,267,22
268,267,22
269,267,22
271,267,22
273,267,22
276,267,22
279,267,22
280,267,22
281,267,22
277,267,22
279,267,22
278,267,22
279,267,22
278,267,22
277,267,22
279,267,22
281,267,22
280,267,22
282,267,22
283,267,22
280,267,22
280,267,22
276,267,22
276,267,22
276,267,22
272,267,22
270,267,22
266,260,22
265,260,22
267,260,22
264,260,22
265,260,22
265,260,22
264,260,22
263,260,22
263,260,22
265,260,22
264,260,22
266,260,22
267,260,22
268,260,22
271,260,22
271,260,22
271,260,22
266,260,22
265,260,22
267,260,22
265,260,22
265,260,22
266,260,22
268,260,22
269,260,22
268,260,22
265,266,22
265,266,22
266,266,22
264,266,22
261,266,22
261,266,22
261,266,22
262,266,22
262,266,22
260,266,22
259,266,22
256,266,22
255,266,22
253,266,22
254,266,22
257,247,22
259,247,22
258,247,22
257,247,22
259,247,22
260,247,22
260,247,22
254,247,22
255,247,22
258,247,22
263,247,22
265,247,22
263,247,22
259,247,22
256,247,22
253,257,22
256,257,22
255,257,22
258,257,22
261,257,22
259,257,22
258,257,22
258,257,22
258,257,22
260,257,22
263,257,22
263,257,22
262,257,22
262,257,22
260,257,22
259,257,22
263,237,22
263,237,22
261,237,22
258,237,22
263,237,22
263,237,22
262,237,22
264,237,22
261,237,22
260,237,22
259,237,22
259,237,22
260,237,22
260,237,22
261,237,22
263,237,22
265,237,22
263,294,22
262,294,22
260,294,22
261,294,22
260,294,22
259,294,22
259,294,22
259,294,22
265,252,22
266,252,22
266,252,22
268,252,22
267,252,22
269,252,22
269,252,22
266,252,22
265,252,22
265,252,22
267,252,22
267,252,22
266,252,22
266,252,22
271,252,22
269,252,22
273,252,22
272,252,22
270,260,22
274,260,22
273,260,22
274,260,22
276,260,22
276,260,22
274,260,22
276,260,22
275,260,22
275,260,22
276,260,22
276,260,22
274,260,22
275,260,22
274,260,22
274,260,22
274,260,22
276,260,22
277,260,22
276,260,22
274,260,22
275,260,22
279,260,22
282,260,22
284,260,22
286,260,22
287,260,22
289,260,22
292,260,22
293,260,22
294,260,22
296,260,22
298,308,22
301,308,22
304,308,22
306,308,22
307,308,22
308,308,22
306,308,22
304,308,22
301,308,22
301,308,22
299,308,22
301,308,22
302,308,22
302,308,22
300,308,22
303,308,22
300,308,22
300,306,22
300,306,22
301,306,22
300,306,22
299,306,22
298,306,22
296,306,22
297,306,22
294,306,22
293,306,22
295,306,22
296,306,22
296,306,22
294,306,22
292,306,22
292,306,22
292,294,22
291,294,22
294,294,22
296,294,22
292,294,22
292,294,22
292,294,22
292,294,22
290,294,22
289,294,22
290,294,22
288,294,22
290,300,22
289,300,22
287,300,22
285,300,22
285,300,22
282,300,22
280,300,22
282,285,22
283,285,22
283,285,22
282,285,22
282,285,22
280,285,22
282,285,22
282,285,22
281,285,22
280,285,22
281,285,22
282,285,22
283,285,22
281,285,22
277,285,22
276,285,22
276,285,22
276,285,22
274,285,22
274,285,22
276,285,22
275,285,22
271,285,22
272,285,22
270,285,22
272,285,22
269,285,22
268,285,22
267,285,22
265,285,22
266,285,22
271,285,22
271,285,22
272,285,22
271,285,22
266,285,22
270,285,22
270,285,22
270,285,22
273,299,22
277,299,22
278,299,22
279,299,22
282,299,22
284,299,22
282,299,22
282,299,22
285,299,22
287,299,22
290,299,22
290,299,22
290,299,22
292,299,22
294,299,22
292,299,22
296,299,22
296,299,22
292,299,22
291,299,22
289,299,22
290,299,22
289,299,22
291,299,22
289,299,22
291,299,22
291,299,22
288,299,22
289,299,22
287,299,22
287,299,22
285,299,22
282,299,22
281,299,22
277,299,22
276,299,22
277,296,22
275,296,22
277,296,22
277,296,22
276,296,22
277,296,22
277,296,22
278,296,22
277,296,22
278,296,22
279,296,22
278,296,22
277,296,22
276,296,22
277,296,22
279,296,22
280,296,22
280,296,22
279,296,22
276,296,22
277,296,22
280,296,22
281,296,22
282,308,22
283,308,22
285,308,22
283,308,22
285,308,22
285,308,22
287,308,22
289,308,22
288,308,22
289,308,22
290,308,22
289,308,22
287,308,22
286,308,22
289,308,22
288,308,22
286,308,22
287,308,22
288,308,22
288,308,22
289,308,22
287,308,22
287,308,22
285,308,22
282,308,22
279,308,22
279,308,22
280,308,22
284,308,22
283,308,22
290,308,22
288,308,22
289,308,22
293,308,22
294,308,22
291,308,22
289,308,22
289,308,22
289,308,22
288,308,22
283,308,22
283,308,22
281,308,22
282,308,22
280,308,22
283,308,22
279,308,22
276,308,22
280,308,22
282,308,22
285,308,22
284,308,22
286,308,22
287,308,22
290,308,22
292,308,22
290,308,22
292,308,22
295,317,22
296,317,22
295,317,22
293,317,22
293,317,22
293,317,22
290,317,22
289,317,22
287,317,22
285,317,22
284,317,22
286,317,22
280,317,22
283,317,22
284,317,22
284,290,22
286,290,22
284,290,22
284,290,22
284,290,22
284,290,22
281,290,22
282,290,22
282,290,22
285,290,22
281,290,22
281,290,22
277,290,22
275,290,22
273,290,22
274,290,22
277,290,22
278,290,22
276,290,22
279,290,22
278,290,22
283,290,22
282,290,22
283,290,22
285,290,22
283,290,22
285,290,22
287,290,22
283,290,22
284,290,22
286,290,22
285,290,22
285,290,22
283,290,22
285,290,22
285,290,22
285,290,22
285,290,22
284,290,22
284,290,22
285,290,22
286,290,22
287,290,22
289,290,22
289,249,22
285,249,22
286,249,22
286,249,22
285,249,22
282,249,22
282,249,22
280,249,22
279,249,22
278,277,22
281,277,22
282,277,22
279,277,22
277,277,22
278,277,22
278,277,22
277,277,22
277,277,22
276,263,22
276,263,22
277,263,22
278,263,22
280,263,22
281,263,22
279,263,22
278,263,22
280,263,22
282,263,22
283,263,22
285,263,22
286,263,22
284,263,22
283,263,22
287,263,22
285,263,22
286,263,22
287,278,22
284,278,22
284,278,22
289,278,22
288,278,22
289,278,22
288,278,22
290,278,22
287,278,22
289,278,22
290,278,22
291,278,22
293,278,22
294,278,22
296,278,22
297,278,22
297,278,22
297,278,22
300,278,22
297,278,22
296,278,22
298,278,22
300,278,22
299,278,22
299,278,22
303,278,22
302,278,22
301,278,22
300,278,22
303,278,22
304,299,22
305,299,22
306,299,22
304,299,22
302,299,22
304,299,22
306,299,22
306,299,22
308,299,22
308,299,22
310,299,22
311,299,22
311,299,22
309,299,22
312,299,22
313,299,22
315,299,22
310,299,22
313,299,22
314,299,22
313,299,22
313,299,22
311,299,22
309,299,22
310,299,22
311,299,22
313,299,22
313,299,22
313,299,22
312,295,22
312,295,22
311,295,22
311,295,22
312,295,22
312,295,22
308,295,22
311,295,22
313,295,22
311,295,22
312,328,22
312,328,22
313,328,22
310,328,22
311,328,22
313,328,22
311,328,22
310,328,22
308,328,22
307,328,22
307,328,22
304,338,22
309,338,22
309,338,22
312,338,22
310,338,22
310,338,22
311,338,22
312,338,22
313,334,22
308,334,22
307,334,22
309,334,22
314,334,22
316,334,22
316,334,22
317,334,22
316,334,22
318,334,22
318,334,22
319,334,22
318,334,22
314,334,22
310,334,22
310,334,22
309,334,22
311,334,22
310,334,22
312,334,22
311,334,22
307,334,22
308,302,22
308,302,22
310,302,22
313,302,22
316,302,22
315,302,22
316,302,22
315,302,22
316,302,22
316,302,22
317,302,22
317,302,22
315,302,22
315,302,22
313,302,22
315,302,22
314,302,22
313,302,22
311,302,22
312,302,22
312,302,22
312,316,22
312,316,22
315,316,22
315,316,22
315,316,22
311,316,22
313,316,22
309,316,22
309,316,22
306,316,22
305,316,22
303,316,22
304,316,22
305,316,22
302,316,22
299,316,22
297,316,22
296,316,22
298,316,22
295,316,22
295,316,22
298,316,22
299,316,22
299,316,22
301,316,22
300,316,22
298,316,22
302,316,22
302,316,22
305,316,22
304,316,22
302,316,22
299,316,22
297,316,22
300,316,22
299,312,22
301,312,22
299,312,22
299,312,22
300,312,22
299,312,22
297,285,22
297,285,22
297,285,22
294,285,22
296,285,22
297,285,22
294,285,22
294,285,22
291,285,22
294,285,22
295,285,22
294,285,22
291,285,22
291,353,22
291,353,22
293,353,22
293,353,22
296,353,22
294,353,22
294,353,22
293,353,22
294,353,22
294,353,22
293,307,22
295,307,22
296,307,22
296,307,22
298,307,22
300,307,22
299,307,22
301,307,22
301,307,22
299,307,22
298,307,22
299,307,22
297,307,22
299,307,22
300,307,22
298,307,22
299,307,22
301,307,22
302,325,22
302,325,22
300,325,22
299,325,22
299,325,22
298,325,22
296,325,22
295,325,22
291,325,22
291,325,22
294,325,22
296,325,22
293,325,22
294,325,22
292,325,22
291,325,22
290,325,22
289,325,22
291,325,22
294,325,22
293,325,22
295,325,22
295,299,22
296,299,22
293,299,22
290,299,22
289,299,22
288,299,22
290,299,22
289,299,22
287,299,22
285,299,22
284,299,22
285,299,22
283,299,22
283,299,22
285,299,22
285,299,22
287,299,22
285,299,22
288,299,22
286,299,22
289,299,22
289,299,22
287,303,22
287,303,22
288,303,22
285,303,22
279,303,22
276,303,22
273,303,22
276,303,22
276,303,22
275,303,22
276,303,22
279,303,22
279,303,22
279,315,22
280,315,22
282,315,22
281,315,22
278,315,22
275,315,22
277,315,22
277,315,22
277,315,22
280,315,22
276,315,22
276,315,22
277,315,22
278,315,22
281,315,22
280,315,22
280,315,22
284,315,22
284,315,22
287,315,22
289,315,22
289,343,22
291,343,22
286,343,22
285,343,22
280,343,22
282,343,22
283,343,22
281,343,22
283,343,22
285,343,22
282,343,22
284,343,22
283,343,22
281,343,22
277,343,22
276,343,22
276,343,22
274,343,22
278,343,22
279,343,22
278,343,22
280,343,22
281,343,22
279,260,22
280,260,22
277,260,22
278,260,22
280,260,22
281,260,22
282,260,22
280,260,22
279,260,22
275,260,22
280,260,22
279,260,22
277,260,22
280,260,22
279,260,22
278,260,22
277,260,22
274,260,22
274,260,22
273,260,22
271,260,22
273,260,22
273,260,22
274,260,22
272,260,22
273,260,22
268,260,22
268,260,22
270,260,22
266,260,22
268,260,22
265,260,22
264,260,22
265,260,22
268,260,22
267,260,22
270,260,22
270,260,22
270,260,22
270,260,22
270,260,22
274,260,22
275,260,22
271,281,22
271,281,22
273,281,22
273,281,22
276,281,22
274,281,22
275,281,22
276,281,22
274,281,22
273,281,22
274,281,22
276,281,22
277,281,22
281,281,22
280,281,22
277,281,22
278,268,22
278,268,22
275,268,22
276,268,22
275,268,22
276,268,22
272,268,22
273,268,22
273,268,22
275,268,22
275,268,22
277,268,22
275,268,22
274,268,22
274,268,22
276,268,22
274,268,22
274,268,22
275,268,22
271,268,22
269,284,22
268,284,22
268,284,22
267,284,22
267,284,22
264,284,22
264,284,22
265,284,22
263,284,22
262,284,22
264,284,22
267,284,22
271,284,22
271,284,22
274,284,22
273,284,22
272,284,22
276,284,22
277,284,22
274,284,22
276,284,22
277,284,22
279,284,22
280,284,22
278,284,22
281,284,22
283,284,22
283,284,22
288,284,22
284,284,22
284,284,22
282,284,22
281,284,22
281,284,22
281,284,22
284,284,22
285,284,22
285,276,22
283,276,22
284,276,22
286,276,22
285,276,22
288,276,22
288,276,22
291,276,22
292,276,22
296,276,22
297,276,22
298,276,22
299,328,22
298,328,22
297,328,22
299,328,22
300,328,22
300,328,22
302,328,22
301,328,22
299,328,22
301,328,22
304,328,22
304,328,22
303,328,22
305,328,22
306,328,22
304,328,22
303,328,22
302,328,22
301,328,22
300,328,22
298,328,22
298,328,22
296,328,22
296,328,22
294,328,22
294,328,22
295,295,22
296,295,22
295,295,22
294,295,22
293,295,22
292,295,22
291,295,22
288,295,22
286,295,22
287,286,22
288,286,22
288,286,22
289,286,22
290,286,22
292,286,22
294,286,22
295,286,22
293,286,22
293,286,22
293,286,22
288,286,22
289,286,22
286,286,22
287,286,22
288,286,22
288,286,22
290,286,22
293,286,22
292,286,22
295,286,22
296,286,22
295,286,22
296,286,22
294,286,22
295,286,22
297,286,22
296,286,22
296,286,22
294,286,22
294,286,22
296,286,22
297,286,22
294,286,22
294,286,22
296,286,22
293,286,22
294,286,22
287,286,22
292,286,22
294,286,22
296,304,22
295,304,22
296,304,22
296,304,22
293,304,22
291,304,22
293,304,22
294,304,22
295,304,22
293,304,22
294,304,22
296,304,22
293,304,22
294,304,22
297,304,22
298,304,22
297,304,22
295,304,22
295,314,22
295,314,22
298,314,22
294,314,22
295,314,22
296,314,22
296,314,22
294,314,22
291,314,22
293,314,22
292,314,22
289,314,22
289,314,22
292,314,22
292,314,22
294,314,22
296,280,22
296,280,22
299,280,22
296,280,22
298,280,22
298,280,22
300,280,22
298,280,22
295,280,22
297,280,22
295,280,22
295,280,22
293,280,22
291,280,22
291,280,22
291,280,22
287,280,22
287,280,22
288,280,22
289,280,22
291,280,22
296,280,22
293,280,22
291,280,22
293,280,22
289,280,22
288,277,22
291,277,22
293,277,22
294,277,22
295,277,22
290,277,22
288,277,22
286,277,22
283,277,22
283,277,22
280,277,22
280,277,22
280,277,22
283,277,22
281,277,22
280,277,22
279,277,22
279,277,22
281,277,22
283,277,22
286,277,22
285,277,22
284,277,22
284,277,22
283,277,22
282,277,22
286,277,22
286,277,22
286,271,22
285,271,22
287,271,22
288,271,22
287,271,22
289,271,22
289,271,22
288,271,22
286,271,22
288,271,22
285,271,22
287,271,22
285,271,22
283,271,22
280,271,22
276,271,22
275,271,22
273,271,22
274,271,22
272,271,22
271,271,22
270,271,22
271,271,22
271,271,22
268,271,22
268,271,22
274,271,22
274,271,22
276,271,22
273,271,22
273,271,22
274,271,22
273,271,22
274,271,22
273,285,22
272,285,22
273,285,22
273,285,22
278,285,22
279,285,22
280,285,22
283,285,22
282,285,22
282,285,22
279,285,22
277,285,22
275,285,22
278,284,22
277,284,22
276,284,22
277,284,22
277,284,22
278,284,22
277,245,22
276,245,22
277,245,22
278,245,22
278,245,22
278,245,22
277,245,22
279,245,22
279,245,22
277,245,22
278,245,22
274,245,22
269,245,22
273,245,22
274,245,22
277,245,22
275,245,22
277,245,22
279,293,22
280,293,22
281,293,22
281,293,22
279,293,22
280,293,22
281,293,22
276,293,22
277,293,22
278,293,22
275,293,22
274,293,22
275,293,22
273,293,22
273,238,22
271,238,22
272,238,22
273,238,22
274,238,22
272,238,22
268,255,22
269,255,22
269,255,22
272,255,22
268,255,22
271,255,22
270,255,22
270,255,22
270,255,22
263,255,22
264,255,22
259,255,22
261,255,22
262,255,22
262,255,22
265,255,22
266,255,22
264,255,22
266,255,22
268,255,22
270,260,22
271,260,22
271,260,22
266,260,22
268,260,22
267,260,22
270,260,22
273,260,22
274,260,22
274,260,22
274,260,22
271,260,22
273,260,22
274,260,22
273,260,22
277,260,22
278,260,22
279,260,22
282,260,22
283,260,22
283,260,22
281,298,22
282,298,22
280,298,22
281,298,22
281,298,22
283,298,22
278,298,22
278,298,22
274,298,22
271,298,22
271,298,22
273,298,22
272,298,22
274,298,22
274,298,22
273,298,22
271,298,22
275,298,22
279,298,22
278,298,22
277,298,22
277,298,22
279,298,22
275,298,22
279,298,22
278,298,22
278,298,22
278,298,22
277,298,22
277,298,22
276,298,22
276,298,22
275,298,22
277,298,22
273,298,22
274,284,22
272,284,22
273,284,22
271,284,22
271,284,22
272,284,22
272,284,22
273,284,22
274,284,22
278,284,22
279,284,22
278,284,22
277,284,22
279,284,22
276,284,22
277,284,22
276,284,22
273,235,22
275,235,22
278,235,22
276,235,22
277,235,22
277,235,22
277,235,22
274,235,22
276,235,22
274,235,22
274,235,22
273,235,22
276,235,22
275,235,22
274,235,22
275,235,22
275,235,22
274,235,22
273,235,22
274,235,22
274,235,22
273,235,22
277,235,22
277,235,22
279,235,22
279,235,22
276,235,22
280,235,22
281,235,22
282,235,22
280,235,22
277,235,22
275,235,22
273,235,22
269,235,22
269,235,22
268,235,22
266,235,22
264,235,22
264,235,22
267,235,22
267,235,22
265,235,22
264,235,22
264,235,22
265,279,22
266,279,22
269,279,22
268,279,22
272,279,22
273,279,22
276,279,22
277,279,22
275,279,22
272,279,22
268,279,22
270,279,22
272,279,22
272,279,22
272,279,22
275,279,22
277,279,22
275,279,22
276,279,22
275,279,22
274,279,22
271,279,22
274,279,22
272,279,22
270,279,22
272,275,22
274,275,22
275,275,22
278,275,22
278,275,22
278,275,22
280,275,22
281,275,22
277,263,22
275,263,22
272,263,22
273,263,22
276,263,22
276,263,22
275,263,22
274,263,22
276,263,22
276,263,22
274,263,22
270,263,22
272,263,22
272,263,22
268,263,22
269,263,22
267,263,22
266,263,22
268,263,22
268,263,22
268,263,22
267,263,22
268,263,22
269,263,22
266,263,22
266,263,22
267,263,22
266,263,22
263,263,22
260,263,22
263,263,22
265,263,22
267,263,22
269,263,22
268,263,22
272,263,22
273,263,22
272,263,22
274,263,22
274,263,22
275,273,22
275,273,22
274,273,22
275,273,22
279,273,22
281,273,22
281,273,22
281,273,22
279,273,22
281,273,22
283,273,22
283,273,22
285,273,22
284,273,22
281,273,22
282,273,22
281,273,22
282,273,22
282,286,22
282,286,22
280,286,22
280,286,22
281,286,22
281,286,22
283,286,22
283,286,22
283,286,22
285,286,22
288,286,22
286,286,22
284,286,22
286,286,22
287,286,22
287,286,22
284,286,22
284,286,22
286,286,22
285,286,22
285,286,22
285,286,22
285,286,22
285,286,22
284,286,22
283,286,22
281,286,22
282,286,22
281,303,22
282,303,22
278,303,22
277,303,22
278,303,22
275,303,22
272,303,22
274,303,22
274,303,22
272,303,22
273,303,22
273,303,22
271,261,22
273,261,22
273,261,22
275,261,22
276,261,22
275,261,22
274,261,22
273,261,22
271,261,22
272,261,22
277,261,22
278,261,22
281,290,22
284,290,22
285,290,22
280,290,22
274,290,22
273,290,22
273,290,22
273,290,22
274,287,22
273,287,22
274,287,22
270,287,22
272,287,22
269,287,22
271,287,22
271,287,22
272,287,22
269,287,22
270,287,22
276,287,22
275,294,22
276,294,22
277,294,22
278,294,22
281,294,22
279,294,22
279,294,22
277,294,22
278,294,22
275,294,22
273,294,22
274,294,22
272,294,22
274,294,22
275,294,22
274,294,22
276,294,22
280,294,22
280,294,22
277,294,22
278,294,22
279,294,22
279,294,22
280,294,22
277,294,22
277,294,22
274,294,22
279,294,22
282,294,22
275,294,22
278,294,22
277,294,22
278,294,22
276,294,22
277,278,22
275,278,22
275,278,22
275,278,22
276,278,22
274,278,22
274,278,22
271,278,22
270,278,22
273,278,22
271,278,22
273,278,22
273,278,22
271,278,22
274,278,22
272,278,22
275,278,22
276,278,22
273,278,22
270,278,22
274,278,22
272,278,22
273,278,22
272,278,22
273,278,22
273,278,22
274,278,22
273,278,22
274,278,22
271,278,22
272,278,22
272,278,22
270,278,22
268,278,22
268,278,22
268,278,22
269,278,22
270,278,22
267,278,22
268,278,22
267,278,22
267,278,22
264,278,22
264,278,22
264,278,22
265,278,22
266,278,22
269,267,22
271,267,22
274,267,22
273,267,22
272,267,22
272,267,22
272,267,22
272,267,22
269,267,22
267,267,22
265,267,22
263,267,22
266,267,22
266,267,22
270,267,22
271,267,22
273,267,22
273,267,22
274,267,22
269,267,22
269,267,22
271,267,22
272,267,22
274,267,22
270,267,22
271,267,22
273,267,22
278,267,22
276,267,22
275,267,22
278,267,22
281,267,22
283,267,22
284,267,22
283,267,22
283,267,22
280,267,22
283,267,22
283,267,22
282,267,22
281,267,22
280,267,22
281,267,22
281,267,22
284,267,22
283,267,22
283,267,22
278,267,22
280,267,22
277,267,22
280,267,22
279,249,22
280,249,22
283,249,22
284,249,22
283,249,22
281,249,22
282,249,22
284,249,22
281,249,22
283,249,22
284,249,22
289,249,22
291,254,22
290,254,22
291,254,22
289,254,22
288,254,22
291,254,22
290,254,22
288,254,22
288,254,22
289,311,22
293,311,22
295,311,22
297,311,22
295,311,22
296,311,22
297,311,22
297,311,22
293,311,22
290,311,22
290,311,22
294,311,22
296,311,22
297,311,22
297,311,22
295,311,22
296,311,22
296,311,22
294,311,22
291,311,22
290,311,22
292,311,22
294,311,22
294,311,22
295,311,22
295,311,22
298,311,22
294,311,22
295,311,22
296,294,22
296,294,22
298,294,22
301,294,22
301,294,22
303,294,22
301,294,22
299,294,22
298,294,22
297,294,22
294,294,22
294,294,22
295,294,22
295,294,22
296,294,22
297,294,22
295,294,22
292,294,22
292,294,22
295,294,22
294,294,22
290,294,22
285,294,22
287,308,22
284,308,22
285,308,22
286,308,22
284,308,22
284,308,22
287,308,22
288,308,22
285,308,22
284,308,22
286,308,22
286,308,22
284,308,22
283,308,22
280,308,22
279,308,22
280,308,22
276,308,22
276,308,22
278,308,22
278,308,22
276,308,22
277,308,22
276,308,22
279,308,22
281,308,22
279,308,22
279,308,22
280,308,22
277,308,22
276,308,22
273,308,22
272,308,22
273,308,22
271,247,22
270,247,22
272,247,22
272,247,22
271,247,22
271,247,22
273,247,22
272,247,22
276,247,22
277,247,22
276,247,22
272,247,22
268,247,22
270,247,22
269,247,22
265,247,22
265,247,22
265,247,22
268,247,22
272,247,22
274,247,22
273,247,22
273,247,22
272,247,22
269,247,22
271,247,22
267,247,22
269,247,22
269,247,22
265,247,22
270,247,22
269,247,22
267,247,22
266,247,22
265,247,22
266,247,22
266,247,22
266,247,22
269,247,22
266,247,22
265,247,22
265,247,22
266,291,22
270,291,22
270,291,22
267,291,22
265,291,22
262,291,22
260,291,22
260,291,22
260,291,22
260,291,22
261,273,22
260,273,22
261,273,22
258,273,22
259,273,22
258,273,22
257,273,22
257,273,22
255,273,22
254,273,22
250,273,22
248,273,22
247,273,22
250,273,22
250,273,22
254,273,22
256,273,22
254,273,22
253,273,22
251,273,22
252,273,22
248,273,22
250,273,22
249,273,22
252,273,22
254,273,22
251,273,22
252,273,22
255,273,22
256,273,22
261,273,22
261,273,22
262,273,22
261,273,22
261,273,22
263,273,22
265,273,22
264,273,22
260,273,22
256,274,22
258,274,22
260,274,22
261,274,22
260,274,22
264,274,22
264,274,22
263,274,22
263,274,22
260,274,22
260,274,22
262,292,22
263,292,22
262,292,22
263,292,22
263,292,22
260,292,22
260,292,22
260,292,22
260,292,22
260,292,22
261,292,22
261,292,22
261,292,22
259,292,22
263,292,22
262,292,22
259,292,22
260,292,22
260,292,22
260,292,22
260,292,22
259,292,22
260,292,22
260,292,22
259,292,22
258,292,22
255,292,22
254,292,22
253,292,22
254,292,22
252,292,22
250,292,22
250,292,22
245,292,22
249,292,22
250,292,22
248,292,22
249,292,22
247,292,22
249,292,22
251,292,22
249,292,22
248,292,22
250,292,22
248,292,22
248,292,22
250,292,22
251,292,22
253,292,22
255,253,22
257,253,22
256,253,22
256,253,22
257,253,22
254,253,22
254,253,22
256,253,22
256,253,22
255,253,22
254,253,22
254,253,22
252,253,22
253,253,22
254,253,22
254,253,22
253,253,22
254,253,22
254,253,22
255,253,22
253,253,22
250,253,22
250,253,22
248,253,22
246,253,22
249,253,22
250,253,22
251,253,22
252,253,22
252,253,22
253,253,22
255,253,22
255,253,22
252,253,22
251,253,22
248,253,22
245,253,22
247,253,22
242,253,22
238,253,22
239,253,22
243,253,22
245,253,22
244,253,22
247,253,22
249,253,22
248,253,22
248,253,22
247,253,22
246,253,22
246,253,22
244,253,22
241,298,22
241,298,22
243,298,22
245,298,22
245,298,22
243,298,22
242,244,22
245,244,22
248,244,22
249,244,22
244,244,22
242,244,22
242,244,22
243,244,22
242,244,22
239,244,22
243,244,22
242,248,22
239,248,22
240,248,22
241,248,22
240,248,22
241,248,22
239,248,22
240,248,22
237,248,22
238,248,22
238,248,22
236,248,22
239,248,22
238,228,22
236,228,22
233,228,22
230,228,22
234,228,22
237,228,22
240,228,22
241,246,22
245,246,22
247,246,22
249,246,22
251,246,22
254,246,22
253,246,22
255,246,22
252,246,22
253,246,22
251,246,22
250,246,22
249,246,22
252,246,22
253,246,22
252,246,22
255,246,22
255,258,22
256,258,22
256,258,22
257,258,22
256,258,22
256,258,22
257,258,22
256,258,22
254,258,22
250,258,22
251,258,22
251,258,22
250,258,22
253,258,22
251,258,22
254,248,22
254,248,22
256,248,22
253,248,22
252,248,22
249,248,22
247,248,22
244,248,22
243,248,22
245,248,22
243,248,22
243,248,22
246,248,22
248,248,22
249,248,22
248,248,22
247,248,22
246,248,22
246,248,22
249,248,22
252,248,22
249,248,22
251,248,22
249,248,22
248,248,22
250,248,22
248,248,22
247,248,22
249,248,22
249,248,22
250,248,22
248,248,22
250,248,22
248,248,22
250,248,22
246,248,22
245,248,22
243,248,22
246,248,22
245,248,22
244,248,22
244,248,22
242,248,22
241,248,22
242,216,22
244,216,22
243,216,22
242,216,22
242,216,22
242,216,22
246,216,22
246,216,22
246,216,22
248,216,22
247,216,22
246,247,22
243,247,22
242,247,22
244,247,22
242,247,22
242,247,22
244,247,22
244,247,22
243,247,22
240,247,22
240,247,22
242,247,22
238,247,22
238,247,22
237,247,22
237,247,22
237,247,22
234,247,22
236,247,22
234,247,22
234,247,22
236,247,22
236,247,22
237,247,22
239,248,22
240,248,22
241,248,22
245,248,22
243,248,22
243,248,22
244,248,22
241,248,22
244,248,22
243,248,22
246,248,22
248,247,22
252,247,22
253,247,22
253,247,22
253,247,22
249,247,22
250,265,22
253,265,22
253,265,22
253,265,22
250,265,22
251,265,22
251,265,22
250,265,22
250,265,22
250,265,22
252,265,22
255,265,22
260,265,22
261,265,22
261,265,22
261,265,22
257,265,22
255,265,22
256,265,22
254,224,22
252,224,22
252,224,22
256,224,22
253,224,22
256,224,22
252,224,22
249,224,22
254,224,22
258,224,22
256,244,22
259,244,22
257,244,22
262,244,22
264,244,22
263,244,22
263,244,22
262,244,22
265,244,22
264,231,22
265,231,22
267,231,22
265,231,22
265,231,22
264,231,22
264,231,22
265,231,22
268,231,22
264,231,22
267,231,22
263,231,22
265,231,22
268,231,22
266,231,22
267,231,22
270,231,22
270,231,22
271,231,22
268,231,22
270,231,22
269,231,22
271,231,22
270,263,22
270,263,22
272,263,22
270,263,22
270,263,22
267,263,22
269,263,22
270,263,22
272,263,22
275,263,22
273,263,22
275,263,22
275,263,22
275,263,22
277,263,22
278,263,22
280,263,22
279,263,22
277,263,22
280,263,22
278,263,22
281,263,22
278,263,22
279,263,22
277,263,22
278,263,22
277,263,22
276,263,22
275,263,22
275,263,22
274,263,22
273,263,22
274,263,22
274,263,22
273,263,22
274,263,22
271,263,22
270,263,22
269,263,22
270,265,22
271,265,22
270,265,22
269,265,22
268,265,22
267,265,22
265,265,22
260,265,22
261,265,22
261,284,22
263,284,22
263,284,22
261,284,22
260,284,22
259,284,22
258,284,22
255,244,22
256,244,22
252,244,22
251,244,22
252,244,22
250,244,22
250,253,22
249,253,22
252,253,22
248,253,22
252,253,22
256,253,22
257,253,22
259,253,22
258,253,22
259,253,22
260,253,22
259,253,22
257,253,22
261,302,22
261,302,22
261,302,22
263,302,22
263,302,22
266,302,22
263,302,22
264,302,22
262,302,22
264,302,22
262,302,22
265,302,22
266,302,22
266,302,22
268,302,22
268,302,22
267,302,22
268,302,22
268,302,22
271,302,22
270,265,22
269,265,22
269,265,22
272,265,22
269,265,22
269,265,22
266,275,22
267,275,22
266,275,22
267,275,22
268,275,22
270,275,22
270,275,22
271,275,22
272,275,22
269,275,22
269,275,22
272,275,22
270,275,22
267,275,22
268,275,22
269,275,22
267,275,22
266,275,22
268,275,22
269,275,22
269,275,22
270,275,22
271,275,22
269,275,22
269,275,22
267,275,22
266,275,22
271,275,22
270,275,22
272,275,22
271,275,22
271,275,22
269,275,22
266,275,22
266,275,22
267,275,22
268,275,22
266,275,22
264,275,22
264,275,22
260,259,22
260,259,22
258,259,22
259,259,22
260,259,22
261,259,22
259,259,22
262,259,22
263,259,22
265,259,22
266,259,22
268,259,22
273,259,22
273,259,22
270,259,22
270,259,22
269,259,22
266,259,22
267,259,22
267,259,22
268,259,22
269,259,22
270,259,22
270,259,22
268,259,22
265,259,22
264,259,22
264,259,22
266,259,22
267,259,22
262,259,22
263,259,22
262,259,22
265,259,22
264,259,22
264,259,22
267,259,22
264,259,22
263,259,22
262,259,22
262,259,22
262,259,22
266,259,22
267,259,22
269,259,22
269,259,22
268,259,22
268,266,22
269,266,22
271,266,22
271,266,22
268,266,22
267,266,22
265,266,22
261,266,22
262,266,22
262,266,22
263,223,22
263,223,22
262,223,22
262,223,22
260,223,22
258,223,22
262,223,22
260,223,22
260,223,22
262,223,22
264,223,22
266,223,22
266,223,22
265,223,22
265,223,22
264,223,22
265,223,22
266,223,22
263,223,22
264,223,22
264,223,22
263,223,22
262,254,22
264,254,22
264,254,22
263,254,22
263,254,22
265,254,22
268,254,22
268,254,22
268,254,22
268,254,22
267,254,22
269,254,22
269,254,22
273,254,22
272,254,22
272,254,22
274,254,22
276,254,22
274,310,22
274,310,22
275,310,22
272,310,22
271,310,22
271,310,22
270,310,22
267,310,22
266,310,22
264,241,22
263,241,22
263,241,22
259,241,22
258,241,22
257,241,22
260,241,22
260,241,22
256,241,22
253,241,22
251,241,22
248,241,22
252,241,22
249,241,22
245,241,22
248,241,22
247,241,22
247,241,22
247,241,22
244,241,22
242,241,22
241,241,22
244,241,22
247,241,22
248,241,22
248,241,22
246,241,22
247,241,22
249,241,22
247,241,22
246,241,22
247,241,22
247,241,22
245,241,22
246,241,22
248,241,22
249,241,22
251,241,22
249,241,22
248,241,22
248,241,22
247,241,22
248,241,22
249,241,22
247,241,22
244,241,22
246,255,22
242,255,22
242,255,22
240,255,22
238,255,22
237,255,22
238,255,22
238,207,22
240,207,22
241,207,22
240,207,22
236,207,22
239,207,22
239,207,22
241,207,22
242,207,22
243,207,22
240,207,22
240,207,22
242,207,22
246,222,22
246,222,22
243,222,22
246,222,22
246,222,22
245,222,22
246,222,22
243,222,22
244,222,22
245,222,22
245,222,22
248,222,22
247,222,22
247,222,22
248,222,22
246,222,22
244,222,22
242,222,22
247,222,22
247,222,22
248,222,22
250,222,22
248,222,22
250,222,22
250,222,22
249,254,22
250,254,22
247,254,22
248,254,22
248,254,22
245,254,22
244,227,22
244,227,22
245,227,22
247,227,22
246,227,22
243,227,22
243,227,22
242,227,22
244,227,22
245,227,22
240,227,22
239,227,22
235,227,22
236,227,22
236,218,22
233,218,22
234,218,22
233,218,22
235,218,22
231,218,22
231,218,22
232,218,22
234,218,22
231,218,22
230,218,22
231,218,22
232,218,22
233,209,22
234,209,22
234,209,22
238,209,22
236,209,22
236,209,22
236,209,22
238,209,22
240,209,22
239,209,22
240,209,22
241,209,22
242,209,22
242,209,22
240,209,22
239,209,22
236,209,22
238,209,22
242,209,22
241,209,22
240,209,22
243,209,22
243,209,22
241,209,22
241,209,22
242,209,22
241,209,22
241,227,22
238,227,22
238,227,22
239,227,22
242,227,22
241,227,22
242,227,22
245,227,22
243,227,22
244,227,22
244,227,22
242,227,22
239,227,22
239,227,22
239,227,22
240,227,22
239,227,22
240,227,22
239,227,22
237,227,22
235,227,22
234,227,22
235,227,22
236,227,22
231,227,22
232,227,22
233,227,22
230,227,22
229,227,22
229,227,22
233,227,22
236,227,22
238,227,22
236,227,22
235,227,22
236,227,22
239,227,22
239,227,22
240,227,22
238,227,22
238,227,22
239,227,22
240,265,22
238,265,22
235,265,22
237,265,22
238,265,22
235,265,22
236,288,22
237,288,22
240,288,22
241,288,22
240,288,22
241,288,22
242,288,22
239,288,22
239,288,22
240,288,22
242,288,22
245,288,22
244,288,22
244,288,22
244,288,22
245,288,22
244,288,22
245,288,22
245,288,22
245,288,22
247,288,22
247,288,22
246,288,22
248,288,22
249,288,22
245,288,22
245,288,22
244,288,22
245,237,22
247,237,22
245,237,22
243,237,22
243,237,22
242,237,22
240,237,22
241,237,22
238,237,22
236,237,22
236,237,22
235,237,22
237,237,22
237,237,22
234,237,22
237,237,22
237,237,22
240,237,22
238,237,22
238,237,22
241,237,22
245,237,22
245,237,22
244,237,22
245,237,22
245,237,22
245,237,22
243,237,22
242,237,22
241,237,22
240,237,22
241,237,22
244,237,22
245,237,22
248,237,22
245,252,22
244,252,22
243,252,22
243,252,22
245,252,22
243,252,22
244,252,22
245,277,22
248,277,22
249,277,22
249,277,22
252,277,22
253,277,22
251,277,22
253,277,22
252,277,22
252,277,22
255,277,22
256,277,22
257,277,22
259,277,22
261,277,22
261,277,22
260,277,22
257,277,22
258,277,22
259,277,22
256,277,22
256,277,22
256,277,22
254,277,22
252,277,22
252,277,22
253,268,22
254,268,22
255,268,22
256,268,22
259,268,22
259,268,22
259,268,22
258,268,22
259,268,22
258,268,22
256,268,22
255,268,22
252,268,22
252,268,22
250,268,22
252,268,22
253,268,22
255,268,22
255,268,22
258,268,22
261,268,22
265,268,22
267,268,22
267,268,22
265,268,22
269,268,22
267,279,22
268,279,22
268,279,22
268,279,22
268,279,22
269,279,22
269,279,22
268,279,22
264,279,22
264,279,22
265,279,22
269,279,22
271,279,22
270,279,22
273,279,22
276,279,22
275,257,22
276,257,22
274,257,22
275,257,22
273,257,22
274,257,22
273,257,22
270,257,22
272,257,22
271,257,22
268,257,22
268,257,22
269,257,22
270,257,22
268,257,22
271,257,22
272,257,22
270,257,22
271,257,22
270,257,22
274,257,22
273,257,22
274,257,22
274,257,22
276,257,22
274,257,22
273,257,22
275,257,22
277,257,22
280,257,22
282,276,22
280,276,22
275,276,22
276,276,22
278,276,22
277,276,22
275,276,22
274,276,22
275,276,22
271,276,22
268,276,22
267,276,22
268,276,22
269,276,22
268,276,22
269,276,22
269,276,22
268,276,22
266,276,22
263,276,22
263,276,22
263,302,22
268,302,22
267,302,22
268,302,22
266,302,22
266,302,22
267,302,22
272,302,22
270,302,22
272,302,22
274,302,22
273,302,22
272,302,22
272,254,22
272,254,22
272,254,22
271,254,22
271,254,22
270,254,22
274,259,22
275,259,22
273,259,22
273,259,22
269,259,22
272,259,22
270,259,22
271,259,22
273,259,22
276,259,22
274,259,22
275,259,22
273,259,22
270,259,22
268,259,22
267,259,22
267,259,22
268,259,22
267,284,22
269,284,22
266,284,22
267,284,22
268,284,22
270,284,22
266,257,22
266,257,22
268,257,22
269,257,22
270,257,22
270,257,22
270,257,22
271,257,22
269,257,22
269,257,22
271,287,22
273,287,22
273,287,22
273,287,22
273,287,22
272,287,22
275,287,22
277,287,22
277,287,22
276,287,22
274,287,22
271,287,22
271,287,22
271,287,22
271,287,22
271,287,22
268,287,22
268,287,22
269,287,22
268,287,22
266,287,22
266,240,22
266,240,22
265,240,22
263,240,22
264,240,22
263,240,22
263,240,22
265,240,22
267,240,22
269,240,22
265,240,22
265,240,22
266,240,22
266,240,22
265,240,22
265,240,22
264,240,22
264,240,22
264,240,22
265,240,22
263,240,22
265,240,22
265,240,22
260,240,22
258,240,22
256,240,22
258,240,22
256,240,22
253,240,22
255,240,22
255,240,22
254,240,22
256,240,22
257,236,22
255,236,22
257,236,22
257,236,22
258,236,22
260,236,22
260,236,22
259,236,22
260,236,22
262,236,22
260,236,22
260,236,22
261,236,22
262,236,22
264,236,22
262,236,22
260,236,22
261,236,22
262,236,22
262,236,22
260,236,22
261,236,22
260,236,22
261,236,22
262,236,22
264,236,22
258,225,22
258,225,22
262,225,22
260,225,22
255,225,22
256,225,22
257,225,22
258,225,22
259,225,22
261,225,22
256,225,22
256,225,22
258,225,22
259,225,22
260,225,22
257,288,22
258,288,22
255,288,22
261,288,22
264,288,22
265,288,22
264,262,22
262,262,22
264,262,22
267,262,22
269,262,22
269,262,22
270,262,22
269,262,22
266,262,22
264,262,22
263,262,22
265,262,22
262,262,22
265,262,22
265,262,22
264,262,22
263,262,22
262,262,22
260,262,22
255,262,22
255,262,22
253,219,22
253,219,22
254,219,22
255,219,22
249,219,22
248,219,22
249,219,22
249,219,22
249,219,22
251,219,22
247,219,22
247,219,22
247,219,22
246,219,22
243,219,22
244,219,22
243,219,22
246,219,22
244,219,22
243,219,22
247,219,22
248,240,22
243,240,22
243,240,22
243,240,22
242,240,22
243,240,22
244,240,22
245,240,22
245,240,22
244,240,22
246,240,22
249,240,22
247,240,22
244,240,22
246,240,22
245,240,22
249,240,22
246,240,22
244,240,22
246,240,22
241,240,22
242,240,22
242,240,22
242,240,22
240,240,22
242,240,22
243,240,22
245,240,22
245,240,22
244,240,22
244,240,22
239,240,22
239,240,22
240,240,22
242,240,22
241,240,22
238,240,22
238,240,22
237,240,22
235,262,22
233,262,22
232,262,22
232,262,22
229,262,22
231,262,22
232,262,22
234,262,22
232,262,22
230,205,22
229,205,22
229,205,22
228,205,22
229,205,22
230,205,22
227,205,22
227,205,22
226,205,22
224,205,22
220,205,22
221,205,22
221,205,22
220,205,22
222,205,22
221,205,22
220,237,22
223,237,22
224,237,22
225,237,22
225,237,22
224,237,22
225,237,22
223,237,22
221,237,22
221,237,22
222,183,22
221,183,22
222,183,22
221,183,22
221,183,22
222,183,22
221,183,22
223,183,22
229,183,22
229,183,22
231,183,22
231,183,22
231,183,22
227,183,22
228,183,22
229,183,22
229,183,22
227,183,22
230,183,22
227,183,22
229,183,22
229,183,22
228,183,22
228,183,22
226,183,22
230,183,22
228,183,22
228,183,22
225,183,22
224,183,22
223,183,22
221,183,22
222,183,22
221,183,22
220,183,22
219,183,22
221,183,22
217,183,22
216,183,22
217,183,22
220,183,22
218,183,22
216,183,22
219,183,22
218,183,22
216,183,22
216,183,22
215,183,22
213,183,22
211,183,22
213,219,22
212,219,22
211,219,22
209,219,22
211,219,22
208,219,22
209,219,22
209,219,22
207,219,22
206,219,22
204,219,22
199,219,22
206,219,22
200,219,22
202,219,22
204,219,22
202,219,22
202,219,22
205,219,22
208,219,22
206,219,22
205,219,22
205,219,22
206,219,22
205,219,22
206,219,22
202,219,22
202,219,22
201,219,22
199,219,22
200,219,22
201,219,22
197,222,22
198,222,22
197,222,22
198,222,22
199,222,22
201,222,22
199,222,22
196,222,22
195,222,22
193,222,22
192,222,22
193,222,22
192,222,22
193,222,22
195,222,22
196,222,22
196,180,22
194,180,22
193,180,22
195,180,22
193,180,22
192,180,22
191,180,22
190,180,22
189,180,22
189,180,22
188,180,22
186,180,22
188,180,22
190,180,22
190,180,22
191,180,22
188,180,22
189,180,22
185,180,22
181,180,22
174,180,22
174,180,22
178,180,22
177,180,22
181,180,22
183,180,22
186,180,22
184,180,22
182,180,22
185,180,22
185,179,22
186,179,22
185,179,22
184,179,22
182,179,22
182,179,22
182,179,22
184,179,22
186,179,22
187,179,22
186,179,22
188,179,22
187,179,22
184,179,22
184,179,22
183,179,22
184,179,22
182,179,22
183,179,22
181,179,22
183,179,22
186,179,22
185,179,22
185,179,22
187,179,22
186,218,22
185,218,22
185,218,22
186,218,22
183,218,22
180,218,22
180,218,22
179,218,22
179,218,22
178,218,22
178,218,22
179,218,22
179,218,22
177,218,22
177,218,22
178,218,22
179,218,22
181,218,22
180,218,22
184,218,22
184,218,22
185,175,22
184,175,22
188,175,22
189,175,22
190,175,22
185,175,22
186,185,22
188,185,22
191,185,22
190,185,22
188,185,22
188,185,22
187,185,22
188,185,22
188,185,22
186,185,22
190,185,22
191,185,22
192,185,22
189,185,22
189,185,22
188,185,22
189,185,22
194,185,22
193,185,22
193,185,22
191,203,22
193,203,22
192,203,22
195,203,22
196,203,22
195,203,22
192,203,22
193,203,22
195,203,22
198,203,22
198,203,22
196,203,22
198,203,22
196,203,22
196,203,22
193,203,22
190,203,22
188,203,22
186,203,22
187,203,22
188,203,22
188,203,22
187,203,22
185,161,22
180,161,22
181,161,22
180,161,22
181,161,22
183,161,22
184,161,22
186,161,22
187,161,22
184,161,22
182,161,22
182,161,22
180,161,22
180,161,22
175,161,22
173,161,22
171,179,22
171,179,22
172,179,22
170,179,22
169,179,22
169,179,22
169,179,22
171,179,22
172,179,22
171,179,22
172,179,22
172,181,22
170,181,22
169,181,22
169,181,22
166,181,22
167,181,22
168,181,22
172,181,22
170,181,22
168,181,22
168,181,22
169,181,22
168,181,22
167,181,22
166,181,22
168,181,22
166,181,22
166,167,22
168,167,22
170,167,22
170,167,22
169,167,22
170,167,22
170,167,22
169,167,22
170,167,22
170,167,22
171,167,22
175,167,22
174,167,22
172,167,22
170,167,22
174,167,22
171,167,22
175,167,22
173,167,22
175,167,22
177,167,22
178,167,22
180,167,22
180,167,22
182,169,22
181,169,22
178,169,22
178,169,22
178,169,22
176,169,22
178,169,22
176,169,22
174,169,22
175,202,22
175,202,22
177,202,22
179,202,22
180,202,22
183,202,22
182,202,22
183,202,22
181,202,22
179,202,22
181,202,22
180,178,22
181,178,22
178,178,22
179,178,22
181,178,22
178,178,22
182,178,22
186,178,22
187,178,22
184,178,22
184,178,22
184,178,22
182,178,22
182,178,22
181,178,22
183,178,22
182,178,22
182,178,22
183,178,22
184,178,22
182,178,22
184,178,22
187,178,22
186,178,22
188,178,22
189,178,22
190,178,22
189,194,22
191,194,22
193,194,22
196,194,22
194,194,22
193,194,22
197,194,22
199,194,22
202,194,22
200,194,22
198,194,22
200,194,22
197,194,22
197,194,22
196,194,22
194,194,22
193,194,22
196,194,22
195,194,22
193,194,22
194,194,22
192,194,22
194,194,22
196,194,22
193,194,22
193,194,22
196,194,22
201,194,22
201,194,22
201,194,22
199,194,22
198,194,22
200,194,22
202,194,22
202,194,22
200,194,22
200,194,22
203,194,22
200,194,22
198,194,22
200,194,22
198,194,22
197,194,22
196,194,22
195,194,22
197,194,22
195,194,22
197,194,22
198,201,22
197,201,22
199,201,22
200,201,22
196,201,22
197,201,22
196,201,22
197,201,22
195,201,22
194,215,22
195,215,22
198,215,22
200,215,22
200,215,22
199,215,22
199,215,22
200,215,22
203,215,22
202,208,22
204,208,22
204,208,22
205,208,22
203,208,22
201,208,22
202,208,22
201,208,22
204,208,22
201,208,22
205,208,22
206,208,22
204,208,22
201,208,22
199,208,22
200,208,22
203,208,22
203,208,22
205,208,22
206,208,22
203,208,22
203,208,22
206,208,22
204,208,22
207,208,22
211,208,22
211,208,22
211,208,22
212,208,22
210,208,22
209,208,22
212,208,22
213,208,22
216,208,22
216,208,22
214,208,22
210,228,22
213,228,22
206,228,22
208,228,22
210,228,22
209,228,22
207,228,22
205,228,22
204,228,22
205,228,22
205,228,22
206,216,22
207,216,22
208,216,22
207,216,22
206,216,22
203,216,22
200,216,22
202,216,22
200,201,22
202,201,22
205,201,22
208,201,22
210,201,22
213,201,22
218,201,22
216,221,22
215,221,22
215,221,22
216,221,22
216,221,22
216,221,22
217,221,22
220,221,22
219,221,22
223,221,22
225,221,22
226,221,22
225,221,22
227,221,22
227,221,22
227,221,22
223,221,22
227,221,22
227,221,22
230,221,22
230,221,22
231,221,22
229,221,22
230,221,22
227,221,22
227,221,22
225,225,22
226,225,22
226,225,22
226,225,22
227,225,22
225,225,22
225,225,22
223,225,22
227,225,22
230,225,22
229,225,22
229,225,22
232,225,22
233,225,22
232,208,22
229,208,22
227,208,22
224,208,22
223,208,22
221,208,22
220,208,22
218,208,22
218,208,22
218,208,22
221,208,22
223,208,22
225,208,22
226,208,22
225,208,22
226,208,22
231,208,22
230,208,22
232,208,22
232,208,22
230,208,22
230,208,22
232,243,22
232,243,22
231,243,22
229,243,22
228,243,22
227,243,22
228,243,22
230,243,22
229,199,22
231,199,22
232,199,22
238,199,22
234,199,22
234,199,22
234,199,22
232,199,22
230,199,22
230,199,22
226,199,22
230,199,22
231,199,22
230,199,22
230,199,22
232,199,22
229,199,22
231,199,22
232,199,22
233,199,22
234,199,22
234,199,22
236,199,22
239,199,22
239,232,22
239,232,22
239,232,22
240,232,22
238,232,22
238,232,22
242,232,22
245,232,22
245,232,22
244,232,22
247,232,22
248,232,22
245,254,22
248,254,22
245,254,22
246,254,22
248,254,22
247,254,22
249,254,22
248,254,22
248,254,22
249,254,22
252,254,22
252,254,22
252,254,22
250,254,22
249,254,22
249,254,22
249,254,22
245,254,22
244,254,22
241,254,22
240,254,22
241,254,22
240,254,22
242,254,22
239,254,22
237,254,22
236,254,22
233,254,22
232,223,22
232,223,22
231,223,22
228,223,22
230,223,22
227,223,22
229,223,22
231,223,22
233,223,22
235,223,22
233,223,22
232,223,22
232,223,22
229,223,22
232,223,22
232,227,22
234,227,22
236,227,22
236,227,22
237,227,22
237,227,22
238,227,22
239,227,22
238,227,22
239,227,22
242,258,22
243,258,22
242,258,22
240,258,22
236,258,22
238,258,22
239,258,22
240,258,22
244,258,22
243,258,22
248,258,22
248,258,22
251,258,22
253,258,22
254,258,22
256,258,22
258,258,22
258,258,22
258,258,22
257,258,22
254,258,22
256,258,22
258,258,22
259,258,22
255,258,22
255,258,22
254,258,22
255,258,22
251,258,22
256,258,22
254,258,22
256,258,22
253,251,22
250,251,22
249,251,22
251,251,22
249,251,22
247,251,22
245,251,22
245,251,22
246,251,22
245,261,22
246,261,22
243,261,22
243,261,22
240,261,22
239,261,22
238,261,22
239,261,22
237,261,22
237,261,22
240,261,22
243,261,22
244,261,22
244,261,22
241,261,22
242,261,22
243,261,22
243,261,22
242,261,22
242,261,22
243,261,22
247,261,22
247,261,22
245,261,22
244,261,22
247,261,22
248,261,22
248,261,22
248,261,22
249,261,22
245,261,22
246,229,22
246,229,22
246,229,22
247,229,22
248,229,22
250,229,22
251,229,22
251,229,22
248,229,22
249,229,22
252,229,22
254,229,22
253,229,22
254,229,22
255,229,22
255,229,22
256,229,22
260,229,22
259,229,22
259,229,22
257,256,22
258,256,22
258,256,22
260,256,22
261,256,22
262,256,22
264,256,22
264,256,22
265,256,22
264,256,22
265,256,22
264,256,22
264,256,22
262,256,22
263,256,22
264,256,22
264,256,22
264,256,22
262,256,22
261,256,22
264,256,22
264,256,22
265,256,22
264,256,22
262,256,22
262,256,22
260,256,22
260,256,22
262,256,22
265,256,22
264,256,22
264,256,22
262,256,22
266,256,22
266,256,22
268,256,22
270,256,22
271,256,22
270,256,22
271,256,22
273,256,22
271,256,22
274,256,22
274,256,22
276,256,22
275,256,22
272,256,22
274,256,22
276,285,22
276,285,22
280,285,22
279,285,22
281,285,22
279,285,22
280,285,22
281,285,22
279,285,22
281,285,22
280,285,22
278,285,22
283,285,22
283,285,22
287,285,22
286,285,22
287,285,22
288,285,22
286,285,22
289,285,22
292,285,22
292,285,22
296,285,22
296,285,22
295,285,22
297,285,22
297,285,22
296,285,22
294,285,22
292,285,22
291,285,22
292,285,22
287,285,22
285,285,22
285,285,22
285,285,22
285,285,22
285,285,22
281,285,22
281,285,22
284,285,22
281,285,22
281,285,22
282,285,22
283,288,22
283,288,22
281,288,22
278,288,22
280,288,22
277,288,22
271,288,22
274,288,22
278,288,22
277,288,22
278,288,22
278,288,22
277,288,22
277,288,22
278,288,22
275,288,22
274,288,22
274,288,22
277,288,22
276,288,22
274,288,22
275,288,22
275,288,22
276,288,22
273,288,22
273,288,22
277,288,22
279,288,22
276,288,22
277,288,22
276,288,22
274,288,22
277,288,22
278,288,22
280,288,22
279,288,22
280,288,22
280,288,22
281,288,22
281,288,22
282,288,22
281,288,22
280,288,22
282,288,22
280,288,22
279,288,22
281,288,22
283,288,22
283,288,22
282,288,22
282,288,22
280,262,22
280,262,22
284,262,22
286,262,22
286,262,22
287,262,22
285,262,22
282,262,22
280,281,22
284,281,22
286,281,22
287,281,22
285,281,22
287,281,22
292,281,22
291,281,22
287,281,22
288,296,22
287,296,22
287,296,22
290,296,22
289,296,22
290,296,22
291,296,22
291,296,22
290,296,22
289,296,22
291,294,22
289,294,22
288,294,22
287,294,22
285,294,22
286,294,22
289,294,22
284,294,22
284,294,22
284,294,22
288,294,22
287,294,22
288,294,22
290,294,22
292,294,22
293,294,22
291,283,22
295,283,22
293,283,22
295,283,22
295,283,22
299,283,22
299,283,22
299,283,22
298,283,22
297,292,22
298,292,22
297,292,22
301,292,22
301,292,22
301,292,22
301,292,22
302,292,22
301,292,22
301,292,22
302,292,22
300,292,22
297,292,22
299,292,22
300,292,22
302,292,22
302,292,22
306,292,22
303,292,22
306,292,22
303,292,22
303,292,22
303,292,22
298,292,22
299,292,22
298,292,22
297,292,22
298,292,22
301,292,22
301,292,22
300,292,22
297,292,22
295,292,22
296,292,22
296,292,22
295,292,22
296,292,22
295,270,22
294,270,22
295,270,22
298,270,22
299,270,22
303,270,22
303,270,22
301,270,22
300,270,22
300,270,22
303,270,22
305,270,22
306,270,22
308,270,22
308,270,22
310,270,22
307,270,22
308,270,22
307,296,22
308,296,22
311,296,22
310,296,22
306,296,22
308,296,22
307,296,22
310,296,22
313,296,22
314,296,22
315,296,22
318,296,22
317,296,22
315,296,22
318,296,22
318,296,22
316,296,22
318,296,22
315,296,22
318,296,22
318,296,22
316,296,22
316,296,22
318,296,22
318,296,22
316,296,22
314,296,22
314,310,22
315,310,22
317,310,22
317,310,22
317,310,22
315,310,22
314,310,22
315,310,22
316,310,22
315,310,22
314,310,22
317,310,22
316,352,22
318,352,22
318,352,22
321,352,22
322,352,22
322,352,22
319,297,22
318,297,22
315,297,22
316,297,22
319,297,22
321,297,22
321,297,22
321,297,22
318,297,22
319,297,22
326,297,22
325,297,22
325,327,22
325,327,22
325,327,22
323,327,22
325,327,22
326,327,22
329,327,22
328,327,22
326,327,22
325,327,22
326,327,22
326,327,22
324,327,22
325,327,22
324,327,22
325,327,22
328,327,22
328,327,22
327,327,22
329,327,22
329,327,22
326,327,22
327,327,22
326,327,22
323,327,22
320,327,22
320,327,22
315,327,22
317,306,22
316,306,22
315,306,22
315,306,22
316,306,22
316,306,22
318,306,22
317,306,22
317,306,22
318,309,22
318,309,22
318,309,22
318,309,22
318,309,22
318,309,22
319,309,22
322,309,22
323,309,22
323,317,22
323,317,22
328,317,22
329,317,22
330,317,22
331,317,22
332,317,22
329,317,22
327,317,22
326,317,22
326,317,22
323,317,22
326,317,22
327,317,22
328,317,22
326,317,22
326,317,22
327,317,22
326,3,22
325,3,22
323,3,22
320,3,22
320,3,22
323,3,22
321,3,22
324,3,22
326,3,22
324,3,22
324,3,22
324,3,22
325,3,22
325,3,22
327,3,22
328,3,22
329,3,22
329,342,22
331,342,22
333,342,22
334,342,22
333,342,22
333,342,22
334,342,22
337,342,22
337,342,22
337,342,22
338,342,22
338,342,22
338,342,22
340,1,22
342,1,22
342,1,22
339,1,22
339,1,22
338,1,22
336,1,22
338,1,22
339,1,22
339,1,22
341,1,22
341,1,22
337,1,22
338,1,22
337,1,22
339,1,22
339,1,22
338,1,22
336,1,22
333,1,22
334,1,22
331,1,22
334,314,22
336,314,22
337,314,22
338,314,22
336,314,22
336,314,22
336,314,22
338,314,22
335,314,22
335,314,22
335,314,22
336,314,22
338,314,22
339,314,22
341,314,22
340,314,22
338,314,22
336,314,22
335,314,22
337,314,22
337,314,22
338,314,22
335,314,22
337,314,22
340,314,22
335,341,22
333,341,22
331,341,22
328,341,22
328,341,22
326,341,22
329,341,22
331,341,22
328,341,22
328,341,22
329,341,22
329,341,22
328,341,22
328,341,22
327,341,22
326,341,22
320,341,22
318,341,22
320,341,22
320,341,22
317,341,22
315,341,22
317,341,22
319,341,22
317,341,22
319,341,22
318,341,22
321,341,22
322,341,22
320,341,22
320,341,22
320,341,22
319,341,22
316,341,22
314,341,22
313,341,22
313,341,22
311,341,22
308,341,22
312,341,22
314,341,22
315,341,22
312,341,22
311,341,22
309,341,22
309,341,22
312,341,22
311,341,22
313,341,22
311,341,22
311,341,22
309,341,22
305,341,22
307,313,22
306,313,22
305,313,22
307,313,22
309,313,22
310,313,22
312,313,22
311,313,22
310,313,22
310,313,22
309,313,22
309,313,22
310,313,22
309,313,22
309,313,22
310,313,22
310,313,22
310,313,22
308,313,22
307,313,22
308,342,22
310,342,22
310,342,22
313,342,22
315,342,22
316,342,22
313,342,22
311,342,22
309,342,22
309,342,22
307,342,22
306,342,22
305,342,22
306,342,22
305,342,22
302,342,22
305,342,22
311,342,22
314,342,22
314,342,22
320,342,22
319,342,22
317,342,22
318,342,22
322,342,22
321,342,22
321,342,22
321,342,22
323,342,22
321,342,22
320,342,22
324,342,22
321,342,22
322,342,22
325,342,22
324,342,22
321,342,22
324,342,22
324,342,22
326,342,22
324,342,22
325,342,22
324,342,22
323,342,22
323,342,22
321,342,22
321,285,22
321,285,22
320,285,22
321,285,22
317,285,22
319,285,22
319,285,22
322,285,22
323,285,22
319,285,22
319,285,22
312,285,22
311,285,22
312,285,22
309,285,22
310,285,22
311,285,22
312,285,22
310,285,22
308,285,22
309,285,22
309,285,22
309,285,22
308,285,22
307,285,22
305,285,22
303,285,22
302,285,22
303,285,22
301,285,22
298,285,22
295,285,22
293,285,22
292,285,22
289,285,22
294,285,22
293,285,22
291,285,22
289,285,22
288,285,22
287,285,22
289,285,22
291,285,22
291,285,22
295,285,22
296,285,22
293,285,22
292,285,22
295,285,22
297,285,22
298,285,22
295,285,22
292,285,22
291,285,22
291,318,22
292,318,22
289,318,22
289,318,22
288,318,22
287,318,22
288,318,22
287,318,22
287,318,22
292,318,22
294,318,22
292,318,22
291,318,22
293,238,22
293,238,22
294,238,22
295,238,22
296,238,22
295,238,22
295,300,22
298,300,22
296,300,22
296,300,22
299,300,22
299,300,22
299,300,22
304,300,22
304,300,22
306,300,22
304,300,22
304,300,22
307,300,22
308,332,22
304,332,22
297,332,22
299,332,22
300,332,22
302,332,22
300,332,22
297,332,22
295,332,22
291,332,22
286,332,22
290,332,22
296,332,22
296,332,22
298,332,22
298,332,22
302,332,22
301,332,22
300,332,22
300,332,22
299,332,22
297,332,22
299,332,22
297,332,22
298,332,22
300,332,22
299,332,22
297,332,22
297,332,22
299,314,22
300,314,22
300,314,22
301,314,22
303,314,22
305,314,22
302,314,22
298,288,22
299,288,22
297,288,22
296,288,22
295,288,22
296,288,22
298,288,22
296,288,22
294,288,22
298,288,22
295,288,22
297,288,22
297,293,22
298,293,22
296,293,22
299,293,22
297,293,22
299,293,22
301,293,22
302,315,22
305,315,22
304,315,22
305,315,22
307,315,22
308,315,22
307,315,22
309,315,22
310,315,22
310,315,22
310,315,22
311,315,22
310,315,22
308,315,22
308,315,22
308,315,22
307,315,22
309,315,22
308,294,22
308,294,22
307,294,22
306,294,22
308,294,22
310,294,22
315,294,22
315,294,22
314,294,22
315,294,22
315,294,22
314,294,22
315,294,22
317,294,22
313,294,22
315,294,22
315,294,22
316,294,22
314,294,22
315,294,22
314,294,22
318,294,22
319,294,22
320,294,22
319,294,22
321,294,22
322,294,22
322,294,22
321,294,22
320,294,22
319,294,22
320,294,22
320,294,22
321,294,22
321,294,22
317,294,22
315,294,22
316,294,22
315,294,22
314,294,22
312,294,22
315,294,22
317,294,22
316,294,22
319,294,22
319,294,22
322,294,22
320,294,22
317,294,22
319,294,22
321,294,22
319,289,22
317,289,22
316,289,22
316,289,22
319,289,22
320,289,22
322,289,22
321,289,22
322,289,22
322,289,22
324,289,22
324,289,22
323,289,22
320,289,22
318,289,22
319,289,22
320,289,22
319,289,22
323,289,22
323,289,22
321,289,22
324,289,22
323,289,22
324,289,22
322,289,22
324,289,22
324,289,22
323,289,22
323,289,22
321,289,22
320,289,22
320,289,22
322,289,22
324,289,22
327,289,22
330,289,22
331,289,22
331,289,22
332,289,22
335,289,22
333,289,22
333,289,22
330,289,22
331,289,22
332,289,22
332,289,22
333,289,22
332,337,22
331,337,22
330,337,22
328,337,22
331,337,22
329,337,22
329,337,22
327,337,22
327,337,22
329,337,22
328,337,22
328,337,22
330,337,22
330,337,22
329,337,22
328,337,22
327,337,22
328,337,22
330,337,22
329,341,22
328,341,22
326,341,22
325,341,22
323,341,22
328,341,22
330,341,22
331,341,22
330,341,22
329,341,22
332,341,22
333,341,22
333,341,22
332,341,22
332,341,22
329,341,22
328,341,22
327,341,22
328,311,22
327,311,22
326,311,22
328,311,22
328,311,22
326,311,22
323,311,22
322,311,22
323,311,22
324,311,22
323,311,22
324,311,22
326,311,22
327,311,22
328,311,22
329,311,22
331,311,22
331,311,22
331,311,22
329,311,22
328,311,22
327,311,22
326,311,22
325,311,22
327,311,22
326,311,22
329,311,22
331,311,22
327,311,22
329,311,22
329,311,22
329,311,22
327,311,22
331,311,22
329,311,22
328,311,22
329,311,22
331,311,22
330,311,22
328,311,22
327,311,22
326,311,22
328,311,22
332,311,22
333,311,22
330,311,22
329,311,22
330,311,22
332,311,22
329,311,22
330,311,22
331,311,22
328,311,22
329,311,22
330,311,22
329,311,22
328,311,22
329,311,22
331,311,22
334,331,22
336,331,22
336,331,22
339,331,22
338,331,22
338,331,22
338,331,22
334,331,22
336,331,22
335,331,22
332,331,22
334,331,22
336,331,22
339,331,22
344,331,22
345,331,22
345,331,22
346,331,22
344,331,22
341,331,22
340,331,22
342,331,22
346,331,22
348,331,22
349,331,22
345,331,22
345,331,22
346,331,22
346,331,22
347,331,22
352,331,22
352,331,22
352,331,22
350,346,22
348,346,22
347,346,22
347,346,22
341,346,22
341,346,22
339,346,22
341,346,22
344,346,22
339,346,22
341,346,22
340,346,22
340,346,22
341,346,22
338,346,22
340,346,22
339,346,22
340,346,22
340,346,22
340,346,22
336,346,22
336,346,22
336,346,22
339,346,22
339,346,22
342,346,22
341,346,22
341,346,22
340,346,22
341,346,22
340,346,22
340,346,22
339,346,22
339,346,22
340,346,22
342,346,22
340,346,22
341,346,22
339,346,22
337,346,22
337,346,22
336,316,22
335,316,22
338,316,22
336,316,22
336,316,22
335,316,22
341,316,22
340,316,22
339,316,22
341,316,22
337,316,22
338,316,22
337,343,22
339,343,22
339,343,22
339,343,22
335,343,22
336,343,22
335,343,22
335,322,22
333,322,22
329,322,22
331,322,22
332,322,22
332,322,22
334,322,22
336,322,22
337,322,22
341,322,22
339,322,22
338,322,22
336,7,22
336,7,22
336,7,22
338,7,22
337,7,22
337,7,22
334,7,22
333,7,22
334,340,22
331,340,22
334,340,22
333,340,22
332,340,22
334,340,22
335,340,22
333,340,22
335,340,22
334,340,22
337,340,22
336,340,22
336,340,22
337,340,22
336,340,22
339,340,22
340,340,22
339,340,22
338,340,22
338,340,22
341,0,22
340,0,22
340,0,22
340,0,22
342,0,22
342,0,22
343,0,22
347,0,22
348,0,22
350,0,22
350,0,22
347,0,22
344,0,22
343,359,22
345,359,22
341,359,22
339,359,22
338,359,22
334,359,22
336,359,22
335,359,22
333,359,22
333,316,22
332,316,22
330,316,22
328,316,22
326,316,22
325,316,22
325,316,22
321,316,22
319,316,22
320,316,22
319,316,22
319,316,22
316,316,22
316,333,22
313,333,22
313,333,22
312,333,22
310,333,22
312,333,22
313,333,22
312,333,22
313,333,22
312,333,22
311,333,22
312,333,22
312,333,22
315,341,22
314,341,22
311,341,22
310,341,22
311,341,22
310,341,22
310,341,22
314,341,22
313,291,22
309,291,22
309,291,22
307,291,22
308,291,22
306,291,22
307,291,22
309,291,22
312,291,22
314,291,22
314,291,22
318,291,22
316,291,22
316,291,22
312,291,22
315,291,22
317,291,22
324,291,22
327,291,22
329,291,22
330,311,22
329,311,22
331,311,22
329,311,22
329,311,22
330,311,22
331,311,22
330,311,22
332,311,22
334,311,22
330,311,22
338,311,22
343,311,22
344,311,22
344,311,22
346,311,22
344,311,22
339,321,22
339,321,22
341,321,22
342,321,22
344,321,22
341,321,22
342,321,22
344,321,22
348,321,22
348,321,22
349,321,22
349,321,22
351,321,22
351,321,22
350,321,22
350,321,22
348,321,22
348,321,22
349,321,22
347,321,22
348,321,22
352,344,22
351,344,22
348,344,22
348,344,22
346,344,22
344,344,22
345,344,22
348,344,22
347,344,22
346,344,22
347,344,22
349,344,22
349,344,22
352,344,22
352,344,22
353,344,22
354,344,22
351,344,22
349,344,22
348,344,22
346,344,22
347,350,22
346,350,22
345,350,22
346,350,22
344,350,22
343,350,22
340,350,22
344,350,22
344,350,22
342,336,22
343,336,22
341,336,22
339,336,22
341,336,22
339,336,22
340,336,22
339,336,22
338,336,22
340,336,22
341,336,22
344,336,22
347,336,22
346,336,22
345,336,22
346,336,22
346,336,22
348,336,22
348,336,22
346,336,22
347,336,22
343,336,22
341,336,22
342,336,22
345,336,22
346,336,22
347,336,22
347,336,22
350,336,22
354,336,22
355,336,22
355,336,22
354,336,22
352,336,22
353,336,22
350,336,22
354,336,22
355,336,22
354,5,22
350,5,22
349,5,22
349,5,22
348,5,22
351,5,22
348,5,22
348,5,22
344,5,22
343,5,22
340,5,22
340,5,22
341,5,22
342,5,22
338,5,22
341,5,22
346,5,22
349,5,22
348,5,22
348,5,22
348,5,22
346,5,22
348,353,22
348,353,22
347,353,22
349,353,22
347,353,22
349,353,22
346,353,22
345,353,22
344,353,22
348,324,22
348,324,22
351,324,22
352,324,22
355,324,22
355,324,22
354,324,22
355,324,22
354,324,22
353,324,22
353,324,22
358,324,22
358,324,22
356,324,22
353,324,22
353,324,22
354,324,22
356,324,22
356,324,22
0,324,22
0,324,22
359,324,22
359,324,22
0,324,22
357,324,22
357,16,22
353,16,22
352,16,22
352,16,22
351,16,22
349,16,22
349,16,22
347,16,22
351,16,22
350,16,22
350,5,22
353,5,22
352,5,22
354,5,22
352,5,22
350,5,22
350,3,22
354,3,22
353,3,22
354,3,22
351,3,22
351,3,22
350,3,22
353,3,22
355,3,22
355,3,22
353,3,22
350,3,22
348,3,22
346,3,22
342,3,22
344,3,22
346,3,22
350,3,22
352,3,22
352,3,22
353,0,22
352,0,22
351,0,22
347,0,22
349,0,22
349,0,22
349,0,22
349,0,22
347,0,22
347,0,22
342,0,22
344,0,22
345,0,22
342,0,22
341,0,22
345,0,22
345,0,22
348,0,22
352,0,22
350,0,22
352,0,22
350,0,22
353,0,22
351,0,22
351,0,22
349,0,22
347,0,22
344,0,22
343,0,22
343,0,22
342,0,22
335,0,22
334,0,22
334,0,22
336,0,22
337,0,22
338,0,22
339,0,22
339,327,22
335,327,22
333,327,22
332,327,22
331,327,22
333,327,22
333,327,22
336,327,22
337,327,22
341,327,22
339,327,22
340,327,22
336,327,22
340,327,22
339,327,22
340,327,22
344,327,22
343,327,22
342,327,22
342,327,22
341,327,22
340,327,22
338,327,22
342,327,22
343,327,22
341,327,22
338,327,22
340,327,22
339,327,22
342,328,22
338,328,22
339,328,22
342,328,22
339,328,22
338,328,22
339,328,22
339,328,22
340,328,22
340,328,22
342,328,22
343,328,22
343,328,22
343,338,22
340,338,22
338,338,22
337,338,22
339,338,22
339,338,22
339,318,22
339,318,22
337,318,22
339,318,22
340,318,22
337,318,22
336,318,22
336,318,22
333,318,22
334,318,22
333,318,22
333,318,22
332,318,22
337,318,22
336,318,22
336,318,22
339,318,22
336,318,22
335,318,22
334,318,22
332,318,22
333,318,22
331,318,22
333,318,22
334,318,22
336,318,22
334,318,22
332,318,22
334,318,22
333,7,22
334,7,22
334,7,22
334,7,22
333,7,22
331,7,22
328,13,22
331,13,22
333,13,22
332,13,22
333,13,22
331,13,22
331,13,22
333,13,22
335,342,22
335,342,22
334,342,22
333,342,22
332,342,22
329,342,22
327,342,22
326,342,22
325,342,22
323,342,22
320,342,22
320,342,22
321,342,22
316,342,22
320,342,22
319,342,22
318,342,22
320,342,22
319,342,22
318,342,22
317,342,22
317,342,22
316,342,22
315,342,22
316,342,22
318,342,22
316,342,22
318,316,22
319,316,22
321,316,22
321,316,22
323,316,22
323,316,22
323,316,22
324,316,22
323,316,22
325,316,22
324,316,22
326,316,22
323,316,22
326,316,22
324,316,22
324,316,22
323,316,22
323,316,22
323,316,22
323,316,22
320,316,22
319,316,22
319,316,22
316,316,22
317,316,22
320,332,22
320,332,22
318,332,22
317,332,22
316,332,22
316,332,22
318,332,22
319,332,22
320,332,22
321,332,22
321,332,22
322,332,22
322,332,22
320,332,22
325,332,22
326,348,22
327,348,22
326,348,22
330,348,22
331,348,22
329,348,22
328,348,22
326,348,22
327,348,22
328,348,22
332,348,22
333,348,22
333,348,22
333,348,22
332,348,22
329,348,22
329,348,22
332,348,22
332,348,22
334,348,22
335,348,22
336,348,22
336,348,22
339,348,22
339,348,22
338,348,22
337,348,22
336,348,22
335,348,22
336,348,22
340,348,22
338,348,22
337,348,22
332,348,22
332,348,22
325,348,22
326,348,22
326,348,22
324,348,22
328,348,22
326,348,22
328,357,22
324,357,22
324,357,22
322,357,22
320,357,22
318,357,22
316,357,22
316,357,22
317,357,22
317,357,22
317,339,22
318,339,22
320,339,22
322,339,22
320,339,22
322,339,22
324,339,22
321,339,22
320,339,22
323,339,22
326,339,22
324,339,22
326,339,22
328,339,22
325,339,22
327,339,22
327,339,22
323,339,22
325,339,22
321,339,22
319,339,22
315,339,22
317,339,22
318,339,22
316,311,22
316,311,22
318,311,22
319,311,22
321,311,22
318,311,22
318,311,22
322,311,22
321,311,22
321,311,22
320,311,22
322,311,22
319,311,22
319,311,22
320,311,22
319,311,22
318,311,22
319,311,22
317,264,22
319,264,22
317,264,22
318,264,22
318,264,22
320,264,22
326,264,22
322,264,22
325,264,22
322,264,22
325,264,22
321,264,22
318,264,22
320,264,22
319,264,22
317,264,22
316,264,22
316,264,22
317,264,22
315,264,22
313,264,22
314,264,22
311,264,22
309,264,22
309,264,22
306,264,22
305,264,22
303,264,22
305,264,22
306,264,22
308,264,22
305,264,22
304,264,22
299,292,22
298,292,22
297,292,22
296,292,22
297,292,22
294,292,22
292,292,22
292,292,22
289,292,22
291,292,22
293,292,22
296,292,22
294,292,22
296,292,22
292,292,22
292,292,22
293,294,22
291,294,22
291,294,22
290,294,22
291,294,22
291,294,22
291,294,22
289,294,22
291,289,22
293,289,22
293,289,22
289,289,22
290,289,22
291,289,22
292,289,22
294,289,22
293,289,22
292,289,22
298,289,22
298,289,22
301,289,22
299,289,22
300,289,22
300,289,22
296,289,22
297,289,22
297,289,22
295,325,22
297,325,22
300,325,22
298,325,22
301,325,22
301,325,22
301,325,22
304,325,22
303,325,22
302,325,22
302,325,22
299,325,22
299,325,22
299,325,22
298,292,22
296,292,22
293,292,22
294,292,22
296,292,22
295,292,22
293,292,22
294,292,22
295,292,22
294,292,22
293,292,22
294,292,22
295,292,22
292,308,22
291,308,22
287,308,22
287,308,22
289,308,22
287,308,22
