true_pos,obs_pos,true_var
264,263,22
264,263,22
264,263,22
264,263,22
264,263,22
264,263,22
264,263,22
264,263,22
264,263,22
264,263,22
264,263,22
264,263,22
264,263,22
264,263,22
264,263,22
264,263,22
264,263,22
264,263,22
264,263,22
264,263,22
264,263,22
264,247,22
264,247,22
264,247,22
264,247,22
264,247,22
264,247,22
264,247,22
264,247,22
264,247,22
264,247,22
264,247,22
264,247,22
264,247,22
264,247,22
264,247,22
264,247,22
264,247,22
264,247,22
264,247,22
264,247,22
264,247,22
264,247,22
264,247,22
264,247,22
264,247,22
264,247,22
264,247,22
264,247,22
264,247,22
264,247,22
264,247,22
264,247,22
264,247,22
264,247,22
264,262,22
264,262,22
264,262,22
264,262,22
264,262,22
264,262,22
264,262,22
264,262,22
264,262,22
264,262,22
264,262,22
264,236,22
264,236,22
264,236,22
264,236,22
264,236,22
264,236,22
264,236,22
264,236,22
264,236,22
264,236,22
264,236,22
264,236,22
264,236,22
264,236,22
264,236,22
264,236,22
264,236,22
264,236,22
264,308,22
264,308,22
264,308,22
264,308,22
264,308,22
264,308,22
264,308,22
264,308,22
264,286,22
264,286,22
264,286,22
264,286,22
264,286,22
264,286,22
264,286,22
264,286,22
264,286,22
264,286,22
264,286,22
264,286,22
264,286,22
264,286,22
264,286,22
264,286,22
264,286,22
264,286,22
264,286,22
264,286,22
264,286,22
264,286,22
264,286,22
264,286,22
264,286,22
264,286,22
264,286,22
264,286,22
264,286,22
264,286,22
264,286,22
264,286,22
264,286,22
264,286,22
264,286,22
264,286,22
264,286,22
264,286,22
264,286,22
264,286,22
264,286,22
264,286,22
264,259,22
264,259,22
264,259,22
264,259,22
264,259,22
264,259,22
264,259,22
264,259,22
264,259,22
264,259,22
264,259,22
264,259,22
264,259,22
264,259,22
264,259,22
264,259,22
264,259,22
264,259,22
264,259,22
264,259,22
264,259,22
264,259,22
264,259,22
264,259,22
264,259,22
264,259,22
264,259,22
264,259,22
264,259,22
264,307,22
264,307,22
264,307,22
264,307,22
264,307,22
264,307,22
264,307,22
264,307,22
264,307,22
264,244,22
264,244,22
264,244,22
264,244,22
264,244,22
264,244,22
264,244,22
264,244,22
264,244,22
264,244,22
264,244,22
264,244,22
264,244,22
264,244,22
264,230,22
264,230,22
264,230,22
264,230,22
264,230,22
264,230,22
264,230,22
264,230,22
264,230,22
264,230,22
264,230,22
264,230,22
264,230,22
264,273,22
264,273,22
264,273,22
264,273,22
264,273,22
264,273,22
264,273,22
264,273,22
264,273,22
264,273,22
264,273,22
264,273,22
264,273,22
264,266,22
264,266,22
264,266,22
264,266,22
264,266,22
264,266,22
264,266,22
264,266,22
264,266,22
264,266,22
264,266,22
264,266,22
264,266,22
264,266,22
264,266,22
264,266,22
264,266,22
264,266,22
264,266,22
264,266,22
264,266,22
264,266,22
264,266,22
264,266,22
264,266,22
264,266,22
264,266,22
264,266,22
264,240,22
264,240,22
264,240,22
264,240,22
264,240,22
264,240,22
264,240,22
264,240,22
264,240,22
264,240,22
264,240,22
264,240,22
264,240,22
264,240,22
264,240,22
264,240,22
264,243,22
264,243,22
264,243,22
264,243,22
264,243,22
264,243,22
264,243,22
264,243,22
264,243,22
264,243,22
264,243,22
264,243,22
239,248,22
239,248,22
239,248,22
239,248,22
239,248,22
239,248,22
239,248,22
239,248,22
239,248,22
239,248,22
239,248,22
239,248,22
239,248,22
239,248,22
239,248,22
239,248,22
239,248,22
239,248,22
239,248,22
239,248,22
239,248,22
239,218,22
239,218,22
239,218,22
239,218,22
239,218,22
239,218,22
239,218,22
239,218,22
239,218,22
239,218,22
239,218,22
239,218,22
239,218,22
239,218,22
239,218,22
239,218,22
239,218,22
239,211,22
239,211,22
239,211,22
239,211,22
239,211,22
239,211,22
239,211,22
239,211,22
239,211,22
239,211,22
239,211,22
239,211,22
239,211,22
239,211,22
239,211,22
239,211,22
239,211,22
239,211,22
239,211,22
239,211,22
239,211,22
239,211,22
239,211,22
239,211,22
239,211,22
239,211,22
239,211,22
239,211,22
239,211,22
239,211,22
239,211,22
239,211,22
239,211,22
239,211,22
239,211,22
239,211,22
239,211,22
239,211,22
239,211,22
239,211,22
239,211,22
239,211,22
239,211,22
239,211,22
239,211,22
239,211,22
239,211,22
239,211,22
239,211,22
239,211,22
239,211,22
239,211,22
239,211,22
239,211,22
239,211,22
239,211,22
239,211,22
239,211,22
239,211,22
239,211,22
239,186,22
239,186,22
239,186,22
239,186,22
239,186,22
239,186,22
239,186,22
239,186,22
239,186,22
239,186,22
239,186,22
239,186,22
239,186,22
239,186,22
239,186,22
239,186,22
239,186,22
239,186,22
239,186,22
239,186,22
239,186,22
239,186,22
239,186,22
239,186,22
239,186,22
239,186,22
239,186,22
239,186,22
239,186,22
239,186,22
239,186,22
239,186,22
239,186,22
239,232,22
239,232,22
239,232,22
239,232,22
239,232,22
239,232,22
239,232,22
239,232,22
239,232,22
239,232,22
239,232,22
239,232,22
239,232,22
239,247,22
239,247,22
239,247,22
239,247,22
239,247,22
239,247,22
239,247,22
239,247,22
239,247,22
239,247,22
239,247,22
239,247,22
239,247,22
239,247,22
239,247,22
239,247,22
239,247,22
239,194,22
239,194,22
239,194,22
239,194,22
239,194,22
239,194,22
239,194,22
239,194,22
239,194,22
239,194,22
239,194,22
239,194,22
239,194,22
239,194,22
239,194,22
239,194,22
239,194,22
239,194,22
239,194,22
239,194,22
239,194,22
239,194,22
239,194,22
239,194,22
239,194,22
239,194,22
239,194,22
239,194,22
239,194,22
239,194,22
239,194,22
239,194,22
239,194,22
239,194,22
239,194,22
239,194,22
239,194,22
239,194,22
239,194,22
239,194,22
239,194,22
239,194,22
239,194,22
239,194,22
239,194,22
239,194,22
239,194,22
239,194,22
239,194,22
239,194,22
239,194,22
239,194,22
239,194,22
239,194,22
239,194,22
239,194,22
239,242,22
239,242,22
239,242,22
239,242,22
239,242,22
239,242,22
239,242,22
239,242,22
239,242,22
239,242,22
239,242,22
239,242,22
239,242,22
239,242,22
239,242,22
239,242,22
239,242,22
239,242,22
239,242,22
239,242,22
239,242,22
239,242,22
239,242,22
239,242,22
239,242,22
239,242,22
239,242,22
239,242,22
239,242,22
239,242,22
239,242,22
239,242,22
239,242,22
239,242,22
239,242,22
239,242,22
239,242,22
239,242,22
239,242,22
239,242,22
239,242,22
239,274,22
239,274,22
239,274,22
239,274,22
239,274,22
239,274,22
239,274,22
239,274,22
239,274,22
239,274,22
239,274,22
239,274,22
239,274,22
239,274,22
239,274,22
239,200,22
239,200,22
239,200,22
239,200,22
239,200,22
239,200,22
239,251,22
239,251,22
239,251,22
239,251,22
239,251,22
239,251,22
239,251,22
239,251,22
239,251,22
239,251,22
239,251,22
239,251,22
239,251,22
239,251,22
239,251,22
239,251,22
239,251,22
239,251,22
239,251,22
239,251,22
239,251,22
239,251,22
239,251,22
239,251,22
239,251,22
239,251,22
239,251,22
239,251,22
239,225,22
239,225,22
239,225,22
239,225,22
239,225,22
239,225,22
239,225,22
239,225,22
239,225,22
239,225,22
239,225,22
239,225,22
239,225,22
239,225,22
239,225,22
239,225,22
239,225,22
239,225,22
239,246,22
239,246,22
239,246,22
239,246,22
239,246,22
239,246,22
239,246,22
239,246,22
239,246,22
239,215,22
239,215,22
239,215,22
239,215,22
239,215,22
239,215,22
239,249,22
239,249,22
239,249,22
239,249,22
239,249,22
239,249,22
239,249,22
239,249,22
239,249,22
239,275,22
239,275,22
239,275,22
239,275,22
239,275,22
239,275,22
239,275,22
239,275,22
239,275,22
239,275,22
239,275,22
239,275,22
239,275,22
239,275,22
239,275,22
239,275,22
239,275,22
239,275,22
239,275,22
239,275,22
239,275,22
239,275,22
239,275,22
239,275,22
239,275,22
239,275,22
239,275,22
239,275,22
239,275,22
239,275,22
239,275,22
239,275,22
239,275,22
239,275,22
239,231,22
239,231,22
239,231,22
239,231,22
239,231,22
239,231,22
239,231,22
239,231,22
239,231,22
239,231,22
239,231,22
239,231,22
239,231,22
239,231,22
239,231,22
239,231,22
239,231,22
239,231,22
239,231,22
239,231,22
239,231,22
239,231,22
239,231,22
239,231,22
239,231,22
239,231,22
264,250,22
264,250,22
264,250,22
264,250,22
264,250,22
264,250,22
264,250,22
264,250,22
264,250,22
264,250,22
264,250,22
264,250,22
264,250,22
264,250,22
264,280,22
264,280,22
264,280,22
264,280,22
264,280,22
264,280,22
264,280,22
264,280,22
264,280,22
264,280,22
264,280,22
264,264,22
264,264,22
264,264,22
264,264,22
264,264,22
264,264,22
264,264,22
264,264,22
264,264,22
264,264,22
264,264,22
264,277,22
264,277,22
264,277,22
264,277,22
264,277,22
264,277,22
264,277,22
264,277,22
264,277,22
264,277,22
264,277,22
264,277,22
264,277,22
264,277,22
264,277,22
264,277,22
264,277,22
264,277,22
264,277,22
264,277,22
264,277,22
264,266,22
264,266,22
264,266,22
264,266,22
264,266,22
264,266,22
264,266,22
264,266,22
264,266,22
264,266,22
264,266,22
264,266,22
264,266,22
264,266,22
264,266,22
264,266,22
264,266,22
264,266,22
264,266,22
264,266,22
264,266,22
264,266,22
264,266,22
264,266,22
264,266,22
264,266,22
264,266,22
264,266,22
264,266,22
264,266,22
264,266,22
264,266,22
264,266,22
264,266,22
264,270,22
264,270,22
264,270,22
264,270,22
264,270,22
264,270,22
264,270,22
264,270,22
264,264,22
264,264,22
264,264,22
264,264,22
264,264,22
264,264,22
264,264,22
264,264,22
264,264,22
264,264,22
264,264,22
264,264,22
264,264,22
264,264,22
264,264,22
264,264,22
264,264,22
264,293,22
264,293,22
264,293,22
264,293,22
264,293,22
264,293,22
264,293,22
264,293,22
264,293,22
264,293,22
264,293,22
264,293,22
264,293,22
264,293,22
264,293,22
264,293,22
264,293,22
264,293,22
264,293,22
264,293,22
264,293,22
264,293,22
264,293,22
264,293,22
264,293,22
264,293,22
264,293,22
264,293,22
264,293,22
264,293,22
264,293,22
264,293,22
264,293,22
264,293,22
264,293,22
264,293,22
264,293,22
264,293,22
264,293,22
264,293,22
264,293,22
264,293,22
264,293,22
264,263,22
264,263,22
264,263,22
264,263,22
264,263,22
264,263,22
264,258,22
264,258,22
264,258,22
264,258,22
264,258,22
264,258,22
264,258,22
264,258,22
264,258,22
264,261,22
264,261,22
264,261,22
264,261,22
264,261,22
264,261,22
264,261,22
264,261,22
264,261,22
264,261,22
264,261,22
264,261,22
264,261,22
264,261,22
264,250,22
264,250,22
264,250,22
264,250,22
264,250,22
264,250,22
264,250,22
264,250,22
264,250,22
264,250,22
264,250,22
264,250,22
264,250,22
264,250,22
264,250,22
264,250,22
264,250,22
264,250,22
264,250,22
264,250,22
264,250,22
264,250,22
264,250,22
264,250,22
264,250,22
264,250,22
264,272,22
264,272,22
264,272,22
264,272,22
264,272,22
264,272,22
264,272,22
264,272,22
264,272,22
264,272,22
264,272,22
264,272,22
264,272,22
264,272,22
264,272,22
264,272,22
264,272,22
264,236,22
264,236,22
264,236,22
264,236,22
264,236,22
264,236,22
264,236,22
264,236,22
264,236,22
264,236,22
264,236,22
264,236,22
264,236,22
264,236,22
264,236,22
264,236,22
264,236,22
264,236,22
264,236,22
264,236,22
264,236,22
264,236,22
264,236,22
264,236,22
264,236,22
264,236,22
264,236,22
264,240,22
264,240,22
264,240,22
264,240,22
264,240,22
264,240,22
264,240,22
264,240,22
264,240,22
264,240,22
264,240,22
264,240,22
264,240,22
264,240,22
264,240,22
264,240,22
264,240,22
264,240,22
264,300,22
264,300,22
264,300,22
264,300,22
264,300,22
264,300,22
264,300,22
264,300,22
264,300,22
264,282,22
264,282,22
264,282,22
264,282,22
264,282,22
264,282,22
264,282,22
264,282,22
264,282,22
264,282,22
264,282,22
264,282,22
264,282,22
264,282,22
264,282,22
264,282,22
264,282,22
264,282,22
264,282,22
264,282,22
264,282,22
264,282,22
264,282,22
264,282,22
264,282,22
264,282,22
264,282,22
264,282,22
264,282,22
264,282,22
264,282,22
264,282,22
264,282,22
264,282,22
264,282,22
264,282,22
264,282,22
264,282,22
264,282,22
264,282,22
264,282,22
264,282,22
264,282,22
264,282,22
264,282,22
264,282,22
264,282,22
264,282,22
264,282,22
264,282,22
264,282,22
264,282,22
264,282,22
264,282,22
264,282,22
264,282,22
264,282,22
264,282,22
264,282,22
264,267,22
264,267,22
264,267,22
264,267,22
264,267,22
264,267,22
264,267,22
264,267,22
264,267,22
264,267,22
264,267,22
264,267,22
264,267,22
264,267,22
264,267,22
264,267,22
264,267,22
264,267,22
264,267,22
264,267,22
264,267,22
264,267,22
264,267,22
264,267,22
264,267,22
264,267,22
264,254,22
264,254,22
264,254,22
264,254,22
264,254,22
264,254,22
264,254,22
264,247,22
264,247,22
264,247,22
264,247,22
264,247,22
264,247,22
264,247,22
264,247,22
264,247,22
264,247,22
264,247,22
264,247,22
264,247,22
264,247,22
264,247,22
264,247,22
264,247,22
264,247,22
264,247,22
264,247,22
264,247,22
264,247,22
264,247,22
264,247,22
264,247,22
264,247,22
264,247,22
264,247,22
264,247,22
264,226,22
264,226,22
264,226,22
264,226,22
264,226,22
264,226,22
264,226,22
264,226,22
264,226,22
264,226,22
264,226,22
264,226,22
264,226,22
264,226,22
264,226,22
264,226,22
264,226,22
244,264,22
244,264,22
244,264,22
244,264,22
244,264,22
244,264,22
244,264,22
244,264,22
244,264,22
244,239,22
244,239,22
244,239,22
244,239,22
244,239,22
244,239,22
244,239,22
244,239,22
244,239,22
244,239,22
244,239,22
244,239,22
244,239,22
244,239,22
244,239,22
244,239,22
244,239,22
244,239,22
244,239,22
244,239,22
244,239,22
244,239,22
244,239,22
244,258,22
244,258,22
244,258,22
244,258,22
244,258,22
244,258,22
244,258,22
244,258,22
244,258,22
244,258,22
244,258,22
244,258,22
244,258,22
244,257,22
244,257,22
244,257,22
244,257,22
244,257,22
244,257,22
244,257,22
244,257,22
244,202,22
244,202,22
244,202,22
244,202,22
244,202,22
244,202,22
244,202,22
244,202,22
244,202,22
244,202,22
244,202,22
244,239,22
244,239,22
244,239,22
244,239,22
244,239,22
244,239,22
244,239,22
244,239,22
244,239,22
244,239,22
244,239,22
244,239,22
244,239,22
244,239,22
244,260,22
244,260,22
244,260,22
244,260,22
244,260,22
244,260,22
244,260,22
244,260,22
244,260,22
244,260,22
244,260,22
244,260,22
244,260,22
244,260,22
244,260,22
244,260,22
244,260,22
244,260,22
244,260,22
244,260,22
244,260,22
244,260,22
244,260,22
244,260,22
244,260,22
244,260,22
244,260,22
244,260,22
244,260,22
244,260,22
244,260,22
244,260,22
244,237,22
244,237,22
244,237,22
244,237,22
244,237,22
244,237,22
244,237,22
244,237,22
244,277,22
244,277,22
244,277,22
244,277,22
244,277,22
244,277,22
244,277,22
244,277,22
244,277,22
244,277,22
244,277,22
244,277,22
244,277,22
244,277,22
244,277,22
244,277,22
244,277,22
244,277,22
244,277,22
244,277,22
244,277,22
244,277,22
244,277,22
244,277,22
244,277,22
244,277,22
244,277,22
244,277,22
244,273,22
244,273,22
244,273,22
244,273,22
244,273,22
244,273,22
244,273,22
244,273,22
244,273,22
244,273,22
244,273,22
244,273,22
244,273,22
244,273,22
244,273,22
244,273,22
244,273,22
244,273,22
244,273,22
244,227,22
244,227,22
244,227,22
244,227,22
244,227,22
244,227,22
244,227,22
244,227,22
244,227,22
244,227,22
244,227,22
244,227,22
244,227,22
244,227,22
244,227,22
244,227,22
244,227,22
244,227,22
244,227,22
244,227,22
244,227,22
244,227,22
244,227,22
244,227,22
244,227,22
244,227,22
244,227,22
244,227,22
244,227,22
244,227,22
244,227,22
244,227,22
244,227,22
244,227,22
244,227,22
244,227,22
244,227,22
244,248,22
244,248,22
244,248,22
244,248,22
244,248,22
244,248,22
244,248,22
244,248,22
244,248,22
244,248,22
244,257,22
244,257,22
244,257,22
244,257,22
244,257,22
244,257,22
244,257,22
244,257,22
244,257,22
244,257,22
244,257,22
244,257,22
244,257,22
244,257,22
244,257,22
244,230,22
244,230,22
244,230,22
244,230,22
244,230,22
244,230,22
244,281,22
244,281,22
244,281,22
244,281,22
244,281,22
244,281,22
244,281,22
244,281,22
244,281,22
244,262,22
244,262,22
244,262,22
244,262,22
244,262,22
244,262,22
244,262,22
244,262,22
244,262,22
244,262,22
244,262,22
244,262,22
244,262,22
244,262,22
244,262,22
244,262,22
244,262,22
244,262,22
244,262,22
244,262,22
244,262,22
244,262,22
244,262,22
259,277,22
259,277,22
259,277,22
259,277,22
259,277,22
259,277,22
259,277,22
259,277,22
259,277,22
259,277,22
259,277,22
259,277,22
259,277,22
259,277,22
259,277,22
259,271,22
259,271,22
259,271,22
259,271,22
259,271,22
259,271,22
259,271,22
259,271,22
259,271,22
259,271,22
259,271,22
259,271,22
259,271,22
259,271,22
259,271,22
259,271,22
259,271,22
259,271,22
259,271,22
259,271,22
259,271,22
259,271,22
259,271,22
259,271,22
259,271,22
259,265,22
259,265,22
259,265,22
259,265,22
259,265,22
259,265,22
259,265,22
259,265,22
259,265,22
259,265,22
259,265,22
259,265,22
259,265,22
259,265,22
259,265,22
259,265,22
259,235,22
259,235,22
259,235,22
259,235,22
259,235,22
259,235,22
259,235,22
259,235,22
259,235,22
259,235,22
259,235,22
259,235,22
259,235,22
259,235,22
259,250,22
259,250,22
259,250,22
259,250,22
259,250,22
259,250,22
259,250,22
259,250,22
259,280,22
259,280,22
259,280,22
259,280,22
259,280,22
259,280,22
259,280,22
259,280,22
259,280,22
259,280,22
259,280,22
259,280,22
259,280,22
259,280,22
259,280,22
259,280,22
259,252,22
259,252,22
259,252,22
259,252,22
259,252,22
259,252,22
259,252,22
259,252,22
259,252,22
259,252,22
259,252,22
259,252,22
259,252,22
259,252,22
259,252,22
259,252,22
259,252,22
259,252,22
259,252,22
259,252,22
259,252,22
259,252,22
259,252,22
259,252,22
259,252,22
259,252,22
259,252,22
259,252,22
259,252,22
259,252,22
259,252,22
259,252,22
259,252,22
259,252,22
259,252,22
259,252,22
259,252,22
259,252,22
259,252,22
259,252,22
259,252,22
259,252,22
259,252,22
259,252,22
259,252,22
259,253,22
259,253,22
259,253,22
259,253,22
259,253,22
259,253,22
259,253,22
259,253,22
259,253,22
259,253,22
259,253,22
259,253,22
259,253,22
259,253,22
259,253,22
259,253,22
259,253,22
259,253,22
259,253,22
259,253,22
259,253,22
259,253,22
259,253,22
259,253,22
259,253,22
259,253,22
259,253,22
259,253,22
259,253,22
259,253,22
259,253,22
259,253,22
259,253,22
259,253,22
259,253,22
259,253,22
259,253,22
259,253,22
259,253,22
259,253,22
259,253,22
259,253,22
259,253,22
259,253,22
259,253,22
259,253,22
259,253,22
259,253,22
259,253,22
259,233,22
259,233,22
259,233,22
259,233,22
259,233,22
259,233,22
259,233,22
259,233,22
259,233,22
259,233,22
259,233,22
259,233,22
259,241,22
259,241,22
259,241,22
259,241,22
259,241,22
259,241,22
259,241,22
259,241,22
259,241,22
259,241,22
259,241,22
259,241,22
259,241,22
259,241,22
259,241,22
259,241,22
259,241,22
259,241,22
259,241,22
259,241,22
259,241,22
259,241,22
259,241,22
259,241,22
259,241,22
259,241,22
259,241,22
259,241,22
259,241,22
259,241,22
259,241,22
259,241,22
259,241,22
259,264,22
259,264,22
259,264,22
259,264,22
259,264,22
259,264,22
259,264,22
259,264,22
259,264,22
259,240,22
259,240,22
259,240,22
259,240,22
259,240,22
259,240,22
259,240,22
259,240,22
259,240,22
259,240,22
259,240,22
259,240,22
259,240,22
259,240,22
259,240,22
259,240,22
259,240,22
259,240,22
259,240,22
259,240,22
259,240,22
259,240,22
259,240,22
259,240,22
259,240,22
259,240,22
259,240,22
259,240,22
259,240,22
259,240,22
259,240,22
259,240,22
259,240,22
259,240,22
259,240,22
259,240,22
259,240,22
259,240,22
259,240,22
259,240,22
259,240,22
259,240,22
259,240,22
259,240,22
259,240,22
259,240,22
259,240,22
259,240,22
259,240,22
259,240,22
259,240,22
259,240,22
259,240,22
259,240,22
259,240,22
259,240,22
259,231,22
259,231,22
259,231,22
259,231,22
259,231,22
259,231,22
259,231,22
259,231,22
259,275,22
259,275,22
259,275,22
259,275,22
259,275,22
259,275,22
259,275,22
259,275,22
259,275,22
259,275,22
259,275,22
259,277,22
259,277,22
259,277,22
259,277,22
259,277,22
259,277,22
259,277,22
259,277,22
259,277,22
259,277,22
259,277,22
259,277,22
259,277,22
259,277,22
259,277,22
259,277,22
259,277,22
259,277,22
259,277,22
259,258,22
259,258,22
259,258,22
259,258,22
259,258,22
259,258,22
259,258,22
259,237,22
259,237,22
259,237,22
259,237,22
259,237,22
259,237,22
259,281,22
259,281,22
259,281,22
259,281,22
259,281,22
259,281,22
259,281,22
259,281,22
259,281,22
259,281,22
259,281,22
259,281,22
259,281,22
259,281,22
259,281,22
259,281,22
259,281,22
259,281,22
259,281,22
259,281,22
259,281,22
259,281,22
259,281,22
259,281,22
259,281,22
259,281,22
259,281,22
259,281,22
259,281,22
259,281,22
259,281,22
259,281,22
259,281,22
259,281,22
259,281,22
259,281,22
259,281,22
259,281,22
259,281,22
259,281,22
259,281,22
259,281,22
259,281,22
259,281,22
259,281,22
259,281,22
259,281,22
259,281,22
259,281,22
259,281,22
259,281,22
259,281,22
259,281,22
259,281,22
259,281,22
259,281,22
259,281,22
259,281,22
259,281,22
259,268,22
259,268,22
259,268,22
259,268,22
259,268,22
259,268,22
259,268,22
259,268,22
259,268,22
259,268,22
259,268,22
259,268,22
259,268,22
259,268,22
259,268,22
259,268,22
259,268,22
259,268,22
259,268,22
259,268,22
259,268,22
259,268,22
259,224,22
259,224,22
259,224,22
259,224,22
259,224,22
259,224,22
259,224,22
259,224,22
259,224,22
259,224,22
259,224,22
259,224,22
259,224,22
259,224,22
259,224,22
259,224,22
259,224,22
259,238,22
259,238,22
259,238,22
259,238,22
259,238,22
259,238,22
259,238,22
259,238,22
259,238,22
259,238,22
259,238,22
259,238,22
259,238,22
259,238,22
259,227,22
259,227,22
259,227,22
259,227,22
259,227,22
259,227,22
259,227,22
259,227,22
259,227,22
259,227,22
259,227,22
259,227,22
259,227,22
259,213,22
259,213,22
259,213,22
259,213,22
259,213,22
259,213,22
259,213,22
259,213,22
259,213,22
259,213,22
259,213,22
259,213,22
259,213,22
259,213,22
259,213,22
259,213,22
259,213,22
259,213,22
259,213,22
259,213,22
259,213,22
259,213,22
259,213,22
259,213,22
259,213,22
259,213,22
259,213,22
259,213,22
239,233,22
239,233,22
239,233,22
239,233,22
239,233,22
239,233,22
239,233,22
239,233,22
239,233,22
239,233,22
239,233,22
239,233,22
239,233,22
239,233,22
239,233,22
239,233,22
239,233,22
239,218,22
239,218,22
239,218,22
239,218,22
239,218,22
239,218,22
239,218,22
239,218,22
239,218,22
239,218,22
239,218,22
239,218,22
239,218,22
239,218,22
239,218,22
239,218,22
239,218,22
239,218,22
239,218,22
239,228,22
239,228,22
239,228,22
239,228,22
239,228,22
239,228,22
239,228,22
239,228,22
239,228,22
239,228,22
239,228,22
239,228,22
239,228,22
239,228,22
239,228,22
239,228,22
239,228,22
239,228,22
239,257,22
239,257,22
239,257,22
239,257,22
239,257,22
239,257,22
239,257,22
239,257,22
239,257,22
239,257,22
239,257,22
239,257,22
239,257,22
239,257,22
239,246,22
239,246,22
239,246,22
239,246,22
239,246,22
239,246,22
239,246,22
239,246,22
239,233,22
239,233,22
239,233,22
239,233,22
239,233,22
239,233,22
239,233,22
239,233,22
239,233,22
239,233,22
239,233,22
239,233,22
239,233,22
239,233,22
239,233,22
239,233,22
239,233,22
239,233,22
239,233,22
239,233,22
239,233,22
239,233,22
239,233,22
239,233,22
239,233,22
239,233,22
239,233,22
239,233,22
239,233,22
239,233,22
239,233,22
239,233,22
239,233,22
239,233,22
239,233,22
239,237,22
239,237,22
239,237,22
239,237,22
239,237,22
239,237,22
239,237,22
239,237,22
239,237,22
239,237,22
239,237,22
239,237,22
239,237,22
239,237,22
239,237,22
239,237,22
239,237,22
239,237,22
239,237,22
239,237,22
239,237,22
239,237,22
239,237,22
239,237,22
239,237,22
239,237,22
239,221,22
239,221,22
239,221,22
239,221,22
239,221,22
239,221,22
239,221,22
239,221,22
239,221,22
239,221,22
239,221,22
239,221,22
239,221,22
239,221,22
239,221,22
239,221,22
239,221,22
239,221,22
239,221,22
239,221,22
239,221,22
239,221,22
239,221,22
239,221,22
239,221,22
239,221,22
239,254,22
239,254,22
239,254,22
239,254,22
239,254,22
239,254,22
239,254,22
239,254,22
239,254,22
239,254,22
239,254,22
239,226,22
239,226,22
239,226,22
239,226,22
239,226,22
239,226,22
239,226,22
239,226,22
239,226,22
239,226,22
239,226,22
239,226,22
239,226,22
239,226,22
239,226,22
239,226,22
239,226,22
239,226,22
239,226,22
239,226,22
239,226,22
239,226,22
239,213,22
239,213,22
239,213,22
239,213,22
239,213,22
239,213,22
239,213,22
239,213,22
239,213,22
239,213,22
239,213,22
239,213,22
239,213,22
239,213,22
239,213,22
239,225,22
239,225,22
239,225,22
239,225,22
239,225,22
239,225,22
239,225,22
239,225,22
239,237,22
239,237,22
239,237,22
239,237,22
239,237,22
239,237,22
239,237,22
239,237,22
239,237,22
239,237,22
239,237,22
224,254,22
224,254,22
224,254,22
224,254,22
224,254,22
224,254,22
224,254,22
224,254,22
224,254,22
224,215,22
224,215,22
224,215,22
224,215,22
224,215,22
224,215,22
224,215,22
224,215,22
224,215,22
224,215,22
224,215,22
224,215,22
224,229,22
224,229,22
224,229,22
224,229,22
224,229,22
224,229,22
224,229,22
224,229,22
224,229,22
224,229,22
224,229,22
224,229,22
224,229,22
224,229,22
224,229,22
224,229,22
224,229,22
224,229,22
224,229,22
224,229,22
224,234,22
224,234,22
224,234,22
224,234,22
224,234,22
224,234,22
224,240,22
224,240,22
224,240,22
224,240,22
224,240,22
224,240,22
224,240,22
224,240,22
224,240,22
224,240,22
224,240,22
224,240,22
224,240,22
224,240,22
224,240,22
224,240,22
224,223,22
224,223,22
224,223,22
224,223,22
224,223,22
224,223,22
224,223,22
224,223,22
224,223,22
224,223,22
224,223,22
224,223,22
224,223,22
224,223,22
224,223,22
224,223,22
224,223,22
224,223,22
224,223,22
224,223,22
224,223,22
224,223,22
224,223,22
224,223,22
224,223,22
224,223,22
224,223,22
224,223,22
224,223,22
224,223,22
224,223,22
224,229,22
224,229,22
224,229,22
224,229,22
224,229,22
224,229,22
224,229,22
224,229,22
224,229,22
224,229,22
224,229,22
224,229,22
224,229,22
224,229,22
224,229,22
224,229,22
224,229,22
224,229,22
224,209,22
224,209,22
224,209,22
224,209,22
224,209,22
224,209,22
224,209,22
224,209,22
224,209,22
224,209,22
224,209,22
224,209,22
224,209,22
224,209,22
224,209,22
224,209,22
224,209,22
224,209,22
224,209,22
224,209,22
224,209,22
224,209,22
224,209,22
224,209,22
224,213,22
224,213,22
224,213,22
224,213,22
224,213,22
224,213,22
224,213,22
224,213,22
224,213,22
224,213,22
224,213,22
224,213,22
224,213,22
224,213,22
224,213,22
224,213,22
224,213,22
224,213,22
224,213,22
224,213,22
224,213,22
224,233,22
224,233,22
224,233,22
224,233,22
224,233,22
224,233,22
224,233,22
224,233,22
224,233,22
224,233,22
224,233,22
224,233,22
224,233,22
224,233,22
224,233,22
224,241,22
224,241,22
224,241,22
224,241,22
224,241,22
224,241,22
224,241,22
224,241,22
224,241,22
224,241,22
224,241,22
224,195,22
224,195,22
224,195,22
224,195,22
224,195,22
224,195,22
224,195,22
224,195,22
224,195,22
224,211,22
224,211,22
224,211,22
224,211,22
224,211,22
224,211,22
224,211,22
224,211,22
224,211,22
224,211,22
224,211,22
224,211,22
224,211,22
224,211,22
224,216,22
224,216,22
224,216,22
224,216,22
224,216,22
224,216,22
224,216,22
224,216,22
224,216,22
224,216,22
224,216,22
224,216,22
224,216,22
224,236,22
224,236,22
224,236,22
224,236,22
224,236,22
224,236,22
224,236,22
224,236,22
224,236,22
224,236,22
224,236,22
224,236,22
224,222,22
224,222,22
224,222,22
224,222,22
224,222,22
224,222,22
224,275,22
224,275,22
224,275,22
224,275,22
224,275,22
224,275,22
224,275,22
224,275,22
224,275,22
224,226,22
224,226,22
224,226,22
224,226,22
224,226,22
224,226,22
224,226,22
224,226,22
224,226,22
224,226,22
224,226,22
224,226,22
224,207,22
224,207,22
224,207,22
224,207,22
224,207,22
224,207,22
224,207,22
224,207,22
224,207,22
224,207,22
224,218,22
224,218,22
224,218,22
224,218,22
224,218,22
224,218,22
224,218,22
224,218,22
224,218,22
224,218,22
224,218,22
224,218,22
224,218,22
224,218,22
224,218,22
224,218,22
224,218,22
224,218,22
224,218,22
224,218,22
224,218,22
224,218,22
224,211,22
224,211,22
224,211,22
224,211,22
224,211,22
224,211,22
224,211,22
224,211,22
224,211,22
224,211,22
224,211,22
224,211,22
224,211,22
224,211,22
224,211,22
224,211,22
224,211,22
224,211,22
224,211,22
224,211,22
224,211,22
224,211,22
224,211,22
224,211,22
224,211,22
224,211,22
224,220,22
224,220,22
224,220,22
224,220,22
224,220,22
224,220,22
224,229,22
224,229,22
224,229,22
224,229,22
224,229,22
224,229,22
224,229,22
209,209,22
209,209,22
209,209,22
209,209,22
209,209,22
209,209,22
209,209,22
209,209,22
209,209,22
209,209,22
209,209,22
209,209,22
209,209,22
209,209,22
209,209,22
209,209,22
209,209,22
209,209,22
209,226,22
209,226,22
209,226,22
209,226,22
209,226,22
209,226,22
209,226,22
209,226,22
209,226,22
209,226,22
209,226,22
209,226,22
209,226,22
209,226,22
209,226,22
209,226,22
209,226,22
209,226,22
209,226,22
209,195,22
209,195,22
209,195,22
209,195,22
209,195,22
209,195,22
209,195,22
209,195,22
209,195,22
209,195,22
209,195,22
209,195,22
209,195,22
209,195,22
209,195,22
209,195,22
209,195,22
209,195,22
209,195,22
209,245,22
209,245,22
209,245,22
209,245,22
209,245,22
209,245,22
209,245,22
209,245,22
209,245,22
209,245,22
209,245,22
209,245,22
209,245,22
209,245,22
209,245,22
209,245,22
209,245,22
209,245,22
209,245,22
209,245,22
209,210,22
209,210,22
209,210,22
209,210,22
209,210,22
209,210,22
209,210,22
209,210,22
209,210,22
209,210,22
209,210,22
209,210,22
209,210,22
209,210,22
209,210,22
209,210,22
209,210,22
209,210,22
209,210,22
209,210,22
209,210,22
209,210,22
209,210,22
209,210,22
209,210,22
209,210,22
209,210,22
209,210,22
209,210,22
209,210,22
209,210,22
209,210,22
209,210,22
209,210,22
209,210,22
209,210,22
209,210,22
209,210,22
209,210,22
209,210,22
209,210,22
209,210,22
209,210,22
209,210,22
209,210,22
209,210,22
209,210,22
209,210,22
209,210,22
209,210,22
209,210,22
209,189,22
209,189,22
209,189,22
209,189,22
209,189,22
209,189,22
209,189,22
209,200,22
209,200,22
209,200,22
209,200,22
209,200,22
209,200,22
209,200,22
209,200,22
209,200,22
209,200,22
209,200,22
209,200,22
209,200,22
209,200,22
209,200,22
209,200,22
209,200,22
209,200,22
209,200,22
209,200,22
209,200,22
209,205,22
209,205,22
209,205,22
209,205,22
209,205,22
209,205,22
209,205,22
209,205,22
209,205,22
209,205,22
209,205,22
209,205,22
209,180,22
209,180,22
209,180,22
209,180,22
209,180,22
209,180,22
209,180,22
209,180,22
209,180,22
209,180,22
209,180,22
209,183,22
209,183,22
209,183,22
209,183,22
209,183,22
209,183,22
209,183,22
209,183,22
209,183,22
209,183,22
209,183,22
209,183,22
209,183,22
209,183,22
209,183,22
209,183,22
209,183,22
209,183,22
209,183,22
209,183,22
209,183,22
209,183,22
209,183,22
209,183,22
209,183,22
209,183,22
209,183,22
209,183,22
209,183,22
209,183,22
209,183,22
209,183,22
209,183,22
209,183,22
209,183,22
209,183,22
209,183,22
209,183,22
209,183,22
209,242,22
209,242,22
209,242,22
209,242,22
209,242,22
209,242,22
209,242,22
209,242,22
209,217,22
209,217,22
209,217,22
209,217,22
209,217,22
209,217,22
209,217,22
209,217,22
209,217,22
209,217,22
209,228,22
209,228,22
209,228,22
209,228,22
209,228,22
209,228,22
209,258,22
209,258,22
209,258,22
209,258,22
209,258,22
209,258,22
209,258,22
209,258,22
209,258,22
209,222,22
209,222,22
209,222,22
209,222,22
209,222,22
209,222,22
209,222,22
209,222,22
209,222,22
209,222,22
209,222,22
209,222,22
209,222,22
209,222,22
209,222,22
209,222,22
209,222,22
209,222,22
209,222,22
209,222,22
209,222,22
209,222,22
209,222,22
209,222,22
209,222,22
209,222,22
209,222,22
209,222,22
209,222,22
209,222,22
209,222,22
209,222,22
209,222,22
209,222,22
209,222,22
209,222,22
209,222,22
209,222,22
209,222,22
209,222,22
209,222,22
209,222,22
209,222,22
209,222,22
209,222,22
209,222,22
209,222,22
209,222,22
209,222,22
209,191,22
209,191,22
209,191,22
209,191,22
209,191,22
209,191,22
209,191,22
209,191,22
209,191,22
209,191,22
209,191,22
209,226,22
209,226,22
209,226,22
209,226,22
209,226,22
209,226,22
209,193,22
209,193,22
209,193,22
209,193,22
209,193,22
209,193,22
209,193,22
209,193,22
209,193,22
209,193,22
209,193,22
209,193,22
209,193,22
209,193,22
209,193,22
209,193,22
209,193,22
209,193,22
209,193,22
209,193,22
209,193,22
209,193,22
209,193,22
209,233,22
209,233,22
209,233,22
209,233,22
209,233,22
209,233,22
209,222,22
209,222,22
209,222,22
209,222,22
209,222,22
209,222,22
209,222,22
209,222,22
209,222,22
209,222,22
209,222,22
209,222,22
209,222,22
209,222,22
209,222,22
209,222,22
209,222,22
209,222,22
209,222,22
209,222,22
209,222,22
209,222,22
209,222,22
209,222,22
209,222,22
209,234,22
209,234,22
209,234,22
209,234,22
209,234,22
209,234,22
209,234,22
209,234,22
209,234,22
209,234,22
209,190,22
209,190,22
209,190,22
209,190,22
209,190,22
209,190,22
209,190,22
209,190,22
209,190,22
209,190,22
209,190,22
209,190,22
209,190,22
209,190,22
209,190,22
209,190,22
209,190,22
209,190,22
209,190,22
209,190,22
209,190,22
209,190,22
209,190,22
209,190,22
209,190,22
209,190,22
209,190,22
209,190,22
209,190,22
209,170,22
209,170,22
209,170,22
209,170,22
209,170,22
209,170,22
209,170,22
209,170,22
209,170,22
209,170,22
209,170,22
189,196,22
189,196,22
189,196,22
189,196,22
189,196,22
189,196,22
189,196,22
189,196,22
189,196,22
189,196,22
189,196,22
189,196,22
189,196,22
189,180,22
189,180,22
189,180,22
189,180,22
189,180,22
189,180,22
189,180,22
189,180,22
189,180,22
189,180,22
189,180,22
189,180,22
189,180,22
189,180,22
189,180,22
189,180,22
189,180,22
189,180,22
189,180,22
189,180,22
189,180,22
189,180,22
189,180,22
189,180,22
189,180,22
189,180,22
189,180,22
189,180,22
189,180,22
189,180,22
189,180,22
189,180,22
189,180,22
189,180,22
189,180,22
189,180,22
189,180,22
189,180,22
189,180,22
189,180,22
189,180,22
189,180,22
189,180,22
189,180,22
189,180,22
189,180,22
189,180,22
189,180,22
189,180,22
189,180,22
189,178,22
189,178,22
189,178,22
189,178,22
189,178,22
189,178,22
189,178,22
189,178,22
189,178,22
189,178,22
189,178,22
189,178,22
189,178,22
189,178,22
189,178,22
189,178,22
189,178,22
189,178,22
189,178,22
189,178,22
189,178,22
189,178,22
189,178,22
189,178,22
189,178,22
189,178,22
189,178,22
189,178,22
189,178,22
189,178,22
189,203,22
189,203,22
189,203,22
189,203,22
189,203,22
189,203,22
189,203,22
189,203,22
189,203,22
189,203,22
189,203,22
189,203,22
189,203,22
189,203,22
189,203,22
189,203,22
189,203,22
189,203,22
189,203,22
189,203,22
189,203,22
189,203,22
189,203,22
189,203,22
189,203,22
189,203,22
189,203,22
189,203,22
189,203,22
189,203,22
189,203,22
189,203,22
189,203,22
189,203,22
189,227,22
189,227,22
189,227,22
189,227,22
189,227,22
189,227,22
189,227,22
189,227,22
189,227,22
189,227,22
189,144,22
189,144,22
189,144,22
189,144,22
189,144,22
189,144,22
189,144,22
189,144,22
189,144,22
189,144,22
189,144,22
189,172,22
189,172,22
189,172,22
189,172,22
189,172,22
189,172,22
189,172,22
189,172,22
189,172,22
189,172,22
189,172,22
189,172,22
189,172,22
189,172,22
189,172,22
189,172,22
189,172,22
189,172,22
189,172,22
189,172,22
189,172,22
189,172,22
189,172,22
189,172,22
189,172,22
189,172,22
189,172,22
189,172,22
189,172,22
189,172,22
189,172,22
189,172,22
189,172,22
189,172,22
189,172,22
189,172,22
189,172,22
189,172,22
189,172,22
189,172,22
189,172,22
189,172,22
189,172,22
189,172,22
189,172,22
189,172,22
189,172,22
189,172,22
189,172,22
189,172,22
189,172,22
189,172,22
189,172,22
189,172,22
189,172,22
189,172,22
189,172,22
189,172,22
189,188,22
189,188,22
189,188,22
189,188,22
189,188,22
189,188,22
189,188,22
189,188,22
189,188,22
189,188,22
189,188,22
189,188,22
189,188,22
189,188,22
189,188,22
189,188,22
189,188,22
189,188,22
189,188,22
189,188,22
189,188,22
189,188,22
189,188,22
189,188,22
189,188,22
189,188,22
189,188,22
189,188,22
189,188,22
189,192,22
189,192,22
189,192,22
189,192,22
189,192,22
189,192,22
189,192,22
189,192,22
189,192,22
189,192,22
189,192,22
189,192,22
189,192,22
189,192,22
189,192,22
189,192,22
189,192,22
189,192,22
189,192,22
189,192,22
189,192,22
189,192,22
189,192,22
189,192,22
189,192,22
189,192,22
189,192,22
189,192,22
189,192,22
189,192,22
189,192,22
209,209,22
209,209,22
209,209,22
209,209,22
209,209,22
209,209,22
209,209,22
209,209,22
209,209,22
209,209,22
209,209,22
209,209,22
209,209,22
209,209,22
209,209,22
209,209,22
209,209,22
209,209,22
209,209,22
209,209,22
209,209,22
209,242,22
209,242,22
209,242,22
209,242,22
209,242,22
209,242,22
209,242,22
209,242,22
209,242,22
209,242,22
209,242,22
209,242,22
209,242,22
209,242,22
209,242,22
209,242,22
209,242,22
209,242,22
209,242,22
209,242,22
209,242,22
209,242,22
209,242,22
209,242,22
209,242,22
209,242,22
209,242,22
209,242,22
209,242,22
209,242,22
209,242,22
209,242,22
209,242,22
209,242,22
209,242,22
209,242,22
209,242,22
209,242,22
209,242,22
209,242,22
209,209,22
209,209,22
209,209,22
209,209,22
209,209,22
209,209,22
209,209,22
209,209,22
209,209,22
209,209,22
209,197,22
209,197,22
209,197,22
209,197,22
209,197,22
209,197,22
209,197,22
209,197,22
209,214,22
209,214,22
209,214,22
209,214,22
209,214,22
209,214,22
209,214,22
209,214,22
209,214,22
209,196,22
209,196,22
209,196,22
209,196,22
209,196,22
209,196,22
209,196,22
209,196,22
209,196,22
209,196,22
209,196,22
209,196,22
209,196,22
209,196,22
209,196,22
209,196,22
209,210,22
209,210,22
209,210,22
209,210,22
209,210,22
209,210,22
209,210,22
209,210,22
209,210,22
209,210,22
209,210,22
209,210,22
209,210,22
209,210,22
209,210,22
209,210,22
209,210,22
209,210,22
209,210,22
209,179,22
209,179,22
209,179,22
209,179,22
209,179,22
209,179,22
209,179,22
209,179,22
209,179,22
209,179,22
209,179,22
209,179,22
209,179,22
209,179,22
209,179,22
209,179,22
209,180,22
209,180,22
209,180,22
209,180,22
209,180,22
209,180,22
209,180,22
209,180,22
209,180,22
209,180,22
209,180,22
209,180,22
209,180,22
209,180,22
209,180,22
209,180,22
209,180,22
209,180,22
209,180,22
209,180,22
209,180,22
209,180,22
209,180,22
209,180,22
209,180,22
209,180,22
209,180,22
209,180,22
209,180,22
209,180,22
209,180,22
209,180,22
209,180,22
209,180,22
209,180,22
209,180,22
209,180,22
209,214,22
209,214,22
209,214,22
209,214,22
209,214,22
209,214,22
209,214,22
209,214,22
209,214,22
209,214,22
209,214,22
209,214,22
209,157,22
209,157,22
209,157,22
209,157,22
209,157,22
209,157,22
209,157,22
209,157,22
209,201,22
209,201,22
209,201,22
209,201,22
209,201,22
209,201,22
209,201,22
209,201,22
209,192,22
209,192,22
209,192,22
209,192,22
209,192,22
209,192,22
209,192,22
209,192,22
209,192,22
209,192,22
209,192,22
209,192,22
209,192,22
209,192,22
209,192,22
209,192,22
209,192,22
209,192,22
209,192,22
209,192,22
209,192,22
209,192,22
209,192,22
209,192,22
209,192,22
209,192,22
209,192,22
209,192,22
209,192,22
209,192,22
209,192,22
209,192,22
209,192,22
209,192,22
209,192,22
209,192,22
209,192,22
209,192,22
209,192,22
209,192,22
209,192,22
209,192,22
209,192,22
209,192,22
209,192,22
209,192,22
209,192,22
209,192,22
209,192,22
209,192,22
209,181,22
209,181,22
209,181,22
209,181,22
209,181,22
209,181,22
209,181,22
209,181,22
209,181,22
209,181,22
209,181,22
209,181,22
209,181,22
209,181,22
209,181,22
224,231,22
224,231,22
224,231,22
224,231,22
224,231,22
224,231,22
224,231,22
224,231,22
224,231,22
224,231,22
224,231,22
224,231,22
224,231,22
224,250,22
224,250,22
224,250,22
224,250,22
224,250,22
224,250,22
224,250,22
224,250,22
224,250,22
224,250,22
224,250,22
224,250,22
224,250,22
224,250,22
224,250,22
224,250,22
224,250,22
224,250,22
224,250,22
224,250,22
224,250,22
224,250,22
224,250,22
224,250,22
224,250,22
224,250,22
224,250,22
224,250,22
224,250,22
224,170,22
224,170,22
224,170,22
224,170,22
224,170,22
224,170,22
224,170,22
224,170,22
224,170,22
224,170,22
224,170,22
224,170,22
224,214,22
224,214,22
224,214,22
224,214,22
224,214,22
224,214,22
224,214,22
224,214,22
224,214,22
224,214,22
224,214,22
224,214,22
224,214,22
224,214,22
224,214,22
224,214,22
224,214,22
224,214,22
224,214,22
224,214,22
224,214,22
224,214,22
224,198,22
224,198,22
224,198,22
224,198,22
224,198,22
224,198,22
224,198,22
224,198,22
224,219,22
224,219,22
224,219,22
224,219,22
224,219,22
224,219,22
224,219,22
224,219,22
224,219,22
224,231,22
224,231,22
224,231,22
224,231,22
224,231,22
224,231,22
224,231,22
224,231,22
224,231,22
224,231,22
224,231,22
224,231,22
224,231,22
224,231,22
224,228,22
224,228,22
224,228,22
224,228,22
224,228,22
224,228,22
224,228,22
224,228,22
224,228,22
224,228,22
224,228,22
224,228,22
224,228,22
224,228,22
224,228,22
224,228,22
224,228,22
224,228,22
224,228,22
224,228,22
224,228,22
224,228,22
224,228,22
224,228,22
224,228,22
224,228,22
224,228,22
224,228,22
224,228,22
224,228,22
224,228,22
224,228,22
224,228,22
224,221,22
224,221,22
224,221,22
224,221,22
224,221,22
224,221,22
224,221,22
224,221,22
224,221,22
224,221,22
224,221,22
224,241,22
224,241,22
224,241,22
224,241,22
224,241,22
224,241,22
224,241,22
224,241,22
224,241,22
224,241,22
224,241,22
224,241,22
224,241,22
224,241,22
224,241,22
224,241,22
224,241,22
224,241,22
224,241,22
224,241,22
224,241,22
224,241,22
224,241,22
224,241,22
224,241,22
224,241,22
224,241,22
224,241,22
224,241,22
224,241,22
224,241,22
224,241,22
224,241,22
224,241,22
224,241,22
224,241,22
224,241,22
224,241,22
224,241,22
224,241,22
224,241,22
224,241,22
224,241,22
224,241,22
224,241,22
224,241,22
224,241,22
224,241,22
224,241,22
224,241,22
224,241,22
224,241,22
224,205,22
224,205,22
224,205,22
224,205,22
224,205,22
224,205,22
224,205,22
224,205,22
224,205,22
224,205,22
224,241,22
224,241,22
224,241,22
224,241,22
224,241,22
224,241,22
224,241,22
224,241,22
224,241,22
224,241,22
224,241,22
224,241,22
224,241,22
224,241,22
224,241,22
224,241,22
224,241,22
224,241,22
224,241,22
224,241,22
224,241,22
224,241,22
224,241,22
224,241,22
224,241,22
224,224,22
224,224,22
224,224,22
224,224,22
224,224,22
224,224,22
224,224,22
224,224,22
224,224,22
224,224,22
224,224,22
224,224,22
224,224,22
224,224,22
224,224,22
224,224,22
224,224,22
224,224,22
224,224,22
224,224,22
224,224,22
224,224,22
224,224,22
224,224,22
224,224,22
224,224,22
224,224,22
224,224,22
224,224,22
224,224,22
224,224,22
224,224,22
224,224,22
224,224,22
224,224,22
224,224,22
224,224,22
224,224,22
224,224,22
224,224,22
224,224,22
224,224,22
224,224,22
224,224,22
224,224,22
244,210,22
244,210,22
244,210,22
244,210,22
244,210,22
244,210,22
244,210,22
244,210,22
244,210,22
244,210,22
244,210,22
244,210,22
244,210,22
244,210,22
244,201,22
244,201,22
244,201,22
244,201,22
244,201,22
244,201,22
244,201,22
244,201,22
244,201,22
244,201,22
244,201,22
244,201,22
244,201,22
244,201,22
244,201,22
244,253,22
244,253,22
244,253,22
244,253,22
244,253,22
244,253,22
244,253,22
244,253,22
244,253,22
244,253,22
244,253,22
244,253,22
244,225,22
244,225,22
244,225,22
244,225,22
244,225,22
244,225,22
244,225,22
244,225,22
244,225,22
244,225,22
244,225,22
244,225,22
244,225,22
244,225,22
244,225,22
244,225,22
244,225,22
244,225,22
244,225,22
244,225,22
244,225,22
244,225,22
244,236,22
244,236,22
244,236,22
244,236,22
244,236,22
244,236,22
244,236,22
244,236,22
244,236,22
244,236,22
244,236,22
244,236,22
244,236,22
244,236,22
244,236,22
244,226,22
244,226,22
244,226,22
244,226,22
244,226,22
244,226,22
244,226,22
244,226,22
244,226,22
244,226,22
244,226,22
244,226,22
244,226,22
244,226,22
244,226,22
244,213,22
244,213,22
244,213,22
244,213,22
244,213,22
244,213,22
244,213,22
244,213,22
244,213,22
244,271,22
244,271,22
244,271,22
244,271,22
244,271,22
244,271,22
244,271,22
244,271,22
244,271,22
244,300,22
244,300,22
244,300,22
244,300,22
244,300,22
244,300,22
244,300,22
244,300,22
244,300,22
244,300,22
244,300,22
244,271,22
244,271,22
244,271,22
244,271,22
244,271,22
244,271,22
244,271,22
244,271,22
244,271,22
244,271,22
244,271,22
244,271,22
244,271,22
244,271,22
244,271,22
244,271,22
244,271,22
244,271,22
244,271,22
244,271,22
244,271,22
244,215,22
244,215,22
244,215,22
244,215,22
244,215,22
244,215,22
244,215,22
244,215,22
244,215,22
244,215,22
244,215,22
244,215,22
244,215,22
244,215,22
244,215,22
244,215,22
244,215,22
244,215,22
244,215,22
244,215,22
244,215,22
244,215,22
244,215,22
244,215,22
244,215,22
244,232,22
244,232,22
244,232,22
244,232,22
244,232,22
244,232,22
244,232,22
244,232,22
244,232,22
244,232,22
244,232,22
244,232,22
244,232,22
244,232,22
244,232,22
244,232,22
244,232,22
244,232,22
244,249,22
244,249,22
244,249,22
244,249,22
244,249,22
244,249,22
244,249,22
244,249,22
244,249,22
244,249,22
244,249,22
244,249,22
244,249,22
244,249,22
244,249,22
244,249,22
244,217,22
244,217,22
244,217,22
244,217,22
244,217,22
244,217,22
244,217,22
244,217,22
244,237,22
244,237,22
244,237,22
244,237,22
244,237,22
244,237,22
244,237,22
244,248,22
244,248,22
244,248,22
244,248,22
244,248,22
244,248,22
244,248,22
244,248,22
244,248,22
244,248,22
244,282,22
244,282,22
244,282,22
244,282,22
244,282,22
244,282,22
244,207,22
244,207,22
244,207,22
244,207,22
244,207,22
244,207,22
244,207,22
244,207,22
244,207,22
244,207,22
244,207,22
244,207,22
244,207,22
244,207,22
244,207,22
244,207,22
244,207,22
244,207,22
244,207,22
244,207,22
244,207,22
244,207,22
244,207,22
244,207,22
244,207,22
244,207,22
244,207,22
244,207,22
244,207,22
244,207,22
244,207,22
244,207,22
244,207,22
244,207,22
244,207,22
244,207,22
244,207,22
244,244,22
244,244,22
244,244,22
244,244,22
244,244,22
244,244,22
244,244,22
244,244,22
244,244,22
244,244,22
244,244,22
244,244,22
244,244,22
244,244,22
244,244,22
244,244,22
244,217,22
244,217,22
244,217,22
244,217,22
244,217,22
244,217,22
244,217,22
244,217,22
244,192,22
244,192,22
244,192,22
244,192,22
244,192,22
244,192,22
244,192,22
244,192,22
244,192,22
244,192,22
244,192,22
244,192,22
244,192,22
244,192,22
244,192,22
244,256,22
244,256,22
244,256,22
244,256,22
244,256,22
244,256,22
244,200,22
244,200,22
244,200,22
244,200,22
244,200,22
244,200,22
244,200,22
244,200,22
244,234,22
244,234,22
244,234,22
244,234,22
244,234,22
244,234,22
244,234,22
244,234,22
244,258,22
244,258,22
244,258,22
244,258,22
244,258,22
244,258,22
244,258,22
244,258,22
244,258,22
244,258,22
244,245,22
244,245,22
244,245,22
244,245,22
244,245,22
244,245,22
244,245,22
244,245,22
244,245,22
244,245,22
244,245,22
244,245,22
244,245,22
244,245,22
244,245,22
244,245,22
244,245,22
244,245,22
244,245,22
244,245,22
244,245,22
244,245,22
244,245,22
244,245,22
244,245,22
244,245,22
244,245,22
244,245,22
244,245,22
244,245,22
244,245,22
244,245,22
244,245,22
244,245,22
244,245,22
244,245,22
244,235,22
244,235,22
244,235,22
244,235,22
244,235,22
244,235,22
244,235,22
244,235,22
229,250,22
229,250,22
229,250,22
229,250,22
229,250,22
229,250,22
229,198,22
229,198,22
229,198,22
229,198,22
229,198,22
229,198,22
229,198,22
229,198,22
229,198,22
229,198,22
229,198,22
229,198,22
229,198,22
229,212,22
229,212,22
229,212,22
229,212,22
229,212,22
229,212,22
229,212,22
229,212,22
229,212,22
229,212,22
229,212,22
229,212,22
229,212,22
229,212,22
229,212,22
229,212,22
229,212,22
229,212,22
229,212,22
229,212,22
229,212,22
229,212,22
229,212,22
229,212,22
229,212,22
229,212,22
229,212,22
229,212,22
229,212,22
229,212,22
229,212,22
229,212,22
229,212,22
229,212,22
229,215,22
229,215,22
229,215,22
229,215,22
229,215,22
229,215,22
229,212,22
229,212,22
229,212,22
229,212,22
229,212,22
229,212,22
229,212,22
229,212,22
229,227,22
229,227,22
229,227,22
229,227,22
229,227,22
229,227,22
229,227,22
229,227,22
229,227,22
229,227,22
229,227,22
229,227,22
229,227,22
229,227,22
229,227,22
229,227,22
229,227,22
229,227,22
229,227,22
229,227,22
229,227,22
229,227,22
229,227,22
229,227,22
229,227,22
229,227,22
229,227,22
229,227,22
229,227,22
229,227,22
229,217,22
229,217,22
229,217,22
229,217,22
229,217,22
229,217,22
229,217,22
229,267,22
229,267,22
229,267,22
229,267,22
229,267,22
229,267,22
229,267,22
229,267,22
229,267,22
229,267,22
229,267,22
229,267,22
229,267,22
229,267,22
229,221,22
229,221,22
229,221,22
229,221,22
229,221,22
229,221,22
229,221,22
229,221,22
229,221,22
229,221,22
229,221,22
229,221,22
229,221,22
229,221,22
229,221,22
229,221,22
229,221,22
229,221,22
229,205,22
229,205,22
229,205,22
229,205,22
229,205,22
229,205,22
229,205,22
229,205,22
229,205,22
229,205,22
229,205,22
229,205,22
229,205,22
229,205,22
229,205,22
229,205,22
229,205,22
229,205,22
229,205,22
229,231,22
229,231,22
229,231,22
229,231,22
229,231,22
229,231,22
229,231,22
229,231,22
229,231,22
229,231,22
229,231,22
229,231,22
229,231,22
229,231,22
229,231,22
229,231,22
229,231,22
229,231,22
229,212,22
229,212,22
229,212,22
229,212,22
229,212,22
229,212,22
229,212,22
229,227,22
229,227,22
229,227,22
229,227,22
229,227,22
229,227,22
229,227,22
229,227,22
229,227,22
229,227,22
229,227,22
229,227,22
229,227,22
229,227,22
229,227,22
204,176,22
204,176,22
204,176,22
204,176,22
204,176,22
204,176,22
204,176,22
204,176,22
204,176,22
204,176,22
204,176,22
204,214,22
204,214,22
204,214,22
204,214,22
204,214,22
204,214,22
204,214,22
204,214,22
204,214,22
204,214,22
204,214,22
204,214,22
204,214,22
204,214,22
204,214,22
204,214,22
204,214,22
204,214,22
204,214,22
204,214,22
204,214,22
204,214,22
204,214,22
204,214,22
204,214,22
204,214,22
204,214,22
204,214,22
204,214,22
204,214,22
204,214,22
204,214,22
204,214,22
204,214,22
204,214,22
204,214,22
204,214,22
204,214,22
204,214,22
204,214,22
204,214,22
204,198,22
204,198,22
204,198,22
204,198,22
204,198,22
204,198,22
204,198,22
204,198,22
204,198,22
204,198,22
204,198,22
204,198,22
204,198,22
204,198,22
204,198,22
204,198,22
204,198,22
204,198,22
204,189,22
204,189,22
204,189,22
204,189,22
204,189,22
204,189,22
204,189,22
204,189,22
204,189,22
204,189,22
204,189,22
204,189,22
204,189,22
204,189,22
204,189,22
204,189,22
204,189,22
204,189,22
204,225,22
204,225,22
204,225,22
204,225,22
204,225,22
204,225,22
204,225,22
204,225,22
204,225,22
204,225,22
204,225,22
204,225,22
204,225,22
204,225,22
204,225,22
204,225,22
204,225,22
204,225,22
204,225,22
204,225,22
204,225,22
204,225,22
204,225,22
204,225,22
204,225,22
204,225,22
204,225,22
204,199,22
204,199,22
204,199,22
204,199,22
204,199,22
204,199,22
204,199,22
204,199,22
204,199,22
204,202,22
204,202,22
204,202,22
204,202,22
204,202,22
204,202,22
204,202,22
204,202,22
204,202,22
204,202,22
204,202,22
204,202,22
204,202,22
204,202,22
204,202,22
204,202,22
204,202,22
204,202,22
204,202,22
204,202,22
204,220,22
204,220,22
204,220,22
204,220,22
204,220,22
204,220,22
204,220,22
204,220,22
204,213,22
204,213,22
204,213,22
204,213,22
204,213,22
204,213,22
204,213,22
204,213,22
204,213,22
204,213,22
204,213,22
204,213,22
204,213,22
204,213,22
204,213,22
204,213,22
204,213,22
204,213,22
204,213,22
204,213,22
204,213,22
204,213,22
204,213,22
204,213,22
204,213,22
204,213,22
204,213,22
204,213,22
204,213,22
204,213,22
204,213,22
204,213,22
204,213,22
204,213,22
204,213,22
204,213,22
204,213,22
204,213,22
204,213,22
204,213,22
204,213,22
204,213,22
204,213,22
204,213,22
204,213,22
204,213,22
204,213,22
204,213,22
204,213,22
204,215,22
204,215,22
204,215,22
204,215,22
204,215,22
204,215,22
204,215,22
204,215,22
204,215,22
204,215,22
204,215,22
204,215,22
204,215,22
204,215,22
204,215,22
204,208,22
204,208,22
204,208,22
204,208,22
204,208,22
204,208,22
204,208,22
204,208,22
204,208,22
204,208,22
204,208,22
204,208,22
204,208,22
204,208,22
204,208,22
204,208,22
204,208,22
204,208,22
204,208,22
204,208,22
204,208,22
204,208,22
204,208,22
204,208,22
204,208,22
204,208,22
204,208,22
204,208,22
204,208,22
204,208,22
204,190,22
204,190,22
204,190,22
204,190,22
204,190,22
204,190,22
204,190,22
204,190,22
204,190,22
204,190,22
204,190,22
204,190,22
204,190,22
204,190,22
204,190,22
204,190,22
204,191,22
204,191,22
204,191,22
204,191,22
204,191,22
204,191,22
204,191,22
204,191,22
204,191,22
204,191,22
204,191,22
204,191,22
204,191,22
204,191,22
229,225,22
229,225,22
229,225,22
229,225,22
229,225,22
229,225,22
229,225,22
229,225,22
229,225,22
229,225,22
229,225,22
229,225,22
229,225,22
229,225,22
229,225,22
229,225,22
229,225,22
229,225,22
229,225,22
229,225,22
229,225,22
229,225,22
229,225,22
229,225,22
229,225,22
229,225,22
229,225,22
229,225,22
229,225,22
229,225,22
229,225,22
229,225,22
229,225,22
229,225,22
229,225,22
229,225,22
229,225,22
229,225,22
229,225,22
229,225,22
229,225,22
229,225,22
229,225,22
229,225,22
229,260,22
229,260,22
229,260,22
229,260,22
229,260,22
229,260,22
229,260,22
229,260,22
229,260,22
229,260,22
229,260,22
229,261,22
229,261,22
229,261,22
229,261,22
229,261,22
229,261,22
229,261,22
229,261,22
229,261,22
229,261,22
229,261,22
229,261,22
229,261,22
229,207,22
229,207,22
229,207,22
229,207,22
229,207,22
229,207,22
229,207,22
229,207,22
229,207,22
229,207,22
229,207,22
229,207,22
229,207,22
229,207,22
229,290,22
229,290,22
229,290,22
229,290,22
229,290,22
229,290,22
229,290,22
229,290,22
229,290,22
229,290,22
229,231,22
229,231,22
229,231,22
229,231,22
229,231,22
229,231,22
229,231,22
229,231,22
229,231,22
229,231,22
229,231,22
229,231,22
229,231,22
229,231,22
229,231,22
229,231,22
229,231,22
229,231,22
229,231,22
229,231,22
229,231,22
229,231,22
229,231,22
229,231,22
229,231,22
229,231,22
229,231,22
229,279,22
229,279,22
229,279,22
229,279,22
229,279,22
229,279,22
229,279,22
229,279,22
229,242,22
229,242,22
229,242,22
229,242,22
229,242,22
229,242,22
229,242,22
229,242,22
229,242,22
229,242,22
229,242,22
229,242,22
229,242,22
229,242,22
229,242,22
229,242,22
229,242,22
229,242,22
229,242,22
229,242,22
229,242,22
229,242,22
229,242,22
229,242,22
229,242,22
229,242,22
229,242,22
229,242,22
229,242,22
229,242,22
229,242,22
229,242,22
229,242,22
229,242,22
229,242,22
229,242,22
229,242,22
229,242,22
229,242,22
229,242,22
229,242,22
229,242,22
229,242,22
229,242,22
229,242,22
229,242,22
229,242,22
229,242,22
229,242,22
229,242,22
229,242,22
229,204,22
229,204,22
229,204,22
229,204,22
229,204,22
229,204,22
229,204,22
229,204,22
229,204,22
229,204,22
229,204,22
229,204,22
229,204,22
229,204,22
229,204,22
229,204,22
229,204,22
229,204,22
229,204,22
229,204,22
229,204,22
229,204,22
229,204,22
229,204,22
229,204,22
229,204,22
229,204,22
229,204,22
229,204,22
229,204,22
229,204,22
229,204,22
229,204,22
229,204,22
229,204,22
229,204,22
229,204,22
229,204,22
229,204,22
229,204,22
229,204,22
229,204,22
229,204,22
229,204,22
229,204,22
229,204,22
229,204,22
229,204,22
229,204,22
229,204,22
229,204,22
229,204,22
229,204,22
229,204,22
229,204,22
229,204,22
229,204,22
229,204,22
229,204,22
229,241,22
229,241,22
229,241,22
229,241,22
229,241,22
229,241,22
229,241,22
229,241,22
229,241,22
229,241,22
229,241,22
229,241,22
229,241,22
229,241,22
229,224,22
229,224,22
229,224,22
229,224,22
229,224,22
229,224,22
229,224,22
229,224,22
229,224,22
229,224,22
229,224,22
229,224,22
229,224,22
229,224,22
229,224,22
229,224,22
229,224,22
229,224,22
229,224,22
229,238,22
229,238,22
229,238,22
229,238,22
229,238,22
229,238,22
229,238,22
229,238,22
229,238,22
229,238,22
229,238,22
229,238,22
229,217,22
229,217,22
229,217,22
229,217,22
229,217,22
229,217,22
229,217,22
229,217,22
229,217,22
229,217,22
229,217,22
229,217,22
229,217,22
229,217,22
229,217,22
229,217,22
229,217,22
229,217,22
229,217,22
229,217,22
229,217,22
229,217,22
229,217,22
229,217,22
229,217,22
229,217,22
229,217,22
229,217,22
229,217,22
229,217,22
229,217,22
229,217,22
229,217,22
229,217,22
229,217,22
229,217,22
229,217,22
229,217,22
229,217,22
229,217,22
229,217,22
229,217,22
229,217,22
229,217,22
229,217,22
229,217,22
229,217,22
229,217,22
229,217,22
229,217,22
229,217,22
229,217,22
229,217,22
229,217,22
229,217,22
229,217,22
229,217,22
229,217,22
229,217,22
229,234,22
229,234,22
229,234,22
229,234,22
229,234,22
229,234,22
229,234,22
229,234,22
229,234,22
229,234,22
229,234,22
229,234,22
229,234,22
229,234,22
229,234,22
229,234,22
229,234,22
229,234,22
229,234,22
229,234,22
229,234,22
229,234,22
229,234,22
229,234,22
229,234,22
229,210,22
229,210,22
229,210,22
229,210,22
229,210,22
229,210,22
229,210,22
229,210,22
229,210,22
229,210,22
229,210,22
229,210,22
229,210,22
229,210,22
229,210,22
229,210,22
229,210,22
229,239,22
229,239,22
229,239,22
229,239,22
229,239,22
229,239,22
229,239,22
229,239,22
229,239,22
229,239,22
229,239,22
229,239,22
229,239,22
229,214,22
229,214,22
229,214,22
229,214,22
229,214,22
229,214,22
229,214,22
229,214,22
229,214,22
229,214,22
229,214,22
229,214,22
229,214,22
229,214,22
229,214,22
229,214,22
229,214,22
229,214,22
229,214,22
229,214,22
229,214,22
229,214,22
229,214,22
229,214,22
229,214,22
229,214,22
229,214,22
229,214,22
229,214,22
229,214,22
229,214,22
229,214,22
229,214,22
229,214,22
229,214,22
229,214,22
229,214,22
229,214,22
229,214,22
229,214,22
229,214,22
229,214,22
229,214,22
229,202,22
229,202,22
229,202,22
229,202,22
229,202,22
229,202,22
229,202,22
229,202,22
229,202,22
229,202,22
229,202,22
229,202,22
229,202,22
229,202,22
229,202,22
229,202,22
229,202,22
229,202,22
229,202,22
229,202,22
229,202,22
229,202,22
229,202,22
229,202,22
229,202,22
229,202,22
229,202,22
229,202,22
229,202,22
229,202,22
229,202,22
229,202,22
204,214,22
204,214,22
204,214,22
204,214,22
204,214,22
204,214,22
204,199,22
204,199,22
204,199,22
204,199,22
204,199,22
204,199,22
204,199,22
204,199,22
204,199,22
204,199,22
204,199,22
204,195,22
204,195,22
204,195,22
204,195,22
204,195,22
204,195,22
204,195,22
204,195,22
204,195,22
204,195,22
204,195,22
204,195,22
204,195,22
204,195,22
204,195,22
204,195,22
204,243,22
204,243,22
204,243,22
204,243,22
204,243,22
204,243,22
204,236,22
204,236,22
204,236,22
204,236,22
204,236,22
204,236,22
204,236,22
204,236,22
204,236,22
204,236,22
204,212,22
204,212,22
204,212,22
204,212,22
204,212,22
204,212,22
204,212,22
204,212,22
204,212,22
204,212,22
204,212,22
204,212,22
204,212,22
204,212,22
204,212,22
204,212,22
204,212,22
204,212,22
204,212,22
204,212,22
204,212,22
204,212,22
204,212,22
204,212,22
204,212,22
204,212,22
204,212,22
204,212,22
204,212,22
204,212,22
204,212,22
204,212,22
204,212,22
204,212,22
204,212,22
204,212,22
204,194,22
204,194,22
204,194,22
204,194,22
204,194,22
204,194,22
204,194,22
204,194,22
204,194,22
204,194,22
204,194,22
204,194,22
204,194,22
204,221,22
204,221,22
204,221,22
204,221,22
204,221,22
204,221,22
204,221,22
204,221,22
204,221,22
204,221,22
204,221,22
204,221,22
204,221,22
204,221,22
204,221,22
204,221,22
204,221,22
204,221,22
204,221,22
204,221,22
204,221,22
204,221,22
204,221,22
204,221,22
204,221,22
204,221,22
204,221,22
204,221,22
204,221,22
204,221,22
204,221,22
204,221,22
204,221,22
204,221,22
204,221,22
204,221,22
204,221,22
204,221,22
204,221,22
204,221,22
204,221,22
204,221,22
204,221,22
204,221,22
204,221,22
204,221,22
204,221,22
204,193,22
204,193,22
204,193,22
204,193,22
204,193,22
204,193,22
204,193,22
204,193,22
204,193,22
204,193,22
204,193,22
204,193,22
204,193,22
204,241,22
204,241,22
204,241,22
204,241,22
204,241,22
204,241,22
204,241,22
204,241,22
204,241,22
204,241,22
204,241,22
204,241,22
204,241,22
204,241,22
204,241,22
204,241,22
204,241,22
204,241,22
204,241,22
204,241,22
204,241,22
204,241,22
204,241,22
204,241,22
204,241,22
204,241,22
204,241,22
204,241,22
204,241,22
204,241,22
204,181,22
204,181,22
204,181,22
204,181,22
204,181,22
204,181,22
204,181,22
204,181,22
204,181,22
204,181,22
204,181,22
204,181,22
204,181,22
204,181,22
204,181,22
204,181,22
204,181,22
204,181,22
204,181,22
204,181,22
204,181,22
204,181,22
204,181,22
204,181,22
204,181,22
204,181,22
204,180,22
204,180,22
204,180,22
204,180,22
204,180,22
204,180,22
204,180,22
204,180,22
204,180,22
204,180,22
204,180,22
204,180,22
204,170,22
204,170,22
204,170,22
204,170,22
204,170,22
204,170,22
204,170,22
204,170,22
204,170,22
204,170,22
204,170,22
204,170,22
204,170,22
204,170,22
204,170,22
204,170,22
204,170,22
204,170,22
204,170,22
204,170,22
204,170,22
204,170,22
204,170,22
204,170,22
204,170,22
204,170,22
204,170,22
204,170,22
204,170,22
204,170,22
204,170,22
204,170,22
204,170,22
204,170,22
204,170,22
204,170,22
204,170,22
204,170,22
204,170,22
204,170,22
204,170,22
204,170,22
204,170,22
204,170,22
204,170,22
204,200,22
204,200,22
204,200,22
204,200,22
204,200,22
204,200,22
204,200,22
204,230,22
204,230,22
204,230,22
204,230,22
204,230,22
204,230,22
204,230,22
204,230,22
204,230,22
204,202,22
204,202,22
204,202,22
204,202,22
204,202,22
204,202,22
204,202,22
204,202,22
204,202,22
204,202,22
204,202,22
204,202,22
204,202,22
204,202,22
204,202,22
204,202,22
204,202,22
204,202,22
204,228,22
204,228,22
204,228,22
204,228,22
204,228,22
204,228,22
204,228,22
204,228,22
204,228,22
204,228,22
204,228,22
204,228,22
204,228,22
204,228,22
204,228,22
204,228,22
204,228,22
204,228,22
204,228,22
204,228,22
204,228,22
204,228,22
204,228,22
204,228,22
204,228,22
204,228,22
204,228,22
204,228,22
204,228,22
204,228,22
204,228,22
229,209,22
229,209,22
229,209,22
229,209,22
229,209,22
229,209,22
229,209,22
229,209,22
229,209,22
229,209,22
229,209,22
229,209,22
229,209,22
229,209,22
229,209,22
229,209,22
229,209,22
229,209,22
229,209,22
229,209,22
229,209,22
229,209,22
229,209,22
229,209,22
229,209,22
229,209,22
229,209,22
229,209,22
229,209,22
229,209,22
229,209,22
229,203,22
229,203,22
229,203,22
229,203,22
229,203,22
229,203,22
229,203,22
229,203,22
229,203,22
229,203,22
229,203,22
229,203,22
229,203,22
229,203,22
229,203,22
229,203,22
229,203,22
229,203,22
229,203,22
229,203,22
229,203,22
229,203,22
229,203,22
229,203,22
229,203,22
229,203,22
229,203,22
229,203,22
229,203,22
229,203,22
229,203,22
229,203,22
229,203,22
229,200,22
229,200,22
229,200,22
229,200,22
229,200,22
229,200,22
229,200,22
229,200,22
229,200,22
229,200,22
229,200,22
229,200,22
229,200,22
229,200,22
229,194,22
229,194,22
229,194,22
229,194,22
229,194,22
229,194,22
229,194,22
229,194,22
229,194,22
229,194,22
229,194,22
229,194,22
229,194,22
229,194,22
229,194,22
229,194,22
229,194,22
229,194,22
229,194,22
229,194,22
229,194,22
229,194,22
229,194,22
229,194,22
229,194,22
229,194,22
229,194,22
229,194,22
229,194,22
229,194,22
229,194,22
229,233,22
229,233,22
229,233,22
229,233,22
229,233,22
229,233,22
229,233,22
229,233,22
229,233,22
229,233,22
229,233,22
229,233,22
229,233,22
229,233,22
229,233,22
229,233,22
229,233,22
229,233,22
229,233,22
229,233,22
229,233,22
229,233,22
229,233,22
229,233,22
229,233,22
229,233,22
229,233,22
229,233,22
229,233,22
229,233,22
229,233,22
229,233,22
229,233,22
229,249,22
229,249,22
229,249,22
229,249,22
229,249,22
229,249,22
229,294,22
229,294,22
229,294,22
229,294,22
229,294,22
229,294,22
229,294,22
229,294,22
229,294,22
229,294,22
229,294,22
229,294,22
229,294,22
229,294,22
229,294,22
229,294,22
229,294,22
229,294,22
229,294,22
229,294,22
229,294,22
229,294,22
229,294,22
229,294,22
229,294,22
229,294,22
229,294,22
229,249,22
229,249,22
229,249,22
229,249,22
229,249,22
229,249,22
229,249,22
229,249,22
229,249,22
229,249,22
229,249,22
229,249,22
229,249,22
229,249,22
229,249,22
229,249,22
229,249,22
229,249,22
229,249,22
229,249,22
229,232,22
229,232,22
229,232,22
229,232,22
229,232,22
229,232,22
229,232,22
229,232,22
229,232,22
229,232,22
229,232,22
229,232,22
229,232,22
229,232,22
229,232,22
229,232,22
229,232,22
229,232,22
229,232,22
229,232,22
229,232,22
229,232,22
229,232,22
229,232,22
229,232,22
229,232,22
229,232,22
229,232,22
229,232,22
229,232,22
229,232,22
229,232,22
229,232,22
229,232,22
229,232,22
229,232,22
229,232,22
229,232,22
229,232,22
229,232,22
229,232,22
229,232,22
229,232,22
229,196,22
229,196,22
229,196,22
229,196,22
229,196,22
229,196,22
229,196,22
229,196,22
229,196,22
229,196,22
229,196,22
229,196,22
229,196,22
229,196,22
229,196,22
229,196,22
229,196,22
229,196,22
229,228,22
229,228,22
229,228,22
229,228,22
229,228,22
229,228,22
229,228,22
229,228,22
229,228,22
229,228,22
229,228,22
229,228,22
229,228,22
229,228,22
204,224,22
204,224,22
204,224,22
204,224,22
204,224,22
204,224,22
204,224,22
204,224,22
204,224,22
204,224,22
204,224,22
204,224,22
204,224,22
204,224,22
204,224,22
204,224,22
204,224,22
204,224,22
204,224,22
204,224,22
204,224,22
204,224,22
204,224,22
204,224,22
204,224,22
204,224,22
204,186,22
204,186,22
204,186,22
204,186,22
204,186,22
204,186,22
204,186,22
204,186,22
204,186,22
204,186,22
204,186,22
204,186,22
204,186,22
204,186,22
204,196,22
204,196,22
204,196,22
204,196,22
204,196,22
204,196,22
204,196,22
204,233,22
204,233,22
204,233,22
204,233,22
204,233,22
204,233,22
204,233,22
204,233,22
204,233,22
204,233,22
204,233,22
204,233,22
204,233,22
204,233,22
204,233,22
204,233,22
204,233,22
204,233,22
204,233,22
204,233,22
204,233,22
204,233,22
204,233,22
204,233,22
204,233,22
204,233,22
204,233,22
204,233,22
204,233,22
204,233,22
204,233,22
204,233,22
204,211,22
204,211,22
204,211,22
204,211,22
204,211,22
204,211,22
204,211,22
204,211,22
204,211,22
204,211,22
204,211,22
204,146,22
204,146,22
204,146,22
204,146,22
204,146,22
204,146,22
204,146,22
204,146,22
204,146,22
204,146,22
204,146,22
204,146,22
204,146,22
204,146,22
204,146,22
204,146,22
204,146,22
204,146,22
204,146,22
204,146,22
204,146,22
204,146,22
204,146,22
204,146,22
204,146,22
204,146,22
204,146,22
204,146,22
204,230,22
204,230,22
204,230,22
204,230,22
204,230,22
204,230,22
204,230,22
204,230,22
204,230,22
204,230,22
204,230,22
204,230,22
204,230,22
204,230,22
204,230,22
204,230,22
204,230,22
204,230,22
204,230,22
204,230,22
204,230,22
204,230,22
204,230,22
204,230,22
204,230,22
204,230,22
204,230,22
204,230,22
204,230,22
204,230,22
204,230,22
204,230,22
204,230,22
204,230,22
204,230,22
204,230,22
204,230,22
204,230,22
204,230,22
204,215,22
204,215,22
204,215,22
204,215,22
204,215,22
204,215,22
204,215,22
204,215,22
204,183,22
204,183,22
204,183,22
204,183,22
204,183,22
204,183,22
204,183,22
204,183,22
204,183,22
204,183,22
204,183,22
204,183,22
204,183,22
204,183,22
204,183,22
204,183,22
204,183,22
204,183,22
204,183,22
204,183,22
204,183,22
204,183,22
204,183,22
204,183,22
204,183,22
204,183,22
204,183,22
204,183,22
204,183,22
204,183,22
204,183,22
204,183,22
204,183,22
204,183,22
204,183,22
204,183,22
204,183,22
204,183,22
204,183,22
204,183,22
204,183,22
204,183,22
204,183,22
204,183,22
204,183,22
204,183,22
204,183,22
204,183,22
204,221,22
204,221,22
204,221,22
204,221,22
204,221,22
204,221,22
204,221,22
204,221,22
204,221,22
204,221,22
204,221,22
204,221,22
204,221,22
204,221,22
204,221,22
204,221,22
204,221,22
204,221,22
204,221,22
204,221,22
204,221,22
204,221,22
204,221,22
204,221,22
204,249,22
204,249,22
204,249,22
204,249,22
204,249,22
204,249,22
204,249,22
204,249,22
204,249,22
204,234,22
204,234,22
204,234,22
204,234,22
204,234,22
204,234,22
204,234,22
204,234,22
204,234,22
204,223,22
204,223,22
204,223,22
204,223,22
204,223,22
204,223,22
204,223,22
204,223,22
204,223,22
204,223,22
204,223,22
204,223,22
204,223,22
204,223,22
204,223,22
204,223,22
204,223,22
204,223,22
204,223,22
204,223,22
204,223,22
204,223,22
204,223,22
204,224,22
204,224,22
204,224,22
204,224,22
204,224,22
204,224,22
204,224,22
204,224,22
204,224,22
204,224,22
204,224,22
204,213,22
204,213,22
204,213,22
204,213,22
204,213,22
204,213,22
204,213,22
204,213,22
204,213,22
204,213,22
204,213,22
204,213,22
204,213,22
204,213,22
204,213,22
204,213,22
204,213,22
204,213,22
204,213,22
204,213,22
204,213,22
204,213,22
204,213,22
204,213,22
204,213,22
204,213,22
204,213,22
204,213,22
204,213,22
204,213,22
204,213,22
204,213,22
204,213,22
204,213,22
204,213,22
204,213,22
204,191,22
204,191,22
204,191,22
204,191,22
204,191,22
204,191,22
204,167,22
204,167,22
204,167,22
204,167,22
204,167,22
204,167,22
204,167,22
204,167,22
204,167,22
204,167,22
204,167,22
204,167,22
204,167,22
204,167,22
204,167,22
204,167,22
204,167,22
204,167,22
204,167,22
204,167,22
204,167,22
204,167,22
204,167,22
204,167,22
204,167,22
204,167,22
204,167,22
204,167,22
204,167,22
204,167,22
204,167,22
204,167,22
204,167,22
204,167,22
204,167,22
204,167,22
204,167,22
204,167,22
204,167,22
204,167,22
204,167,22
204,167,22
204,167,22
204,167,22
204,167,22
204,167,22
204,167,22
204,167,22
204,167,22
204,167,22
204,167,22
204,167,22
219,240,22
219,240,22
219,240,22
219,240,22
219,240,22
219,240,22
219,240,22
219,240,22
219,240,22
219,240,22
219,240,22
219,240,22
219,240,22
219,240,22
219,240,22
219,240,22
219,240,22
219,240,22
219,240,22
219,240,22
219,240,22
219,240,22
219,240,22
219,240,22
219,240,22
219,240,22
219,240,22
219,240,22
219,240,22
219,240,22
219,240,22
219,240,22
219,263,22
219,263,22
219,263,22
219,263,22
219,263,22
219,263,22
219,263,22
219,263,22
219,263,22
219,263,22
219,263,22
219,263,22
219,263,22
219,263,22
219,263,22
219,263,22
219,263,22
219,263,22
219,263,22
219,263,22
219,263,22
219,263,22
219,263,22
219,263,22
219,263,22
219,263,22
219,263,22
219,263,22
219,263,22
219,263,22
219,263,22
219,263,22
219,263,22
219,263,22
219,263,22
219,263,22
219,263,22
219,263,22
219,263,22
219,263,22
219,202,22
219,202,22
219,202,22
219,202,22
219,202,22
219,202,22
219,202,22
219,202,22
219,202,22
219,202,22
219,202,22
219,202,22
219,202,22
219,202,22
219,202,22
219,202,22
219,202,22
219,202,22
219,202,22
219,202,22
219,202,22
219,202,22
219,202,22
219,202,22
219,202,22
219,202,22
219,202,22
219,223,22
219,223,22
219,223,22
219,223,22
219,223,22
219,223,22
219,223,22
219,223,22
219,223,22
219,223,22
219,223,22
219,223,22
219,223,22
219,223,22
219,223,22
219,223,22
219,223,22
219,223,22
219,223,22
219,223,22
219,213,22
219,213,22
219,213,22
219,213,22
219,213,22
219,213,22
219,213,22
219,213,22
219,213,22
219,213,22
219,213,22
219,213,22
219,213,22
219,213,22
219,213,22
219,213,22
219,215,22
219,215,22
219,215,22
219,215,22
219,215,22
219,215,22
219,215,22
219,215,22
219,215,22
219,215,22
219,215,22
219,215,22
219,215,22
219,215,22
219,215,22
219,215,22
219,215,22
219,215,22
219,215,22
219,215,22
219,215,22
219,215,22
219,215,22
219,215,22
219,215,22
219,215,22
219,215,22
219,202,22
219,202,22
219,202,22
219,202,22
219,202,22
219,202,22
219,202,22
219,202,22
219,202,22
219,202,22
219,202,22
219,218,22
219,218,22
219,218,22
219,218,22
219,218,22
219,218,22
219,218,22
219,239,22
219,239,22
219,239,22
219,239,22
219,239,22
219,239,22
219,239,22
219,239,22
219,239,22
219,239,22
219,239,22
219,239,22
219,239,22
219,226,22
219,226,22
219,226,22
219,226,22
219,226,22
219,226,22
219,226,22
219,226,22
219,226,22
219,226,22
219,226,22
219,226,22
219,226,22
219,226,22
219,226,22
219,226,22
219,226,22
219,226,22
219,226,22
219,226,22
219,226,22
219,226,22
219,226,22
219,226,22
219,226,22
219,226,22
219,226,22
219,226,22
219,226,22
219,226,22
219,226,22
219,226,22
219,226,22
219,226,22
219,226,22
219,226,22
219,226,22
219,226,22
219,226,22
219,226,22
219,226,22
219,226,22
219,226,22
219,226,22
219,226,22
219,170,22
219,170,22
219,170,22
219,170,22
219,170,22
219,170,22
219,170,22
219,170,22
219,170,22
219,170,22
219,170,22
219,170,22
219,170,22
219,170,22
219,170,22
219,170,22
219,170,22
219,170,22
219,170,22
219,170,22
219,170,22
219,188,22
219,188,22
219,188,22
219,188,22
219,188,22
219,188,22
219,188,22
219,188,22
219,188,22
219,188,22
219,188,22
219,188,22
219,188,22
219,188,22
219,188,22
219,188,22
219,188,22
219,188,22
219,188,22
219,188,22
219,188,22
219,188,22
219,188,22
219,188,22
219,206,22
219,206,22
219,206,22
219,206,22
219,206,22
219,206,22
219,206,22
219,228,22
219,228,22
219,228,22
219,228,22
219,228,22
219,228,22
219,228,22
219,228,22
219,235,22
219,235,22
219,235,22
219,235,22
219,235,22
219,235,22
219,235,22
219,235,22
219,235,22
219,235,22
219,235,22
219,235,22
219,235,22
219,235,22
219,235,22
219,235,22
219,235,22
219,235,22
219,235,22
219,235,22
219,235,22
219,235,22
219,235,22
219,235,22
219,235,22
219,235,22
219,235,22
219,235,22
219,235,22
219,254,22
219,254,22
219,254,22
219,254,22
219,254,22
219,254,22
219,254,22
219,254,22
204,185,22
204,185,22
204,185,22
204,185,22
204,185,22
204,185,22
204,185,22
204,185,22
204,185,22
204,202,22
204,202,22
204,202,22
204,202,22
204,202,22
204,202,22
204,202,22
204,202,22
204,202,22
204,202,22
204,202,22
204,202,22
204,202,22
204,202,22
204,202,22
204,196,22
204,196,22
204,196,22
204,196,22
204,196,22
204,196,22
204,196,22
204,196,22
204,196,22
204,196,22
204,196,22
204,196,22
204,196,22
204,196,22
204,196,22
204,196,22
204,196,22
204,196,22
204,196,22
204,196,22
204,196,22
204,196,22
204,196,22
204,196,22
204,196,22
204,196,22
204,196,22
204,196,22
204,196,22
204,196,22
204,196,22
204,196,22
204,196,22
204,196,22
204,196,22
204,196,22
204,196,22
204,196,22
204,196,22
204,196,22
204,196,22
204,196,22
204,196,22
204,196,22
204,196,22
204,190,22
204,190,22
204,190,22
204,190,22
204,190,22
204,190,22
204,190,22
204,190,22
204,190,22
204,190,22
204,190,22
204,190,22
204,190,22
204,190,22
204,190,22
204,190,22
204,190,22
204,190,22
204,190,22
204,190,22
204,190,22
204,190,22
204,190,22
204,190,22
204,190,22
204,190,22
204,190,22
204,190,22
204,190,22
204,190,22
204,212,22
204,212,22
204,212,22
204,212,22
204,212,22
204,212,22
204,212,22
204,212,22
204,212,22
204,212,22
204,212,22
204,212,22
204,212,22
204,212,22
204,212,22
204,212,22
204,212,22
204,212,22
204,212,22
204,212,22
204,212,22
204,212,22
204,212,22
204,212,22
204,206,22
204,206,22
204,206,22
204,206,22
204,206,22
204,206,22
204,206,22
204,206,22
204,206,22
204,206,22
204,206,22
204,206,22
204,206,22
204,206,22
204,206,22
204,206,22
204,206,22
204,206,22
204,206,22
204,206,22
204,206,22
204,206,22
204,206,22
204,206,22
204,206,22
204,206,22
204,206,22
204,206,22
204,211,22
204,211,22
204,211,22
204,211,22
204,211,22
204,211,22
204,211,22
204,211,22
204,211,22
204,211,22
204,211,22
204,211,22
204,211,22
204,211,22
204,211,22
204,211,22
204,211,22
204,211,22
204,211,22
204,211,22
204,211,22
204,211,22
204,211,22
204,211,22
204,211,22
204,211,22
204,211,22
204,211,22
204,211,22
204,201,22
204,201,22
204,201,22
204,201,22
204,201,22
204,201,22
204,201,22
204,213,22
204,213,22
204,213,22
204,213,22
204,213,22
204,213,22
204,213,22
204,213,22
204,213,22
204,213,22
204,213,22
204,213,22
204,213,22
204,213,22
204,213,22
204,213,22
204,213,22
204,213,22
204,213,22
204,213,22
204,213,22
204,213,22
204,213,22
204,213,22
204,213,22
204,213,22
204,213,22
204,213,22
204,213,22
204,213,22
204,213,22
204,213,22
204,213,22
204,213,22
204,213,22
204,213,22
204,213,22
204,213,22
204,213,22
204,213,22
204,213,22
204,213,22
204,213,22
204,213,22
204,213,22
204,213,22
204,213,22
204,213,22
204,213,22
204,213,22
204,213,22
204,213,22
204,213,22
204,213,22
204,213,22
204,213,22
204,213,22
204,209,22
204,209,22
204,209,22
204,209,22
204,209,22
204,209,22
204,194,22
204,194,22
204,194,22
204,194,22
204,194,22
204,194,22
204,194,22
204,194,22
204,194,22
204,194,22
204,194,22
204,194,22
204,194,22
204,194,22
204,194,22
204,194,22
204,194,22
204,194,22
204,194,22
204,194,22
204,194,22
204,252,22
204,252,22
204,252,22
204,252,22
204,252,22
204,252,22
204,252,22
204,252,22
204,252,22
204,252,22
204,252,22
204,252,22
204,252,22
204,252,22
204,252,22
204,252,22
204,252,22
204,252,22
204,252,22
204,252,22
204,252,22
204,252,22
204,252,22
204,252,22
204,252,22
204,252,22
204,252,22
204,252,22
204,252,22
204,252,22
204,244,22
204,244,22
204,244,22
204,244,22
204,244,22
204,244,22
204,244,22
204,244,22
204,244,22
204,244,22
204,244,22
204,226,22
204,226,22
204,226,22
204,226,22
204,226,22
204,226,22
204,216,22
204,216,22
204,216,22
204,216,22
204,216,22
204,216,22
204,216,22
204,216,22
204,216,22
204,216,22
204,216,22
204,193,22
204,193,22
204,193,22
204,193,22
204,193,22
204,193,22
204,193,22
204,193,22
204,193,22
204,193,22
204,193,22
204,187,22
204,187,22
204,187,22
204,187,22
204,187,22
204,187,22
204,187,22
204,187,22
204,187,22
204,187,22
204,187,22
204,187,22
204,187,22
204,187,22
204,187,22
204,187,22
204,187,22
204,187,22
204,187,22
204,187,22
204,187,22
204,187,22
204,187,22
204,187,22
204,187,22
204,187,22
204,187,22
204,187,22
204,187,22
204,187,22
204,177,22
204,177,22
204,177,22
204,177,22
204,177,22
204,177,22
204,177,22
204,177,22
204,177,22
204,177,22
204,177,22
204,177,22
204,177,22
204,177,22
204,177,22
204,177,22
204,177,22
204,177,22
204,177,22
204,177,22
204,177,22
204,177,22
204,177,22
204,177,22
204,177,22
204,186,22
204,186,22
204,186,22
204,186,22
204,186,22
204,186,22
204,186,22
204,228,22
204,228,22
204,228,22
204,228,22
204,228,22
204,228,22
204,228,22
204,228,22
219,205,22
219,205,22
219,205,22
219,205,22
219,205,22
219,205,22
219,205,22
219,187,22
219,187,22
219,187,22
219,187,22
219,187,22
219,187,22
219,239,22
219,239,22
219,239,22
219,239,22
219,239,22
219,239,22
219,239,22
219,239,22
219,239,22
219,239,22
219,239,22
219,239,22
219,239,22
219,239,22
219,239,22
219,239,22
219,239,22
219,239,22
219,239,22
219,239,22
219,239,22
219,239,22
219,239,22
219,239,22
219,239,22
219,239,22
219,239,22
219,239,22
219,239,22
219,239,22
219,239,22
219,239,22
219,239,22
219,239,22
219,239,22
219,257,22
219,257,22
219,257,22
219,257,22
219,257,22
219,257,22
219,257,22
219,257,22
219,257,22
219,257,22
219,257,22
219,257,22
219,257,22
219,257,22
219,257,22
219,257,22
219,257,22
219,257,22
219,257,22
219,257,22
219,257,22
219,257,22
219,257,22
219,257,22
219,257,22
219,257,22
219,257,22
219,257,22
219,257,22
219,257,22
219,257,22
219,257,22
219,257,22
219,257,22
219,257,22
219,257,22
219,257,22
219,257,22
219,257,22
219,257,22
219,257,22
219,257,22
219,257,22
219,257,22
219,257,22
219,257,22
219,257,22
219,257,22
219,257,22
219,257,22
219,257,22
219,257,22
219,257,22
219,257,22
219,257,22
219,257,22
219,257,22
219,257,22
219,209,22
219,209,22
219,209,22
219,209,22
219,209,22
219,209,22
219,209,22
219,209,22
219,209,22
219,209,22
219,209,22
219,209,22
219,204,22
219,204,22
219,204,22
219,204,22
219,204,22
219,204,22
219,204,22
219,204,22
219,204,22
219,204,22
219,202,22
219,202,22
219,202,22
219,202,22
219,202,22
219,202,22
219,202,22
219,202,22
219,202,22
219,202,22
219,202,22
219,202,22
219,202,22
219,202,22
219,202,22
219,202,22
219,202,22
219,202,22
219,202,22
219,202,22
219,202,22
219,202,22
219,202,22
219,202,22
219,202,22
219,202,22
219,202,22
219,202,22
219,202,22
219,202,22
219,202,22
219,202,22
219,202,22
219,202,22
219,202,22
219,202,22
219,202,22
219,202,22
219,202,22
219,202,22
219,202,22
219,202,22
219,202,22
219,202,22
219,202,22
219,202,22
219,202,22
219,202,22
219,202,22
219,202,22
219,238,22
219,238,22
219,238,22
219,238,22
219,238,22
219,238,22
219,238,22
219,217,22
219,217,22
219,217,22
219,217,22
219,217,22
219,217,22
219,217,22
219,217,22
219,217,22
219,217,22
219,217,22
219,227,22
219,227,22
219,227,22
219,227,22
219,227,22
219,227,22
219,227,22
219,227,22
219,227,22
219,227,22
219,227,22
219,227,22
219,227,22
219,227,22
219,227,22
219,227,22
219,227,22
219,227,22
219,227,22
219,227,22
219,227,22
219,227,22
219,227,22
219,227,22
219,227,22
219,227,22
219,227,22
219,227,22
219,227,22
219,227,22
219,227,22
219,227,22
219,227,22
219,227,22
219,227,22
219,227,22
219,227,22
219,227,22
219,227,22
219,227,22
219,227,22
219,227,22
219,227,22
219,227,22
219,227,22
219,227,22
219,227,22
219,227,22
219,227,22
219,227,22
219,227,22
219,246,22
219,246,22
219,246,22
219,246,22
219,246,22
219,246,22
219,246,22
219,246,22
219,246,22
219,246,22
219,246,22
219,246,22
219,246,22
219,246,22
219,246,22
219,232,22
219,232,22
219,232,22
219,232,22
219,232,22
219,232,22
219,232,22
219,188,22
219,188,22
219,188,22
219,188,22
219,188,22
219,188,22
219,188,22
219,188,22
219,188,22
219,188,22
219,188,22
219,188,22
219,188,22
219,188,22
219,188,22
219,226,22
219,226,22
219,226,22
219,226,22
219,226,22
219,226,22
219,226,22
219,226,22
219,226,22
219,226,22
219,226,22
219,226,22
219,226,22
219,226,22
219,226,22
219,245,22
219,245,22
219,245,22
219,245,22
219,245,22
219,245,22
219,245,22
219,245,22
219,245,22
219,245,22
219,245,22
219,245,22
219,245,22
219,226,22
219,226,22
219,226,22
219,226,22
219,226,22
219,226,22
219,231,22
219,231,22
219,231,22
219,231,22
219,231,22
219,231,22
219,231,22
219,231,22
219,231,22
219,231,22
219,231,22
219,231,22
219,219,22
219,219,22
219,219,22
219,219,22
219,219,22
219,219,22
219,219,22
219,219,22
219,206,22
219,206,22
219,206,22
219,206,22
219,206,22
219,206,22
219,206,22
219,206,22
219,206,22
219,206,22
219,206,22
219,206,22
219,206,22
194,231,22
194,231,22
194,231,22
194,231,22
194,231,22
194,231,22
194,231,22
194,231,22
194,231,22
194,231,22
194,231,22
194,231,22
194,231,22
194,231,22
194,231,22
194,231,22
194,231,22
194,231,22
194,231,22
194,231,22
194,231,22
194,234,22
194,234,22
194,234,22
194,234,22
194,234,22
194,234,22
194,234,22
194,234,22
194,234,22
194,234,22
194,234,22
194,234,22
194,234,22
194,170,22
194,170,22
194,170,22
194,170,22
194,170,22
194,170,22
194,170,22
194,170,22
194,170,22
194,170,22
194,170,22
194,170,22
194,170,22
194,170,22
194,199,22
194,199,22
194,199,22
194,199,22
194,199,22
194,199,22
194,199,22
194,199,22
194,199,22
194,199,22
194,199,22
194,199,22
194,199,22
194,199,22
194,199,22
194,199,22
194,199,22
194,199,22
194,199,22
194,199,22
194,199,22
194,199,22
194,199,22
194,199,22
194,199,22
194,199,22
194,199,22
194,199,22
194,199,22
194,176,22
194,176,22
194,176,22
194,176,22
194,176,22
194,176,22
194,176,22
194,176,22
194,176,22
194,176,22
194,195,22
194,195,22
194,195,22
194,195,22
194,195,22
194,195,22
194,195,22
194,195,22
194,195,22
194,195,22
194,195,22
194,195,22
194,195,22
194,195,22
194,195,22
194,195,22
194,195,22
194,195,22
194,195,22
194,195,22
194,195,22
194,195,22
194,195,22
194,195,22
194,195,22
194,195,22
194,195,22
194,195,22
194,195,22
194,195,22
194,195,22
194,195,22
194,195,22
194,195,22
194,195,22
194,195,22
194,195,22
194,195,22
194,195,22
194,195,22
194,195,22
194,195,22
194,195,22
194,195,22
194,195,22
194,195,22
194,195,22
194,195,22
194,195,22
194,195,22
194,195,22
194,195,22
194,195,22
194,195,22
194,195,22
194,195,22
194,198,22
194,198,22
194,198,22
194,198,22
194,198,22
194,198,22
194,198,22
194,175,22
194,175,22
194,175,22
194,175,22
194,175,22
194,175,22
194,175,22
194,175,22
194,175,22
194,175,22
194,175,22
194,175,22
194,175,22
194,175,22
194,175,22
194,175,22
194,175,22
194,175,22
194,175,22
194,175,22
194,175,22
194,195,22
194,195,22
194,195,22
194,195,22
194,195,22
194,195,22
194,195,22
194,195,22
194,195,22
194,195,22
194,195,22
194,194,22
194,194,22
194,194,22
194,194,22
194,194,22
194,194,22
194,194,22
194,194,22
194,194,22
194,194,22
214,212,22
214,212,22
214,212,22
214,212,22
214,212,22
214,212,22
214,212,22
214,212,22
214,212,22
214,212,22
214,212,22
214,212,22
214,212,22
214,212,22
214,212,22
214,212,22
214,212,22
214,212,22
214,212,22
214,212,22
214,212,22
214,212,22
214,212,22
214,212,22
214,212,22
214,212,22
214,242,22
214,242,22
214,242,22
214,242,22
214,242,22
214,242,22
214,208,22
214,208,22
214,208,22
214,208,22
214,208,22
214,208,22
214,208,22
214,208,22
214,208,22
214,208,22
214,208,22
214,208,22
214,208,22
214,208,22
214,208,22
214,208,22
214,208,22
214,208,22
214,186,22
214,186,22
214,186,22
214,186,22
214,186,22
214,186,22
214,186,22
214,186,22
214,186,22
214,186,22
214,186,22
214,186,22
214,186,22
214,186,22
214,186,22
214,186,22
214,186,22
214,186,22
214,186,22
214,186,22
214,186,22
214,186,22
214,186,22
214,186,22
214,185,22
214,185,22
214,185,22
214,185,22
214,185,22
214,185,22
214,185,22
214,185,22
214,185,22
214,185,22
214,185,22
214,185,22
214,185,22
214,185,22
214,236,22
214,236,22
214,236,22
214,236,22
214,236,22
214,236,22
214,236,22
214,236,22
214,236,22
214,236,22
214,236,22
214,236,22
214,236,22
214,236,22
214,236,22
214,236,22
214,211,22
214,211,22
214,211,22
214,211,22
214,211,22
214,211,22
214,211,22
214,219,22
214,219,22
214,219,22
214,219,22
214,219,22
214,219,22
214,219,22
214,190,22
214,190,22
214,190,22
214,190,22
214,190,22
214,190,22
214,190,22
214,190,22
214,190,22
214,190,22
214,190,22
214,200,22
214,200,22
214,200,22
214,200,22
214,200,22
214,200,22
214,200,22
214,200,22
214,200,22
214,200,22
214,200,22
214,200,22
214,200,22
214,200,22
214,180,22
214,180,22
214,180,22
214,180,22
214,180,22
214,180,22
214,180,22
214,180,22
214,180,22
214,180,22
214,180,22
214,180,22
214,180,22
214,180,22
214,180,22
214,180,22
214,180,22
214,180,22
214,180,22
214,180,22
214,180,22
214,180,22
214,180,22
214,180,22
214,180,22
214,180,22
214,180,22
214,180,22
214,180,22
214,180,22
214,180,22
214,180,22
214,180,22
214,180,22
214,180,22
214,180,22
214,180,22
214,180,22
214,180,22
214,180,22
214,180,22
214,180,22
214,180,22
214,180,22
214,233,22
214,233,22
214,233,22
214,233,22
214,233,22
214,233,22
214,233,22
214,233,22
214,233,22
214,233,22
214,233,22
214,233,22
214,233,22
214,233,22
214,233,22
214,233,22
214,233,22
214,233,22
214,233,22
214,233,22
214,233,22
214,233,22
214,233,22
214,233,22
214,233,22
214,233,22
214,233,22
214,233,22
214,233,22
214,233,22
214,233,22
214,233,22
214,233,22
214,233,22
214,233,22
214,233,22
214,233,22
214,233,22
214,233,22
214,233,22
214,233,22
214,233,22
214,233,22
214,233,22
214,233,22
214,233,22
214,233,22
214,233,22
214,233,22
214,233,22
214,233,22
214,233,22
214,233,22
214,233,22
214,233,22
214,233,22
214,233,22
214,233,22
214,196,22
214,196,22
214,196,22
214,196,22
214,196,22
214,196,22
214,196,22
214,196,22
214,196,22
214,196,22
214,196,22
214,196,22
214,196,22
214,196,22
214,196,22
214,196,22
214,196,22
214,196,22
214,196,22
214,196,22
214,196,22
214,196,22
214,196,22
214,196,22
214,196,22
214,196,22
214,196,22
214,196,22
214,196,22
214,245,22
214,245,22
214,245,22
214,245,22
214,245,22
214,245,22
214,245,22
214,205,22
214,205,22
214,205,22
214,205,22
214,205,22
214,205,22
214,205,22
214,205,22
214,205,22
214,205,22
214,205,22
214,205,22
214,205,22
214,205,22
214,205,22
214,205,22
214,205,22
214,205,22
214,205,22
214,205,22
214,205,22
214,205,22
214,205,22
214,205,22
214,205,22
214,205,22
214,205,22
214,205,22
214,205,22
214,205,22
214,205,22
214,205,22
214,205,22
214,205,22
214,205,22
214,205,22
214,205,22
214,205,22
214,205,22
214,205,22
214,205,22
214,205,22
214,205,22
214,205,22
214,205,22
214,205,22
214,205,22
214,205,22
214,205,22
214,205,22
214,205,22
214,205,22
214,205,22
214,205,22
214,205,22
214,205,22
214,205,22
214,232,22
214,232,22
214,232,22
214,232,22
214,232,22
214,232,22
214,232,22
214,232,22
214,232,22
214,232,22
214,232,22
214,232,22
214,232,22
214,232,22
214,232,22
214,232,22
214,232,22
214,232,22
214,232,22
214,232,22
214,232,22
214,232,22
214,232,22
214,232,22
214,232,22
214,232,22
214,232,22
214,232,22
214,232,22
214,232,22
214,232,22
214,232,22
214,232,22
214,232,22
214,232,22
214,232,22
214,232,22
214,232,22
214,232,22
214,232,22
214,232,22
214,232,22
214,232,22
214,207,22
214,207,22
214,207,22
214,207,22
214,207,22
214,207,22
214,207,22
214,207,22
214,207,22
214,207,22
214,207,22
214,207,22
214,207,22
214,207,22
214,207,22
214,195,22
214,195,22
214,195,22
214,195,22
214,195,22
214,195,22
214,195,22
214,195,22
214,195,22
214,195,22
214,195,22
214,195,22
214,195,22
214,195,22
214,195,22
214,195,22
214,195,22
214,195,22
214,195,22
214,195,22
214,195,22
214,195,22
214,195,22
214,195,22
214,195,22
214,195,22
214,195,22
214,225,22
214,225,22
214,225,22
214,225,22
214,225,22
214,225,22
214,225,22
214,225,22
214,225,22
214,225,22
214,225,22
214,225,22
214,225,22
214,225,22
214,225,22
214,225,22
214,225,22
214,213,22
214,213,22
214,213,22
214,213,22
214,213,22
214,213,22
214,213,22
214,213,22
214,213,22
214,213,22
214,213,22
214,213,22
214,213,22
214,213,22
214,213,22
214,213,22
214,213,22
214,213,22
214,213,22
214,213,22
214,213,22
214,213,22
214,213,22
214,213,22
214,213,22
214,213,22
214,213,22
214,213,22
214,213,22
214,198,22
214,198,22
214,198,22
214,198,22
214,198,22
214,198,22
214,198,22
214,198,22
214,198,22
214,198,22
214,198,22
234,247,22
234,247,22
234,247,22
234,247,22
234,247,22
234,247,22
234,247,22
234,247,22
234,247,22
234,247,22
234,247,22
234,247,22
234,247,22
234,247,22
234,247,22
234,247,22
234,247,22
234,247,22
234,247,22
234,247,22
234,247,22
234,247,22
234,247,22
234,247,22
234,247,22
234,247,22
234,247,22
234,247,22
234,247,22
234,247,22
234,247,22
234,247,22
234,247,22
234,247,22
234,247,22
234,247,22
234,247,22
234,247,22
234,247,22
234,247,22
234,247,22
234,247,22
234,247,22
234,247,22
234,247,22
234,247,22
234,247,22
234,247,22
234,260,22
234,260,22
234,260,22
234,260,22
234,260,22
234,260,22
234,260,22
234,260,22
234,260,22
234,260,22
234,260,22
234,260,22
234,260,22
234,260,22
234,260,22
234,260,22
234,260,22
234,260,22
234,260,22
234,260,22
234,260,22
234,237,22
234,237,22
234,237,22
234,237,22
234,237,22
234,237,22
234,237,22
234,237,22
234,237,22
234,237,22
234,237,22
234,237,22
234,237,22
234,237,22
234,248,22
234,248,22
234,248,22
234,248,22
234,248,22
234,248,22
234,248,22
234,248,22
234,248,22
234,248,22
234,248,22
234,248,22
234,248,22
234,248,22
234,248,22
234,248,22
234,248,22
234,248,22
234,248,22
234,248,22
234,248,22
234,248,22
234,248,22
234,248,22
234,230,22
234,230,22
234,230,22
234,230,22
234,230,22
234,230,22
234,230,22
234,230,22
234,226,22
234,226,22
234,226,22
234,226,22
234,226,22
234,226,22
234,226,22
234,226,22
234,226,22
234,226,22
234,226,22
234,226,22
234,226,22
234,226,22
234,226,22
234,244,22
234,244,22
234,244,22
234,244,22
234,244,22
234,244,22
234,244,22
234,244,22
234,229,22
234,229,22
234,229,22
234,229,22
234,229,22
234,229,22
234,229,22
234,229,22
234,229,22
234,229,22
234,229,22
234,229,22
234,229,22
234,229,22
234,229,22
234,229,22
234,229,22
234,229,22
234,229,22
234,229,22
234,229,22
234,229,22
234,229,22
234,229,22
234,229,22
234,229,22
234,229,22
234,229,22
234,229,22
234,229,22
234,229,22
234,229,22
234,229,22
234,229,22
234,229,22
234,229,22
234,229,22
234,229,22
234,229,22
234,229,22
234,229,22
234,229,22
234,229,22
234,229,22
234,229,22
234,229,22
234,240,22
234,240,22
234,240,22
234,240,22
234,240,22
234,240,22
234,240,22
234,240,22
234,240,22
234,240,22
234,240,22
234,240,22
234,240,22
234,240,22
234,240,22
234,240,22
234,240,22
234,240,22
234,240,22
234,240,22
234,240,22
234,240,22
234,240,22
234,240,22
234,240,22
234,240,22
234,240,22
234,240,22
234,240,22
234,240,22
234,240,22
234,240,22
234,240,22
234,240,22
234,240,22
234,240,22
234,240,22
234,240,22
234,240,22
234,240,22
234,240,22
234,240,22
234,240,22
234,240,22
234,240,22
234,240,22
234,240,22
234,240,22
234,240,22
234,240,22
234,211,22
234,211,22
234,211,22
234,211,22
234,211,22
234,211,22
234,211,22
234,211,22
234,211,22
234,211,22
234,211,22
234,211,22
234,211,22
234,241,22
234,241,22
234,241,22
234,241,22
234,241,22
234,241,22
234,241,22
234,241,22
234,241,22
234,241,22
234,241,22
234,241,22
234,241,22
234,241,22
234,241,22
234,241,22
234,241,22
234,241,22
234,241,22
234,241,22
234,241,22
234,241,22
234,241,22
234,242,22
234,242,22
234,242,22
234,242,22
234,242,22
234,242,22
234,243,22
234,243,22
234,243,22
234,243,22
234,243,22
234,243,22
234,243,22
234,243,22
234,243,22
234,243,22
234,243,22
234,243,22
234,243,22
234,243,22
234,243,22
234,243,22
234,243,22
234,243,22
234,243,22
234,234,22
234,234,22
234,234,22
234,234,22
234,234,22
234,234,22
234,234,22
234,234,22
234,234,22
234,234,22
234,200,22
234,200,22
234,200,22
234,200,22
234,200,22
234,200,22
234,200,22
234,200,22
234,230,22
234,230,22
234,230,22
234,230,22
234,230,22
234,230,22
234,230,22
234,230,22
234,230,22
234,230,22
234,230,22
234,230,22
234,230,22
234,230,22
234,230,22
234,230,22
234,230,22
234,230,22
234,230,22
234,218,22
234,218,22
234,218,22
234,218,22
234,218,22
234,218,22
234,218,22
234,218,22
234,218,22
234,218,22
234,218,22
234,218,22
234,218,22
234,218,22
234,232,22
234,232,22
234,232,22
234,232,22
234,232,22
234,232,22
234,232,22
234,232,22
234,232,22
234,232,22
234,232,22
234,232,22
234,232,22
234,232,22
234,232,22
234,232,22
219,221,22
219,221,22
219,221,22
219,221,22
219,221,22
219,221,22
219,221,22
219,221,22
219,221,22
219,221,22
219,221,22
219,221,22
219,221,22
219,221,22
219,221,22
219,221,22
219,221,22
219,221,22
219,221,22
219,221,22
219,221,22
219,221,22
219,221,22
219,221,22
219,221,22
219,221,22
219,221,22
219,221,22
219,221,22
219,221,22
219,221,22
219,221,22
219,221,22
219,221,22
219,224,22
219,224,22
219,224,22
219,224,22
219,224,22
219,224,22
219,224,22
219,224,22
219,224,22
219,224,22
219,224,22
219,224,22
219,224,22
219,224,22
219,224,22
219,224,22
219,224,22
219,224,22
219,224,22
219,224,22
219,224,22
219,224,22
219,224,22
219,224,22
219,224,22
219,224,22
219,224,22
219,224,22
219,224,22
219,224,22
219,224,22
219,224,22
219,224,22
219,224,22
219,258,22
219,258,22
219,258,22
219,258,22
219,258,22
219,258,22
219,258,22
219,258,22
219,258,22
219,258,22
219,239,22
219,239,22
219,239,22
219,239,22
219,239,22
219,239,22
219,239,22
219,239,22
219,239,22
219,239,22
219,209,22
219,209,22
219,209,22
219,209,22
219,209,22
219,209,22
219,209,22
219,209,22
219,209,22
219,209,22
219,209,22
219,209,22
219,209,22
219,209,22
219,209,22
219,209,22
219,209,22
219,209,22
219,209,22
219,209,22
219,209,22
219,209,22
219,209,22
219,209,22
219,209,22
219,209,22
219,209,22
219,209,22
219,209,22
219,209,22
219,209,22
219,209,22
219,209,22
219,230,22
219,230,22
219,230,22
219,230,22
219,230,22
219,230,22
219,230,22
219,230,22
219,230,22
219,214,22
219,214,22
219,214,22
219,214,22
219,214,22
219,214,22
219,214,22
219,214,22
219,214,22
219,214,22
219,214,22
219,214,22
219,237,22
219,237,22
219,237,22
219,237,22
219,237,22
219,237,22
219,237,22
219,237,22
219,237,22
219,237,22
219,237,22
219,237,22
219,237,22
219,237,22
219,237,22
219,237,22
219,237,22
219,237,22
219,237,22
219,237,22
219,237,22
219,237,22
219,237,22
219,237,22
219,237,22
219,237,22
219,205,22
219,205,22
219,205,22
219,205,22
219,205,22
219,205,22
219,205,22
219,205,22
219,205,22
219,205,22
219,205,22
219,205,22
219,205,22
219,205,22
219,205,22
219,231,22
219,231,22
219,231,22
219,231,22
219,231,22
219,231,22
219,231,22
219,231,22
219,231,22
219,231,22
219,231,22
219,231,22
219,231,22
219,231,22
219,184,22
219,184,22
219,184,22
219,184,22
219,184,22
219,184,22
219,184,22
219,198,22
219,198,22
219,198,22
219,198,22
219,198,22
219,198,22
219,198,22
219,198,22
219,198,22
219,194,22
219,194,22
219,194,22
219,194,22
219,194,22
219,194,22
219,199,22
219,199,22
219,199,22
219,199,22
219,199,22
219,199,22
219,199,22
219,199,22
219,199,22
219,199,22
219,199,22
219,199,22
219,199,22
219,199,22
219,199,22
219,199,22
219,199,22
219,199,22
219,199,22
219,199,22
219,199,22
219,199,22
219,199,22
219,199,22
219,199,22
219,199,22
219,199,22
219,199,22
219,199,22
219,199,22
219,199,22
219,199,22
219,199,22
219,199,22
219,199,22
219,199,22
219,199,22
219,199,22
219,199,22
219,199,22
219,199,22
219,199,22
219,199,22
219,199,22
219,199,22
219,199,22
219,186,22
219,186,22
219,186,22
219,186,22
219,186,22
219,186,22
219,186,22
219,186,22
219,186,22
219,186,22
219,186,22
219,186,22
219,186,22
219,186,22
219,186,22
219,186,22
219,186,22
219,186,22
219,186,22
219,186,22
219,186,22
219,186,22
219,186,22
219,186,22
219,186,22
219,186,22
219,186,22
219,186,22
219,186,22
219,186,22
219,186,22
219,186,22
219,186,22
219,186,22
219,186,22
219,186,22
219,186,22
219,186,22
219,186,22
219,186,22
219,186,22
219,186,22
219,186,22
219,186,22
219,186,22
219,186,22
219,186,22
219,234,22
219,234,22
219,234,22
219,234,22
219,234,22
219,234,22
219,234,22
219,234,22
219,234,22
219,234,22
219,234,22
219,234,22
219,234,22
219,234,22
219,234,22
219,234,22
219,234,22
219,234,22
219,234,22
219,234,22
219,234,22
219,234,22
219,234,22
219,234,22
219,234,22
219,234,22
219,234,22
219,234,22
219,234,22
219,234,22
219,234,22
219,234,22
219,233,22
219,233,22
219,233,22
219,233,22
219,233,22
219,233,22
219,233,22
219,233,22
219,233,22
219,233,22
199,188,22
199,188,22
199,188,22
199,188,22
199,188,22
199,188,22
199,188,22
199,188,22
199,188,22
199,188,22
199,188,22
199,188,22
199,188,22
199,188,22
199,188,22
199,188,22
199,188,22
199,188,22
199,188,22
199,188,22
199,188,22
199,188,22
199,188,22
199,188,22
199,188,22
199,188,22
199,188,22
199,188,22
199,188,22
199,188,22
199,188,22
199,188,22
199,188,22
199,188,22
199,188,22
199,188,22
199,188,22
199,188,22
199,188,22
199,188,22
199,188,22
199,188,22
199,188,22
199,188,22
199,188,22
199,188,22
199,188,22
199,188,22
199,188,22
199,188,22
199,188,22
199,188,22
199,188,22
199,188,22
199,188,22
199,188,22
199,188,22
199,188,22
199,188,22
199,188,22
199,199,22
199,199,22
199,199,22
199,199,22
199,199,22
199,199,22
199,199,22
199,199,22
199,199,22
199,199,22
199,199,22
199,199,22
199,199,22
199,203,22
199,203,22
199,203,22
199,203,22
199,203,22
199,203,22
199,203,22
199,203,22
199,203,22
199,203,22
199,203,22
199,203,22
199,203,22
199,203,22
199,203,22
199,203,22
199,168,22
199,168,22
199,168,22
199,168,22
199,168,22
199,168,22
199,168,22
199,168,22
199,168,22
199,168,22
199,168,22
199,168,22
199,168,22
199,168,22
199,168,22
199,168,22
199,168,22
199,168,22
199,168,22
199,157,22
199,157,22
199,157,22
199,157,22
199,157,22
199,157,22
199,157,22
199,157,22
199,157,22
199,193,22
199,193,22
199,193,22
199,193,22
199,193,22
199,193,22
199,193,22
199,193,22
199,193,22
199,193,22
199,193,22
199,193,22
199,193,22
199,193,22
199,193,22
199,193,22
199,193,22
199,183,22
199,183,22
199,183,22
199,183,22
199,183,22
199,183,22
199,183,22
199,183,22
199,183,22
199,183,22
199,183,22
199,199,22
199,199,22
199,199,22
199,199,22
199,199,22
199,199,22
199,199,22
199,199,22
199,199,22
199,199,22
199,199,22
199,199,22
199,199,22
199,199,22
199,199,22
199,199,22
199,199,22
199,199,22
199,199,22
199,199,22
199,199,22
199,199,22
199,199,22
199,199,22
199,199,22
199,199,22
199,199,22
199,199,22
199,199,22
199,199,22
199,199,22
199,199,22
199,199,22
199,199,22
199,199,22
199,199,22
199,199,22
199,199,22
199,199,22
199,199,22
199,199,22
199,199,22
199,199,22
199,199,22
199,199,22
199,199,22
199,199,22
199,199,22
199,199,22
199,199,22
199,199,22
199,199,22
199,199,22
199,199,22
199,199,22
199,199,22
199,199,22
199,168,22
199,168,22
199,168,22
199,168,22
199,168,22
199,168,22
199,168,22
199,168,22
199,168,22
199,168,22
199,168,22
199,168,22
199,209,22
199,209,22
199,209,22
199,209,22
199,209,22
199,209,22
199,209,22
199,209,22
199,209,22
199,209,22
199,185,22
199,185,22
199,185,22
199,185,22
199,185,22
199,185,22
199,185,22
199,185,22
199,185,22
199,185,22
199,185,22
199,185,22
199,185,22
199,185,22
199,185,22
199,185,22
199,185,22
199,185,22
199,185,22
199,185,22
199,185,22
199,185,22
199,185,22
199,190,22
199,190,22
199,190,22
199,190,22
199,190,22
199,190,22
199,190,22
199,179,22
199,179,22
199,179,22
199,179,22
199,179,22
199,179,22
199,179,22
199,179,22
199,179,22
199,179,22
199,179,22
199,179,22
199,179,22
199,188,22
199,188,22
199,188,22
199,188,22
199,188,22
199,188,22
199,188,22
199,188,22
199,188,22
199,188,22
199,188,22
199,188,22
199,188,22
199,188,22
199,188,22
199,188,22
199,188,22
199,188,22
199,188,22
199,188,22
199,188,22
199,203,22
199,203,22
199,203,22
199,203,22
199,203,22
199,203,22
199,203,22
199,203,22
199,203,22
199,203,22
199,203,22
199,160,22
199,160,22
199,160,22
199,160,22
199,160,22
199,160,22
199,160,22
199,160,22
199,160,22
199,160,22
199,160,22
199,160,22
199,160,22
199,160,22
199,160,22
199,160,22
199,160,22
199,160,22
199,160,22
199,160,22
199,160,22
199,160,22
199,160,22
199,160,22
199,160,22
199,160,22
199,160,22
199,160,22
199,160,22
199,160,22
199,160,22
199,160,22
199,160,22
199,160,22
199,160,22
199,160,22
199,178,22
199,178,22
199,178,22
199,178,22
199,178,22
199,178,22
199,178,22
199,178,22
199,178,22
199,178,22
199,178,22
199,178,22
199,178,22
199,178,22
199,178,22
199,178,22
199,178,22
199,178,22
199,178,22
199,178,22
199,178,22
184,176,22
184,176,22
184,176,22
184,176,22
184,176,22
184,176,22
184,176,22
184,176,22
184,176,22
184,176,22
184,176,22
184,176,22
184,176,22
184,176,22
184,176,22
184,176,22
184,176,22
184,176,22
184,176,22
184,176,22
184,176,22
184,176,22
184,176,22
184,176,22
184,185,22
184,185,22
184,185,22
184,185,22
184,185,22
184,185,22
184,185,22
184,185,22
184,163,22
184,163,22
184,163,22
184,163,22
184,163,22
184,163,22
184,163,22
184,163,22
184,198,22
184,198,22
184,198,22
184,198,22
184,198,22
184,198,22
184,198,22
184,198,22
184,198,22
184,198,22
184,198,22
184,198,22
184,198,22
184,198,22
184,198,22
184,198,22
184,198,22
184,198,22
184,198,22
184,198,22
184,198,22
184,198,22
184,198,22
184,198,22
184,198,22
184,198,22
184,198,22
184,198,22
184,198,22
184,198,22
184,198,22
184,198,22
184,198,22
184,198,22
184,198,22
184,198,22
184,198,22
184,198,22
184,198,22
184,198,22
184,198,22
184,198,22
184,198,22
184,198,22
184,198,22
184,198,22
184,198,22
184,198,22
184,178,22
184,178,22
184,178,22
184,178,22
184,178,22
184,178,22
184,163,22
184,163,22
184,163,22
184,163,22
184,163,22
184,163,22
184,163,22
184,163,22
184,163,22
184,163,22
184,163,22
184,163,22
184,163,22
184,163,22
184,163,22
184,163,22
184,163,22
184,163,22
184,163,22
184,163,22
184,163,22
184,163,22
184,163,22
184,163,22
184,163,22
184,163,22
184,163,22
184,163,22
184,163,22
184,152,22
184,152,22
184,152,22
184,152,22
184,152,22
184,152,22
184,152,22
184,152,22
184,152,22
184,152,22
184,152,22
184,152,22
184,152,22
184,152,22
184,152,22
184,152,22
184,152,22
184,152,22
184,152,22
184,152,22
184,213,22
184,213,22
184,213,22
184,213,22
184,213,22
184,213,22
184,213,22
184,213,22
184,213,22
184,213,22
184,213,22
184,213,22
184,213,22
184,213,22
184,213,22
184,213,22
184,213,22
184,213,22
184,213,22
184,213,22
184,213,22
184,213,22
184,213,22
184,213,22
184,213,22
184,213,22
184,213,22
184,213,22
184,213,22
184,227,22
184,227,22
184,227,22
184,227,22
184,227,22
184,227,22
184,227,22
184,227,22
184,227,22
184,227,22
184,227,22
184,227,22
184,227,22
184,227,22
184,227,22
184,227,22
184,227,22
184,227,22
184,227,22
184,227,22
184,245,22
184,245,22
184,245,22
184,245,22
184,245,22
184,245,22
184,245,22
184,245,22
184,245,22
184,193,22
184,193,22
184,193,22
184,193,22
184,193,22
184,193,22
184,193,22
184,193,22
184,193,22
184,193,22
184,193,22
184,197,22
184,197,22
184,197,22
184,197,22
184,197,22
184,197,22
184,197,22
184,197,22
184,197,22
184,197,22
184,197,22
184,197,22
184,215,22
184,215,22
184,215,22
184,215,22
184,215,22
184,215,22
184,215,22
184,215,22
184,215,22
184,177,22
184,177,22
184,177,22
184,177,22
184,177,22
184,177,22
184,177,22
184,177,22
184,177,22
184,177,22
184,177,22
184,177,22
184,177,22
184,177,22
184,177,22
184,180,22
184,180,22
184,180,22
184,180,22
184,180,22
184,180,22
184,180,22
184,180,22
184,180,22
184,180,22
184,210,22
184,210,22
184,210,22
184,210,22
184,210,22
184,210,22
184,210,22
184,210,22
184,210,22
184,210,22
184,210,22
184,210,22
184,210,22
184,210,22
184,210,22
184,210,22
184,210,22
184,210,22
184,210,22
184,210,22
184,210,22
184,210,22
184,210,22
184,210,22
184,210,22
184,210,22
184,210,22
184,210,22
184,210,22
184,210,22
184,210,22
184,210,22
184,210,22
184,210,22
184,210,22
184,210,22
184,210,22
184,210,22
184,210,22
184,210,22
184,210,22
184,210,22
184,210,22
184,210,22
184,210,22
184,210,22
184,210,22
184,210,22
184,124,22
184,124,22
184,124,22
184,124,22
184,124,22
184,124,22
184,124,22
184,124,22
184,124,22
184,124,22
184,124,22
184,124,22
184,124,22
184,124,22
184,124,22
184,124,22
184,124,22
184,124,22
184,124,22
184,124,22
184,124,22
184,124,22
184,124,22
184,124,22
184,124,22
184,124,22
184,124,22
184,124,22
184,208,22
184,208,22
184,208,22
184,208,22
184,208,22
184,208,22
184,208,22
184,208,22
184,208,22
184,208,22
184,208,22
184,208,22
184,208,22
184,208,22
184,208,22
184,208,22
184,208,22
184,208,22
184,208,22
169,178,22
169,178,22
169,178,22
169,178,22
169,178,22
169,178,22
169,178,22
169,178,22
169,178,22
169,178,22
169,178,22
169,178,22
169,178,22
169,178,22
169,170,22
169,170,22
169,170,22
169,170,22
169,170,22
169,170,22
169,170,22
169,153,22
169,153,22
169,153,22
169,153,22
169,153,22
169,153,22
169,153,22
169,153,22
169,153,22
169,153,22
169,153,22
169,153,22
169,153,22
169,153,22
169,153,22
169,153,22
169,153,22
169,153,22
169,153,22
169,153,22
169,153,22
169,153,22
169,153,22
169,153,22
169,153,22
169,153,22
169,153,22
169,153,22
169,153,22
169,153,22
169,153,22
169,153,22
169,153,22
169,153,22
169,153,22
169,153,22
169,153,22
169,162,22
169,162,22
169,162,22
169,162,22
169,162,22
169,162,22
169,162,22
169,162,22
169,162,22
169,162,22
169,162,22
169,162,22
169,162,22
169,162,22
169,162,22
169,162,22
169,162,22
169,162,22
169,162,22
169,162,22
169,162,22
169,162,22
169,162,22
169,162,22
169,162,22
169,162,22
169,162,22
169,162,22
169,162,22
169,162,22
169,162,22
169,162,22
169,162,22
169,162,22
169,162,22
169,162,22
169,162,22
169,162,22
169,162,22
169,162,22
169,162,22
169,162,22
169,162,22
169,162,22
169,162,22
169,162,22
169,162,22
169,162,22
169,162,22
169,162,22
169,162,22
169,162,22
169,162,22
169,190,22
169,190,22
169,190,22
169,190,22
169,190,22
169,190,22
169,190,22
169,190,22
169,190,22
169,190,22
169,190,22
169,190,22
169,190,22
169,190,22
169,190,22
169,190,22
169,190,22
169,190,22
169,190,22
169,190,22
169,190,22
169,190,22
169,190,22
169,190,22
169,190,22
169,190,22
169,190,22
169,190,22
169,190,22
169,190,22
169,190,22
169,190,22
169,190,22
169,190,22
169,190,22
169,190,22
169,190,22
169,190,22
169,190,22
169,190,22
169,190,22
169,190,22
169,190,22
169,190,22
169,190,22
169,190,22
169,190,22
169,190,22
169,211,22
169,211,22
169,211,22
169,211,22
169,211,22
169,211,22
169,211,22
169,211,22
169,211,22
169,211,22
169,211,22
169,211,22
169,211,22
169,211,22
169,211,22
169,211,22
169,211,22
169,211,22
169,211,22
169,211,22
169,211,22
169,211,22
169,211,22
169,211,22
169,211,22
169,211,22
169,211,22
169,211,22
169,211,22
169,211,22
169,211,22
169,211,22
169,211,22
169,211,22
169,211,22
169,211,22
169,211,22
169,211,22
169,211,22
169,211,22
169,211,22
169,211,22
169,211,22
169,211,22
169,211,22
169,220,22
169,220,22
169,220,22
169,220,22
169,220,22
169,220,22
169,220,22
169,220,22
169,220,22
169,220,22
169,220,22
169,220,22
169,153,22
169,153,22
169,153,22
169,153,22
169,153,22
169,153,22
169,153,22
169,148,22
169,148,22
169,148,22
169,148,22
169,148,22
169,148,22
169,148,22
169,148,22
169,148,22
169,148,22
169,148,22
169,148,22
169,148,22
169,148,22
169,148,22
169,157,22
169,157,22
169,157,22
169,157,22
169,157,22
169,157,22
169,157,22
169,157,22
169,157,22
169,157,22
169,157,22
169,157,22
169,157,22
169,157,22
169,157,22
169,157,22
169,157,22
169,157,22
169,157,22
169,157,22
169,157,22
169,157,22
169,157,22
169,157,22
169,157,22
169,157,22
169,157,22
169,157,22
169,157,22
169,157,22
169,157,22
169,157,22
169,157,22
169,157,22
169,157,22
169,157,22
169,157,22
169,157,22
169,157,22
169,157,22
169,157,22
169,157,22
169,157,22
169,157,22
169,157,22
169,157,22
169,157,22
169,157,22
169,199,22
169,199,22
169,199,22
169,199,22
169,199,22
169,199,22
169,131,22
169,131,22
169,131,22
169,131,22
169,131,22
169,131,22
169,131,22
169,131,22
169,131,22
169,131,22
169,131,22
169,110,22
169,110,22
169,110,22
169,110,22
169,110,22
169,110,22
169,110,22
169,152,22
169,152,22
169,152,22
169,152,22
169,152,22
169,152,22
169,152,22
169,152,22
169,152,22
169,152,22
169,152,22
169,152,22
169,152,22
169,152,22
169,152,22
169,152,22
169,152,22
169,152,22
169,152,22
169,152,22
169,152,22
169,152,22
169,152,22
169,152,22
169,152,22
169,152,22
169,152,22
169,152,22
169,152,22
169,152,22
169,152,22
169,152,22
169,152,22
169,152,22
169,152,22
169,152,22
169,152,22
169,152,22
169,152,22
169,158,22
169,158,22
169,158,22
169,158,22
169,158,22
169,158,22
169,158,22
169,158,22
169,158,22
169,158,22
169,158,22
169,158,22
169,158,22
169,158,22
169,158,22
169,158,22
169,158,22
169,158,22
169,158,22
169,158,22
169,158,22
169,158,22
169,158,22
169,158,22
169,158,22
169,158,22
169,158,22
169,158,22
169,147,22
169,147,22
169,147,22
169,147,22
169,147,22
169,147,22
169,147,22
169,147,22
169,147,22
169,159,22
169,159,22
169,159,22
169,159,22
169,159,22
169,159,22
169,159,22
169,159,22
169,159,22
169,159,22
169,159,22
194,184,22
194,184,22
194,184,22
194,184,22
194,184,22
194,184,22
194,184,22
194,184,22
194,184,22
194,184,22
194,184,22
194,184,22
194,184,22
194,184,22
194,184,22
194,184,22
194,184,22
194,184,22
194,184,22
194,147,22
194,147,22
194,147,22
194,147,22
194,147,22
194,147,22
194,147,22
194,147,22
194,147,22
194,147,22
194,147,22
194,147,22
194,147,22
194,147,22
194,147,22
194,147,22
194,147,22
194,147,22
194,147,22
194,147,22
194,147,22
194,147,22
194,147,22
194,147,22
194,147,22
194,147,22
194,147,22
194,147,22
194,147,22
194,147,22
194,194,22
194,194,22
194,194,22
194,194,22
194,194,22
194,194,22
194,194,22
194,194,22
194,194,22
194,202,22
194,202,22
194,202,22
194,202,22
194,202,22
194,202,22
194,202,22
194,202,22
194,202,22
194,202,22
194,202,22
194,164,22
194,164,22
194,164,22
194,164,22
194,164,22
194,164,22
194,164,22
194,164,22
194,164,22
194,164,22
194,164,22
194,164,22
194,164,22
194,164,22
194,164,22
194,164,22
194,164,22
194,164,22
194,164,22
194,164,22
194,225,22
194,225,22
194,225,22
194,225,22
194,225,22
194,225,22
194,225,22
194,225,22
194,225,22
194,225,22
194,225,22
194,225,22
194,225,22
194,225,22
194,225,22
194,225,22
194,225,22
194,225,22
194,225,22
194,179,22
194,179,22
194,179,22
194,179,22
194,179,22
194,179,22
194,179,22
194,179,22
194,179,22
194,179,22
194,179,22
194,179,22
194,179,22
194,179,22
194,179,22
194,179,22
194,179,22
194,179,22
194,179,22
194,179,22
194,179,22
194,179,22
194,179,22
194,179,22
194,179,22
194,179,22
194,179,22
169,128,22
169,128,22
169,128,22
169,128,22
169,128,22
169,128,22
169,128,22
169,187,22
169,187,22
169,187,22
169,187,22
169,187,22
169,187,22
169,187,22
169,187,22
169,187,22
169,187,22
169,187,22
169,187,22
169,187,22
169,187,22
169,141,22
169,141,22
169,141,22
169,141,22
169,141,22
169,141,22
169,141,22
169,141,22
169,141,22
169,141,22
169,141,22
169,153,22
169,153,22
169,153,22
169,153,22
169,153,22
169,153,22
169,153,22
169,153,22
169,153,22
169,153,22
169,153,22
169,153,22
169,153,22
169,153,22
169,153,22
169,153,22
169,153,22
169,153,22
169,136,22
169,136,22
169,136,22
169,136,22
169,136,22
169,136,22
169,136,22
169,136,22
169,136,22
169,136,22
169,136,22
169,136,22
169,136,22
169,136,22
169,136,22
169,136,22
169,136,22
169,136,22
169,136,22
169,136,22
169,136,22
169,136,22
169,136,22
169,136,22
169,136,22
169,136,22
169,136,22
169,136,22
169,136,22
169,136,22
169,136,22
169,136,22
169,136,22
169,136,22
169,136,22
169,136,22
169,136,22
169,136,22
169,136,22
169,136,22
169,136,22
169,136,22
169,136,22
169,136,22
169,136,22
169,136,22
169,136,22
169,136,22
169,136,22
169,136,22
169,136,22
169,136,22
169,136,22
169,136,22
169,136,22
169,136,22
169,136,22
169,136,22
169,136,22
169,136,22
169,148,22
169,148,22
169,148,22
169,148,22
169,148,22
169,148,22
169,148,22
169,148,22
169,148,22
169,148,22
169,148,22
169,148,22
169,148,22
169,148,22
169,148,22
169,148,22
169,148,22
169,148,22
169,148,22
169,148,22
169,148,22
169,148,22
169,148,22
169,148,22
169,148,22
169,148,22
169,148,22
169,148,22
169,148,22
169,148,22
169,132,22
169,132,22
169,132,22
169,132,22
169,132,22
169,132,22
169,132,22
169,132,22
169,161,22
169,161,22
169,161,22
169,161,22
169,161,22
169,161,22
169,161,22
169,161,22
169,161,22
169,161,22
169,161,22
169,161,22
169,161,22
169,161,22
169,161,22
169,161,22
169,196,22
169,196,22
169,196,22
169,196,22
169,196,22
169,196,22
169,196,22
169,196,22
169,196,22
169,181,22
169,181,22
169,181,22
169,181,22
169,181,22
169,181,22
169,181,22
169,181,22
169,181,22
169,151,22
169,151,22
169,151,22
169,151,22
169,151,22
169,151,22
169,151,22
169,151,22
169,151,22
169,151,22
169,151,22
169,151,22
169,151,22
169,151,22
169,151,22
169,151,22
169,151,22
169,193,22
169,193,22
169,193,22
169,193,22
169,193,22
169,193,22
169,193,22
169,193,22
169,193,22
169,193,22
169,193,22
169,193,22
169,193,22
169,193,22
169,193,22
169,193,22
169,120,22
169,120,22
169,120,22
169,120,22
169,120,22
169,120,22
169,144,22
169,144,22
169,144,22
169,144,22
169,144,22
169,144,22
169,208,22
169,208,22
169,208,22
169,208,22
169,208,22
169,208,22
169,208,22
169,208,22
169,208,22
154,133,22
154,133,22
154,133,22
154,133,22
154,133,22
154,133,22
154,133,22
154,133,22
154,139,22
154,139,22
154,139,22
154,139,22
154,139,22
154,139,22
154,139,22
154,139,22
154,139,22
154,139,22
154,139,22
154,139,22
154,139,22
154,139,22
154,139,22
154,139,22
154,139,22
154,139,22
154,139,22
154,139,22
154,139,22
154,139,22
154,139,22
154,139,22
154,139,22
154,139,22
154,139,22
154,139,22
154,139,22
154,139,22
154,139,22
154,158,22
154,158,22
154,158,22
154,158,22
154,158,22
154,158,22
154,158,22
154,158,22
154,158,22
154,158,22
154,158,22
154,158,22
154,158,22
154,158,22
154,158,22
154,158,22
154,158,22
154,158,22
154,158,22
154,158,22
154,158,22
154,158,22
154,158,22
154,158,22
154,158,22
154,158,22
154,158,22
154,158,22
154,158,22
154,158,22
154,158,22
154,158,22
154,158,22
154,158,22
154,158,22
154,157,22
154,157,22
154,157,22
154,157,22
154,157,22
154,157,22
154,157,22
154,157,22
154,157,22
154,157,22
154,157,22
154,157,22
154,157,22
154,157,22
154,157,22
154,157,22
154,157,22
154,157,22
154,157,22
154,157,22
154,157,22
154,157,22
154,157,22
154,157,22
154,157,22
154,164,22
154,164,22
154,164,22
154,164,22
154,164,22
154,164,22
154,164,22
154,164,22
154,164,22
154,164,22
154,164,22
154,164,22
154,164,22
154,164,22
154,164,22
154,164,22
154,164,22
154,164,22
154,164,22
154,164,22
154,164,22
154,164,22
154,164,22
154,164,22
154,164,22
154,164,22
154,164,22
154,164,22
154,164,22
154,164,22
154,164,22
154,164,22
154,164,22
154,164,22
154,164,22
154,164,22
154,164,22
154,160,22
154,160,22
154,160,22
154,160,22
154,160,22
154,160,22
154,160,22
154,160,22
154,160,22
154,160,22
154,160,22
154,160,22
154,160,22
154,160,22
154,160,22
154,160,22
154,160,22
154,160,22
154,160,22
154,160,22
154,160,22
154,160,22
154,160,22
154,160,22
154,160,22
154,160,22
154,160,22
154,160,22
154,160,22
154,160,22
154,160,22
154,160,22
154,160,22
154,160,22
154,160,22
154,160,22
154,160,22
154,160,22
154,160,22
154,160,22
154,160,22
154,160,22
154,160,22
154,160,22
154,160,22
154,160,22
154,160,22
154,160,22
154,160,22
154,150,22
154,150,22
154,150,22
154,150,22
154,150,22
154,150,22
154,150,22
154,150,22
154,150,22
154,150,22
154,150,22
154,150,22
154,150,22
154,150,22
154,150,22
154,150,22
154,150,22
154,150,22
154,108,22
154,108,22
154,108,22
154,108,22
154,108,22
154,108,22
154,108,22
154,108,22
154,108,22
154,108,22
154,108,22
154,108,22
154,108,22
154,108,22
154,108,22
154,108,22
154,108,22
154,108,22
154,108,22
154,108,22
154,108,22
154,108,22
154,108,22
154,108,22
154,108,22
154,108,22
154,108,22
154,108,22
154,108,22
154,108,22
154,108,22
154,108,22
154,108,22
154,108,22
154,108,22
154,108,22
154,108,22
154,108,22
154,108,22
154,108,22
154,108,22
154,108,22
154,108,22
154,108,22
154,108,22
154,108,22
154,108,22
154,108,22
154,116,22
154,116,22
154,116,22
154,116,22
154,116,22
154,116,22
154,116,22
154,116,22
154,116,22
154,116,22
154,116,22
154,116,22
154,116,22
154,116,22
154,116,22
154,116,22
154,116,22
154,124,22
154,124,22
154,124,22
154,124,22
154,124,22
154,124,22
154,124,22
154,124,22
154,124,22
154,124,22
154,124,22
154,124,22
154,124,22
154,124,22
154,124,22
154,124,22
154,124,22
154,124,22
154,124,22
154,124,22
154,124,22
154,124,22
154,124,22
154,124,22
154,124,22
154,124,22
154,124,22
154,124,22
154,124,22
154,124,22
154,124,22
154,124,22
154,124,22
154,124,22
154,124,22
154,124,22
154,124,22
154,124,22
154,124,22
154,124,22
154,124,22
154,124,22
154,124,22
154,124,22
154,124,22
154,124,22
154,124,22
154,124,22
154,124,22
154,182,22
154,182,22
154,182,22
154,182,22
154,182,22
154,182,22
154,182,22
154,182,22
154,182,22
154,182,22
154,182,22
154,182,22
154,182,22
154,182,22
154,182,22
154,182,22
154,182,22
154,182,22
154,182,22
154,182,22
154,182,22
154,182,22
154,182,22
154,182,22
154,182,22
154,182,22
154,182,22
154,182,22
154,182,22
154,182,22
154,182,22
154,182,22
154,182,22
154,182,22
154,182,22
154,182,22
154,182,22
154,182,22
154,182,22
154,182,22
154,182,22
154,182,22
154,182,22
154,182,22
154,182,22
154,182,22
154,182,22
154,109,22
154,109,22
154,109,22
154,109,22
154,109,22
154,109,22
154,109,22
154,109,22
154,109,22
154,109,22
154,109,22
154,109,22
154,109,22
154,109,22
154,109,22
154,109,22
154,109,22
154,109,22
154,109,22
169,183,22
169,183,22
169,183,22
169,183,22
169,183,22
169,183,22
169,183,22
169,183,22
169,183,22
169,183,22
169,183,22
169,183,22
169,183,22
169,132,22
169,132,22
169,132,22
169,132,22
169,132,22
169,132,22
169,132,22
169,132,22
169,132,22
169,132,22
169,132,22
169,180,22
169,180,22
169,180,22
169,180,22
169,180,22
169,180,22
169,180,22
169,180,22
169,180,22
169,150,22
169,150,22
169,150,22
169,150,22
169,150,22
169,150,22
169,150,22
169,150,22
169,150,22
169,150,22
169,150,22
169,150,22
169,150,22
169,150,22
169,150,22
169,149,22
169,149,22
169,149,22
169,149,22
169,149,22
169,149,22
169,149,22
169,149,22
169,149,22
169,149,22
169,149,22
169,149,22
169,149,22
169,149,22
169,149,22
169,149,22
169,149,22
169,149,22
169,149,22
169,149,22
169,149,22
169,149,22
169,149,22
169,149,22
169,149,22
169,149,22
169,149,22
169,149,22
169,149,22
169,149,22
169,149,22
169,149,22
169,149,22
169,149,22
169,149,22
169,149,22
169,174,22
169,174,22
169,174,22
169,174,22
169,174,22
169,174,22
169,174,22
169,174,22
169,174,22
169,174,22
169,174,22
169,174,22
169,174,22
169,174,22
169,174,22
169,174,22
169,174,22
169,160,22
169,160,22
169,160,22
169,160,22
169,160,22
169,160,22
169,160,22
169,160,22
169,160,22
169,160,22
169,160,22
169,160,22
169,160,22
169,160,22
169,160,22
169,160,22
169,160,22
169,160,22
169,160,22
169,160,22
169,160,22
169,160,22
169,160,22
169,160,22
169,160,22
169,160,22
169,202,22
169,202,22
169,202,22
169,202,22
169,202,22
169,202,22
169,202,22
169,202,22
169,202,22
169,202,22
169,202,22
169,202,22
169,202,22
169,202,22
169,200,22
169,200,22
169,200,22
169,200,22
169,200,22
169,200,22
169,200,22
169,200,22
169,200,22
169,200,22
169,124,22
169,124,22
169,124,22
169,124,22
169,124,22
169,124,22
169,124,22
169,124,22
169,124,22
169,124,22
169,124,22
169,124,22
169,124,22
169,124,22
169,124,22
169,229,22
169,229,22
169,229,22
169,229,22
169,229,22
169,229,22
169,229,22
169,229,22
169,229,22
169,229,22
169,229,22
169,229,22
169,229,22
169,229,22
169,229,22
169,229,22
169,229,22
169,229,22
169,229,22
169,229,22
169,229,22
169,229,22
169,229,22
169,229,22
169,229,22
169,229,22
169,229,22
169,229,22
169,229,22
169,229,22
169,229,22
169,229,22
169,229,22
169,229,22
169,229,22
169,229,22
169,229,22
169,229,22
169,158,22
169,158,22
169,158,22
169,158,22
169,158,22
169,158,22
169,158,22
169,158,22
169,158,22
169,158,22
169,194,22
169,194,22
169,194,22
169,194,22
169,194,22
169,194,22
169,194,22
169,194,22
169,194,22
169,194,22
169,194,22
169,194,22
169,194,22
169,194,22
169,194,22
169,194,22
169,194,22
169,194,22
169,194,22
169,194,22
169,194,22
169,194,22
169,194,22
169,194,22
169,194,22
169,194,22
169,171,22
169,171,22
169,171,22
169,171,22
169,171,22
169,171,22
169,171,22
169,171,22
169,171,22
169,171,22
169,171,22
169,171,22
169,171,22
169,171,22
169,171,22
169,171,22
169,171,22
169,171,22
169,171,22
169,171,22
169,171,22
169,171,22
169,171,22
169,171,22
169,171,22
169,171,22
169,171,22
169,171,22
169,171,22
169,171,22
169,171,22
169,171,22
169,171,22
169,171,22
169,171,22
169,171,22
169,171,22
169,171,22
169,171,22
169,171,22
169,171,22
169,171,22
169,171,22
169,171,22
169,171,22
169,171,22
169,171,22
169,171,22
169,215,22
169,215,22
169,215,22
169,215,22
169,215,22
169,215,22
169,215,22
169,215,22
169,215,22
169,215,22
169,215,22
169,215,22
169,215,22
169,215,22
169,215,22
169,215,22
169,184,22
169,184,22
169,184,22
169,184,22
169,184,22
169,184,22
169,184,22
169,184,22
169,184,22
169,184,22
169,184,22
169,184,22
169,184,22
169,184,22
169,184,22
169,184,22
169,184,22
169,184,22
169,184,22
169,184,22
169,184,22
169,184,22
169,184,22
169,184,22
169,184,22
169,184,22
169,184,22
169,184,22
169,184,22
169,184,22
169,184,22
169,184,22
169,184,22
169,184,22
169,184,22
169,184,22
169,184,22
169,184,22
169,173,22
169,173,22
169,173,22
169,173,22
169,173,22
169,173,22
169,173,22
169,173,22
169,173,22
169,173,22
169,173,22
169,173,22
169,173,22
169,173,22
169,173,22
169,173,22
169,173,22
169,173,22
169,173,22
169,151,22
169,151,22
169,151,22
169,151,22
169,151,22
169,151,22
169,151,22
169,151,22
169,151,22
169,151,22
169,151,22
169,151,22
169,151,22
169,151,22
169,151,22
169,151,22
169,151,22
169,151,22
169,158,22
169,158,22
169,158,22
169,158,22
169,158,22
169,158,22
169,158,22
169,158,22
169,158,22
169,158,22
169,158,22
169,158,22
169,158,22
169,158,22
169,158,22
169,158,22
169,149,22
169,149,22
169,149,22
169,149,22
169,149,22
169,149,22
169,149,22
169,149,22
169,149,22
169,149,22
169,149,22
169,149,22
169,149,22
169,149,22
169,146,22
169,146,22
169,146,22
169,146,22
169,146,22
169,146,22
169,146,22
169,146,22
169,146,22
169,146,22
169,158,22
169,158,22
169,158,22
169,158,22
169,158,22
169,158,22
169,158,22
169,158,22
169,158,22
169,158,22
169,158,22
169,158,22
169,158,22
169,158,22
169,158,22
169,158,22
169,150,22
169,150,22
169,150,22
169,150,22
169,150,22
169,150,22
169,150,22
169,150,22
169,150,22
169,150,22
169,150,22
169,150,22
169,150,22
169,150,22
169,150,22
169,150,22
169,150,22
169,150,22
169,150,22
169,205,22
169,205,22
169,205,22
169,205,22
169,205,22
169,205,22
169,205,22
169,205,22
169,205,22
169,205,22
169,205,22
169,205,22
169,205,22
169,205,22
169,173,22
169,173,22
169,173,22
169,173,22
169,173,22
169,173,22
154,152,22
154,152,22
