true_pos,obs_pos,true_var
260,266,22
257,266,22
255,266,22
257,266,22
258,266,22
256,266,22
254,266,22
252,266,22
254,266,22
257,266,22
254,266,22
256,266,22
250,266,22
252,266,22
251,266,22
255,266,22
257,266,22
255,266,22
256,266,22
254,266,22
255,266,22
257,266,22
258,266,22
255,266,22
257,266,22
256,266,22
259,266,22
259,266,22
256,266,22
257,266,22
256,266,22
258,266,22
259,266,22
258,266,22
257,266,22
259,266,22
259,266,22
259,266,22
259,266,22
257,266,22
260,266,22
259,266,22
258,266,22
261,266,22
259,266,22
257,266,22
260,263,22
261,263,22
257,263,22
253,263,22
253,263,22
256,263,22
261,263,22
262,263,22
261,263,22
259,263,22
259,263,22
256,263,22
259,263,22
260,263,22
257,263,22
259,263,22
260,263,22
259,263,22
260,263,22
263,263,22
265,263,22
265,263,22
271,263,22
275,263,22
277,263,22
277,263,22
277,263,22
277,263,22
276,268,22
279,268,22
279,268,22
280,268,22
279,268,22
280,268,22
279,268,22
279,268,22
280,268,22
279,268,22
281,268,22
281,268,22
283,268,22
284,268,22
286,268,22
284,268,22
283,268,22
283,268,22
284,268,22
285,268,22
287,268,22
289,268,22
291,268,22
292,268,22
293,268,22
294,268,22
292,302,22
291,302,22
289,302,22
289,302,22
291,302,22
296,302,22
295,302,22
294,302,22
293,302,22
292,302,22
293,302,22
293,302,22
295,302,22
295,302,22
295,302,22
296,302,22
297,302,22
295,302,22
295,302,22
296,302,22
297,302,22
298,302,22
295,291,22
297,291,22
293,291,22
300,291,22
299,291,22
298,291,22
302,291,22
304,291,22
307,291,22
306,291,22
307,291,22
308,291,22
308,291,22
309,291,22
310,291,22
311,291,22
306,291,22
303,291,22
308,291,22
308,291,22
305,291,22
307,291,22
307,291,22
305,291,22
305,291,22
304,291,22
303,291,22
303,291,22
302,291,22
301,291,22
302,291,22
302,291,22
299,298,22
298,298,22
298,298,22
299,298,22
299,298,22
295,298,22
292,298,22
292,298,22
293,298,22
296,298,22
296,298,22
298,298,22
300,298,22
300,298,22
297,298,22
295,298,22
292,298,22
290,298,22
294,298,22
294,298,22
296,298,22
298,298,22
296,298,22
294,298,22
294,298,22
293,298,22
294,298,22
290,298,22
291,298,22
291,316,22
289,316,22
289,316,22
285,316,22
287,316,22
287,316,22
284,316,22
285,316,22
288,316,22
287,316,22
288,316,22
286,243,22
282,243,22
281,243,22
282,243,22
285,243,22
287,243,22
286,243,22
288,243,22
286,243,22
285,243,22
288,243,22
289,243,22
291,243,22
289,243,22
286,243,22
286,243,22
285,243,22
283,243,22
286,243,22
286,243,22
285,243,22
285,276,22
282,276,22
281,276,22
283,276,22
284,276,22
283,276,22
287,276,22
285,276,22
283,276,22
284,276,22
285,276,22
286,276,22
286,276,22
285,276,22
285,276,22
284,276,22
288,276,22
288,276,22
287,276,22
288,276,22
288,276,22
291,276,22
292,276,22
292,276,22
294,276,22
296,276,22
294,276,22
291,276,22
291,276,22
291,276,22
289,276,22
290,276,22
290,276,22
289,276,22
289,276,22
289,276,22
286,276,22
287,274,22
290,274,22
291,274,22
288,274,22
286,274,22
284,274,22
287,274,22
286,274,22
285,274,22
284,274,22
284,274,22
283,274,22
278,274,22
278,298,22
277,298,22
277,298,22
273,298,22
271,298,22
271,298,22
270,298,22
271,298,22
270,298,22
268,261,22
266,261,22
267,261,22
267,261,22
264,261,22
263,261,22
262,261,22
258,261,22
260,261,22
263,261,22
264,261,22
263,261,22
264,261,22
261,261,22
258,261,22
255,261,22
255,261,22
249,261,22
249,261,22
247,261,22
247,261,22
246,261,22
247,261,22
245,273,22
245,273,22
247,273,22
248,273,22
249,273,22
248,273,22
249,273,22
251,273,22
251,273,22
252,273,22
249,273,22
251,273,22
250,273,22
250,258,22
244,258,22
245,258,22
243,258,22
241,258,22
243,258,22
239,258,22
239,258,22
238,258,22
237,258,22
235,258,22
235,258,22
239,258,22
240,258,22
239,258,22
242,258,22
240,258,22
246,258,22
248,258,22
249,258,22
251,258,22
250,244,22
249,244,22
250,244,22
246,244,22
247,244,22
247,244,22
246,244,22
245,244,22
246,244,22
249,244,22
249,244,22
248,244,22
249,244,22
248,244,22
248,244,22
251,267,22
249,267,22
251,267,22
253,267,22
255,267,22
256,267,22
255,267,22
258,267,22
260,267,22
258,267,22
258,274,22
260,274,22
257,274,22
257,274,22
262,274,22
260,274,22
260,274,22
258,274,22
257,274,22
258,274,22
258,274,22
257,274,22
259,274,22
261,274,22
261,274,22
261,274,22
261,274,22
263,274,22
265,274,22
265,274,22
264,274,22
262,274,22
260,260,22
261,260,22
262,260,22
262,260,22
262,260,22
262,260,22
260,260,22
262,260,22
263,260,22
264,260,22
263,260,22
264,260,22
264,260,22
264,260,22
262,260,22
264,260,22
265,260,22
265,260,22
266,260,22
267,260,22
270,260,22
268,260,22
268,288,22
266,288,22
265,288,22
265,288,22
263,288,22
265,288,22
263,288,22
264,288,22
263,288,22
266,288,22
267,288,22
268,288,22
269,288,22
267,288,22
268,288,22
267,288,22
268,288,22
267,288,22
263,288,22
265,288,22
266,288,22
265,288,22
264,288,22
267,288,22
269,288,22
273,288,22
271,288,22
269,288,22
273,288,22
272,288,22
274,288,22
276,288,22
273,288,22
276,288,22
276,288,22
280,288,22
278,288,22
278,288,22
280,288,22
276,288,22
276,288,22
277,288,22
275,288,22
279,288,22
278,288,22
277,288,22
279,288,22
281,288,22
277,288,22
273,288,22
273,288,22
272,288,22
272,288,22
275,268,22
276,268,22
276,268,22
277,268,22
277,268,22
276,268,22
275,268,22
276,268,22
278,268,22
277,268,22
277,268,22
278,268,22
276,268,22
281,268,22
280,268,22
280,268,22
282,268,22
282,268,22
283,285,22
282,285,22
283,285,22
283,285,22
282,285,22
282,285,22
282,285,22
282,237,22
284,237,22
287,237,22
286,237,22
287,237,22
288,237,22
285,237,22
285,237,22
286,237,22
288,237,22
286,237,22
285,237,22
286,237,22
287,237,22
285,256,22
285,256,22
281,256,22
281,256,22
281,256,22
280,256,22
277,256,22
277,256,22
280,256,22
282,256,22
280,256,22
279,303,22
278,303,22
276,303,22
275,303,22
271,303,22
272,303,22
272,303,22
274,303,22
274,303,22
273,303,22
276,303,22
279,303,22
280,303,22
280,303,22
279,303,22
281,303,22
282,303,22
284,303,22
283,303,22
287,303,22
289,303,22
289,303,22
290,303,22
293,303,22
291,303,22
288,303,22
287,297,22
284,297,22
286,297,22
287,297,22
287,297,22
286,297,22
285,297,22
280,297,22
276,297,22
279,297,22
279,297,22
280,273,22
277,273,22
280,273,22
279,273,22
274,273,22
270,273,22
269,273,22
267,273,22
269,273,22
268,273,22
270,273,22
272,273,22
270,273,22
271,273,22
270,273,22
269,273,22
270,273,22
268,273,22
270,273,22
267,273,22
269,273,22
268,273,22
270,273,22
267,273,22
266,273,22
266,273,22
266,273,22
266,296,22
266,296,22
266,296,22
266,296,22
267,296,22
268,296,22
268,296,22
268,296,22
266,296,22
267,296,22
269,296,22
270,296,22
269,296,22
272,296,22
274,296,22
276,296,22
275,231,22
277,231,22
279,231,22
277,231,22
277,231,22
276,231,22
278,231,22
278,231,22
279,231,22
279,231,22
275,231,22
271,231,22
267,231,22
265,231,22
263,231,22
263,231,22
264,231,22
268,231,22
267,231,22
266,231,22
264,231,22
263,231,22
260,231,22
259,231,22
259,231,22
261,231,22
261,292,22
263,292,22
260,292,22
264,292,22
266,292,22
268,292,22
268,292,22
269,292,22
268,292,22
265,292,22
265,292,22
269,292,22
269,292,22
275,292,22
276,292,22
276,292,22
278,292,22
276,292,22
276,292,22
274,292,22
275,292,22
276,292,22
271,292,22
269,292,22
271,292,22
273,292,22
271,292,22
271,292,22
272,292,22
274,292,22
273,292,22
274,292,22
273,292,22
272,292,22
271,292,22
271,292,22
272,292,22
271,292,22
271,292,22
274,292,22
276,292,22
274,292,22
277,292,22
277,280,22
278,280,22
278,280,22
280,280,22
278,280,22
279,280,22
280,280,22
281,280,22
283,280,22
283,280,22
282,280,22
283,280,22
282,280,22
284,280,22
283,280,22
283,280,22
283,280,22
282,280,22
284,280,22
288,280,22
288,280,22
289,280,22
288,280,22
287,280,22
287,280,22
285,280,22
283,280,22
281,280,22
285,280,22
285,280,22
284,280,22
284,280,22
284,280,22
287,280,22
287,280,22
288,280,22
289,280,22
295,302,22
294,302,22
294,302,22
296,302,22
298,302,22
299,302,22
299,302,22
301,302,22
300,302,22
301,302,22
301,302,22
300,302,22
301,302,22
301,302,22
307,302,22
307,302,22
307,302,22
304,302,22
305,302,22
303,302,22
302,302,22
304,304,22
306,304,22
308,304,22
309,304,22
310,304,22
308,304,22
305,304,22
304,304,22
303,304,22
304,304,22
303,304,22
302,304,22
303,304,22
300,304,22
299,314,22
300,314,22
301,314,22
302,314,22
301,314,22
300,314,22
301,314,22
301,314,22
302,271,22
304,271,22
304,271,22
300,271,22
303,271,22
302,271,22
299,271,22
299,271,22
301,271,22
299,271,22
303,271,22
304,271,22
302,271,22
300,271,22
299,271,22
299,271,22
299,271,22
299,271,22
297,271,22
296,271,22
298,271,22
299,271,22
301,271,22
301,271,22
299,271,22
299,271,22
301,271,22
301,271,22
301,271,22
298,326,22
298,326,22
293,326,22
293,326,22
295,326,22
298,326,22
301,326,22
300,326,22
297,326,22
296,326,22
299,299,22
297,299,22
299,299,22
303,299,22
304,299,22
305,299,22
307,299,22
311,299,22
308,299,22
305,299,22
308,299,22
308,299,22
308,299,22
308,299,22
307,299,22
308,299,22
313,299,22
311,299,22
313,303,22
311,303,22
311,303,22
309,303,22
311,303,22
313,303,22
313,303,22
313,303,22
316,299,22
316,299,22
318,299,22
315,299,22
314,299,22
314,299,22
317,299,22
320,299,22
320,299,22
317,299,22
320,299,22
318,299,22
323,299,22
320,299,22
322,299,22
323,299,22
323,299,22
324,299,22
324,299,22
320,299,22
317,299,22
320,299,22
321,299,22
325,299,22
328,299,22
332,299,22
330,339,22
329,339,22
333,339,22
334,339,22
331,339,22
330,339,22
328,339,22
329,339,22
329,339,22
329,339,22
331,339,22
326,339,22
325,339,22
325,339,22
326,339,22
327,339,22
328,339,22
327,335,22
324,335,22
323,335,22
323,335,22
321,335,22
321,335,22
320,335,22
318,335,22
317,335,22
319,335,22
320,335,22
318,274,22
317,274,22
316,274,22
318,274,22
317,274,22
318,274,22
318,274,22
319,274,22
322,274,22
324,274,22
324,274,22
323,274,22
323,274,22
321,274,22
319,334,22
321,334,22
321,334,22
325,334,22
329,334,22
329,334,22
333,334,22
335,334,22
336,334,22
340,334,22
337,334,22
336,334,22
337,334,22
339,334,22
339,334,22
336,334,22
338,334,22
336,334,22
336,334,22
336,334,22
336,334,22
336,334,22
333,334,22
332,334,22
333,334,22
334,334,22
334,334,22
335,334,22
335,333,22
337,333,22
337,333,22
337,333,22
337,333,22
337,333,22
342,333,22
339,333,22
342,333,22
342,333,22
336,333,22
331,333,22
332,333,22
332,333,22
330,333,22
327,333,22
327,333,22
326,333,22
322,333,22
323,331,22
324,331,22
322,331,22
322,331,22
321,331,22
320,331,22
318,331,22
318,331,22
321,331,22
319,331,22
322,331,22
323,331,22
320,327,22
315,327,22
313,327,22
310,327,22
309,327,22
306,327,22
307,327,22
307,327,22
307,327,22
309,327,22
308,327,22
313,327,22
312,322,22
311,322,22
309,322,22
307,322,22
307,322,22
307,322,22
306,322,22
305,296,22
307,296,22
306,296,22
305,296,22
304,296,22
304,296,22
304,296,22
308,296,22
307,296,22
307,296,22
308,296,22
309,296,22
309,296,22
309,296,22
311,296,22
307,349,22
309,349,22
305,349,22
307,349,22
303,349,22
300,349,22
299,349,22
297,349,22
294,349,22
292,349,22
292,349,22
293,349,22
295,349,22
298,349,22
300,349,22
298,349,22
296,349,22
295,349,22
297,349,22
301,349,22
300,349,22
302,349,22
299,349,22
303,349,22
304,349,22
304,349,22
299,349,22
302,349,22
304,349,22
306,349,22
302,349,22
303,283,22
299,283,22
303,283,22
302,283,22
305,283,22
301,283,22
303,283,22
304,283,22
303,283,22
307,283,22
308,283,22
305,283,22
304,283,22
305,283,22
305,283,22
307,283,22
310,283,22
311,283,22
310,283,22
309,283,22
308,283,22
308,283,22
307,283,22
307,283,22
306,283,22
306,283,22
308,283,22
304,338,22
304,338,22
302,338,22
300,338,22
296,338,22
293,338,22
294,338,22
294,338,22
296,338,22
293,338,22
290,338,22
289,338,22
290,338,22
290,310,22
291,310,22
294,310,22
294,310,22
293,310,22
294,310,22
293,310,22
294,310,22
296,310,22
295,310,22
295,310,22
294,310,22
293,310,22
294,310,22
295,310,22
293,310,22
291,310,22
291,310,22
288,310,22
291,310,22
290,310,22
289,310,22
290,310,22
291,310,22
289,307,22
292,307,22
290,307,22
291,307,22
294,307,22
292,307,22
295,307,22
295,307,22
290,307,22
290,307,22
292,307,22
294,307,22
294,307,22
293,307,22
293,307,22
293,307,22
294,307,22
293,307,22
289,307,22
291,307,22
288,299,22
291,299,22
291,299,22
290,299,22
290,299,22
289,299,22
288,299,22
286,299,22
286,299,22
287,299,22
288,299,22
288,299,22
288,299,22
289,299,22
290,299,22
290,299,22
291,299,22
290,299,22
288,299,22
290,299,22
290,299,22
296,299,22
293,299,22
290,299,22
290,299,22
290,299,22
289,299,22
292,255,22
294,255,22
290,255,22
287,255,22
289,255,22
288,255,22
286,255,22
286,255,22
285,255,22
291,255,22
288,255,22
286,255,22
287,255,22
287,255,22
287,255,22
288,255,22
289,255,22
291,255,22
290,255,22
290,255,22
289,255,22
290,255,22
290,255,22
293,255,22
291,296,22
290,296,22
289,296,22
288,296,22
284,296,22
283,296,22
288,296,22
289,296,22
290,296,22
289,296,22
285,296,22
284,296,22
286,296,22
283,296,22
285,296,22
287,296,22
289,296,22
290,296,22
288,296,22
287,296,22
286,296,22
283,296,22
283,296,22
283,296,22
285,296,22
285,296,22
283,302,22
281,302,22
282,302,22
281,302,22
278,302,22
278,302,22
276,302,22
279,302,22
279,302,22
279,302,22
277,268,22
280,268,22
280,268,22
280,268,22
278,268,22
280,268,22
280,268,22
283,268,22
283,268,22
282,268,22
284,268,22
284,268,22
280,268,22
280,268,22
281,268,22
280,268,22
283,268,22
281,268,22
280,268,22
278,268,22
280,268,22
275,268,22
278,268,22
282,268,22
282,268,22
284,252,22
287,252,22
285,252,22
288,252,22
288,252,22
287,252,22
287,252,22
286,252,22
287,252,22
286,252,22
283,252,22
283,252,22
282,252,22
282,252,22
282,252,22
282,252,22
284,252,22
282,252,22
280,252,22
283,252,22
279,252,22
283,252,22
286,252,22
291,252,22
290,252,22
292,252,22
294,252,22
295,252,22
295,252,22
298,252,22
297,252,22
299,252,22
297,252,22
297,252,22
296,252,22
296,303,22
291,303,22
292,303,22
295,303,22
294,303,22
295,303,22
292,303,22
289,303,22
289,303,22
287,275,22
288,275,22
287,275,22
288,275,22
287,275,22
285,275,22
283,275,22
283,275,22
285,275,22
288,275,22
292,275,22
290,275,22
293,275,22
294,275,22
294,275,22
298,275,22
298,275,22
295,275,22
295,275,22
293,275,22
292,275,22
294,275,22
293,275,22
294,275,22
293,275,22
295,275,22
298,275,22
296,275,22
296,275,22
295,275,22
294,275,22
293,275,22
291,275,22
292,275,22
295,275,22
294,275,22
296,275,22
295,275,22
295,275,22
296,275,22
296,275,22
295,275,22
295,275,22
292,275,22
295,275,22
293,275,22
293,275,22
295,275,22
294,275,22
294,300,22
295,300,22
293,300,22
295,300,22
296,300,22
296,300,22
298,300,22
300,300,22
301,300,22
297,300,22
299,300,22
301,300,22
300,300,22
302,300,22
301,300,22
302,300,22
304,300,22
301,279,22
304,279,22
304,279,22
301,279,22
299,279,22
298,279,22
297,279,22
299,279,22
299,292,22
298,292,22
300,292,22
299,292,22
297,292,22
298,292,22
297,292,22
300,292,22
297,292,22
299,292,22
300,306,22
298,306,22
298,306,22
299,306,22
296,306,22
295,306,22
299,306,22
300,306,22
301,306,22
300,306,22
302,306,22
302,306,22
302,306,22
303,336,22
305,336,22
305,336,22
306,336,22
305,336,22
304,336,22
304,336,22
305,336,22
302,336,22
299,290,22
299,290,22
302,290,22
301,290,22
298,290,22
298,290,22
297,290,22
297,290,22
293,290,22
292,290,22
295,290,22
291,314,22
292,314,22
294,314,22
294,314,22
292,314,22
289,314,22
288,314,22
290,314,22
288,314,22
293,314,22
296,309,22
295,309,22
296,309,22
294,309,22
295,309,22
294,309,22
294,309,22
292,309,22
296,309,22
296,251,22
294,251,22
292,251,22
297,251,22
299,251,22
300,251,22
299,251,22
295,251,22
293,251,22
293,251,22
292,251,22
289,251,22
289,251,22
289,251,22
289,251,22
289,251,22
290,251,22
293,251,22
292,251,22
291,251,22
290,251,22
288,251,22
286,266,22
284,266,22
287,266,22
285,266,22
285,266,22
287,266,22
290,266,22
289,287,22
294,287,22
293,287,22
297,287,22
297,287,22
299,287,22
298,287,22
299,283,22
300,283,22
301,283,22
302,283,22
302,283,22
300,283,22
298,283,22
298,283,22
301,283,22
303,283,22
303,283,22
302,283,22
302,283,22
303,283,22
302,283,22
307,283,22
308,283,22
305,283,22
307,283,22
303,292,22
301,292,22
304,292,22
302,292,22
299,292,22
299,292,22
296,292,22
294,292,22
294,292,22
293,326,22
295,326,22
293,326,22
298,326,22
298,326,22
299,326,22
298,284,22
295,284,22
293,284,22
291,284,22
293,284,22
294,284,22
294,284,22
294,284,22
289,284,22
289,284,22
289,284,22
291,284,22
289,284,22
290,284,22
289,284,22
288,284,22
287,284,22
288,284,22
288,284,22
287,284,22
288,284,22
289,284,22
291,284,22
291,284,22
291,284,22
290,284,22
290,284,22
291,284,22
290,284,22
287,284,22
288,284,22
286,284,22
287,284,22
287,284,22
288,284,22
286,284,22
286,278,22
285,278,22
284,278,22
284,278,22
282,278,22
282,278,22
285,278,22
288,278,22
286,278,22
286,278,22
289,278,22
287,278,22
286,278,22
290,278,22
290,278,22
291,278,22
294,278,22
291,278,22
291,278,22
291,278,22
288,278,22
285,278,22
288,278,22
287,278,22
287,278,22
288,278,22
284,278,22
285,278,22
281,278,22
283,278,22
286,274,22
287,274,22
288,274,22
288,274,22
286,274,22
288,274,22
292,274,22
291,274,22
292,274,22
288,274,22
290,274,22
293,274,22
292,274,22
289,308,22
290,308,22
288,308,22
285,308,22
284,308,22
285,308,22
288,308,22
291,280,22
287,280,22
287,280,22
282,280,22
281,280,22
279,280,22
282,280,22
282,280,22
283,280,22
282,277,22
281,277,22
283,277,22
280,277,22
277,277,22
279,277,22
283,277,22
278,277,22
278,277,22
280,277,22
279,277,22
283,267,22
281,267,22
280,267,22
278,267,22
280,267,22
280,267,22
278,267,22
279,267,22
280,289,22
281,289,22
282,289,22
281,289,22
280,289,22
285,289,22
286,289,22
286,289,22
285,289,22
284,289,22
284,289,22
282,261,22
281,261,22
281,261,22
282,261,22
285,261,22
286,261,22
285,261,22
284,261,22
282,261,22
283,261,22
285,261,22
284,261,22
285,261,22
286,261,22
285,261,22
284,261,22
285,261,22
283,261,22
282,261,22
282,261,22
281,261,22
281,261,22
284,261,22
287,261,22
286,261,22
286,261,22
283,261,22
283,261,22
284,261,22
283,261,22
286,261,22
283,261,22
282,261,22
283,261,22
285,261,22
286,261,22
284,261,22
280,261,22
282,261,22
281,261,22
282,261,22
284,261,22
284,261,22
283,261,22
282,261,22
282,261,22
279,261,22
281,261,22
279,261,22
282,261,22
285,261,22
282,261,22
279,261,22
280,277,22
282,277,22
283,277,22
282,277,22
281,277,22
281,277,22
281,277,22
281,277,22
281,277,22
278,277,22
280,277,22
282,277,22
282,277,22
282,277,22
284,284,22
284,284,22
282,284,22
283,284,22
282,284,22
279,284,22
281,284,22
279,284,22
283,284,22
281,284,22
279,284,22
278,284,22
276,284,22
276,284,22
274,284,22
272,284,22
273,284,22
277,284,22
276,284,22
275,284,22
272,284,22
272,284,22
273,284,22
273,284,22
276,284,22
276,284,22
274,284,22
274,284,22
273,284,22
274,284,22
274,284,22
272,284,22
276,284,22
280,284,22
276,284,22
272,284,22
272,284,22
272,284,22
272,284,22
274,284,22
270,284,22
267,284,22
265,284,22
268,284,22
265,284,22
266,284,22
260,284,22
255,284,22
256,284,22
257,284,22
255,284,22
255,284,22
258,284,22
257,284,22
256,284,22
255,284,22
252,284,22
253,284,22
252,284,22
258,255,22
260,255,22
257,255,22
257,255,22
255,255,22
255,255,22
255,255,22
255,255,22
256,255,22
258,255,22
254,255,22
256,255,22
258,255,22
259,255,22
259,255,22
258,255,22
259,255,22
258,255,22
258,255,22
254,255,22
252,255,22
251,255,22
248,255,22
246,255,22
248,255,22
247,255,22
245,255,22
246,255,22
247,255,22
252,255,22
249,255,22
250,255,22
251,255,22
247,255,22
247,255,22
247,255,22
247,255,22
246,255,22
247,255,22
247,255,22
244,255,22
242,255,22
245,240,22
250,240,22
253,240,22
250,240,22
247,240,22
246,240,22
247,240,22
246,240,22
244,240,22
242,240,22
239,216,22
241,216,22
246,216,22
242,216,22
244,216,22
243,216,22
243,216,22
243,261,22
245,261,22
244,261,22
243,261,22
244,261,22
246,261,22
246,261,22
246,261,22
246,261,22
246,261,22
242,261,22
245,261,22
247,261,22
244,261,22
246,261,22
248,261,22
250,242,22
250,242,22
252,242,22
253,242,22
254,242,22
256,242,22
259,242,22
259,242,22
257,242,22
257,242,22
256,242,22
256,242,22
258,242,22
257,242,22
257,242,22
261,242,22
259,242,22
261,242,22
260,242,22
254,242,22
255,242,22
254,242,22
253,242,22
253,242,22
255,242,22
254,242,22
251,242,22
251,242,22
249,242,22
248,242,22
248,242,22
246,242,22
246,242,22
248,242,22
248,242,22
250,242,22
249,242,22
253,242,22
256,242,22
256,242,22
255,242,22
256,242,22
257,276,22
258,276,22
258,276,22
257,276,22
259,276,22
259,276,22
261,276,22
262,276,22
261,276,22
258,276,22
260,276,22
261,276,22
258,276,22
257,276,22
259,276,22
258,276,22
255,276,22
257,276,22
257,276,22
254,276,22
251,276,22
249,276,22
253,276,22
254,276,22
253,276,22
254,276,22
255,276,22
255,276,22
255,276,22
255,276,22
254,276,22
255,276,22
252,276,22
251,276,22
253,248,22
252,248,22
248,248,22
250,248,22
251,248,22
248,248,22
247,248,22
242,248,22
242,248,22
240,248,22
241,248,22
240,248,22
243,248,22
241,248,22
243,248,22
244,248,22
242,248,22
241,248,22
241,248,22
241,248,22
240,248,22
238,248,22
239,248,22
238,248,22
238,248,22
239,248,22
240,248,22
243,248,22
244,248,22
244,248,22
245,248,22
246,248,22
245,248,22
246,248,22
246,248,22
249,248,22
249,248,22
251,248,22
251,248,22
248,248,22
249,248,22
250,248,22
252,264,22
252,264,22
253,264,22
251,264,22
254,264,22
255,264,22
258,264,22
258,264,22
259,264,22
256,264,22
256,264,22
257,264,22
258,264,22
255,264,22
258,291,22
257,291,22
255,291,22
256,291,22
255,291,22
255,291,22
252,291,22
252,291,22
251,291,22
252,291,22
249,291,22
246,291,22
246,195,22
244,195,22
243,195,22
244,195,22
241,195,22
239,195,22
241,195,22
240,195,22
236,195,22
233,195,22
234,195,22
234,195,22
231,195,22
230,195,22
228,195,22
228,195,22
228,195,22
228,195,22
229,195,22
227,195,22
230,195,22
228,195,22
228,195,22
227,195,22
227,195,22
230,195,22
231,195,22
233,195,22
234,195,22
233,195,22
234,195,22
234,195,22
237,195,22
237,195,22
239,195,22
238,237,22
239,237,22
240,237,22
240,237,22
236,237,22
236,237,22
236,237,22
235,237,22
235,237,22
239,237,22
241,237,22
246,237,22
245,237,22
245,237,22
247,237,22
249,237,22
249,244,22
249,244,22
246,244,22
246,244,22
241,244,22
244,244,22
247,244,22
247,244,22
248,244,22
248,260,22
247,260,22
245,260,22
244,260,22
248,260,22
246,260,22
245,260,22
243,260,22
244,260,22
244,260,22
243,260,22
244,241,22
240,241,22
242,241,22
239,241,22
240,241,22
240,241,22
240,241,22
239,241,22
238,241,22
237,241,22
238,241,22
239,241,22
238,241,22
236,241,22
233,222,22
232,222,22
231,222,22
230,222,22
230,222,22
230,222,22
233,222,22
232,222,22
230,222,22
236,222,22
235,222,22
232,222,22
233,222,22
233,222,22
236,222,22
237,222,22
238,222,22
238,222,22
239,222,22
241,222,22
247,222,22
246,222,22
245,222,22
244,222,22
243,222,22
244,222,22
244,222,22
246,222,22
249,222,22
248,222,22
246,222,22
241,222,22
238,213,22
235,213,22
232,213,22
235,213,22
233,213,22
233,213,22
233,213,22
228,213,22
227,213,22
224,213,22
226,213,22
226,213,22
229,213,22
230,213,22
230,213,22
230,252,22
230,252,22
231,252,22
230,252,22
229,252,22
227,252,22
225,252,22
225,252,22
225,252,22
228,252,22
227,252,22
231,252,22
234,252,22
233,252,22
228,252,22
227,252,22
227,252,22
226,252,22
223,252,22
222,252,22
223,252,22
223,252,22
220,252,22
219,252,22
215,252,22
214,252,22
207,252,22
207,252,22
207,252,22
210,252,22
213,252,22
213,252,22
211,252,22
210,252,22
210,252,22
214,252,22
210,252,22
212,252,22
214,252,22
215,252,22
213,252,22
215,252,22
217,252,22
218,252,22
218,252,22
217,252,22
215,252,22
217,252,22
214,252,22
212,252,22
216,252,22
218,252,22
216,252,22
214,252,22
214,252,22
211,252,22
211,252,22
212,252,22
211,252,22
214,252,22
211,214,22
209,214,22
208,214,22
208,214,22
208,214,22
208,214,22
210,214,22
211,214,22
209,214,22
209,214,22
210,184,22
211,184,22
218,184,22
220,184,22
221,184,22
221,184,22
220,184,22
222,184,22
218,184,22
215,184,22
217,184,22
217,184,22
220,184,22
217,184,22
221,184,22
220,184,22
218,184,22
218,184,22
221,184,22
224,184,22
224,184,22
221,184,22
217,184,22
217,184,22
218,242,22
220,242,22
215,242,22
214,242,22
211,242,22
212,242,22
212,242,22
212,242,22
212,242,22
213,242,22
210,242,22
210,242,22
212,242,22
214,242,22
213,242,22
213,242,22
214,242,22
211,242,22
210,242,22
211,242,22
210,242,22
212,242,22
213,242,22
215,242,22
216,242,22
215,242,22
217,242,22
217,242,22
219,242,22
218,242,22
219,242,22
218,242,22
215,242,22
214,242,22
216,242,22
218,242,22
216,242,22
218,242,22
221,242,22
219,242,22
219,242,22
217,242,22
217,242,22
217,242,22
219,242,22
220,242,22
220,242,22
219,242,22
218,242,22
219,242,22
217,242,22
220,242,22
220,242,22
217,242,22
215,205,22
212,205,22
215,205,22
215,205,22
217,205,22
221,205,22
220,205,22
221,205,22
222,205,22
223,230,22
222,230,22
221,230,22
225,230,22
223,230,22
223,230,22
222,230,22
222,230,22
220,230,22
220,230,22
222,230,22
221,230,22
221,230,22
218,230,22
216,230,22
215,230,22
214,230,22
214,230,22
213,230,22
213,230,22
213,230,22
214,230,22
214,224,22
217,224,22
219,224,22
218,224,22
219,224,22
218,224,22
218,224,22
219,224,22
218,224,22
220,224,22
219,224,22
219,224,22
219,224,22
222,224,22
223,224,22
224,224,22
222,224,22
222,224,22
219,224,22
219,224,22
217,224,22
215,224,22
212,224,22
213,224,22
214,224,22
213,224,22
214,224,22
215,224,22
215,224,22
211,223,22
214,223,22
212,223,22
214,223,22
215,223,22
219,223,22
216,223,22
216,223,22
219,223,22
215,223,22
215,223,22
218,223,22
217,223,22
219,223,22
218,223,22
216,223,22
216,223,22
217,223,22
223,223,22
224,223,22
226,223,22
225,243,22
226,243,22
229,243,22
228,243,22
232,243,22
230,243,22
230,243,22
230,243,22
232,243,22
234,243,22
232,243,22
229,243,22
228,239,22
228,239,22
225,239,22
225,239,22
227,239,22
227,239,22
230,239,22
230,239,22
227,239,22
225,239,22
222,239,22
223,239,22
220,239,22
217,239,22
218,239,22
215,239,22
214,239,22
217,239,22
218,239,22
217,239,22
217,239,22
216,239,22
219,239,22
220,239,22
219,239,22
220,239,22
219,239,22
219,239,22
217,239,22
216,239,22
212,239,22
208,239,22
207,239,22
206,239,22
207,239,22
206,239,22
204,239,22
204,239,22
201,239,22
203,239,22
203,239,22
203,239,22
204,239,22
204,239,22
205,239,22
206,239,22
208,158,22
210,158,22
211,158,22
215,158,22
213,158,22
214,158,22
212,158,22
210,158,22
210,158,22
208,239,22
209,239,22
207,239,22
207,239,22
206,239,22
204,239,22
207,239,22
206,239,22
208,239,22
208,239,22
206,239,22
208,239,22
206,239,22
204,239,22
202,207,22
201,207,22
201,207,22
201,207,22
201,207,22
202,207,22
203,207,22
205,207,22
206,197,22
203,197,22
201,197,22
202,197,22
203,197,22
201,197,22
202,197,22
205,197,22
205,197,22
206,197,22
205,197,22
204,197,22
202,197,22
201,197,22
201,197,22
200,197,22
203,197,22
202,197,22
203,197,22
202,197,22
201,197,22
202,189,22
204,189,22
209,189,22
207,189,22
208,189,22
208,189,22
205,189,22
203,189,22
205,189,22
204,189,22
204,189,22
204,189,22
206,189,22
204,248,22
205,248,22
205,248,22
205,248,22
203,248,22
203,248,22
206,248,22
208,248,22
208,248,22
209,248,22
211,248,22
211,248,22
208,248,22
207,248,22
207,238,22
207,238,22
206,238,22
207,238,22
205,238,22
207,238,22
207,238,22
206,238,22
209,242,22
205,242,22
205,242,22
204,242,22
204,242,22
205,242,22
205,242,22
209,242,22
207,242,22
207,242,22
208,242,22
209,242,22
208,242,22
208,242,22
208,242,22
211,242,22
209,242,22
206,242,22
208,242,22
207,242,22
205,242,22
204,242,22
207,242,22
204,242,22
200,242,22
198,242,22
197,232,22
197,232,22
196,232,22
198,232,22
197,232,22
194,232,22
193,232,22
192,232,22
187,232,22
185,166,22
185,166,22
183,166,22
185,166,22
183,166,22
184,166,22
185,166,22
186,166,22
186,166,22
186,166,22
186,165,22
190,165,22
189,165,22
184,165,22
187,165,22
183,165,22
183,165,22
185,165,22
185,165,22
187,165,22
189,165,22
191,165,22
191,165,22
193,165,22
196,165,22
195,165,22
197,165,22
196,165,22
196,165,22
196,165,22
193,165,22
193,165,22
192,165,22
189,165,22
189,165,22
187,165,22
188,165,22
191,165,22
191,198,22
195,198,22
198,198,22
195,198,22
194,198,22
193,198,22
195,198,22
193,198,22
196,198,22
194,198,22
195,198,22
193,198,22
194,198,22
194,198,22
194,198,22
194,198,22
194,198,22
198,198,22
200,198,22
204,198,22
203,198,22
203,198,22
205,198,22
202,198,22
201,186,22
201,186,22
202,186,22
201,186,22
204,186,22
203,186,22
203,186,22
204,186,22
201,181,22
205,181,22
208,181,22
208,181,22
209,181,22
210,181,22
213,181,22
213,181,22
209,181,22
211,181,22
214,181,22
215,181,22
214,181,22
213,181,22
212,181,22
208,181,22
210,181,22
212,181,22
210,181,22
208,181,22
211,181,22
214,181,22
213,181,22
208,181,22
207,181,22
205,181,22
206,181,22
207,181,22
207,181,22
208,181,22
205,181,22
204,186,22
200,186,22
201,186,22
200,186,22
197,186,22
195,186,22
197,186,22
197,186,22
194,186,22
194,186,22
197,186,22
199,186,22
200,186,22
198,186,22
200,186,22
202,186,22
203,186,22
203,186,22
206,186,22
204,186,22
206,186,22
207,186,22
206,186,22
205,186,22
204,186,22
200,186,22
202,186,22
204,186,22
203,191,22
202,191,22
204,191,22
205,191,22
204,191,22
206,191,22
203,191,22
201,181,22
204,181,22
204,181,22
203,181,22
202,181,22
202,181,22
199,181,22
200,181,22
201,181,22
201,181,22
201,181,22
205,181,22
206,181,22
207,181,22
207,181,22
209,181,22
209,181,22
207,181,22
205,181,22
205,181,22
203,181,22
204,181,22
202,181,22
205,181,22
204,181,22
207,181,22
210,181,22
215,181,22
213,181,22
216,181,22
217,196,22
217,196,22
215,196,22
214,196,22
214,196,22
215,196,22
217,196,22
219,196,22
222,196,22
217,196,22
218,196,22
218,196,22
220,196,22
222,196,22
220,196,22
222,196,22
222,196,22
220,196,22
217,196,22
219,196,22
220,196,22
221,196,22
226,196,22
226,196,22
222,196,22
223,196,22
225,196,22
225,196,22
226,196,22
224,196,22
223,196,22
223,196,22
226,196,22
227,196,22
231,196,22
231,196,22
233,196,22
233,196,22
235,196,22
233,196,22
234,196,22
232,196,22
231,196,22
230,196,22
229,196,22
228,196,22
226,196,22
227,196,22
228,196,22
228,196,22
226,196,22
225,196,22
226,196,22
227,196,22
226,196,22
226,196,22
224,196,22
222,196,22
223,196,22
224,196,22
223,195,22
222,195,22
226,195,22
225,195,22
223,195,22
225,195,22
224,195,22
228,195,22
226,195,22
227,195,22
229,195,22
229,195,22
227,195,22
227,195,22
226,195,22
227,195,22
226,195,22
229,195,22
229,195,22
226,195,22
227,195,22
227,195,22
229,195,22
230,195,22
231,195,22
231,195,22
228,195,22
230,195,22
235,195,22
237,195,22
236,195,22
234,195,22
236,195,22
237,195,22
236,195,22
239,195,22
237,195,22
238,195,22
236,195,22
236,195,22
239,195,22
241,195,22
238,195,22
237,195,22
236,195,22
234,195,22
230,195,22
233,195,22
230,195,22
231,195,22
234,195,22
234,215,22
232,215,22
230,215,22
230,215,22
234,215,22
232,215,22
233,215,22
232,245,22
236,245,22
235,245,22
233,245,22
233,245,22
233,245,22
236,245,22
236,245,22
236,245,22
233,245,22
232,245,22
228,245,22
231,245,22
234,245,22
235,245,22
238,245,22
239,245,22
236,245,22
238,245,22
237,284,22
236,284,22
239,284,22
238,284,22
240,284,22
238,284,22
236,214,22
234,214,22
231,214,22
230,214,22
228,214,22
225,214,22
222,214,22
224,214,22
224,214,22
221,214,22
220,214,22
219,214,22
218,214,22
218,214,22
218,214,22
217,214,22
213,214,22
212,186,22
210,186,22
208,186,22
203,186,22
206,186,22
206,186,22
208,186,22
207,186,22
206,186,22
208,186,22
208,238,22
208,238,22
206,238,22
203,238,22
201,238,22
201,238,22
203,238,22
202,238,22
201,238,22
200,238,22
200,174,22
197,174,22
199,174,22
202,174,22
206,174,22
203,174,22
203,174,22
205,174,22
205,174,22
205,174,22
203,174,22
201,174,22
204,174,22
203,217,22
202,217,22
201,217,22
201,217,22
203,217,22
200,217,22
200,217,22
203,217,22
200,217,22
198,217,22
196,217,22
199,217,22
199,217,22
199,217,22
200,217,22
199,217,22
202,217,22
200,217,22
202,217,22
203,217,22
204,217,22
200,217,22
206,217,22
206,217,22
205,217,22
201,217,22
201,151,22
202,151,22
206,151,22
205,151,22
202,151,22
201,151,22
202,151,22
198,151,22
196,151,22
196,151,22
195,151,22
196,151,22
194,151,22
193,151,22
195,151,22
196,151,22
195,151,22
196,151,22
199,151,22
199,151,22
199,151,22
203,151,22
204,151,22
206,151,22
206,151,22
205,151,22
205,151,22
208,151,22
208,151,22
214,151,22
216,151,22
213,151,22
214,151,22
216,151,22
215,151,22
216,151,22
216,151,22
217,151,22
218,151,22
218,151,22
219,151,22
219,151,22
220,151,22
223,151,22
224,151,22
220,151,22
219,151,22
219,151,22
218,151,22
220,151,22
221,151,22
219,151,22
217,151,22
214,151,22
215,151,22
215,214,22
217,214,22
215,214,22
213,214,22
214,214,22
215,214,22
212,214,22
215,214,22
214,214,22
213,214,22
215,214,22
216,214,22
215,214,22
214,214,22
213,214,22
218,214,22
217,214,22
215,214,22
217,214,22
219,214,22
222,214,22
222,214,22
223,214,22
226,214,22
227,214,22
225,214,22
224,214,22
225,214,22
225,214,22
224,214,22
228,214,22
234,214,22
231,214,22
228,214,22
227,214,22
228,214,22
231,214,22
230,213,22
227,213,22
224,213,22
221,213,22
221,213,22
223,213,22
225,213,22
225,213,22
224,213,22
225,213,22
228,213,22
226,213,22
225,213,22
228,213,22
229,213,22
229,213,22
227,213,22
228,213,22
228,213,22
226,213,22
226,213,22
226,213,22
226,213,22
224,213,22
224,213,22
224,213,22
227,213,22
229,223,22
226,223,22
227,223,22
228,223,22
226,223,22
226,223,22
229,223,22
232,223,22
232,223,22
232,223,22
233,223,22
234,223,22
232,223,22
231,223,22
232,223,22
232,223,22
232,223,22
233,223,22
233,223,22
236,223,22
235,223,22
233,223,22
235,223,22
234,223,22
236,223,22
239,223,22
239,223,22
238,223,22
240,223,22
239,223,22
243,223,22
246,223,22
247,223,22
246,223,22
247,223,22
245,223,22
246,223,22
248,223,22
254,223,22
253,223,22
250,249,22
255,249,22
257,249,22
260,249,22
257,249,22
257,249,22
255,249,22
258,249,22
258,249,22
259,249,22
262,249,22
260,249,22
259,249,22
257,249,22
259,249,22
258,249,22
255,249,22
254,249,22
254,249,22
250,249,22
248,249,22
250,231,22
248,231,22
250,231,22
249,231,22
248,231,22
249,231,22
252,231,22
254,231,22
256,231,22
259,231,22
256,231,22
258,231,22
259,231,22
262,231,22
260,231,22
261,231,22
261,231,22
258,231,22
258,231,22
260,231,22
264,231,22
263,231,22
262,231,22
262,231,22
259,231,22
259,231,22
262,231,22
262,231,22
261,231,22
261,258,22
258,258,22
255,258,22
253,258,22
253,258,22
253,258,22
252,258,22
252,258,22
254,258,22
256,258,22
252,258,22
253,258,22
255,244,22
254,244,22
252,244,22
251,244,22
250,244,22
247,244,22
248,244,22
249,244,22
250,244,22
252,244,22
249,244,22
251,244,22
253,244,22
251,244,22
251,244,22
250,244,22
249,244,22
249,244,22
246,244,22
244,244,22
240,244,22
239,244,22
241,244,22
245,244,22
244,244,22
244,244,22
245,244,22
244,244,22
244,244,22
245,244,22
245,244,22
244,244,22
247,270,22
246,270,22
248,270,22
249,270,22
249,270,22
250,270,22
250,270,22
247,270,22
248,270,22
250,270,22
253,270,22
251,270,22
250,252,22
254,252,22
251,252,22
250,252,22
248,252,22
245,252,22
244,252,22
241,252,22
244,252,22
245,252,22
243,252,22
244,252,22
246,252,22
248,252,22
245,252,22
246,252,22
246,252,22
249,252,22
249,252,22
248,252,22
248,252,22
249,252,22
249,252,22
247,252,22
246,252,22
247,252,22
244,252,22
244,252,22
241,252,22
242,252,22
242,252,22
239,252,22
239,252,22
235,252,22
232,252,22
235,252,22
239,252,22
240,252,22
238,252,22
238,252,22
235,252,22
235,252,22
234,252,22
235,252,22
234,252,22
236,252,22
234,252,22
233,252,22
235,252,22
239,252,22
239,252,22
238,274,22
240,274,22
241,274,22
245,274,22
248,274,22
249,274,22
244,274,22
241,274,22
242,274,22
242,274,22
241,274,22
241,274,22
241,274,22
240,274,22
240,274,22
241,274,22
242,274,22
238,274,22
241,274,22
245,274,22
243,274,22
239,274,22
243,274,22
245,274,22
245,274,22
245,274,22
248,274,22
250,274,22
250,256,22
249,256,22
249,256,22
251,256,22
251,256,22
250,256,22
249,256,22
244,256,22
243,256,22
242,256,22
242,256,22
239,256,22
240,256,22
241,256,22
242,256,22
241,256,22
246,256,22
245,256,22
250,256,22
252,243,22
250,243,22
249,243,22
248,243,22
249,243,22
250,243,22
247,243,22
251,239,22
254,239,22
253,239,22
257,239,22
255,239,22
255,239,22
252,239,22
252,239,22
256,239,22
254,239,22
257,239,22
257,239,22
255,239,22
253,239,22
256,239,22
253,239,22
253,239,22
256,239,22
257,239,22
260,239,22
258,239,22
259,239,22
260,239,22
262,239,22
265,239,22
263,239,22
264,239,22
263,239,22
265,239,22
265,239,22
263,239,22
260,239,22
258,239,22
255,239,22
255,250,22
252,250,22
249,250,22
252,250,22
251,250,22
249,250,22
249,250,22
246,250,22
246,250,22
247,250,22
248,252,22
249,252,22
247,252,22
248,252,22
246,252,22
250,252,22
249,252,22
248,252,22
254,252,22
254,252,22
256,252,22
255,252,22
254,252,22
255,252,22
254,237,22
255,237,22
255,237,22
254,237,22
251,237,22
253,237,22
256,237,22
257,237,22
258,237,22
257,237,22
256,237,22
253,237,22
253,237,22
253,237,22
254,237,22
252,237,22
252,237,22
247,237,22
251,237,22
250,237,22
251,237,22
251,237,22
249,237,22
249,237,22
250,237,22
249,237,22
248,237,22
248,237,22
247,237,22
246,237,22
245,237,22
247,237,22
246,237,22
242,237,22
241,237,22
243,237,22
242,236,22
244,236,22
242,236,22
238,236,22
237,236,22
236,236,22
231,236,22
230,236,22
229,236,22
229,236,22
231,236,22
229,236,22
227,211,22
229,211,22
231,211,22
230,211,22
232,211,22
235,211,22
234,211,22
235,211,22
236,211,22
231,211,22
230,211,22
233,211,22
236,211,22
235,211,22
236,211,22
235,211,22
235,211,22
234,211,22
233,211,22
232,215,22
232,215,22
234,215,22
233,215,22
232,215,22
231,215,22
233,215,22
232,215,22
228,215,22
228,215,22
227,215,22
229,215,22
228,215,22
229,215,22
230,215,22
228,215,22
227,215,22
226,215,22
226,215,22
224,215,22
222,215,22
222,215,22
220,215,22
220,215,22
219,215,22
215,215,22
216,215,22
212,179,22
210,179,22
210,179,22
209,179,22
207,179,22
208,179,22
206,163,22
209,163,22
212,163,22
211,163,22
210,163,22
210,163,22
209,163,22
210,163,22
209,163,22
209,163,22
207,163,22
207,163,22
208,163,22
208,163,22
207,163,22
204,206,22
204,206,22
204,206,22
204,206,22
207,206,22
205,206,22
204,206,22
208,206,22
210,206,22
212,206,22
210,206,22
211,206,22
210,206,22
210,206,22
213,206,22
210,206,22
206,228,22
208,228,22
206,228,22
205,228,22
205,228,22
207,228,22
209,228,22
206,228,22
207,228,22
209,228,22
211,228,22
209,228,22
209,228,22
208,228,22
207,228,22
210,228,22
212,228,22
211,228,22
210,228,22
208,228,22
208,228,22
211,228,22
213,228,22
213,228,22
216,228,22
217,228,22
220,228,22
217,228,22
216,228,22
219,228,22
219,228,22
221,228,22
222,228,22
224,228,22
228,228,22
230,228,22
229,228,22
230,228,22
231,228,22
231,228,22
234,228,22
234,228,22
233,228,22
235,228,22
237,228,22
236,228,22
239,228,22
240,228,22
240,228,22
242,228,22
242,228,22
239,228,22
239,256,22
241,256,22
240,256,22
239,256,22
240,256,22
237,256,22
239,246,22
242,246,22
242,246,22
241,246,22
240,246,22
238,246,22
240,246,22
244,246,22
244,246,22
241,246,22
242,246,22
239,246,22
238,246,22
241,246,22
237,246,22
236,246,22
235,246,22
238,246,22
235,246,22
239,246,22
240,246,22
238,246,22
238,246,22
238,246,22
238,246,22
238,246,22
238,245,22
236,245,22
233,245,22
231,245,22
228,245,22
228,245,22
229,245,22
232,245,22
229,245,22
227,245,22
225,245,22
224,245,22
226,245,22
226,245,22
225,245,22
222,245,22
224,245,22
224,245,22
220,245,22
217,245,22
219,245,22
218,245,22
219,245,22
218,245,22
218,233,22
217,233,22
218,233,22
216,233,22
214,233,22
217,233,22
213,233,22
214,233,22
213,233,22
216,233,22
215,233,22
217,233,22
220,233,22
217,233,22
216,233,22
217,233,22
216,233,22
215,233,22
215,233,22
214,233,22
213,233,22
214,233,22
214,233,22
215,233,22
213,233,22
216,233,22
214,233,22
214,233,22
214,233,22
215,233,22
213,233,22
217,219,22
219,219,22
216,219,22
216,219,22
215,219,22
211,219,22
209,219,22
208,219,22
208,219,22
207,219,22
206,230,22
203,230,22
203,230,22
200,230,22
197,230,22
199,230,22
195,178,22
193,178,22
191,178,22
195,178,22
195,178,22
198,178,22
198,178,22
195,178,22
195,178,22
194,178,22
195,178,22
196,178,22
194,178,22
195,178,22
194,178,22
191,176,22
194,176,22
196,176,22
199,176,22
202,176,22
198,176,22
198,176,22
195,176,22
197,176,22
193,176,22
192,176,22
190,176,22
194,176,22
199,176,22
197,176,22
193,176,22
193,176,22
193,176,22
193,176,22
196,176,22
197,176,22
197,176,22
196,176,22
197,192,22
194,192,22
194,192,22
195,192,22
193,192,22
192,192,22
190,192,22
188,192,22
187,192,22
185,192,22
185,192,22
185,192,22
186,192,22
186,192,22
188,192,22
189,192,22
187,192,22
187,192,22
189,192,22
187,192,22
187,192,22
189,192,22
186,210,22
186,210,22
188,210,22
186,210,22
190,210,22
190,210,22
189,210,22
188,210,22
189,210,22
189,210,22
188,210,22
190,210,22
191,210,22
192,210,22
190,210,22
189,210,22
189,210,22
188,210,22
184,210,22
185,210,22
186,210,22
187,210,22
184,210,22
184,210,22
186,210,22
184,210,22
182,210,22
183,210,22
186,210,22
189,210,22
189,210,22
191,165,22
190,165,22
191,165,22
193,165,22
195,165,22
195,165,22
197,165,22
199,165,22
200,165,22
202,165,22
203,165,22
204,165,22
205,165,22
199,165,22
198,165,22
199,165,22
199,165,22
198,209,22
198,209,22
200,209,22
200,209,22
201,209,22
200,209,22
199,209,22
200,209,22
198,209,22
198,209,22
200,209,22
203,209,22
205,209,22
207,209,22
203,209,22
202,209,22
201,209,22
198,209,22
203,209,22
203,209,22
200,209,22
198,209,22
197,209,22
193,196,22
190,196,22
187,196,22
188,196,22
191,196,22
190,196,22
189,196,22
190,196,22
188,196,22
188,196,22
185,196,22
184,196,22
182,196,22
183,196,22
184,196,22
182,196,22
181,196,22
186,196,22
184,196,22
183,170,22
186,170,22
183,170,22
182,170,22
177,170,22
178,170,22
180,170,22
177,170,22
176,170,22
177,170,22
177,170,22
177,170,22
175,170,22
176,170,22
178,170,22
178,170,22
177,170,22
173,170,22
175,206,22
173,206,22
173,206,22
174,206,22
176,206,22
177,206,22
175,169,22
173,169,22
175,169,22
179,169,22
177,169,22
175,169,22
179,169,22
178,169,22
180,169,22
179,169,22
179,169,22
180,169,22
182,169,22
184,169,22
184,169,22
185,169,22
181,169,22
184,169,22
187,169,22
193,169,22
192,169,22
190,169,22
189,169,22
189,178,22
188,178,22
187,178,22
188,178,22
185,178,22
184,178,22
183,178,22
178,178,22
179,178,22
176,178,22
179,178,22
181,178,22
180,178,22
181,178,22
185,178,22
187,178,22
184,178,22
183,178,22
182,178,22
186,178,22
189,178,22
190,178,22
191,178,22
190,178,22
191,229,22
194,229,22
190,229,22
190,229,22
190,229,22
189,229,22
192,229,22
192,229,22
193,173,22
197,173,22
202,173,22
203,173,22
201,173,22
201,173,22
198,173,22
199,173,22
200,173,22
197,173,22
195,173,22
193,173,22
199,173,22
201,173,22
205,173,22
208,173,22
208,173,22
206,173,22
203,173,22
202,173,22
203,173,22
202,173,22
202,173,22
202,173,22
200,173,22
197,173,22
199,173,22
199,173,22
199,173,22
200,173,22
198,173,22
196,173,22
198,173,22
198,173,22
196,173,22
196,194,22
194,194,22
189,194,22
189,194,22
191,194,22
192,194,22
192,194,22
191,194,22
193,194,22
195,194,22
197,194,22
199,194,22
200,194,22
200,194,22
200,194,22
203,194,22
204,194,22
203,194,22
203,194,22
204,194,22
205,194,22
203,194,22
203,194,22
203,194,22
202,194,22
204,194,22
203,224,22
199,224,22
199,224,22
194,224,22
198,224,22
199,224,22
201,224,22
202,224,22
203,224,22
203,224,22
210,224,22
208,224,22
205,224,22
204,224,22
207,224,22
205,224,22
207,224,22
204,224,22
204,224,22
206,224,22
203,224,22
201,224,22
200,224,22
200,224,22
203,224,22
201,224,22
202,224,22
197,224,22
198,224,22
197,224,22
196,224,22
193,224,22
191,224,22
191,224,22
189,218,22
188,218,22
189,218,22
187,218,22
187,218,22
187,218,22
187,218,22
186,218,22
183,218,22
185,218,22
185,218,22
185,218,22
186,218,22
186,218,22
188,218,22
188,218,22
188,218,22
187,218,22
186,218,22
185,189,22
185,189,22
185,189,22
185,189,22
187,189,22
186,189,22
191,189,22
187,189,22
184,189,22
186,189,22
187,189,22
187,189,22
185,189,22
185,189,22
186,206,22
187,206,22
189,206,22
190,206,22
188,206,22
187,206,22
187,206,22
191,193,22
189,193,22
188,193,22
190,193,22
190,193,22
189,193,22
191,193,22
191,193,22
191,193,22
188,193,22
188,193,22
184,208,22
184,208,22
183,208,22
182,208,22
180,208,22
180,208,22
181,208,22
183,208,22
182,208,22
182,208,22
182,208,22
183,208,22
184,208,22
186,208,22
185,208,22
184,208,22
186,208,22
187,208,22
184,208,22
185,208,22
185,208,22
186,208,22
187,208,22
187,208,22
189,208,22
190,208,22
188,208,22
189,208,22
186,208,22
187,208,22
185,208,22
188,208,22
188,208,22
188,181,22
189,181,22
187,181,22
188,181,22
188,181,22
188,181,22
192,181,22
190,181,22
188,181,22
188,236,22
187,236,22
186,236,22
189,236,22
192,236,22
191,236,22
191,236,22
194,236,22
197,236,22
197,236,22
196,236,22
196,236,22
196,236,22
197,236,22
195,236,22
195,236,22
192,236,22
192,236,22
193,236,22
194,236,22
194,236,22
195,236,22
197,236,22
194,236,22
191,236,22
191,236,22
189,236,22
188,236,22
187,236,22
190,236,22
190,236,22
188,236,22
190,236,22
191,236,22
192,236,22
192,236,22
194,236,22
198,236,22
197,236,22
198,236,22
198,236,22
196,236,22
194,236,22
195,236,22
198,236,22
195,236,22
199,236,22
199,236,22
201,199,22
202,199,22
201,199,22
203,199,22
201,199,22
202,199,22
199,199,22
203,199,22
202,199,22
199,199,22
199,177,22
201,177,22
199,177,22
199,177,22
199,177,22
200,177,22
200,177,22
195,177,22
192,177,22
193,177,22
192,177,22
194,177,22
194,177,22
193,177,22
192,177,22
191,177,22
190,177,22
189,177,22
187,177,22
189,177,22
190,177,22
191,177,22
195,177,22
192,177,22
191,177,22
193,177,22
191,177,22
191,177,22
193,177,22
194,177,22
193,177,22
193,177,22
194,177,22
195,177,22
195,177,22
199,177,22
200,177,22
201,177,22
204,177,22
204,177,22
208,177,22
207,177,22
206,177,22
204,177,22
204,177,22
204,177,22
207,177,22
203,177,22
201,177,22
204,177,22
204,177,22
203,177,22
198,177,22
199,177,22
197,202,22
199,202,22
199,202,22
200,202,22
202,202,22
199,202,22
197,202,22
197,202,22
196,202,22
195,202,22
193,202,22
192,202,22
193,202,22
191,202,22
191,202,22
190,202,22
189,202,22
187,202,22
185,202,22
185,202,22
185,202,22
186,169,22
184,169,22
182,169,22
182,169,22
182,169,22
180,169,22
181,169,22
184,169,22
185,169,22
185,169,22
185,169,22
185,169,22
185,169,22
187,196,22
185,196,22
185,196,22
185,196,22
188,196,22
187,196,22
188,196,22
194,196,22
194,196,22
195,196,22
196,196,22
197,196,22
199,196,22
201,196,22
198,196,22
199,196,22
199,196,22
197,196,22
199,196,22
200,196,22
201,196,22
205,196,22
204,196,22
201,196,22
200,196,22
201,196,22
203,196,22
205,196,22
203,196,22
204,196,22
207,196,22
205,196,22
204,196,22
206,196,22
207,196,22
208,196,22
207,196,22
206,196,22
205,196,22
206,196,22
208,196,22
205,196,22
208,216,22
208,216,22
208,216,22
210,216,22
211,216,22
209,216,22
210,216,22
209,216,22
206,216,22
204,216,22
202,216,22
198,216,22
199,216,22
203,216,22
204,216,22
204,216,22
203,216,22
202,223,22
203,223,22
202,223,22
204,223,22
202,223,22
204,223,22
204,223,22
201,196,22
202,196,22
199,196,22
198,196,22
200,196,22
202,196,22
203,196,22
197,196,22
198,196,22
199,196,22
198,196,22
196,196,22
194,196,22
194,196,22
194,196,22
193,196,22
194,196,22
197,196,22
200,196,22
194,196,22
191,196,22
192,196,22
192,196,22
189,196,22
190,196,22
190,196,22
189,196,22
189,190,22
189,190,22
185,190,22
184,190,22
183,190,22
181,190,22
181,193,22
180,193,22
182,193,22
183,193,22
183,193,22
182,193,22
187,193,22
187,193,22
188,193,22
189,193,22
188,193,22
189,193,22
190,193,22
191,198,22
191,198,22
188,198,22
187,198,22
186,198,22
189,198,22
191,168,22
190,168,22
193,168,22
195,168,22
192,168,22
195,168,22
197,168,22
198,168,22
196,168,22
197,168,22
196,168,22
198,168,22
202,168,22
204,168,22
202,168,22
203,208,22
204,208,22
207,208,22
206,208,22
210,208,22
208,208,22
212,219,22
212,219,22
212,219,22
210,219,22
208,219,22
211,219,22
213,219,22
209,219,22
210,219,22
208,219,22
208,219,22
207,208,22
204,208,22
205,208,22
206,208,22
207,208,22
208,208,22
211,208,22
211,208,22
212,208,22
210,208,22
210,208,22
207,208,22
207,208,22
209,208,22
208,208,22
205,208,22
205,208,22
202,208,22
201,208,22
199,208,22
198,208,22
198,208,22
197,208,22
195,208,22
194,208,22
190,208,22
190,208,22
189,208,22
189,208,22
189,208,22
189,208,22
190,208,22
190,208,22
187,208,22
191,208,22
194,208,22
196,208,22
192,208,22
193,208,22
195,208,22
198,208,22
197,208,22
198,208,22
198,208,22
200,208,22
201,208,22
203,208,22
204,208,22
205,208,22
203,208,22
203,208,22
206,208,22
205,208,22
203,208,22
199,208,22
201,208,22
197,208,22
199,208,22
200,208,22
201,208,22
201,210,22
198,210,22
197,210,22
198,210,22
196,210,22
197,210,22
195,210,22
196,210,22
196,210,22
195,210,22
195,210,22
193,210,22
192,210,22
193,210,22
193,210,22
190,210,22
191,210,22
191,210,22
190,210,22
188,210,22
193,210,22
194,210,22
196,210,22
195,210,22
196,199,22
195,199,22
197,199,22
199,199,22
198,199,22
199,199,22
199,199,22
199,199,22
200,199,22
199,199,22
196,199,22
196,199,22
196,199,22
197,199,22
197,199,22
196,199,22
196,199,22
196,199,22
198,199,22
200,199,22
202,199,22
198,199,22
197,199,22
200,199,22
202,199,22
202,172,22
199,172,22
200,172,22
200,172,22
202,172,22
200,172,22
201,172,22
201,172,22
198,172,22
199,172,22
199,172,22
199,172,22
202,172,22
204,172,22
202,172,22
199,172,22
204,183,22
204,183,22
202,183,22
206,183,22
208,183,22
207,183,22
207,183,22
210,183,22
211,183,22
211,183,22
211,183,22
210,183,22
209,183,22
213,183,22
214,193,22
215,193,22
215,193,22
214,193,22
215,193,22
215,193,22
212,193,22
213,193,22
217,193,22
218,193,22
217,193,22
217,193,22
222,193,22
222,193,22
218,193,22
220,193,22
221,193,22
220,193,22
223,193,22
225,193,22
229,193,22
227,193,22
226,193,22
226,193,22
228,193,22
231,193,22
230,252,22
230,252,22
227,252,22
227,252,22
229,252,22
229,252,22
229,252,22
228,252,22
229,252,22
227,252,22
226,252,22
226,252,22
225,252,22
225,252,22
228,252,22
227,252,22
229,252,22
225,252,22
228,252,22
224,252,22
227,252,22
224,252,22
224,252,22
226,252,22
227,252,22
227,252,22
225,252,22
224,252,22
226,252,22
223,252,22
222,252,22
223,252,22
223,252,22
226,252,22
225,252,22
226,200,22
227,200,22
226,200,22
227,200,22
223,200,22
224,200,22
223,220,22
219,220,22
217,220,22
212,220,22
214,220,22
213,220,22
213,220,22
214,220,22
213,220,22
211,220,22
214,220,22
214,220,22
214,220,22
215,225,22
215,225,22
212,225,22
212,225,22
216,225,22
219,225,22
220,208,22
222,208,22
225,208,22
223,208,22
224,208,22
223,208,22
224,198,22
224,198,22
223,198,22
224,198,22
222,198,22
222,198,22
223,198,22
222,198,22
225,198,22
226,198,22
224,198,22
223,212,22
221,212,22
223,212,22
218,212,22
220,212,22
215,212,22
213,212,22
214,212,22
213,212,22
210,211,22
209,211,22
206,211,22
205,211,22
204,211,22
199,211,22
201,180,22
198,180,22
199,180,22
196,180,22
195,180,22
198,180,22
198,180,22
193,180,22
196,180,22
196,180,22
200,180,22
198,180,22
198,180,22
200,180,22
197,180,22
196,180,22
202,180,22
201,180,22
203,180,22
203,180,22
205,180,22
208,225,22
211,225,22
210,225,22
210,225,22
209,225,22
209,225,22
208,225,22
210,225,22
210,225,22
210,225,22
210,225,22
207,225,22
206,211,22
204,211,22
203,211,22
199,211,22
200,211,22
199,211,22
199,211,22
200,211,22
202,211,22
199,211,22
195,211,22
192,211,22
196,211,22
198,211,22
197,211,22
198,211,22
200,211,22
199,211,22
199,187,22
198,187,22
197,187,22
197,187,22
200,187,22
199,187,22
199,187,22
201,196,22
200,196,22
199,196,22
196,196,22
196,196,22
192,196,22
191,196,22
192,196,22
194,196,22
198,216,22
197,216,22
197,216,22
195,216,22
192,216,22
195,216,22
194,216,22
195,216,22
194,216,22
192,216,22
192,216,22
195,216,22
196,216,22
197,216,22
201,216,22
204,216,22
207,216,22
210,216,22
210,216,22
211,213,22
207,213,22
206,213,22
206,213,22
207,213,22
206,213,22
203,213,22
204,213,22
204,213,22
202,213,22
208,213,22
207,213,22
209,213,22
207,213,22
209,213,22
207,183,22
206,183,22
210,183,22
211,183,22
211,183,22
212,183,22
212,183,22
211,183,22
212,183,22
212,183,22
212,183,22
213,183,22
216,183,22
216,183,22
216,183,22
215,183,22
216,183,22
214,183,22
215,183,22
213,183,22
213,183,22
214,183,22
215,219,22
213,219,22
214,219,22
215,219,22
214,219,22
211,219,22
212,219,22
211,219,22
211,219,22
209,219,22
206,219,22
206,219,22
205,219,22
203,219,22
201,219,22
204,219,22
204,219,22
202,219,22
203,219,22
202,219,22
203,219,22
207,219,22
204,219,22
202,219,22
201,219,22
202,216,22
202,216,22
203,216,22
205,216,22
204,216,22
205,216,22
203,216,22
202,216,22
203,216,22
203,216,22
204,216,22
207,216,22
206,191,22
210,191,22
208,191,22
204,191,22
205,191,22
206,191,22
204,191,22
205,191,22
205,191,22
208,191,22
210,191,22
209,191,22
207,191,22
206,191,22
208,191,22
207,191,22
207,191,22
207,191,22
205,191,22
200,191,22
199,191,22
199,191,22
196,170,22
195,170,22
197,170,22
195,170,22
194,170,22
193,170,22
193,170,22
194,170,22
193,170,22
193,170,22
192,201,22
192,201,22
194,201,22
193,201,22
194,201,22
194,201,22
194,201,22
192,201,22
189,201,22
190,201,22
188,201,22
189,201,22
190,201,22
191,201,22
191,201,22
192,201,22
190,201,22
188,201,22
188,178,22
189,178,22
190,178,22
189,178,22
188,178,22
186,178,22
182,178,22
182,178,22
185,178,22
186,178,22
184,178,22
185,178,22
185,200,22
183,200,22
185,200,22
182,200,22
182,200,22
181,200,22
181,200,22
180,200,22
179,200,22
175,200,22
173,131,22
173,131,22
171,131,22
172,131,22
172,131,22
171,131,22
171,131,22
170,131,22
173,131,22
173,131,22
174,131,22
174,131,22
174,181,22
176,181,22
176,181,22
179,181,22
180,181,22
180,181,22
181,181,22
182,181,22
183,181,22
180,181,22
184,181,22
183,181,22
183,181,22
187,181,22
187,181,22
185,186,22
185,186,22
191,186,22
185,186,22
183,186,22
187,186,22
185,186,22
188,186,22
190,186,22
194,186,22
193,186,22
192,186,22
193,186,22
196,186,22
199,184,22
198,184,22
200,184,22
199,184,22
199,184,22
199,184,22
199,184,22
203,184,22
201,184,22
204,184,22
205,184,22
205,184,22
205,184,22
205,184,22
202,184,22
201,184,22
200,218,22
202,218,22
196,218,22
194,218,22
193,218,22
195,218,22
194,218,22
192,218,22
193,218,22
193,218,22
194,218,22
195,218,22
197,218,22
198,218,22
197,218,22
197,218,22
198,218,22
200,218,22
199,218,22
197,218,22
192,203,22
190,203,22
187,203,22
186,203,22
187,203,22
183,203,22
179,203,22
176,203,22
178,203,22
178,203,22
176,203,22
177,203,22
177,203,22
175,203,22
173,203,22
175,203,22
174,203,22
172,203,22
171,203,22
168,203,22
169,203,22
167,203,22
167,203,22
164,203,22
163,203,22
162,203,22
165,203,22
162,203,22
159,203,22
163,203,22
162,203,22
158,203,22
159,203,22
161,203,22
164,203,22
161,203,22
163,203,22
160,203,22
161,203,22
160,203,22
158,203,22
158,203,22
159,203,22
163,203,22
166,203,22
167,203,22
167,203,22
170,203,22
169,203,22
165,203,22
166,203,22
167,203,22
168,203,22
169,203,22
167,203,22
170,203,22
172,182,22
172,182,22
171,182,22
172,182,22
169,182,22
174,182,22
174,182,22
171,182,22
173,139,22
174,139,22
172,139,22
171,139,22
169,139,22
172,139,22
172,139,22
170,139,22
172,139,22
172,139,22
173,139,22
171,139,22
170,139,22
168,139,22
168,139,22
170,139,22
169,181,22
171,181,22
169,181,22
167,181,22
169,181,22
167,181,22
169,181,22
173,181,22
173,181,22
176,181,22
179,181,22
179,181,22
179,181,22
182,181,22
180,181,22
181,181,22
179,181,22
175,181,22
175,181,22
176,181,22
174,181,22
174,181,22
173,181,22
173,181,22
175,181,22
175,181,22
174,181,22
172,181,22
175,188,22
176,188,22
177,188,22
177,188,22
175,188,22
175,188,22
174,188,22
175,188,22
178,188,22
179,188,22
180,188,22
180,188,22
178,148,22
180,148,22
180,148,22
181,148,22
180,148,22
180,148,22
183,148,22
182,148,22
183,148,22
179,148,22
180,148,22
180,148,22
181,148,22
181,192,22
177,192,22
178,192,22
180,192,22
180,192,22
180,192,22
180,192,22
178,183,22
174,183,22
176,183,22
179,183,22
180,183,22
187,183,22
186,183,22
188,183,22
189,183,22
188,183,22
184,183,22
184,183,22
182,183,22
179,183,22
181,183,22
180,183,22
179,183,22
179,183,22
177,183,22
174,183,22
177,183,22
176,183,22
176,183,22
171,183,22
170,183,22
167,183,22
169,183,22
171,183,22
169,183,22
166,183,22
164,183,22
166,183,22
165,183,22
165,183,22
167,183,22
165,183,22
162,183,22
161,183,22
161,183,22
163,183,22
163,183,22
163,183,22
164,174,22
166,174,22
168,174,22
168,174,22
166,174,22
166,174,22
162,174,22
161,174,22
163,174,22
161,174,22
161,174,22
164,174,22
164,160,22
163,160,22
165,160,22
165,160,22
166,160,22
166,160,22
166,160,22
167,160,22
167,160,22
171,160,22
172,160,22
172,160,22
167,160,22
167,160,22
166,160,22
167,160,22
167,160,22
167,160,22
166,160,22
164,160,22
161,160,22
159,160,22
161,178,22
163,178,22
164,178,22
165,178,22
165,178,22
167,178,22
166,178,22
168,178,22
169,178,22
168,178,22
166,178,22
165,178,22
167,178,22
165,178,22
166,178,22
166,178,22
161,178,22
161,178,22
163,178,22
160,178,22
163,178,22
163,178,22
164,178,22
160,178,22
161,178,22
158,178,22
158,178,22
154,178,22
151,178,22
157,178,22
150,178,22
152,178,22
154,178,22
150,178,22
153,161,22
152,161,22
153,161,22
152,161,22
152,161,22
150,161,22
149,161,22
148,161,22
147,161,22
150,161,22
146,161,22
147,161,22
148,161,22
149,166,22
150,166,22
151,166,22
153,166,22
151,166,22
152,166,22
151,166,22
154,166,22
154,166,22
156,166,22
156,166,22
157,166,22
158,166,22
160,166,22
159,166,22
155,166,22
159,166,22
156,166,22
156,166,22
155,166,22
155,194,22
156,194,22
155,194,22
156,194,22
154,194,22
152,194,22
152,194,22
153,194,22
153,194,22
154,194,22
154,194,22
153,194,22
151,194,22
152,194,22
153,194,22
149,194,22
150,194,22
150,194,22
150,194,22
153,147,22
154,147,22
155,147,22
154,147,22
152,147,22
150,147,22
151,147,22
149,147,22
150,147,22
149,147,22
147,147,22
148,147,22
146,147,22
148,147,22
147,147,22
149,147,22
149,147,22
149,147,22
150,147,22
149,147,22
148,147,22
150,147,22
153,147,22
150,147,22
149,147,22
149,147,22
148,147,22
147,147,22
146,147,22
148,147,22
150,147,22
149,147,22
152,147,22
149,147,22
146,147,22
150,147,22
150,147,22
149,147,22
149,147,22
148,147,22
144,147,22
145,147,22
143,147,22
147,147,22
148,147,22
151,147,22
151,147,22
149,147,22
151,147,22
152,147,22
152,147,22
150,147,22
149,147,22
147,147,22
151,148,22
149,148,22
149,148,22
151,148,22
151,148,22
152,148,22
151,169,22
153,169,22
152,169,22
153,169,22
153,169,22
153,169,22
153,169,22
149,169,22
155,169,22
153,169,22
153,169,22
153,151,22
154,151,22
151,151,22
154,151,22
155,151,22
158,151,22
162,151,22
162,151,22
162,151,22
160,151,22
159,151,22
158,151,22
156,151,22
159,151,22
159,151,22
161,151,22
164,151,22
165,151,22
169,151,22
169,151,22
170,151,22
168,151,22
167,151,22
168,151,22
169,151,22
170,151,22
169,151,22
168,151,22
166,151,22
164,151,22
162,151,22
159,151,22
157,151,22
164,151,22
164,151,22
162,151,22
161,151,22
159,151,22
160,151,22
163,151,22
161,151,22
160,151,22
163,157,22
163,157,22
158,157,22
160,157,22
155,157,22
154,157,22
154,157,22
155,157,22
154,157,22
154,157,22
158,157,22
161,157,22
161,157,22
157,157,22
153,157,22
154,157,22
153,157,22
155,157,22
151,157,22
151,157,22
150,157,22
151,157,22
150,157,22
152,157,22
154,157,22
154,157,22
153,157,22
150,157,22
151,157,22
153,157,22
152,134,22
151,134,22
152,134,22
150,134,22
151,134,22
151,134,22
148,134,22
147,134,22
145,134,22
143,134,22
142,134,22
144,134,22
142,134,22
143,134,22
141,134,22
143,134,22
142,134,22
144,134,22
140,134,22
139,134,22
143,134,22
145,134,22
146,134,22
142,134,22
140,134,22
140,134,22
141,134,22
137,134,22
143,134,22
144,134,22
141,134,22
140,134,22
142,134,22
141,134,22
139,134,22
138,134,22
135,134,22
135,134,22
133,134,22
133,134,22
133,134,22
138,134,22
137,134,22
135,134,22
136,134,22
131,134,22
130,134,22
131,134,22
132,134,22
133,134,22
134,147,22
133,147,22
131,147,22
129,147,22
131,147,22
134,147,22
133,147,22
132,147,22
132,147,22
136,147,22
135,147,22
134,147,22
134,147,22
136,147,22
135,147,22
132,147,22
128,147,22
132,147,22
130,147,22
131,147,22
130,147,22
132,147,22
133,147,22
133,147,22
131,147,22
133,128,22
132,128,22
131,128,22
135,128,22
135,128,22
138,128,22
139,128,22
141,128,22
138,128,22
137,128,22
133,128,22
135,128,22
136,128,22
136,128,22
138,128,22
133,128,22
131,128,22
128,128,22
125,128,22
126,128,22
124,99,22
124,99,22
124,99,22
122,99,22
120,99,22
121,99,22
122,99,22
124,99,22
124,99,22
124,99,22
125,99,22
125,99,22
126,99,22
128,99,22
131,99,22
130,99,22
128,141,22
128,141,22
128,141,22
129,141,22
130,141,22
128,141,22
129,141,22
128,141,22
130,141,22
128,141,22
127,141,22
127,141,22
125,141,22
123,141,22
120,141,22
120,141,22
119,141,22
121,141,22
115,141,22
114,141,22
114,141,22
111,141,22
110,141,22
110,141,22
109,141,22
110,112,22
110,112,22
107,112,22
106,112,22
107,112,22
105,112,22
102,112,22
101,112,22
104,112,22
103,112,22
101,112,22
100,112,22
99,112,22
96,112,22
95,112,22
95,112,22
93,112,22
92,112,22
94,66,22
92,66,22
92,66,22
93,66,22
94,66,22
94,66,22
95,66,22
97,66,22
93,66,22
90,66,22
92,66,22
92,66,22
95,66,22
93,66,22
94,66,22
92,66,22
96,66,22
98,66,22
93,66,22
94,66,22
95,66,22
96,66,22
95,66,22
96,66,22
97,66,22
96,66,22
94,66,22
93,66,22
91,66,22
91,66,22
91,66,22
92,66,22
92,66,22
90,66,22
90,66,22
91,66,22
91,66,22
94,66,22
91,66,22
89,66,22
87,66,22
86,66,22
90,66,22
93,66,22
94,66,22
94,66,22
93,66,22
94,66,22
99,66,22
98,66,22
99,66,22
95,66,22
93,66,22
93,66,22
93,66,22
94,66,22
97,66,22
93,66,22
93,66,22
92,98,22
92,98,22
96,98,22
97,98,22
95,98,22
97,98,22
94,98,22
96,98,22
94,98,22
93,98,22
92,98,22
92,98,22
88,98,22
91,98,22
91,98,22
93,98,22
94,98,22
93,98,22
93,98,22
92,98,22
92,86,22
92,86,22
90,86,22
87,86,22
89,86,22
90,86,22
91,86,22
90,86,22
92,86,22
92,86,22
95,86,22
96,86,22
96,86,22
96,86,22
99,86,22
101,86,22
100,86,22
102,80,22
101,80,22
101,80,22
102,80,22
104,80,22
102,80,22
104,80,22
104,80,22
105,80,22
109,80,22
109,80,22
110,80,22
110,80,22
110,80,22
110,80,22
108,80,22
107,80,22
104,80,22
107,80,22
108,80,22
107,80,22
105,80,22
102,80,22
102,80,22
102,91,22
102,91,22
99,91,22
98,91,22
101,91,22
103,91,22
105,91,22
108,91,22
106,91,22
108,91,22
103,91,22
106,91,22
106,91,22
105,91,22
104,91,22
106,91,22
105,91,22
104,91,22
107,91,22
106,91,22
103,91,22
102,91,22
104,91,22
104,91,22
105,91,22
105,91,22
107,91,22
106,91,22
106,91,22
110,91,22
110,91,22
110,91,22
109,91,22
110,91,22
108,91,22
111,91,22
107,91,22
107,91,22
109,91,22
109,91,22
107,91,22
108,91,22
105,91,22
106,146,22
103,146,22
105,146,22
109,146,22
113,146,22
112,146,22
111,146,22
110,146,22
109,146,22
107,146,22
108,146,22
112,146,22
114,103,22
116,103,22
114,103,22
114,103,22
117,103,22
116,103,22
117,103,22
114,103,22
116,103,22
114,103,22
115,139,22
113,139,22
112,139,22
113,139,22
113,139,22
113,139,22
111,139,22
110,139,22
110,139,22
114,139,22
114,139,22
116,139,22
116,139,22
115,139,22
115,139,22
117,139,22
119,139,22
118,139,22
116,139,22
120,139,22
119,139,22
120,139,22
121,139,22
123,139,22
120,139,22
121,139,22
122,139,22
123,139,22
122,139,22
127,139,22
124,139,22
125,139,22
120,139,22
122,139,22
125,139,22
127,139,22
127,139,22
126,139,22
128,139,22
130,130,22
131,130,22
133,130,22
134,130,22
137,130,22
137,130,22
134,130,22
133,130,22
128,130,22
129,130,22
128,130,22
127,100,22
123,100,22
125,100,22
125,100,22
124,100,22
127,100,22
127,100,22
127,100,22
126,100,22
128,100,22
124,100,22
123,100,22
121,100,22
124,100,22
121,100,22
120,100,22
124,100,22
126,100,22
129,100,22
129,100,22
130,142,22
130,142,22
131,142,22
130,142,22
130,142,22
127,142,22
130,142,22
132,142,22
133,142,22
134,142,22
134,142,22
134,142,22
132,142,22
133,142,22
132,142,22
131,142,22
132,142,22
132,142,22
132,142,22
131,161,22
133,161,22
130,161,22
131,161,22
128,161,22
132,161,22
135,161,22
137,161,22
135,161,22
135,153,22
133,153,22
130,153,22
134,153,22
135,153,22
136,153,22
136,153,22
140,153,22
137,153,22
139,153,22
140,153,22
139,153,22
138,153,22
138,153,22
140,153,22
136,153,22
137,153,22
138,153,22
141,153,22
140,153,22
139,153,22
143,153,22
140,153,22
143,153,22
144,153,22
143,153,22
142,153,22
139,153,22
139,153,22
136,153,22
136,153,22
138,153,22
135,153,22
137,153,22
136,153,22
132,153,22
132,153,22
133,153,22
131,128,22
132,128,22
129,128,22
130,128,22
129,128,22
130,128,22
130,128,22
126,128,22
126,128,22
127,128,22
126,128,22
123,128,22
124,128,22
124,128,22
123,128,22
122,128,22
125,128,22
123,128,22
123,128,22
122,128,22
123,128,22
127,128,22
130,128,22
132,161,22
137,161,22
139,161,22
137,161,22
137,161,22
136,161,22
136,161,22
134,161,22
132,145,22
131,145,22
129,145,22
132,145,22
135,145,22
135,145,22
135,145,22
135,145,22
135,145,22
136,145,22
139,145,22
137,145,22
137,145,22
134,145,22
131,145,22
133,145,22
133,145,22
134,145,22
136,114,22
136,114,22
137,114,22
141,114,22
140,114,22
138,114,22
135,114,22
133,114,22
131,114,22
133,114,22
132,114,22
134,114,22
133,114,22
131,114,22
133,114,22
138,114,22
137,114,22
139,114,22
138,114,22
138,140,22
137,140,22
134,140,22
134,140,22
130,140,22
132,140,22
134,140,22
136,140,22
139,140,22
136,140,22
137,140,22
136,140,22
137,140,22
136,140,22
136,140,22
138,140,22
137,140,22
134,140,22
133,140,22
136,140,22
133,140,22
134,140,22
136,140,22
133,140,22
133,140,22
131,140,22
130,140,22
128,134,22
128,134,22
124,134,22
121,134,22
120,134,22
124,134,22
124,134,22
123,134,22
126,134,22
124,134,22
128,134,22
125,134,22
124,134,22
121,134,22
119,134,22
120,134,22
119,114,22
118,114,22
120,114,22
122,114,22
123,114,22
123,114,22
125,114,22
125,114,22
125,114,22
127,114,22
129,114,22
130,114,22
132,114,22
132,114,22
130,114,22
130,114,22
128,114,22
127,114,22
131,114,22
129,114,22
126,114,22
129,114,22
131,114,22
132,114,22
135,114,22
132,114,22
132,114,22
134,114,22
136,114,22
134,114,22
135,114,22
136,165,22
135,165,22
135,165,22
139,165,22
137,165,22
136,165,22
139,165,22
142,165,22
140,165,22
141,165,22
142,165,22
142,165,22
141,165,22
143,165,22
142,165,22
145,165,22
145,165,22
145,165,22
144,165,22
142,165,22
146,165,22
146,165,22
148,165,22
151,165,22
154,165,22
155,165,22
156,165,22
155,148,22
157,148,22
156,148,22
151,148,22
151,148,22
149,148,22
151,148,22
152,148,22
154,148,22
157,148,22
158,148,22
158,148,22
159,148,22
156,148,22
155,148,22
156,148,22
153,148,22
155,148,22
159,148,22
155,148,22
155,148,22
158,148,22
158,148,22
160,148,22
160,148,22
162,148,22
162,148,22
162,148,22
162,148,22
162,148,22
168,148,22
169,148,22
170,148,22
170,148,22
169,148,22
168,148,22
168,148,22
170,148,22
167,148,22
170,148,22
169,148,22
171,148,22
172,148,22
175,148,22
174,213,22
177,213,22
175,213,22
174,213,22
172,213,22
171,213,22
170,213,22
172,213,22
173,213,22
175,213,22
175,213,22
175,213,22
176,213,22
177,213,22
179,213,22
179,213,22
178,213,22
177,213,22
179,213,22
178,213,22
174,213,22
174,213,22
177,213,22
174,213,22
178,213,22
177,213,22
177,213,22
178,213,22
177,213,22
177,213,22
177,213,22
179,213,22
179,213,22
182,213,22
184,213,22
186,213,22
183,213,22
179,213,22
183,213,22
186,213,22
189,196,22
189,196,22
183,196,22
182,196,22
184,196,22
185,196,22
184,196,22
185,196,22
183,196,22
186,196,22
182,196,22
182,196,22
181,196,22
180,196,22
179,196,22
183,196,22
184,196,22
182,196,22
184,196,22
181,196,22
181,196,22
180,196,22
180,196,22
176,196,22
177,196,22
177,196,22
177,196,22
181,196,22
180,196,22
179,196,22
177,196,22
176,196,22
180,196,22
181,200,22
180,200,22
180,200,22
178,200,22
174,200,22
175,200,22
176,200,22
175,200,22
169,200,22
171,200,22
174,200,22
176,181,22
174,181,22
174,181,22
172,181,22
174,181,22
174,181,22
176,181,22
176,181,22
171,181,22
173,181,22
171,181,22
171,211,22
170,211,22
169,211,22
170,211,22
173,211,22
175,211,22
174,211,22
172,211,22
173,211,22
173,135,22
171,135,22
168,135,22
165,135,22
162,135,22
159,135,22
161,135,22
158,135,22
159,135,22
159,135,22
156,135,22
156,135,22
154,135,22
153,135,22
158,135,22
157,135,22
157,135,22
158,135,22
157,135,22
158,135,22
157,135,22
154,135,22
151,135,22
151,135,22
149,135,22
147,135,22
146,135,22
143,135,22
141,135,22
139,135,22
139,135,22
137,169,22
137,169,22
138,169,22
138,169,22
138,169,22
137,169,22
135,169,22
139,169,22
138,169,22
134,169,22
132,169,22
132,169,22
135,169,22
132,169,22
135,169,22
138,169,22
136,169,22
135,169,22
135,169,22
136,169,22
137,169,22
135,169,22
135,169,22
134,169,22
131,169,22
129,169,22
127,169,22
128,169,22
128,169,22
125,169,22
124,169,22
123,169,22
125,169,22
126,169,22
127,169,22
128,169,22
125,169,22
120,136,22
119,136,22
114,136,22
114,136,22
114,136,22
111,136,22
110,136,22
109,136,22
112,136,22
113,136,22
113,136,22
112,136,22
108,136,22
105,79,22
103,79,22
104,79,22
102,79,22
102,79,22
101,79,22
99,79,22
97,79,22
94,79,22
95,79,22
94,79,22
94,79,22
95,79,22
98,79,22
97,79,22
96,79,22
97,79,22
97,79,22
99,79,22
100,79,22
100,79,22
98,79,22
101,79,22
100,73,22
98,73,22
97,73,22
97,73,22
93,73,22
94,73,22
95,73,22
92,73,22
96,73,22
93,73,22
92,73,22
93,73,22
95,73,22
94,73,22
95,73,22
92,73,22
93,73,22
95,73,22
95,94,22
97,94,22
97,94,22
98,94,22
99,94,22
102,94,22
100,94,22
100,94,22
96,113,22
98,113,22
99,113,22
99,113,22
100,113,22
101,113,22
98,113,22
99,113,22
98,113,22
96,113,22
95,113,22
93,113,22
91,113,22
90,113,22
92,113,22
92,113,22
89,85,22
87,85,22
91,85,22
92,85,22
93,85,22
94,85,22
91,85,22
91,85,22
90,85,22
89,85,22
88,85,22
91,85,22
90,85,22
90,85,22
89,85,22
86,85,22
83,85,22
82,85,22
80,90,22
79,90,22
80,90,22
80,90,22
81,90,22
81,90,22
81,90,22
80,90,22
81,90,22
78,90,22
76,90,22
75,90,22
76,90,22
75,90,22
73,90,22
74,90,22
72,90,22
70,90,22
69,90,22
69,90,22
68,90,22
68,90,22
67,90,22
68,90,22
68,90,22
69,90,22
72,90,22
69,90,22
72,90,22
72,90,22
72,90,22
72,90,22
71,90,22
71,90,22
74,90,22
77,90,22
77,90,22
79,90,22
75,90,22
74,90,22
72,90,22
74,90,22
71,90,22
69,90,22
68,90,22
65,90,22
64,42,22
67,42,22
65,42,22
65,42,22
65,42,22
67,42,22
69,42,22
67,42,22
70,42,22
72,79,22
73,79,22
74,79,22
75,79,22
73,79,22
76,79,22
77,79,22
74,79,22
76,79,22
75,79,22
77,79,22
77,79,22
77,92,22
79,92,22
82,92,22
82,92,22
81,92,22
83,92,22
86,92,22
87,92,22
87,92,22
85,92,22
86,92,22
87,92,22
81,92,22
82,92,22
82,92,22
79,92,22
77,92,22
79,92,22
79,92,22
79,92,22
79,92,22
77,92,22
76,92,22
76,92,22
79,92,22
82,92,22
86,92,22
85,92,22
83,92,22
83,92,22
80,92,22
81,92,22
82,92,22
79,92,22
78,92,22
73,92,22
75,92,22
74,92,22
72,92,22
69,94,22
69,94,22
68,94,22
65,94,22
65,94,22
68,94,22
67,94,22
64,94,22
67,94,22
66,94,22
65,94,22
64,94,22
63,94,22
63,94,22
59,63,22
60,63,22
62,63,22
61,63,22
63,63,22
62,63,22
59,63,22
57,63,22
54,63,22
50,63,22
52,63,22
50,21,22
47,21,22
45,21,22
43,21,22
43,21,22
43,21,22
45,21,22
47,21,22
47,21,22
48,21,22
49,21,22
49,21,22
49,21,22
51,21,22
51,21,22
50,21,22
49,21,22
49,21,22
48,21,22
50,21,22
48,21,22
45,21,22
48,21,22
46,21,22
49,21,22
49,21,22
50,21,22
53,21,22
52,21,22
49,21,22
47,21,22
49,21,22
52,21,22
54,21,22
54,21,22
51,21,22
49,21,22
49,21,22
51,21,22
55,21,22
52,21,22
55,21,22
56,21,22
55,61,22
54,61,22
55,61,22
56,61,22
53,61,22
50,61,22
51,61,22
48,61,22
49,61,22
53,61,22
54,61,22
54,61,22
55,61,22
53,61,22
56,61,22
56,61,22
60,61,22
59,61,22
61,61,22
64,61,22
65,61,22
68,61,22
67,61,22
63,61,22
66,61,22
68,61,22
67,61,22
67,61,22
67,61,22
66,61,22
65,61,22
66,61,22
70,61,22
73,61,22
75,61,22
73,61,22
70,61,22
70,61,22
73,61,22
74,61,22
74,61,22
73,74,22
74,74,22
70,74,22
74,74,22
75,74,22
75,74,22
78,74,22
77,74,22
74,74,22
74,74,22
77,74,22
75,89,22
76,89,22
75,89,22
76,89,22
78,89,22
77,89,22
77,89,22
76,89,22
72,89,22
70,89,22
70,89,22
68,89,22
71,89,22
75,89,22
74,89,22
75,89,22
74,89,22
75,89,22
78,89,22
72,89,22
75,89,22
78,89,22
76,89,22
77,89,22
75,89,22
74,89,22
73,89,22
74,89,22
73,89,22
75,89,22
73,89,22
72,89,22
72,89,22
73,89,22
72,89,22
71,89,22
69,89,22
71,89,22
71,89,22
76,93,22
74,93,22
72,93,22
70,93,22
67,93,22
65,93,22
66,93,22
67,88,22
70,88,22
69,88,22
73,88,22
75,88,22
78,88,22
82,88,22
84,88,22
82,88,22
80,88,22
79,88,22
77,88,22
76,88,22
79,88,22
79,88,22
77,88,22
79,88,22
79,88,22
79,88,22
78,88,22
77,88,22
74,88,22
74,88,22
71,88,22
71,88,22
71,88,22
74,88,22
71,88,22
74,88,22
74,88,22
76,88,22
76,88,22
78,88,22
78,88,22
78,88,22
76,88,22
75,88,22
76,88,22
77,88,22
77,88,22
77,88,22
77,88,22
74,88,22
73,88,22
71,88,22
68,88,22
66,88,22
67,88,22
70,91,22
70,91,22
72,91,22
74,91,22
74,91,22
75,91,22
73,91,22
73,91,22
73,91,22
73,91,22
74,91,22
74,91,22
78,91,22
80,91,22
79,91,22
81,53,22
80,53,22
78,53,22
80,53,22
80,53,22
80,53,22
79,53,22
78,53,22
79,53,22
78,53,22
78,53,22
77,53,22
77,53,22
79,35,22
83,35,22
83,35,22
80,35,22
77,35,22
77,35,22
77,35,22
78,35,22
78,35,22
75,35,22
76,35,22
76,35,22
72,35,22
74,35,22
72,35,22
75,55,22
72,55,22
72,55,22
75,55,22
74,55,22
75,55,22
68,55,22
67,55,22
65,55,22
67,55,22
68,55,22
68,55,22
67,55,22
70,55,22
73,55,22
72,55,22
73,55,22
77,55,22
75,55,22
72,55,22
74,55,22
70,55,22
69,55,22
68,55,22
65,55,22
66,55,22
68,55,22
68,55,22
68,55,22
70,55,22
71,55,22
68,55,22
70,55,22
71,55,22
69,55,22
68,55,22
69,55,22
69,55,22
67,55,22
65,55,22
64,55,22
65,55,22
67,55,22
69,49,22
69,49,22
73,49,22
74,49,22
73,49,22
75,49,22
75,49,22
76,49,22
74,49,22
73,49,22
76,49,22
74,49,22
76,49,22
75,49,22
76,49,22
76,49,22
74,49,22
74,49,22
75,49,22
73,49,22
77,49,22
78,49,22
76,49,22
78,49,22
81,49,22
78,49,22
76,49,22
74,49,22
76,49,22
78,49,22
78,49,22
79,49,22
76,49,22
79,76,22
77,76,22
78,76,22
79,76,22
80,76,22
81,76,22
79,76,22
75,76,22
78,76,22
78,76,22
80,76,22
82,76,22
78,76,22
76,76,22
77,76,22
81,76,22
82,76,22
82,76,22
81,76,22
81,76,22
80,76,22
83,80,22
86,80,22
82,80,22
82,80,22
81,80,22
81,80,22
80,80,22
83,80,22
83,87,22
79,87,22
83,87,22
82,87,22
81,87,22
78,87,22
77,87,22
80,87,22
77,87,22
80,87,22
83,87,22
85,87,22
87,87,22
84,87,22
86,87,22
86,87,22
84,87,22
84,87,22
83,87,22
81,87,22
81,87,22
82,87,22
79,87,22
79,87,22
80,87,22
78,87,22
80,87,22
78,87,22
80,87,22
78,87,22
82,87,22
80,87,22
78,87,22
79,87,22
78,87,22
76,87,22
74,87,22
72,87,22
69,87,22
70,87,22
68,107,22
69,107,22
69,107,22
69,107,22
67,107,22
69,107,22
66,107,22
67,107,22
69,107,22
70,107,22
71,55,22
71,55,22
71,55,22
69,55,22
70,55,22
68,55,22
71,55,22
73,55,22
75,55,22
78,55,22
82,55,22
82,55,22
84,55,22
84,55,22
84,55,22
86,55,22
83,95,22
84,95,22
84,95,22
84,95,22
86,95,22
89,95,22
90,95,22
88,95,22
89,110,22
87,110,22
86,110,22
87,110,22
82,110,22
83,110,22
84,110,22
85,110,22
88,110,22
86,110,22
84,110,22
88,110,22
89,110,22
88,110,22
87,110,22
80,110,22
81,110,22
80,110,22
77,110,22
79,110,22
79,110,22
80,110,22
78,110,22
79,110,22
79,110,22
78,110,22
75,110,22
80,110,22
77,110,22
77,110,22
74,110,22
74,110,22
72,110,22
71,110,22
72,110,22
67,110,22
65,128,22
65,128,22
71,128,22
70,128,22
69,128,22
71,128,22
71,63,22
70,63,22
70,63,22
71,63,22
71,63,22
73,63,22
69,63,22
72,63,22
71,63,22
72,63,22
75,63,22
75,63,22
76,63,22
75,63,22
75,63,22
75,63,22
76,63,22
80,63,22
83,63,22
86,63,22
87,63,22
85,63,22
84,63,22
85,63,22
86,93,22
87,93,22
86,93,22
86,93,22
83,93,22
84,93,22
85,93,22
84,93,22
82,93,22
80,93,22
82,93,22
86,93,22
84,93,22
86,93,22
85,94,22
83,94,22
83,94,22
85,94,22
85,94,22
85,94,22
87,94,22
87,94,22
90,73,22
91,73,22
87,73,22
87,73,22
86,73,22
88,73,22
87,73,22
86,73,22
83,73,22
81,73,22
81,73,22
83,73,22
86,73,22
83,82,22
84,82,22
86,82,22
87,82,22
85,82,22
86,82,22
85,82,22
88,82,22
89,82,22
88,82,22
86,82,22
83,82,22
86,84,22
86,84,22
85,84,22
88,84,22
89,84,22
89,84,22
88,84,22
91,84,22
91,84,22
90,69,22
88,69,22
87,69,22
87,69,22
88,69,22
88,69,22
87,69,22
91,69,22
89,69,22
87,69,22
89,69,22
89,69,22
88,69,22
89,103,22
90,103,22
90,103,22
93,103,22
95,103,22
94,103,22
97,103,22
97,103,22
97,103,22
98,103,22
97,103,22
99,103,22
101,103,22
104,103,22
105,103,22
103,103,22
106,103,22
110,103,22
110,103,22
109,103,22
105,103,22
102,103,22
102,103,22
98,103,22
97,103,22
95,103,22
92,103,22
88,103,22
90,103,22
91,103,22
89,103,22
88,103,22
90,103,22
87,103,22
90,103,22
91,103,22
90,95,22
87,95,22
88,95,22
92,95,22
94,95,22
93,95,22
93,95,22
96,95,22
96,95,22
90,95,22
90,95,22
89,95,22
88,95,22
90,95,22
91,106,22
88,106,22
88,106,22
88,106,22
86,106,22
89,106,22
88,106,22
88,74,22
87,74,22
88,74,22
86,74,22
87,74,22
90,74,22
90,74,22
91,74,22
92,74,22
89,74,22
86,74,22
88,74,22
87,74,22
85,74,22
85,74,22
83,74,22
83,74,22
80,55,22
78,55,22
84,55,22
85,55,22
88,55,22
87,55,22
88,55,22
91,55,22
91,55,22
90,55,22
90,55,22
90,55,22
90,55,22
93,55,22
93,55,22
96,55,22
98,55,22
99,55,22
99,55,22
100,55,22
103,55,22
102,55,22
103,55,22
105,55,22
103,101,22
105,101,22
106,101,22
106,101,22
103,101,22
100,101,22
99,101,22
100,101,22
97,101,22
98,101,22
99,101,22
99,101,22
100,98,22
100,98,22
99,98,22
100,98,22
99,98,22
102,98,22
103,98,22
104,98,22
103,115,22
99,115,22
99,115,22
99,115,22
99,115,22
100,115,22
99,115,22
98,115,22
97,115,22
97,115,22
95,115,22
98,115,22
100,115,22
100,115,22
103,115,22
101,115,22
101,115,22
102,115,22
101,115,22
101,115,22
100,115,22
100,115,22
100,115,22
102,115,22
101,115,22
102,115,22
99,115,22
97,115,22
97,115,22
100,115,22
100,115,22
102,115,22
102,115,22
101,115,22
99,115,22
101,115,22
99,115,22
101,115,22
101,115,22
102,115,22
103,115,22
103,115,22
106,115,22
109,128,22
110,128,22
112,128,22
115,128,22
113,128,22
112,128,22
112,128,22
117,102,22
120,102,22
120,102,22
118,102,22
117,102,22
115,102,22
116,102,22
116,102,22
117,102,22
121,102,22
117,102,22
117,102,22
118,102,22
116,102,22
115,102,22
116,102,22
120,102,22
118,102,22
122,127,22
122,127,22
121,127,22
121,127,22
121,127,22
120,127,22
118,127,22
116,127,22
113,127,22
111,127,22
111,127,22
111,127,22
112,127,22
113,127,22
116,127,22
114,127,22
114,90,22
113,90,22
112,90,22
109,90,22
107,90,22
105,90,22
104,90,22
102,90,22
102,62,22
104,62,22
102,62,22
100,62,22
99,62,22
98,62,22
97,62,22
96,62,22
94,62,22
94,62,22
95,62,22
96,62,22
94,62,22
94,62,22
91,62,22
93,62,22
91,62,22
89,62,22
87,62,22
90,62,22
88,62,22
88,62,22
89,62,22
90,62,22
87,98,22
89,98,22
90,98,22
88,98,22
83,98,22
85,98,22
87,98,22
88,98,22
89,98,22
88,98,22
89,98,22
89,98,22
90,98,22
92,98,22
92,98,22
90,98,22
90,98,22
87,98,22
88,98,22
90,98,22
90,98,22
85,98,22
86,98,22
86,98,22
89,90,22
90,90,22
91,90,22
90,90,22
90,90,22
94,90,22
96,90,22
95,90,22
94,90,22
92,90,22
96,90,22
96,90,22
96,90,22
98,90,22
99,90,22
100,90,22
102,90,22
103,90,22
102,90,22
105,90,22
104,90,22
107,128,22
110,128,22
109,128,22
108,128,22
106,128,22
105,128,22
103,131,22
105,131,22
105,131,22
106,131,22
105,131,22
107,131,22
104,131,22
101,74,22
104,74,22
102,74,22
102,74,22
103,74,22
103,74,22
101,74,22
102,74,22
102,74,22
102,74,22
100,74,22
96,74,22
96,74,22
95,74,22
95,74,22
93,74,22
93,74,22
92,74,22
90,74,22
89,74,22
92,74,22
95,74,22
94,74,22
94,74,22
92,74,22
93,72,22
95,72,22
94,72,22
96,72,22
93,72,22
89,72,22
92,72,22
96,72,22
94,72,22
94,72,22
93,72,22
94,72,22
98,72,22
102,72,22
99,72,22
97,72,22
95,71,22
96,71,22
95,71,22
97,71,22
101,71,22
101,71,22
102,76,22
102,76,22
105,76,22
104,76,22
102,76,22
102,76,22
102,76,22
103,76,22
100,76,22
100,76,22
104,76,22
104,76,22
103,76,22
103,67,22
104,67,22
102,67,22
103,67,22
105,67,22
106,67,22
107,67,22
107,67,22
105,67,22
103,67,22
105,67,22
105,67,22
106,67,22
111,67,22
109,67,22
110,67,22
110,67,22
110,67,22
112,67,22
113,67,22
112,67,22
111,67,22
116,67,22
113,67,22
110,67,22
110,67,22
111,67,22
109,67,22
112,67,22
114,67,22
112,114,22
112,114,22
116,114,22
114,114,22
112,114,22
113,114,22
110,114,22
111,114,22
110,114,22
109,114,22
110,114,22
106,114,22
104,139,22
105,139,22
103,139,22
104,139,22
103,139,22
100,139,22
101,139,22
100,139,22
101,139,22
101,139,22
98,139,22
98,139,22
100,139,22
99,139,22
97,139,22
96,139,22
100,139,22
99,100,22
98,100,22
100,100,22
100,100,22
100,100,22
100,100,22
98,100,22
100,100,22
97,100,22
95,100,22
94,100,22
91,64,22
91,64,22
92,64,22
90,64,22
85,64,22
87,64,22
87,64,22
88,64,22
90,64,22
93,64,22
91,64,22
95,64,22
93,64,22
91,64,22
90,64,22
92,64,22
93,64,22
92,64,22
93,64,22
94,64,22
97,64,22
95,101,22
95,101,22
95,101,22
96,101,22
96,101,22
97,101,22
97,101,22
94,101,22
92,101,22
93,101,22
97,101,22
97,101,22
95,101,22
94,101,22
93,101,22
92,101,22
91,101,22
92,101,22
95,101,22
93,101,22
93,101,22
94,101,22
94,101,22
92,101,22
92,101,22
93,101,22
95,101,22
96,80,22
98,80,22
97,80,22
95,80,22
95,80,22
92,80,22
89,80,22
88,80,22
91,80,22
93,80,22
93,80,22
96,80,22
98,80,22
99,80,22
98,80,22
98,80,22
98,80,22
101,80,22
100,80,22
100,80,22
98,80,22
95,80,22
94,80,22
93,80,22
93,80,22
93,80,22
94,80,22
91,80,22
95,80,22
96,80,22
96,80,22
95,80,22
93,80,22
92,80,22
92,105,22
92,105,22
91,105,22
91,105,22
91,105,22
89,105,22
88,105,22
88,105,22
89,105,22
88,105,22
89,105,22
85,105,22
83,105,22
85,105,22
87,105,22
91,105,22
91,105,22
91,105,22
88,105,22
87,105,22
88,105,22
90,105,22
92,105,22
95,105,22
98,105,22
99,108,22
98,108,22
100,108,22
102,108,22
103,108,22
100,108,22
96,108,22
97,108,22
94,108,22
96,108,22
95,108,22
98,108,22
98,108,22
98,108,22
102,108,22
105,108,22
104,108,22
104,108,22
102,108,22
103,108,22
101,111,22
97,111,22
96,111,22
96,111,22
94,111,22
91,111,22
90,111,22
93,111,22
90,111,22
88,111,22
87,111,22
88,111,22
92,111,22
89,111,22
88,111,22
89,111,22
88,111,22
89,83,22
89,83,22
85,83,22
85,83,22
85,83,22
85,83,22
80,83,22
80,83,22
79,83,22
77,83,22
77,83,22
77,83,22
81,83,22
79,83,22
77,83,22
76,83,22
75,83,22
72,83,22
71,83,22
73,83,22
73,83,22
74,83,22
75,83,22
76,83,22
77,83,22
75,84,22
75,84,22
72,84,22
73,84,22
71,84,22
71,84,22
71,84,22
68,84,22
69,84,22
65,84,22
66,84,22
65,84,22
64,84,22
61,84,22
62,84,22
64,84,22
65,84,22
64,84,22
65,84,22
65,84,22
63,84,22
67,84,22
68,84,22
67,85,22
67,85,22
69,85,22
70,85,22
73,85,22
72,85,22
72,85,22
71,85,22
71,85,22
69,85,22
68,85,22
68,85,22
68,85,22
66,85,22
68,85,22
70,85,22
70,85,22
69,85,22
68,85,22
66,85,22
67,85,22
71,109,22
71,109,22
75,109,22
75,109,22
77,109,22
75,109,22
75,109,22
74,109,22
68,67,22
69,67,22
72,67,22
70,67,22
68,67,22
67,67,22
66,67,22
68,67,22
74,67,22
72,67,22
71,67,22
69,67,22
71,67,22
72,67,22
72,67,22
72,67,22
71,67,22
71,67,22
71,67,22
71,67,22
73,67,22
75,67,22
79,67,22
77,67,22
77,67,22
74,67,22
75,67,22
71,67,22
68,67,22
68,67,22
67,67,22
67,67,22
66,67,22
70,67,22
71,67,22
69,67,22
70,67,22
70,67,22
72,67,22
76,67,22
74,67,22
76,67,22
76,67,22
76,67,22
78,67,22
73,67,22
72,67,22
74,67,22
71,67,22
75,95,22
76,95,22
79,95,22
76,95,22
73,95,22
75,95,22
75,95,22
74,95,22
72,95,22
70,95,22
68,95,22
70,95,22
68,95,22
70,95,22
69,95,22
67,95,22
63,95,22
64,95,22
62,95,22
59,95,22
58,95,22
57,95,22
55,45,22
54,45,22
54,45,22
53,45,22
51,45,22
53,45,22
54,45,22
51,45,22
48,45,22
50,45,22
49,45,22
49,45,22
51,45,22
49,45,22
48,45,22
52,45,22
51,45,22
51,45,22
49,45,22
52,45,22
50,45,22
52,45,22
53,45,22
51,45,22
49,45,22
47,45,22
49,45,22
47,45,22
47,45,22
45,45,22
43,45,22
36,45,22
33,45,22
34,28,22
35,28,22
35,28,22
33,28,22
36,28,22
38,28,22
38,28,22
39,28,22
38,28,22
39,28,22
39,28,22
37,28,22
35,28,22
34,28,22
35,28,22
37,28,22
33,28,22
37,28,22
35,28,22
38,28,22
40,28,22
40,28,22
41,28,22
39,28,22
35,28,22
32,28,22
32,28,22
31,28,22
33,28,22
34,28,22
33,28,22
29,28,22
31,28,22
29,28,22
28,28,22
31,28,22
28,33,22
31,33,22
28,33,22
27,33,22
28,33,22
26,33,22
29,33,22
31,33,22
29,33,22
27,33,22
26,33,22
26,33,22
27,33,22
25,33,22
28,33,22
26,33,22
28,33,22
26,33,22
24,33,22
22,33,22
22,33,22
25,33,22
30,33,22
33,33,22
35,33,22
35,33,22
34,33,22
33,33,22
32,33,22
30,33,22
31,68,22
31,68,22
32,68,22
32,68,22
34,68,22
37,68,22
36,68,22
35,68,22
38,68,22
38,68,22
40,68,22
39,68,22
38,68,22
38,355,22
36,355,22
38,355,22
37,355,22
37,355,22
38,355,22
36,355,22
37,355,22
37,355,22
37,355,22
36,355,22
38,355,22
35,355,22
35,355,22
36,355,22
35,355,22
37,355,22
38,355,22
41,355,22
41,355,22
41,355,22
37,355,22
38,355,22
37,355,22
41,355,22
41,355,22
38,355,22
41,355,22
42,355,22
38,355,22
38,355,22
38,55,22
40,55,22
40,55,22
40,55,22
40,55,22
39,55,22
41,55,22
39,55,22
41,45,22
41,45,22
41,45,22
39,45,22
44,45,22
43,45,22
46,45,22
47,45,22
45,45,22
43,45,22
42,45,22
43,45,22
43,45,22
40,45,22
42,45,22
37,45,22
38,45,22
38,45,22
41,45,22
37,45,22
34,45,22
34,45,22
34,45,22
39,45,22
41,45,22
42,45,22
46,35,22
46,35,22
45,35,22
44,35,22
49,35,22
49,35,22
50,35,22
52,35,22
53,35,22
54,35,22
53,35,22
53,35,22
56,35,22
57,35,22
56,35,22
55,35,22
55,35,22
56,35,22
53,35,22
55,35,22
60,35,22
58,35,22
61,35,22
60,35,22
58,35,22
58,35,22
59,35,22
57,35,22
59,35,22
57,35,22
58,35,22
56,35,22
55,35,22
57,35,22
54,35,22
55,35,22
59,35,22
58,35,22
59,75,22
60,75,22
59,75,22
59,75,22
58,75,22
56,75,22
56,75,22
57,75,22
58,75,22
60,75,22
61,75,22
61,75,22
63,75,22
64,75,22
63,75,22
65,75,22
64,75,22
66,75,22
67,75,22
69,75,22
67,75,22
67,75,22
66,75,22
66,75,22
66,75,22
64,75,22
66,75,22
64,75,22
64,75,22
67,75,22
65,75,22
63,75,22
66,75,22
64,75,22
65,75,22
65,75,22
66,75,22
64,75,22
61,84,22
62,84,22
60,84,22
57,84,22
60,84,22
61,84,22
62,84,22
61,84,22
65,67,22
66,67,22
68,67,22
68,67,22
68,67,22
68,67,22
67,67,22
66,67,22
67,67,22
61,67,22
61,67,22
61,67,22
60,67,22
60,67,22
62,67,22
61,67,22
58,67,22
59,67,22
58,67,22
61,67,22
61,51,22
60,51,22
58,51,22
56,51,22
57,51,22
56,51,22
56,51,22
57,51,22
57,51,22
59,51,22
60,51,22
57,51,22
58,51,22
58,51,22
54,51,22
52,51,22
53,51,22
54,51,22
53,51,22
56,51,22
59,51,22
61,51,22
63,51,22
60,51,22
60,51,22
60,51,22
63,51,22
63,51,22
64,51,22
61,51,22
61,45,22
61,45,22
60,45,22
59,45,22
60,45,22
63,45,22
60,45,22
62,45,22
63,54,22
66,54,22
67,54,22
70,54,22
66,54,22
64,54,22
62,54,22
63,54,22
63,54,22
60,54,22
59,54,22
58,54,22
58,54,22
63,54,22
68,54,22
68,54,22
66,54,22
69,54,22
66,54,22
63,74,22
62,74,22
62,74,22
58,74,22
61,74,22
63,74,22
62,74,22
64,74,22
62,74,22
60,74,22
59,74,22
58,74,22
61,74,22
59,74,22
62,74,22
64,93,22
63,93,22
63,93,22
64,93,22
64,93,22
62,93,22
60,93,22
62,93,22
62,93,22
60,93,22
59,93,22
62,93,22
62,93,22
61,93,22
59,93,22
62,93,22
64,67,22
64,67,22
65,67,22
61,67,22
58,67,22
59,67,22
61,67,22
61,67,22
57,67,22
57,67,22
58,67,22
63,67,22
59,67,22
58,67,22
55,67,22
51,67,22
50,67,22
51,67,22
49,67,22
51,67,22
52,67,22
54,67,22
55,67,22
55,67,22
52,67,22
49,67,22
52,67,22
53,67,22
54,67,22
54,67,22
53,67,22
55,67,22
53,67,22
50,67,22
50,67,22
50,67,22
51,67,22
48,67,22
50,67,22
49,67,22
52,67,22
53,67,22
56,67,22
57,60,22
56,60,22
57,60,22
58,60,22
61,60,22
63,60,22
66,60,22
68,60,22
66,60,22
68,60,22
69,60,22
72,60,22
70,60,22
63,60,22
63,60,22
63,60,22
63,60,22
61,60,22
58,60,22
60,60,22
61,63,22
61,63,22
58,63,22
59,63,22
58,63,22
57,63,22
57,63,22
60,63,22
56,63,22
55,63,22
54,63,22
54,63,22
57,63,22
59,63,22
59,63,22
57,63,22
58,63,22
56,63,22
62,63,22
60,63,22
59,63,22
62,63,22
62,63,22
61,63,22
61,63,22
57,63,22
56,63,22
57,63,22
57,63,22
56,63,22
55,63,22
53,63,22
52,63,22
50,63,22
53,63,22
51,63,22
50,63,22
47,63,22
46,63,22
47,63,22
53,63,22
52,63,22
52,63,22
55,63,22
55,63,22
53,55,22
53,55,22
50,55,22
53,55,22
54,55,22
50,55,22
51,55,22
49,55,22
47,55,22
46,55,22
48,55,22
49,55,22
52,55,22
56,55,22
56,55,22
56,55,22
54,55,22
54,55,22
55,55,22
56,55,22
57,55,22
55,55,22
59,55,22
57,71,22
58,71,22
56,71,22
57,71,22
56,71,22
55,71,22
54,71,22
56,71,22
60,71,22
58,71,22
60,71,22
65,71,22
69,71,22
67,71,22
65,71,22
65,71,22
68,71,22
70,71,22
70,85,22
73,85,22
73,85,22
73,85,22
75,85,22
70,85,22
73,85,22
72,85,22
72,85,22
71,85,22
69,85,22
67,85,22
68,85,22
63,85,22
63,85,22
67,85,22
69,85,22
69,85,22
69,85,22
71,85,22
69,85,22
72,48,22
71,48,22
69,48,22
65,48,22
64,48,22
65,48,22
67,48,22
69,48,22
71,48,22
72,48,22
73,48,22
75,48,22
73,48,22
69,48,22
70,48,22
71,48,22
69,48,22
68,48,22
67,48,22
70,48,22
74,48,22
73,48,22
76,48,22
76,48,22
75,48,22
78,48,22
77,67,22
78,67,22
77,67,22
79,67,22
78,67,22
78,67,22
78,67,22
77,87,22
76,87,22
76,87,22
76,87,22
76,87,22
75,87,22
79,87,22
81,87,22
80,87,22
78,87,22
83,87,22
80,87,22
81,87,22
80,55,22
81,55,22
81,55,22
78,55,22
78,55,22
78,55,22
78,55,22
78,55,22
78,55,22
77,55,22
75,55,22
74,55,22
78,55,22
72,79,22
73,79,22
74,79,22
75,79,22
76,79,22
75,79,22
74,79,22
76,93,22
76,93,22
78,93,22
77,93,22
77,93,22
75,93,22
76,93,22
74,93,22
73,93,22
72,93,22
72,93,22
74,93,22
76,93,22
78,93,22
77,93,22
77,93,22
80,93,22
82,93,22
83,93,22
83,111,22
85,111,22
83,111,22
83,111,22
82,111,22
79,111,22
79,111,22
78,111,22
80,111,22
85,95,22
85,95,22
86,95,22
86,95,22
85,95,22
85,95,22
83,95,22
81,110,22
81,110,22
77,110,22
79,110,22
79,110,22
78,110,22
78,110,22
78,110,22
82,110,22
84,110,22
85,110,22
84,110,22
84,84,22
85,84,22
83,84,22
81,84,22
79,84,22
79,84,22
72,84,22
72,84,22
71,84,22
72,84,22
74,84,22
79,84,22
79,84,22
77,84,22
79,84,22
77,84,22
79,84,22
79,84,22
78,84,22
77,84,22
77,84,22
80,84,22
79,84,22
79,84,22
80,84,22
79,82,22
78,82,22
77,82,22
77,82,22
79,82,22
80,82,22
81,82,22
81,82,22
80,82,22
85,82,22
84,82,22
81,82,22
79,82,22
77,82,22
78,82,22
83,82,22
80,82,22
83,82,22
86,82,22
90,82,22
90,82,22
89,82,22
87,82,22
89,82,22
88,82,22
88,82,22
87,82,22
88,82,22
86,80,22
84,80,22
86,80,22
88,80,22
87,80,22
86,80,22
88,80,22
90,80,22
90,80,22
90,80,22
91,80,22
93,80,22
93,80,22
96,80,22
98,80,22
98,80,22
94,80,22
92,80,22
94,80,22
92,80,22
91,73,22
92,73,22
90,73,22
89,73,22
89,73,22
89,73,22
89,73,22
87,67,22
85,67,22
83,67,22
85,67,22
83,67,22
86,67,22
86,67,22
85,67,22
88,67,22
84,67,22
85,67,22
88,67,22
89,67,22
91,101,22
93,101,22
95,101,22
95,101,22
95,101,22
97,101,22
100,101,22
101,101,22
101,101,22
100,101,22
101,101,22
99,101,22
98,101,22
99,101,22
97,101,22
97,101,22
94,101,22
94,101,22
95,101,22
95,101,22
94,87,22
95,87,22
96,87,22
97,87,22
95,87,22
97,87,22
98,87,22
98,87,22
97,87,22
97,87,22
95,87,22
96,87,22
97,87,22
98,87,22
102,87,22
101,87,22
100,87,22
101,87,22
104,87,22
104,87,22
104,87,22
107,87,22
105,96,22
108,96,22
105,96,22
107,96,22
108,96,22
107,96,22
105,96,22
106,96,22
104,96,22
104,96,22
105,96,22
108,96,22
108,96,22
110,96,22
114,96,22
113,96,22
115,96,22
114,96,22
113,96,22
112,96,22
111,96,22
111,96,22
112,96,22
114,96,22
112,96,22
111,96,22
115,96,22
113,79,22
116,79,22
111,79,22
113,79,22
113,79,22
109,79,22
110,79,22
110,79,22
114,79,22
115,79,22
114,79,22
113,79,22
114,79,22
117,79,22
115,79,22
115,79,22
115,79,22
116,79,22
116,118,22
115,118,22
117,118,22
120,118,22
121,118,22
120,118,22
120,118,22
120,118,22
125,103,22
124,103,22
124,103,22
123,103,22
122,103,22
123,103,22
122,103,22
119,103,22
122,103,22
125,103,22
126,103,22
124,103,22
122,103,22
122,103,22
122,103,22
123,75,22
120,75,22
119,75,22
120,75,22
116,75,22
117,75,22
116,75,22
114,75,22
117,75,22
118,75,22
113,75,22
115,75,22
114,75,22
116,75,22
119,75,22
122,75,22
122,75,22
122,75,22
125,75,22
124,75,22
119,75,22
121,75,22
122,75,22
120,75,22
118,75,22
117,122,22
116,122,22
114,122,22
112,122,22
110,122,22
110,122,22
110,122,22
109,122,22
107,122,22
107,122,22
107,122,22
106,111,22
108,111,22
107,111,22
104,111,22
108,111,22
112,111,22
108,111,22
110,111,22
113,111,22
112,111,22
112,111,22
110,111,22
110,111,22
110,111,22
110,111,22
107,111,22
110,111,22
111,111,22
112,111,22
111,111,22
108,111,22
108,111,22
106,111,22
104,111,22
100,111,22
95,111,22
96,111,22
97,111,22
99,111,22
95,111,22
91,111,22
90,111,22
88,111,22
88,111,22
91,111,22
91,111,22
92,111,22
92,111,22
92,111,22
93,111,22
92,111,22
93,111,22
92,111,22
96,100,22
97,100,22
98,100,22
97,100,22
95,100,22
93,100,22
95,100,22
94,100,22
95,100,22
92,100,22
92,100,22
95,100,22
97,100,22
98,100,22
100,100,22
100,100,22
103,100,22
103,100,22
102,100,22
102,100,22
101,100,22
103,100,22
105,100,22
106,100,22
108,100,22
107,100,22
106,100,22
105,100,22
105,100,22
104,104,22
105,104,22
105,104,22
106,104,22
108,104,22
110,104,22
105,104,22
106,104,22
107,112,22
107,112,22
111,112,22
113,112,22
112,112,22
112,112,22
112,112,22
113,112,22
115,112,22
110,112,22
113,112,22
112,112,22
112,112,22
112,112,22
115,112,22
114,112,22
110,146,22
110,146,22
110,146,22
109,146,22
107,146,22
105,146,22
106,146,22
104,146,22
105,146,22
108,146,22
111,146,22
109,146,22
109,146,22
110,94,22
108,94,22
110,94,22
111,94,22
110,94,22
112,94,22
113,94,22
118,94,22
119,94,22
119,94,22
121,94,22
119,94,22
118,94,22
117,94,22
116,94,22
113,94,22
113,94,22
115,94,22
117,94,22
119,94,22
124,94,22
123,94,22
123,94,22
125,94,22
123,94,22
122,94,22
123,137,22
120,137,22
117,137,22
115,137,22
118,137,22
120,137,22
121,137,22
122,137,22
122,137,22
123,137,22
121,137,22
120,137,22
118,137,22
120,137,22
120,137,22
120,137,22
119,137,22
121,137,22
119,137,22
122,137,22
122,137,22
124,137,22
121,137,22
122,137,22
121,137,22
124,137,22
124,137,22
127,137,22
127,137,22
127,137,22
126,137,22
125,137,22
127,137,22
125,137,22
126,137,22
125,137,22
129,137,22
129,137,22
129,137,22
130,137,22
127,137,22
124,137,22
124,137,22
126,137,22
125,137,22
128,137,22
129,137,22
131,137,22
128,104,22
127,104,22
127,104,22
125,104,22
128,104,22
126,104,22
126,104,22
125,104,22
124,104,22
121,104,22
121,104,22
118,104,22
124,104,22
124,104,22
125,104,22
124,104,22
123,104,22
123,104,22
123,104,22
123,104,22
124,104,22
123,104,22
122,104,22
125,104,22
123,145,22
123,145,22
123,145,22
123,145,22
126,145,22
126,145,22
127,145,22
128,145,22
125,145,22
125,145,22
124,145,22
125,145,22
125,145,22
125,145,22
123,145,22
121,145,22
119,145,22
119,145,22
120,123,22
121,123,22
119,123,22
120,123,22
122,123,22
124,123,22
126,123,22
128,123,22
125,123,22
125,123,22
126,123,22
125,123,22
124,123,22
122,123,22
121,123,22
121,123,22
122,123,22
124,123,22
120,123,22
119,123,22
122,123,22
122,123,22
121,123,22
121,123,22
121,123,22
122,123,22
122,123,22
120,123,22
119,123,22
123,123,22
122,123,22
123,123,22
122,123,22
122,123,22
119,123,22
118,123,22
116,123,22
116,123,22
116,123,22
113,123,22
116,123,22
115,123,22
115,123,22
118,123,22
121,123,22
120,123,22
118,123,22
115,120,22
114,120,22
112,120,22
109,120,22
110,120,22
113,120,22
111,120,22
110,120,22
113,120,22
114,92,22
112,92,22
114,92,22
116,92,22
114,92,22
110,92,22
109,92,22
106,92,22
106,92,22
105,92,22
107,92,22
111,92,22
109,92,22
105,92,22
103,92,22
104,93,22
105,93,22
107,93,22
102,93,22
100,93,22
102,93,22
101,93,22
102,93,22
105,93,22
103,93,22
105,93,22
108,93,22
108,93,22
112,93,22
111,93,22
109,93,22
108,93,22
111,93,22
109,93,22
113,93,22
117,93,22
113,93,22
112,93,22
112,93,22
115,93,22
115,114,22
117,114,22
118,114,22
115,114,22
116,114,22
118,114,22
117,114,22
117,114,22
114,114,22
115,114,22
117,114,22
114,114,22
114,129,22
117,129,22
117,129,22
121,129,22
123,129,22
126,129,22
126,129,22
127,129,22
130,129,22
127,129,22
128,129,22
126,129,22
131,129,22
127,122,22
126,122,22
126,122,22
126,122,22
128,122,22
128,122,22
127,122,22
124,122,22
124,122,22
126,122,22
127,117,22
127,117,22
132,117,22
132,117,22
135,117,22
134,117,22
134,117,22
134,117,22
134,117,22
133,117,22
134,117,22
134,117,22
134,117,22
131,117,22
130,117,22
131,117,22
132,117,22
132,117,22
133,117,22
135,117,22
129,117,22
133,117,22
133,117,22
131,117,22
131,117,22
132,117,22
134,117,22
134,117,22
135,117,22
134,117,22
132,117,22
133,117,22
133,117,22
132,117,22
134,117,22
133,117,22
132,117,22
133,117,22
133,109,22
134,109,22
136,109,22
136,109,22
133,109,22
138,109,22
139,109,22
140,109,22
139,109,22
135,109,22
141,109,22
141,109,22
139,109,22
136,109,22
135,109,22
136,109,22
137,109,22
137,109,22
136,109,22
137,109,22
136,109,22
138,135,22
140,135,22
140,135,22
140,135,22
138,135,22
138,135,22
137,135,22
137,135,22
137,135,22
136,135,22
137,135,22
135,135,22
136,135,22
135,135,22
133,135,22
133,135,22
129,135,22
126,135,22
128,135,22
127,135,22
126,135,22
128,109,22
125,109,22
127,109,22
126,109,22
131,109,22
133,109,22
130,109,22
133,109,22
133,109,22
133,109,22
134,109,22
139,109,22
139,109,22
141,109,22
141,109,22
143,109,22
141,109,22
139,109,22
141,109,22
142,109,22
141,109,22
142,109,22
143,109,22
141,109,22
141,109,22
143,109,22
144,109,22
143,109,22
138,109,22
138,109,22
134,109,22
135,109,22
134,109,22
134,109,22
132,109,22
132,109,22
131,109,22
133,109,22
135,109,22
136,109,22
138,109,22
137,109,22
138,109,22
137,109,22
140,109,22
139,109,22
141,109,22
143,109,22
146,109,22
146,109,22
149,175,22
148,175,22
145,175,22
147,175,22
146,175,22
142,175,22
142,175,22
146,175,22
144,175,22
146,175,22
144,175,22
146,175,22
150,175,22
151,175,22
154,175,22
154,175,22
154,175,22
154,175,22
156,175,22
155,175,22
156,175,22
159,175,22
162,175,22
160,175,22
155,175,22
157,175,22
158,127,22
155,127,22
157,127,22
157,127,22
157,127,22
159,127,22
158,127,22
160,127,22
163,127,22
161,127,22
163,181,22
163,181,22
166,181,22
162,181,22
164,181,22
167,181,22
169,181,22
173,181,22
174,181,22
174,181,22
174,181,22
174,181,22
174,181,22
174,181,22
171,181,22
174,181,22
174,181,22
175,181,22
174,181,22
175,181,22
174,181,22
173,181,22
171,181,22
170,181,22
173,181,22
171,181,22
169,181,22
170,181,22
168,169,22
167,169,22
166,169,22
165,169,22
162,169,22
160,169,22
159,169,22
157,169,22
154,169,22
155,169,22
157,169,22
157,169,22
160,169,22
159,169,22
161,169,22
157,169,22
160,151,22
160,151,22
158,151,22
158,151,22
158,151,22
158,151,22
155,151,22
153,151,22
154,151,22
153,152,22
153,152,22
153,152,22
151,152,22
150,152,22
148,152,22
146,152,22
144,137,22
145,137,22
147,137,22
147,137,22
147,137,22
148,137,22
148,168,22
150,168,22
148,168,22
149,168,22
151,168,22
154,168,22
157,168,22
158,168,22
157,168,22
155,168,22
157,124,22
153,124,22
153,124,22
151,124,22
152,124,22
153,124,22
157,124,22
157,124,22
156,124,22
152,124,22
152,124,22
148,124,22
146,124,22
145,124,22
142,124,22
139,124,22
142,124,22
143,124,22
144,124,22
142,124,22
143,124,22
142,124,22
144,124,22
143,124,22
142,124,22
143,124,22
144,124,22
143,124,22
140,124,22
138,124,22
140,124,22
139,124,22
136,124,22
132,146,22
133,146,22
132,146,22
131,146,22
132,146,22
131,146,22
135,105,22
136,105,22
135,105,22
132,105,22
132,105,22
129,105,22
131,105,22
130,105,22
126,105,22
121,105,22
123,105,22
122,105,22
120,116,22
119,116,22
119,116,22
118,116,22
113,116,22
117,116,22
116,116,22
112,116,22
112,116,22
110,116,22
106,116,22
107,116,22
107,116,22
107,101,22
111,101,22
111,101,22
107,101,22
108,101,22
110,101,22
110,101,22
110,101,22
109,101,22
113,101,22
113,101,22
115,101,22
113,101,22
113,83,22
114,83,22
112,83,22
115,83,22
112,83,22
111,83,22
111,83,22
110,83,22
110,139,22
112,139,22
111,139,22
114,139,22
111,139,22
110,139,22
113,139,22
111,139,22
110,139,22
109,139,22
109,139,22
106,139,22
104,139,22
106,139,22
107,139,22
105,139,22
105,139,22
108,139,22
110,139,22
108,139,22
111,139,22
112,139,22
110,139,22
107,139,22
104,139,22
106,139,22
109,104,22
112,104,22
111,104,22
112,104,22
108,104,22
104,104,22
104,104,22
103,104,22
105,104,22
108,104,22
106,104,22
105,104,22
106,104,22
106,104,22
107,104,22
104,104,22
102,104,22
102,104,22
99,104,22
97,104,22
96,104,22
94,104,22
93,48,22
97,48,22
98,48,22
98,48,22
94,48,22
99,48,22
100,48,22
104,48,22
102,48,22
101,48,22
103,48,22
105,48,22
105,48,22
106,48,22
108,101,22
106,101,22
105,101,22
106,101,22
105,101,22
105,101,22
104,101,22
104,101,22
104,101,22
105,101,22
104,101,22
107,101,22
108,101,22
106,124,22
105,124,22
102,124,22
104,124,22
103,124,22
100,124,22
99,124,22
101,124,22
101,124,22
103,124,22
104,124,22
105,124,22
105,124,22
104,124,22
102,124,22
99,124,22
98,124,22
99,124,22
99,124,22
99,124,22
97,124,22
96,124,22
96,124,22
97,124,22
100,124,22
98,124,22
98,124,22
98,124,22
97,124,22
98,124,22
93,124,22
94,124,22
99,124,22
97,124,22
96,124,22
97,124,22
99,124,22
98,108,22
99,108,22
98,108,22
97,108,22
98,108,22
98,108,22
97,108,22
101,108,22
100,124,22
98,124,22
98,124,22
98,124,22
99,124,22
101,124,22
100,124,22
96,124,22
97,124,22
96,124,22
95,124,22
96,124,22
94,124,22
90,124,22
87,124,22
87,124,22
85,124,22
86,124,22
86,124,22
89,124,22
92,124,22
93,124,22
94,124,22
97,124,22
95,102,22
95,102,22
92,102,22
91,102,22
91,102,22
91,102,22
94,102,22
92,102,22
94,102,22
92,102,22
93,102,22
92,102,22
90,102,22
90,102,22
88,102,22
89,102,22
90,102,22
91,102,22
88,102,22
88,102,22
89,102,22
90,102,22
91,102,22
91,102,22
94,102,22
95,102,22
98,102,22
99,102,22
96,102,22
96,102,22
100,102,22
99,102,22
100,102,22
95,102,22
96,102,22
96,102,22
97,102,22
96,102,22
96,102,22
98,102,22
97,102,22
98,102,22
101,102,22
101,102,22
98,102,22
100,102,22
102,102,22
99,102,22
99,102,22
101,102,22
100,102,22
98,107,22
98,107,22
99,107,22
101,107,22
103,107,22
103,107,22
100,107,22
99,107,22
98,107,22
98,107,22
98,107,22
94,107,22
93,107,22
93,107,22
93,107,22
95,107,22
96,107,22
96,107,22
95,107,22
95,107,22
98,107,22
98,107,22
98,107,22
102,107,22
96,107,22
93,107,22
93,107,22
99,107,22
97,107,22
96,107,22
95,107,22
93,107,22
97,107,22
99,107,22
97,107,22
100,107,22
101,107,22
103,107,22
105,107,22
107,107,22
106,107,22
103,107,22
107,107,22
104,107,22
102,107,22
103,107,22
104,107,22
107,107,22
107,107,22
110,107,22
109,107,22
107,107,22
110,107,22
110,107,22
109,107,22
112,107,22
113,107,22
112,107,22
111,107,22
114,107,22
116,137,22
117,137,22
117,137,22
119,137,22
119,137,22
115,137,22
114,137,22
116,137,22
116,137,22
117,100,22
119,100,22
118,100,22
117,100,22
117,100,22
116,100,22
118,103,22
122,103,22
125,103,22
129,103,22
130,103,22
128,103,22
127,122,22
127,122,22
128,122,22
127,122,22
130,122,22
131,122,22
134,122,22
134,135,22
134,135,22
136,135,22
134,135,22
136,135,22
138,135,22
140,135,22
141,135,22
139,135,22
141,135,22
142,135,22
139,135,22
138,135,22
140,135,22
140,135,22
140,135,22
139,135,22
141,135,22
144,135,22
145,135,22
147,123,22
144,123,22
143,123,22
144,123,22
145,123,22
146,123,22
147,123,22
146,123,22
146,123,22
144,123,22
149,123,22
148,123,22
144,123,22
145,123,22
148,123,22
148,123,22
149,123,22
146,123,22
146,123,22
143,123,22
143,123,22
141,132,22
142,132,22
144,132,22
145,132,22
145,132,22
147,132,22
150,132,22
148,165,22
150,165,22
151,165,22
155,165,22
157,165,22
156,165,22
156,165,22
155,143,22
154,143,22
157,143,22
159,143,22
160,143,22
156,143,22
157,143,22
158,143,22
158,143,22
156,143,22
156,143,22
156,143,22
157,143,22
155,143,22
156,143,22
157,143,22
157,126,22
158,126,22
157,126,22
155,126,22
155,126,22
154,126,22
152,126,22
151,126,22
153,126,22
150,126,22
152,126,22
156,126,22
155,126,22
155,126,22
156,126,22
154,126,22
153,126,22
153,126,22
153,126,22
153,126,22
154,126,22
155,126,22
158,194,22
159,194,22
159,194,22
161,194,22
162,194,22
162,194,22
165,194,22
165,194,22
165,194,22
164,194,22
163,194,22
165,194,22
164,194,22
165,194,22
165,194,22
166,194,22
170,194,22
171,194,22
171,194,22
173,194,22
172,185,22
172,185,22
177,185,22
178,185,22
173,185,22
170,185,22
171,185,22
174,185,22
171,185,22
168,185,22
168,159,22
171,159,22
173,159,22
171,159,22
170,159,22
168,159,22
169,164,22
168,164,22
172,164,22
170,164,22
172,164,22
170,164,22
168,164,22
170,164,22
168,164,22
170,164,22
168,164,22
164,164,22
166,164,22
169,164,22
174,164,22
173,164,22
173,164,22
176,164,22
175,164,22
174,164,22
170,164,22
171,164,22
170,164,22
172,177,22
176,177,22
174,177,22
173,177,22
176,177,22
174,177,22
172,177,22
172,177,22
173,177,22
175,177,22
177,177,22
176,177,22
177,177,22
178,177,22
178,177,22
178,177,22
178,177,22
175,177,22
174,177,22
175,177,22
177,177,22
176,177,22
180,177,22
182,177,22
182,177,22
185,177,22
185,177,22
187,187,22
189,187,22
190,187,22
188,187,22
188,187,22
189,187,22
186,187,22
180,187,22
176,187,22
173,187,22
173,187,22
173,187,22
173,187,22
175,187,22
174,187,22
174,187,22
175,187,22
178,187,22
181,187,22
182,187,22
184,191,22
188,191,22
191,191,22
190,191,22
193,191,22
190,191,22
192,202,22
189,202,22
187,202,22
187,202,22
188,202,22
188,202,22
187,202,22
184,202,22
182,202,22
181,202,22
184,202,22
186,202,22
188,202,22
190,202,22
189,202,22
187,202,22
189,202,22
190,202,22
189,202,22
188,202,22
187,202,22
190,202,22
187,202,22
187,202,22
188,202,22
188,202,22
188,202,22
192,202,22
192,202,22
191,202,22
189,202,22
188,202,22
186,202,22
186,202,22
183,202,22
184,202,22
184,202,22
184,202,22
182,202,22
184,202,22
183,202,22
179,202,22
178,202,22
176,202,22
176,202,22
175,202,22
174,202,22
173,202,22
177,202,22
178,202,22
176,202,22
178,202,22
178,202,22
179,202,22
179,202,22
177,202,22
174,202,22
173,202,22
173,202,22
174,202,22
172,202,22
174,202,22
171,202,22
173,202,22
170,202,22
171,202,22
172,202,22
172,159,22
171,159,22
170,159,22
172,159,22
169,159,22
168,159,22
169,159,22
169,159,22
167,159,22
166,159,22
169,159,22
171,159,22
170,159,22
171,159,22
175,159,22
176,159,22
176,159,22
177,159,22
179,159,22
179,159,22
179,159,22
182,159,22
185,159,22
188,159,22
182,159,22
182,159,22
180,159,22
181,159,22
179,159,22
180,159,22
181,159,22
184,159,22
183,159,22
183,159,22
187,159,22
188,159,22
190,159,22
188,159,22
187,159,22
189,159,22
192,159,22
190,159,22
187,159,22
190,159,22
190,159,22
187,159,22
188,159,22
186,159,22
184,169,22
184,169,22
186,169,22
186,169,22
188,169,22
187,169,22
192,169,22
195,169,22
195,169,22
194,169,22
195,169,22
197,169,22
196,169,22
194,169,22
195,169,22
196,169,22
195,169,22
199,169,22
196,169,22
193,169,22
191,169,22
187,169,22
185,169,22
186,169,22
191,169,22
190,169,22
194,169,22
193,169,22
191,169,22
188,169,22
185,169,22
186,169,22
185,169,22
184,169,22
183,169,22
179,169,22
182,169,22
182,169,22
182,169,22
182,169,22
185,169,22
184,169,22
182,169,22
183,160,22
181,160,22
182,160,22
182,160,22
185,160,22
184,160,22
184,160,22
183,160,22
183,160,22
181,160,22
182,160,22
179,160,22
182,160,22
182,160,22
180,160,22
183,160,22
181,160,22
183,160,22
183,160,22
185,160,22
183,160,22
185,184,22
186,184,22
184,184,22
180,184,22
181,184,22
182,184,22
182,184,22
182,184,22
183,184,22
186,184,22
183,184,22
183,184,22
183,184,22
185,184,22
183,184,22
183,184,22
180,184,22
178,184,22
178,184,22
175,184,22
177,212,22
175,212,22
175,212,22
174,212,22
176,212,22
174,212,22
175,212,22
178,212,22
178,212,22
180,212,22
181,212,22
182,212,22
179,171,22
180,171,22
178,171,22
178,171,22
180,171,22
180,171,22
177,171,22
175,171,22
175,171,22
176,171,22
177,171,22
175,171,22
174,171,22
176,171,22
175,171,22
172,171,22
173,171,22
173,171,22
174,171,22
176,171,22
178,171,22
177,171,22
179,171,22
181,171,22
184,171,22
181,171,22
180,171,22
176,171,22
175,171,22
171,151,22
172,151,22
174,151,22
175,151,22
175,151,22
178,151,22
176,151,22
180,151,22
180,151,22
182,151,22
180,151,22
179,151,22
175,151,22
175,151,22
175,151,22
175,151,22
177,151,22
176,151,22
174,151,22
174,151,22
173,151,22
173,151,22
174,151,22
178,151,22
183,151,22
184,151,22
185,151,22
185,151,22
181,151,22
180,151,22
181,151,22
183,151,22
185,151,22
186,151,22
186,151,22
185,151,22
183,151,22
184,151,22
186,151,22
187,151,22
184,151,22
186,151,22
187,151,22
188,151,22
190,151,22
188,151,22
190,151,22
192,151,22
195,151,22
198,151,22
199,231,22
202,231,22
201,231,22
196,231,22
196,231,22
198,231,22
200,231,22
200,231,22
199,231,22
200,231,22
203,231,22
202,231,22
202,231,22
203,231,22
204,231,22
204,231,22
203,231,22
202,231,22
202,231,22
204,231,22
203,231,22
203,231,22
202,231,22
203,231,22
203,231,22
203,231,22
206,193,22
202,193,22
203,193,22
204,193,22
207,193,22
207,193,22
206,193,22
206,193,22
203,193,22
202,193,22
202,193,22
203,193,22
203,193,22
204,193,22
205,201,22
207,201,22
206,201,22
202,201,22
200,201,22
197,201,22
197,201,22
200,201,22
201,201,22
199,201,22
200,201,22
200,201,22
203,201,22
203,201,22
204,201,22
206,201,22
208,201,22
205,201,22
205,201,22
207,201,22
207,201,22
209,215,22
209,215,22
210,215,22
210,215,22
212,215,22
210,215,22
209,237,22
213,237,22
210,237,22
207,237,22
208,237,22
209,237,22
209,237,22
207,237,22
208,237,22
212,237,22
209,237,22
210,237,22
211,237,22
213,237,22
216,237,22
215,237,22
217,237,22
214,237,22
212,237,22
217,237,22
216,237,22
216,214,22
215,214,22
216,214,22
213,214,22
211,214,22
208,214,22
206,214,22
204,214,22
207,214,22
207,214,22
209,214,22
211,214,22
214,214,22
212,214,22
217,214,22
220,214,22
220,214,22
216,214,22
215,214,22
215,214,22
218,198,22
220,198,22
221,198,22
222,198,22
223,198,22
220,198,22
218,198,22
219,198,22
216,198,22
219,198,22
218,198,22
220,198,22
220,198,22
220,198,22
219,198,22
214,198,22
212,198,22
214,198,22
214,198,22
213,198,22
215,198,22
215,198,22
216,198,22
215,198,22
215,195,22
215,195,22
218,195,22
219,195,22
221,195,22
219,195,22
217,195,22
217,195,22
217,195,22
216,195,22
217,195,22
215,195,22
215,195,22
213,195,22
212,195,22
213,195,22
208,195,22
207,195,22
206,195,22
204,195,22
206,195,22
208,195,22
211,195,22
212,195,22
214,195,22
219,195,22
219,195,22
221,195,22
226,195,22
223,195,22
229,195,22
229,195,22
229,195,22
229,195,22
227,195,22
227,195,22
227,195,22
226,195,22
226,195,22
226,195,22
227,195,22
227,195,22
225,195,22
229,195,22
228,195,22
225,195,22
227,195,22
226,195,22
227,258,22
228,258,22
226,258,22
228,258,22
228,258,22
227,258,22
225,258,22
223,258,22
224,258,22
224,258,22
224,258,22
224,258,22
224,258,22
221,258,22
219,258,22
221,258,22
219,258,22
219,258,22
220,258,22
220,258,22
220,258,22
218,258,22
218,231,22
221,231,22
223,231,22
223,231,22
226,231,22
225,231,22
227,231,22
227,231,22
226,231,22
228,231,22
228,231,22
224,231,22
224,231,22
223,231,22
220,231,22
220,231,22
217,231,22
218,231,22
218,231,22
217,231,22
221,231,22
225,231,22
226,231,22
228,231,22
227,231,22
226,231,22
227,231,22
226,231,22
227,231,22
227,231,22
224,231,22
225,231,22
222,231,22
224,231,22
224,231,22
225,231,22
223,231,22
222,231,22
223,231,22
222,231,22
216,231,22
216,231,22
215,231,22
216,203,22
216,203,22
216,203,22
217,203,22
218,203,22
218,203,22
221,203,22
221,203,22
218,203,22
213,203,22
218,203,22
218,203,22
217,203,22
218,203,22
219,203,22
222,203,22
225,203,22
222,203,22
220,203,22
222,203,22
221,203,22
220,203,22
216,203,22
217,203,22
215,203,22
217,203,22
218,203,22
220,203,22
221,203,22
220,203,22
218,203,22
219,203,22
220,203,22
222,203,22
219,203,22
221,203,22
221,203,22
220,284,22
219,284,22
219,284,22
217,284,22
217,284,22
217,284,22
219,284,22
215,284,22
218,284,22
218,200,22
218,200,22
222,200,22
222,200,22
219,200,22
221,200,22
220,200,22
218,200,22
221,200,22
220,200,22
218,200,22
220,200,22
224,200,22
223,200,22
224,200,22
224,200,22
223,200,22
218,200,22
219,200,22
220,200,22
220,200,22
220,200,22
220,200,22
221,200,22
221,200,22
223,200,22
222,200,22
222,200,22
222,200,22
221,200,22
219,200,22
221,200,22
219,200,22
219,200,22
218,200,22
221,200,22
221,200,22
220,200,22
222,200,22
223,200,22
221,200,22
218,200,22
218,200,22
221,200,22
220,200,22
220,200,22
224,200,22
222,200,22
222,200,22
223,200,22
224,200,22
226,268,22
224,268,22
220,268,22
221,268,22
219,268,22
222,268,22
218,268,22
218,268,22
218,268,22
218,268,22
222,268,22
221,268,22
221,268,22
221,268,22
220,268,22
220,268,22
222,268,22
222,268,22
221,268,22
217,268,22
215,268,22
213,268,22
214,268,22
217,268,22
219,268,22
219,268,22
217,268,22
216,268,22
216,268,22
213,211,22
214,211,22
213,211,22
214,211,22
214,211,22
213,211,22
213,211,22
211,211,22
213,211,22
215,211,22
215,211,22
217,211,22
215,245,22
213,245,22
210,245,22
210,245,22
207,245,22
211,245,22
211,245,22
214,245,22
213,245,22
214,245,22
218,245,22
219,245,22
216,245,22
214,245,22
215,245,22
213,245,22
215,245,22
212,245,22
211,245,22
211,245,22
210,245,22
216,245,22
214,250,22
213,250,22
219,250,22
217,250,22
215,250,22
215,250,22
215,250,22
211,250,22
209,250,22
206,250,22
206,250,22
204,250,22
204,250,22
201,250,22
199,189,22
198,189,22
194,189,22
192,189,22
192,189,22
193,189,22
193,189,22
192,189,22
197,189,22
196,189,22
195,189,22
198,189,22
197,189,22
198,189,22
196,189,22
197,189,22
199,189,22
202,189,22
200,189,22
204,189,22
205,189,22
207,189,22
207,189,22
207,189,22
205,189,22
203,189,22
205,189,22
205,194,22
205,194,22
206,194,22
204,194,22
205,194,22
205,194,22
202,194,22
200,194,22
203,224,22
200,224,22
200,224,22
199,224,22
197,224,22
201,224,22
201,224,22
205,224,22
205,224,22
204,224,22
205,224,22
208,195,22
206,195,22
206,195,22
206,195,22
206,195,22
207,195,22
207,195,22
207,195,22
207,195,22
205,195,22
211,195,22
213,195,22
211,195,22
211,195,22
210,195,22
210,195,22
211,195,22
208,195,22
208,195,22
209,195,22
211,195,22
208,195,22
206,195,22
207,195,22
209,195,22
205,221,22
205,221,22
205,221,22
207,221,22
208,221,22
208,221,22
212,221,22
212,221,22
215,221,22
213,221,22
213,221,22
215,221,22
215,221,22
210,221,22
212,221,22
210,221,22
214,221,22
211,221,22
214,221,22
215,221,22
217,221,22
222,221,22
223,221,22
219,221,22
220,221,22
219,221,22
221,221,22
222,221,22
225,221,22
221,221,22
222,221,22
225,221,22
222,221,22
223,221,22
224,221,22
221,221,22
219,221,22
218,221,22
218,221,22
223,221,22
222,241,22
222,241,22
221,241,22
221,241,22
221,241,22
216,241,22
216,221,22
214,221,22
214,221,22
214,221,22
216,221,22
214,221,22
213,221,22
211,221,22
210,221,22
208,221,22
211,221,22
212,221,22
211,221,22
213,221,22
212,221,22
216,221,22
215,221,22
213,221,22
213,221,22
214,221,22
214,221,22
216,221,22
213,221,22
215,221,22
213,221,22
214,221,22
214,221,22
216,221,22
213,221,22
217,221,22
216,221,22
217,221,22
217,221,22
214,188,22
218,188,22
218,188,22
219,188,22
219,188,22
215,188,22
215,188,22
217,188,22
216,188,22
221,188,22
221,188,22
227,188,22
227,188,22
226,188,22
228,188,22
227,188,22
225,188,22
225,188,22
228,188,22
230,188,22
227,188,22
232,188,22
233,188,22
234,188,22
234,188,22
231,188,22
229,188,22
228,214,22
223,214,22
222,214,22
222,214,22
219,214,22
217,214,22
218,214,22
217,214,22
218,214,22
217,214,22
219,214,22
220,214,22
221,214,22
219,214,22
218,214,22
221,214,22
220,214,22
219,214,22
217,214,22
217,214,22
215,214,22
212,214,22
212,214,22
211,214,22
211,214,22
210,214,22
207,214,22
206,214,22
206,214,22
207,214,22
210,214,22
212,247,22
212,247,22
214,247,22
210,247,22
211,247,22
210,247,22
211,247,22
209,177,22
210,177,22
211,177,22
212,177,22
213,177,22
215,177,22
218,177,22
219,177,22
218,237,22
217,237,22
219,237,22
219,237,22
221,237,22
223,237,22
224,237,22
227,237,22
228,237,22
229,237,22
231,237,22
232,237,22
230,237,22
226,237,22
223,220,22
226,220,22
228,220,22
228,220,22
230,220,22
232,220,22
228,220,22
233,220,22
233,220,22
235,220,22
235,220,22
235,220,22
235,220,22
237,220,22
236,220,22
242,220,22
244,220,22
245,220,22
243,220,22
246,220,22
248,220,22
249,220,22
247,220,22
247,220,22
249,220,22
249,220,22
248,220,22
249,220,22
248,220,22
246,220,22
247,220,22
250,220,22
248,220,22
249,220,22
251,220,22
253,220,22
254,220,22
254,220,22
253,220,22
250,220,22
250,220,22
252,220,22
253,220,22
252,220,22
255,220,22
255,220,22
256,220,22
257,220,22
254,220,22
255,220,22
255,220,22
253,242,22
253,242,22
251,242,22
250,242,22
249,242,22
247,242,22
246,242,22
247,242,22
244,242,22
244,242,22
245,242,22
246,238,22
242,238,22
242,238,22
240,238,22
239,238,22
238,238,22
236,238,22
237,238,22
234,238,22
233,238,22
235,238,22
235,238,22
235,225,22
234,225,22
232,225,22
230,225,22
230,225,22
229,225,22
231,225,22
228,225,22
229,225,22
230,225,22
232,225,22
234,225,22
230,225,22
232,225,22
232,225,22
234,225,22
236,225,22
238,225,22
240,225,22
241,225,22
242,225,22
240,225,22
237,225,22
236,225,22
240,225,22
240,225,22
239,225,22
235,225,22
235,225,22
234,225,22
233,225,22
230,225,22
229,225,22
230,225,22
227,225,22
224,225,22
223,225,22
221,225,22
221,190,22
224,190,22
223,190,22
221,190,22
222,190,22
223,190,22
226,190,22
226,190,22
229,190,22
229,190,22
232,190,22
233,190,22
235,190,22
236,190,22
237,190,22
234,190,22
237,190,22
237,190,22
237,190,22
238,190,22
236,190,22
237,190,22
236,190,22
236,190,22
236,190,22
240,190,22
240,190,22
238,190,22
239,190,22
238,190,22
237,190,22
238,190,22
238,190,22
241,190,22
241,190,22
242,190,22
242,190,22
243,190,22
246,190,22
244,190,22
245,190,22
245,190,22
245,190,22
245,190,22
245,190,22
242,190,22
241,190,22
245,190,22
245,190,22
245,190,22
243,190,22
242,190,22
241,190,22
239,190,22
238,226,22
235,226,22
233,226,22
235,226,22
235,226,22
235,226,22
236,226,22
237,226,22
238,226,22
240,226,22
