true_pos,obs_pos,true_var
339,315,22
339,315,22
339,315,22
339,315,22
339,315,22
339,315,22
339,315,22
339,315,22
339,315,22
339,315,22
339,315,22
339,315,22
339,315,22
339,315,22
339,315,22
339,315,22
339,315,22
339,336,22
339,336,22
339,336,22
339,336,22
339,336,22
339,336,22
339,336,22
339,336,22
339,336,22
339,336,22
339,336,22
339,336,22
339,336,22
339,336,22
339,336,22
339,336,22
339,336,22
339,336,22
339,336,22
339,336,22
339,336,22
339,336,22
339,336,22
339,336,22
339,336,22
339,336,22
339,336,22
339,323,22
339,323,22
339,323,22
339,323,22
339,323,22
339,323,22
339,323,22
339,323,22
339,323,22
339,323,22
339,323,22
339,323,22
339,323,22
339,323,22
339,323,22
339,323,22
339,323,22
339,323,22
339,323,22
339,323,22
339,323,22
339,353,22
339,353,22
339,353,22
339,353,22
339,353,22
339,353,22
339,353,22
339,353,22
339,353,22
339,353,22
339,353,22
339,353,22
339,353,22
339,353,22
339,334,22
339,334,22
339,334,22
339,334,22
339,334,22
339,334,22
339,334,22
339,334,22
339,334,22
339,334,22
339,334,22
339,334,22
339,334,22
339,334,22
339,334,22
339,334,22
339,334,22
339,334,22
339,334,22
339,334,22
339,334,22
339,334,22
339,334,22
339,334,22
339,334,22
339,334,22
339,334,22
339,334,22
339,334,22
339,334,22
339,334,22
339,334,22
339,334,22
339,334,22
339,334,22
339,334,22
339,334,22
339,334,22
339,334,22
339,334,22
339,334,22
339,334,22
339,334,22
339,334,22
339,334,22
339,334,22
339,334,22
339,311,22
339,311,22
339,311,22
339,311,22
339,311,22
339,311,22
339,311,22
339,311,22
339,311,22
339,311,22
339,311,22
339,311,22
339,311,22
339,311,22
339,311,22
339,311,22
339,311,22
339,311,22
339,311,22
339,311,22
339,311,22
339,344,22
339,344,22
339,344,22
339,344,22
339,344,22
339,344,22
339,344,22
339,344,22
339,344,22
339,344,22
339,344,22
339,344,22
339,344,22
339,344,22
339,344,22
339,337,22
339,337,22
339,337,22
339,337,22
339,337,22
339,337,22
339,337,22
339,337,22
339,337,22
339,337,22
339,337,22
339,337,22
339,337,22
339,337,22
339,337,22
339,342,22
339,342,22
339,342,22
339,342,22
339,342,22
339,342,22
339,342,22
339,342,22
339,342,22
339,342,22
339,342,22
339,342,22
339,342,22
339,342,22
339,342,22
339,342,22
339,342,22
339,342,22
339,342,22
339,342,22
339,342,22
339,342,22
339,342,22
339,342,22
339,342,22
339,342,22
339,342,22
339,342,22
339,342,22
339,342,22
339,342,22
339,342,22
339,342,22
339,336,22
339,336,22
339,336,22
339,336,22
339,336,22
339,336,22
339,336,22
339,336,22
339,336,22
339,323,22
339,323,22
339,323,22
339,323,22
339,323,22
339,323,22
339,323,22
339,323,22
339,323,22
339,323,22
339,323,22
339,323,22
339,346,22
339,346,22
339,346,22
339,346,22
339,346,22
339,346,22
339,346,22
339,346,22
339,346,22
339,346,22
339,346,22
339,346,22
339,346,22
339,346,22
339,346,22
339,346,22
339,346,22
339,346,22
339,346,22
339,346,22
339,346,22
339,346,22
339,358,22
339,358,22
339,358,22
339,358,22
339,358,22
339,358,22
339,358,22
339,358,22
339,358,22
339,358,22
339,358,22
339,358,22
339,358,22
339,358,22
339,358,22
339,358,22
339,358,22
339,358,22
339,358,22
339,358,22
339,358,22
339,358,22
339,358,22
339,358,22
339,358,22
339,358,22
339,358,22
339,358,22
339,358,22
339,358,22
339,358,22
339,358,22
339,358,22
339,358,22
339,358,22
339,358,22
339,358,22
339,311,22
339,311,22
339,311,22
339,311,22
339,311,22
339,311,22
339,311,22
339,311,22
339,311,22
339,311,22
339,311,22
339,311,22
339,20,22
339,20,22
339,20,22
339,20,22
339,20,22
339,20,22
339,20,22
339,20,22
339,20,22
339,20,22
339,20,22
339,20,22
339,20,22
339,20,22
339,20,22
339,20,22
339,20,22
339,20,22
339,20,22
339,20,22
339,20,22
339,20,22
339,20,22
339,20,22
339,20,22
339,20,22
339,20,22
339,20,22
339,20,22
339,20,22
339,20,22
339,20,22
339,20,22
339,20,22
339,20,22
339,20,22
339,20,22
339,20,22
339,20,22
339,20,22
339,20,22
339,20,22
339,20,22
339,20,22
339,349,22
339,349,22
339,349,22
339,349,22
339,349,22
339,349,22
339,349,22
339,349,22
339,352,22
339,352,22
339,352,22
339,352,22
339,352,22
339,352,22
339,352,22
339,352,22
339,352,22
339,352,22
339,352,22
339,352,22
339,352,22
339,352,22
339,352,22
339,352,22
339,352,22
339,352,22
339,352,22
339,352,22
339,352,22
339,352,22
339,352,22
339,352,22
339,352,22
339,352,22
339,352,22
339,352,22
339,352,22
339,352,22
339,352,22
339,352,22
339,352,22
339,352,22
339,352,22
339,352,22
339,352,22
339,329,22
339,329,22
339,329,22
339,329,22
339,329,22
339,329,22
339,329,22
339,329,22
339,329,22
339,329,22
339,329,22
339,329,22
339,329,22
339,329,22
339,329,22
339,329,22
339,355,22
339,355,22
339,355,22
339,355,22
339,355,22
339,355,22
339,355,22
339,355,22
339,355,22
339,355,22
339,355,22
339,355,22
339,355,22
339,355,22
339,355,22
339,316,22
339,316,22
339,316,22
339,316,22
339,316,22
339,316,22
339,316,22
339,316,22
339,316,22
339,316,22
339,316,22
339,316,22
339,316,22
339,316,22
339,316,22
339,316,22
339,316,22
339,316,22
339,316,22
339,316,22
339,316,22
339,316,22
339,316,22
339,316,22
339,316,22
339,316,22
339,316,22
339,316,22
339,316,22
339,316,22
324,353,22
324,353,22
324,353,22
324,353,22
324,353,22
324,353,22
324,353,22
324,353,22
324,353,22
324,353,22
324,353,22
324,353,22
324,353,22
324,353,22
324,353,22
324,353,22
324,353,22
324,353,22
324,353,22
324,353,22
324,353,22
324,353,22
324,353,22
324,353,22
324,353,22
324,310,22
324,310,22
324,310,22
324,310,22
324,310,22
324,310,22
324,328,22
324,328,22
324,328,22
324,328,22
324,328,22
324,328,22
324,328,22
324,328,22
324,328,22
324,328,22
324,328,22
324,328,22
324,328,22
324,328,22
324,328,22
324,328,22
324,328,22
324,328,22
324,328,22
324,328,22
324,310,22
324,310,22
324,310,22
324,310,22
324,310,22
324,310,22
324,310,22
324,310,22
324,310,22
324,310,22
324,310,22
324,310,22
324,310,22
324,310,22
324,310,22
324,310,22
324,310,22
324,310,22
324,310,22
324,310,22
324,310,22
324,310,22
324,310,22
324,310,22
324,310,22
324,310,22
324,299,22
324,299,22
324,299,22
324,299,22
324,299,22
324,299,22
324,299,22
324,299,22
324,299,22
324,299,22
324,299,22
324,299,22
324,299,22
324,299,22
324,299,22
324,299,22
324,299,22
324,316,22
324,316,22
324,316,22
324,316,22
324,316,22
324,316,22
324,316,22
324,316,22
324,316,22
324,316,22
324,316,22
324,316,22
324,316,22
324,316,22
324,316,22
324,316,22
324,316,22
324,316,22
324,316,22
324,316,22
324,316,22
324,316,22
324,316,22
324,316,22
324,316,22
324,316,22
324,316,22
324,316,22
324,316,22
324,316,22
324,316,22
324,316,22
324,316,22
324,316,22
324,316,22
324,316,22
324,316,22
324,316,22
324,316,22
324,316,22
324,316,22
324,316,22
324,316,22
324,316,22
324,304,22
324,304,22
324,304,22
324,304,22
324,304,22
324,304,22
324,304,22
324,304,22
324,304,22
324,304,22
324,304,22
324,304,22
324,304,22
324,304,22
324,308,22
324,308,22
324,308,22
324,308,22
324,308,22
324,308,22
324,308,22
324,308,22
324,307,22
324,307,22
324,307,22
324,307,22
324,307,22
324,307,22
324,307,22
324,307,22
324,307,22
324,307,22
324,307,22
324,307,22
324,307,22
324,307,22
324,307,22
324,307,22
324,307,22
324,307,22
324,307,22
324,307,22
324,307,22
324,307,22
324,307,22
324,307,22
324,307,22
324,307,22
324,307,22
324,307,22
324,307,22
324,307,22
324,307,22
324,307,22
324,315,22
324,315,22
324,315,22
324,315,22
324,315,22
324,315,22
324,315,22
324,315,22
324,315,22
324,315,22
324,315,22
324,315,22
324,315,22
324,315,22
324,315,22
324,315,22
324,315,22
324,315,22
324,315,22
324,315,22
324,315,22
324,315,22
324,315,22
324,315,22
324,315,22
324,315,22
324,315,22
324,315,22
324,315,22
324,315,22
324,315,22
324,318,22
324,318,22
324,318,22
324,318,22
324,318,22
324,318,22
324,318,22
324,318,22
324,318,22
324,318,22
324,318,22
324,318,22
324,318,22
324,318,22
324,318,22
324,318,22
324,318,22
324,318,22
324,318,22
324,318,22
324,318,22
324,318,22
324,318,22
324,318,22
324,318,22
324,318,22
324,318,22
324,318,22
324,318,22
324,318,22
324,318,22
324,318,22
324,318,22
324,327,22
324,327,22
324,327,22
324,327,22
324,327,22
324,327,22
324,327,22
324,327,22
324,327,22
324,327,22
324,327,22
324,327,22
324,327,22
324,327,22
324,327,22
324,297,22
324,297,22
324,297,22
324,297,22
324,297,22
324,297,22
324,297,22
324,297,22
324,331,22
324,331,22
324,331,22
324,331,22
324,331,22
324,331,22
324,331,22
324,331,22
324,331,22
324,331,22
324,331,22
324,331,22
324,331,22
324,331,22
324,331,22
324,284,22
324,284,22
324,284,22
324,284,22
324,284,22
324,284,22
324,284,22
324,284,22
324,284,22
324,284,22
324,284,22
324,284,22
324,284,22
324,284,22
324,284,22
324,284,22
324,284,22
324,284,22
324,284,22
324,284,22
324,284,22
324,284,22
324,325,22
324,325,22
324,325,22
324,325,22
324,325,22
324,325,22
324,325,22
324,325,22
324,325,22
324,325,22
324,325,22
324,325,22
324,325,22
324,325,22
324,325,22
324,325,22
324,325,22
324,325,22
324,325,22
324,325,22
324,325,22
324,325,22
324,325,22
324,325,22
324,325,22
324,325,22
324,325,22
324,325,22
324,325,22
324,325,22
324,325,22
324,325,22
324,325,22
324,325,22
324,325,22
324,325,22
324,325,22
324,325,22
324,325,22
324,325,22
324,325,22
324,325,22
324,325,22
324,325,22
324,325,22
324,325,22
324,325,22
324,325,22
324,325,22
324,325,22
324,325,22
324,325,22
324,325,22
324,325,22
324,326,22
324,326,22
324,326,22
324,326,22
324,326,22
324,326,22
324,326,22
324,326,22
324,326,22
324,326,22
324,326,22
324,326,22
324,326,22
324,326,22
324,326,22
324,326,22
324,326,22
324,326,22
344,293,22
344,293,22
344,293,22
344,293,22
344,293,22
344,293,22
344,293,22
344,293,22
344,293,22
344,293,22
344,293,22
344,293,22
344,293,22
344,293,22
344,293,22
344,293,22
344,293,22
344,293,22
344,293,22
344,293,22
344,293,22
344,293,22
344,293,22
344,293,22
344,293,22
344,293,22
344,293,22
344,293,22
344,293,22
344,293,22
344,293,22
344,293,22
344,293,22
344,351,22
344,351,22
344,351,22
344,351,22
344,351,22
344,351,22
344,351,22
344,351,22
344,351,22
344,347,22
344,347,22
344,347,22
344,347,22
344,347,22
344,347,22
344,347,22
344,347,22
344,347,22
344,347,22
344,347,22
344,347,22
344,347,22
344,347,22
344,347,22
344,347,22
344,347,22
344,347,22
344,347,22
344,347,22
344,347,22
344,347,22
344,347,22
344,347,22
344,347,22
344,347,22
344,347,22
344,347,22
344,347,22
344,341,22
344,341,22
344,341,22
344,341,22
344,341,22
344,341,22
344,341,22
344,341,22
344,341,22
344,341,22
344,341,22
344,341,22
344,341,22
344,341,22
344,341,22
344,341,22
344,341,22
344,341,22
344,341,22
344,341,22
344,341,22
344,341,22
344,341,22
344,341,22
344,341,22
344,341,22
344,341,22
344,341,22
344,341,22
344,341,22
344,341,22
344,341,22
344,341,22
344,341,22
344,341,22
344,341,22
344,341,22
344,341,22
344,341,22
344,341,22
344,341,22
344,341,22
344,341,22
344,317,22
344,317,22
344,317,22
344,317,22
344,317,22
344,317,22
344,317,22
344,317,22
344,317,22
344,317,22
344,317,22
344,317,22
344,317,22
344,317,22
344,317,22
344,317,22
344,317,22
344,317,22
344,317,22
344,317,22
344,317,22
344,317,22
344,317,22
344,317,22
344,317,22
344,317,22
344,317,22
344,317,22
344,317,22
344,317,22
344,317,22
344,317,22
344,325,22
344,325,22
344,325,22
344,325,22
344,325,22
344,325,22
344,325,22
344,325,22
344,325,22
344,325,22
344,325,22
344,325,22
344,325,22
344,325,22
344,325,22
344,325,22
344,325,22
344,325,22
344,325,22
344,325,22
344,325,22
344,325,22
344,325,22
344,329,22
344,329,22
344,329,22
344,329,22
344,329,22
344,329,22
344,329,22
344,329,22
344,329,22
344,329,22
344,329,22
344,329,22
344,329,22
344,329,22
344,329,22
344,329,22
344,329,22
344,329,22
344,329,22
344,329,22
344,329,22
344,329,22
344,329,22
344,329,22
344,329,22
344,329,22
344,329,22
344,329,22
344,329,22
344,329,22
344,329,22
344,329,22
344,329,22
344,329,22
344,329,22
344,329,22
344,329,22
344,329,22
344,329,22
344,329,22
344,329,22
344,329,22
344,329,22
344,329,22
344,6,22
344,6,22
344,6,22
344,6,22
344,6,22
344,6,22
344,6,22
344,6,22
344,6,22
344,6,22
344,6,22
344,6,22
344,6,22
344,6,22
344,6,22
344,6,22
344,330,22
344,330,22
344,330,22
344,330,22
344,330,22
344,330,22
344,330,22
344,330,22
344,330,22
344,330,22
344,330,22
344,330,22
344,330,22
344,330,22
344,330,22
344,330,22
344,330,22
344,330,22
344,330,22
344,330,22
344,330,22
344,330,22
344,330,22
344,330,22
344,330,22
344,330,22
344,330,22
344,330,22
344,330,22
344,330,22
344,330,22
344,330,22
344,330,22
344,330,22
344,330,22
344,330,22
344,330,22
344,330,22
344,330,22
344,330,22
344,330,22
344,355,22
344,355,22
344,355,22
344,355,22
344,355,22
344,355,22
344,355,22
344,355,22
344,355,22
344,355,22
344,355,22
344,355,22
344,355,22
344,355,22
344,355,22
344,4,22
344,4,22
344,4,22
344,4,22
344,4,22
344,4,22
344,4,22
344,4,22
344,4,22
344,4,22
344,4,22
344,4,22
344,4,22
344,4,22
344,4,22
344,4,22
344,4,22
344,4,22
344,4,22
344,4,22
344,4,22
344,325,22
344,325,22
344,325,22
344,325,22
344,325,22
344,325,22
344,325,22
344,333,22
344,333,22
344,333,22
344,333,22
344,333,22
344,333,22
344,333,22
344,333,22
344,333,22
344,333,22
344,333,22
344,333,22
344,333,22
344,333,22
344,333,22
344,333,22
344,333,22
344,333,22
344,333,22
344,333,22
344,295,22
344,295,22
344,295,22
344,295,22
344,295,22
344,295,22
344,295,22
344,335,22
344,335,22
344,335,22
344,335,22
344,335,22
344,335,22
344,335,22
344,335,22
344,335,22
344,335,22
344,335,22
344,335,22
344,335,22
344,335,22
344,335,22
344,335,22
344,335,22
344,0,22
344,0,22
344,0,22
344,0,22
344,0,22
344,0,22
344,0,22
344,0,22
344,0,22
344,0,22
344,0,22
344,0,22
344,0,22
344,0,22
344,0,22
344,0,22
344,0,22
344,0,22
344,0,22
344,0,22
344,0,22
344,0,22
344,0,22
344,0,22
344,0,22
344,0,22
344,0,22
344,0,22
344,0,22
344,0,22
344,0,22
344,0,22
344,0,22
344,0,22
344,0,22
344,0,22
344,0,22
344,0,22
344,0,22
344,0,22
344,0,22
344,0,22
344,0,22
344,0,22
344,0,22
344,0,22
344,0,22
344,0,22
344,0,22
344,0,22
344,0,22
344,0,22
344,0,22
329,308,22
329,308,22
329,308,22
329,308,22
329,308,22
329,308,22
329,308,22
329,308,22
329,308,22
329,308,22
329,308,22
329,308,22
329,308,22
329,308,22
329,308,22
329,308,22
329,308,22
329,308,22
329,308,22
329,308,22
329,308,22
329,308,22
329,308,22
329,308,22
329,308,22
329,308,22
329,308,22
329,308,22
329,308,22
329,308,22
329,308,22
329,308,22
329,308,22
329,308,22
329,308,22
329,308,22
329,308,22
329,308,22
329,310,22
329,310,22
329,310,22
329,310,22
329,310,22
329,310,22
329,310,22
329,310,22
329,310,22
329,310,22
329,310,22
329,310,22
329,310,22
329,310,22
329,310,22
329,310,22
329,310,22
329,310,22
329,310,22
329,310,22
329,346,22
329,346,22
329,346,22
329,346,22
329,346,22
329,346,22
329,346,22
329,346,22
329,346,22
329,346,22
329,346,22
329,346,22
329,346,22
329,346,22
329,346,22
329,346,22
329,346,22
329,346,22
329,346,22
329,346,22
329,346,22
329,346,22
329,346,22
329,346,22
329,346,22
329,346,22
329,346,22
329,346,22
329,312,22
329,312,22
329,312,22
329,312,22
329,312,22
329,312,22
329,312,22
329,312,22
329,312,22
329,312,22
329,312,22
329,312,22
329,312,22
329,312,22
329,312,22
329,312,22
329,312,22
329,312,22
329,312,22
329,312,22
329,312,22
329,312,22
329,312,22
329,312,22
329,312,22
329,312,22
329,312,22
329,312,22
329,312,22
329,312,22
329,312,22
329,312,22
329,312,22
329,312,22
329,312,22
329,312,22
329,312,22
329,312,22
329,312,22
329,312,22
329,312,22
329,312,22
329,312,22
329,312,22
329,312,22
329,312,22
329,312,22
329,312,22
329,312,22
329,312,22
329,312,22
329,312,22
329,312,22
329,312,22
329,312,22
329,312,22
329,351,22
329,351,22
329,351,22
329,351,22
329,351,22
329,351,22
329,351,22
329,351,22
329,351,22
329,351,22
329,351,22
329,351,22
329,351,22
329,351,22
329,351,22
329,351,22
329,351,22
329,351,22
329,350,22
329,350,22
329,350,22
329,350,22
329,350,22
329,350,22
329,350,22
329,350,22
329,350,22
329,350,22
329,350,22
329,350,22
329,350,22
329,350,22
329,350,22
329,350,22
329,350,22
329,312,22
329,312,22
329,312,22
329,312,22
329,312,22
329,312,22
329,312,22
329,312,22
329,312,22
329,312,22
329,312,22
329,312,22
329,304,22
329,304,22
329,304,22
329,304,22
329,304,22
329,304,22
329,304,22
329,304,22
329,304,22
329,304,22
329,304,22
329,304,22
329,304,22
329,304,22
329,304,22
329,304,22
329,304,22
329,304,22
329,304,22
329,304,22
329,304,22
329,304,22
329,304,22
329,304,22
329,349,22
329,349,22
329,349,22
329,349,22
329,349,22
329,349,22
329,349,22
329,349,22
329,349,22
329,349,22
329,349,22
329,349,22
329,349,22
329,349,22
329,349,22
329,349,22
329,349,22
329,349,22
329,349,22
329,349,22
329,349,22
329,349,22
329,349,22
329,349,22
329,349,22
329,349,22
329,349,22
329,349,22
329,349,22
329,349,22
329,349,22
329,349,22
329,349,22
329,349,22
329,349,22
329,349,22
329,349,22
329,349,22
329,349,22
329,349,22
329,349,22
329,349,22
329,349,22
329,349,22
329,349,22
329,349,22
329,349,22
329,349,22
329,349,22
329,349,22
329,349,22
329,349,22
329,349,22
329,349,22
329,349,22
329,349,22
329,349,22
329,357,22
329,357,22
329,357,22
329,357,22
329,357,22
329,357,22
329,357,22
329,357,22
329,357,22
329,357,22
329,357,22
329,357,22
329,357,22
329,357,22
329,357,22
329,357,22
329,357,22
329,357,22
329,357,22
329,357,22
329,357,22
329,357,22
329,357,22
329,357,22
329,357,22
329,357,22
329,357,22
329,357,22
349,348,22
349,348,22
349,348,22
349,348,22
349,348,22
349,348,22
349,348,22
349,3,22
349,3,22
349,3,22
349,3,22
349,3,22
349,3,22
349,3,22
349,3,22
349,3,22
349,3,22
349,3,22
349,3,22
349,3,22
349,3,22
349,3,22
349,3,22
349,339,22
349,339,22
349,339,22
349,339,22
349,339,22
349,339,22
349,339,22
349,17,22
349,17,22
349,17,22
349,17,22
349,17,22
349,17,22
349,17,22
349,17,22
349,17,22
349,17,22
349,17,22
349,17,22
349,17,22
349,17,22
349,17,22
349,17,22
349,17,22
349,17,22
349,17,22
349,17,22
349,17,22
349,330,22
349,330,22
349,330,22
349,330,22
349,330,22
349,330,22
349,330,22
349,330,22
349,330,22
349,330,22
349,330,22
349,330,22
349,330,22
349,313,22
349,313,22
349,313,22
349,313,22
349,313,22
349,313,22
349,313,22
349,313,22
349,313,22
349,313,22
349,313,22
349,313,22
349,313,22
349,313,22
349,313,22
349,313,22
349,313,22
349,313,22
349,313,22
349,313,22
349,313,22
349,313,22
349,313,22
349,313,22
349,313,22
349,313,22
349,313,22
349,313,22
349,313,22
349,313,22
349,313,22
349,313,22
349,313,22
349,313,22
349,313,22
349,313,22
349,313,22
349,350,22
349,350,22
349,350,22
349,350,22
349,350,22
349,350,22
349,350,22
349,350,22
349,350,22
349,350,22
349,350,22
349,350,22
349,350,22
349,350,22
349,350,22
349,350,22
349,350,22
349,350,22
349,350,22
349,350,22
349,350,22
349,350,22
349,350,22
349,350,22
349,350,22
349,350,22
349,350,22
349,350,22
349,350,22
349,350,22
349,350,22
349,350,22
349,352,22
349,352,22
349,352,22
349,352,22
349,352,22
349,352,22
349,9,22
349,9,22
349,9,22
349,9,22
349,9,22
349,9,22
349,9,22
349,9,22
349,9,22
349,9,22
349,9,22
349,9,22
349,9,22
349,9,22
349,9,22
349,9,22
349,9,22
349,9,22
349,9,22
349,349,22
349,349,22
349,349,22
349,349,22
349,349,22
349,349,22
349,349,22
349,349,22
349,349,22
349,349,22
349,349,22
349,349,22
349,349,22
349,349,22
349,349,22
349,349,22
349,349,22
349,349,22
349,349,22
349,349,22
349,349,22
349,349,22
349,349,22
349,349,22
349,349,22
349,349,22
349,349,22
349,349,22
349,349,22
349,349,22
349,349,22
349,349,22
349,349,22
349,349,22
349,349,22
349,349,22
349,349,22
349,341,22
349,341,22
349,341,22
349,341,22
349,341,22
349,341,22
349,341,22
349,341,22
349,341,22
349,341,22
349,341,22
349,341,22
349,341,22
349,341,22
349,341,22
349,341,22
349,341,22
349,341,22
349,341,22
349,341,22
349,341,22
349,341,22
349,341,22
349,341,22
349,341,22
349,341,22
349,341,22
349,341,22
349,341,22
349,341,22
349,341,22
349,341,22
349,341,22
349,341,22
349,316,22
349,316,22
349,316,22
349,316,22
349,316,22
349,316,22
349,348,22
349,348,22
349,348,22
349,348,22
349,348,22
349,348,22
349,348,22
349,353,22
349,353,22
349,353,22
349,353,22
349,353,22
349,353,22
349,353,22
349,353,22
349,314,22
349,314,22
349,314,22
349,314,22
349,314,22
349,314,22
349,314,22
349,314,22
349,314,22
349,314,22
349,314,22
349,314,22
349,314,22
349,314,22
349,314,22
349,314,22
349,314,22
349,314,22
349,314,22
349,314,22
349,314,22
349,314,22
349,314,22
349,314,22
349,314,22
349,314,22
349,314,22
349,314,22
349,314,22
349,314,22
349,314,22
349,314,22
349,314,22
349,314,22
349,314,22
349,314,22
349,314,22
349,314,22
349,314,22
349,314,22
349,314,22
349,314,22
349,335,22
349,335,22
349,335,22
349,335,22
349,335,22
349,335,22
349,335,22
349,335,22
349,335,22
349,335,22
349,335,22
349,335,22
349,335,22
349,335,22
349,335,22
349,335,22
349,335,22
349,335,22
349,335,22
349,335,22
349,335,22
349,335,22
349,335,22
349,335,22
349,335,22
349,335,22
349,335,22
349,333,22
349,333,22
349,333,22
349,333,22
349,333,22
349,333,22
349,333,22
349,333,22
349,333,22
349,333,22
349,335,22
349,335,22
349,335,22
349,335,22
349,335,22
349,335,22
349,335,22
349,335,22
349,335,22
349,335,22
349,335,22
349,335,22
349,335,22
349,335,22
349,335,22
349,335,22
349,335,22
349,335,22
349,335,22
349,335,22
349,335,22
349,335,22
349,335,22
349,335,22
349,335,22
349,335,22
349,335,22
349,335,22
349,335,22
349,335,22
349,335,22
349,335,22
349,335,22
349,335,22
349,335,22
349,335,22
349,335,22
349,335,22
349,335,22
349,335,22
349,335,22
349,335,22
349,335,22
349,335,22
349,335,22
349,335,22
349,335,22
349,335,22
349,335,22
349,335,22
349,335,22
349,335,22
349,335,22
349,347,22
349,347,22
349,347,22
349,347,22
349,347,22
349,347,22
349,347,22
349,347,22
349,347,22
349,347,22
349,347,22
349,347,22
349,347,22
349,347,22
349,347,22
349,347,22
349,347,22
349,347,22
349,347,22
349,347,22
349,347,22
349,347,22
349,347,22
349,347,22
349,347,22
349,347,22
349,347,22
349,347,22
349,347,22
349,347,22
349,347,22
349,347,22
349,347,22
349,347,22
349,347,22
349,347,22
349,347,22
349,347,22
349,347,22
349,349,22
349,349,22
349,349,22
349,349,22
349,349,22
349,349,22
349,349,22
349,349,22
349,349,22
349,349,22
349,349,22
349,349,22
349,349,22
349,349,22
349,349,22
349,21,22
349,21,22
349,21,22
349,21,22
349,21,22
349,21,22
349,21,22
349,21,22
349,21,22
349,21,22
349,21,22
349,21,22
349,21,22
349,21,22
349,21,22
349,21,22
349,21,22
349,21,22
349,21,22
349,21,22
349,21,22
349,21,22
349,21,22
349,21,22
349,21,22
349,21,22
349,21,22
349,21,22
349,21,22
349,21,22
349,21,22
349,7,22
349,7,22
349,7,22
349,7,22
349,7,22
349,7,22
349,7,22
349,7,22
349,7,22
14,0,22
14,0,22
14,0,22
14,0,22
14,0,22
14,0,22
14,0,22
14,0,22
14,0,22
14,0,22
14,0,22
14,0,22
14,0,22
14,0,22
14,0,22
14,0,22
14,0,22
14,0,22
14,0,22
14,0,22
14,0,22
14,0,22
14,0,22
14,0,22
14,0,22
14,0,22
14,0,22
14,0,22
14,0,22
14,0,22
14,0,22
14,0,22
14,0,22
14,0,22
14,0,22
14,0,22
14,343,22
14,343,22
14,343,22
14,343,22
14,343,22
14,343,22
14,343,22
14,343,22
14,343,22
14,343,22
14,343,22
14,41,22
14,41,22
14,41,22
14,41,22
14,41,22
14,41,22
14,41,22
14,41,22
14,41,22
14,41,22
14,41,22
14,41,22
14,41,22
14,41,22
14,41,22
14,10,22
14,10,22
14,10,22
14,10,22
14,10,22
14,10,22
14,10,22
14,340,22
14,340,22
14,340,22
14,340,22
14,340,22
14,340,22
14,358,22
14,358,22
14,358,22
14,358,22
14,358,22
14,358,22
14,358,22
14,358,22
14,27,22
14,27,22
14,27,22
14,27,22
14,27,22
14,27,22
14,27,22
14,27,22
14,27,22
14,27,22
14,27,22
14,27,22
14,27,22
14,27,22
14,27,22
14,12,22
14,12,22
14,12,22
14,12,22
14,12,22
14,12,22
14,12,22
14,12,22
14,12,22
14,350,22
14,350,22
14,350,22
14,350,22
14,350,22
14,350,22
14,350,22
14,350,22
14,28,22
14,28,22
14,28,22
14,28,22
14,28,22
14,28,22
14,28,22
14,28,22
14,28,22
14,28,22
14,28,22
14,28,22
14,28,22
14,28,22
14,28,22
14,28,22
14,28,22
14,28,22
14,9,22
14,9,22
14,9,22
14,9,22
14,9,22
14,9,22
14,9,22
14,9,22
14,9,22
14,9,22
14,9,22
14,9,22
14,9,22
14,9,22
14,9,22
14,9,22
14,9,22
14,9,22
14,9,22
14,9,22
14,9,22
14,9,22
14,9,22
14,9,22
14,9,22
14,9,22
14,9,22
14,9,22
14,9,22
14,9,22
14,9,22
14,9,22
14,9,22
14,9,22
14,9,22
14,9,22
14,9,22
14,3,22
14,3,22
14,3,22
14,3,22
14,3,22
14,3,22
14,3,22
14,3,22
14,3,22
14,3,22
14,3,22
14,3,22
14,3,22
14,3,22
14,3,22
14,3,22
14,3,22
14,3,22
14,3,22
14,3,22
14,3,22
14,3,22
14,3,22
14,3,22
14,3,22
14,3,22
14,3,22
14,346,22
14,346,22
14,346,22
14,346,22
14,346,22
14,346,22
14,346,22
14,346,22
14,346,22
14,346,22
14,25,22
14,25,22
14,25,22
14,25,22
14,25,22
14,25,22
14,25,22
14,25,22
14,25,22
14,25,22
14,25,22
14,25,22
14,25,22
14,25,22
14,25,22
14,25,22
14,25,22
14,25,22
14,25,22
14,25,22
14,25,22
14,25,22
14,25,22
14,25,22
14,25,22
14,25,22
14,25,22
14,25,22
14,25,22
14,25,22
14,25,22
14,25,22
14,25,22
14,25,22
14,25,22
14,25,22
14,25,22
14,25,22
14,25,22
14,25,22
14,25,22
14,25,22
14,25,22
14,25,22
14,25,22
14,25,22
14,32,22
14,32,22
14,32,22
14,32,22
14,32,22
14,32,22
14,32,22
14,32,22
14,32,22
14,32,22
14,32,22
14,32,22
14,32,22
14,32,22
14,32,22
14,32,22
14,32,22
14,32,22
14,32,22
14,32,22
14,32,22
14,32,22
14,32,22
14,32,22
14,32,22
14,32,22
14,32,22
14,32,22
14,32,22
14,32,22
14,351,22
14,351,22
14,351,22
14,351,22
14,351,22
14,351,22
14,351,22
14,351,22
14,351,22
14,351,22
14,351,22
14,351,22
14,351,22
14,351,22
14,351,22
14,351,22
14,351,22
14,351,22
14,351,22
14,351,22
14,351,22
14,351,22
14,351,22
14,351,22
14,351,22
14,351,22
14,351,22
14,351,22
14,351,22
14,351,22
14,351,22
14,351,22
14,351,22
14,351,22
14,351,22
14,351,22
14,351,22
14,351,22
14,351,22
14,351,22
14,351,22
14,351,22
14,351,22
14,351,22
14,7,22
14,7,22
14,7,22
14,7,22
14,7,22
14,7,22
14,7,22
14,7,22
14,7,22
14,7,22
14,7,22
14,8,22
14,8,22
14,8,22
14,8,22
14,8,22
14,8,22
14,8,22
14,17,22
14,17,22
14,17,22
14,17,22
14,17,22
14,17,22
14,17,22
14,17,22
14,17,22
14,17,22
14,17,22
14,350,22
14,350,22
14,350,22
14,350,22
14,350,22
14,350,22
14,350,22
14,350,22
14,350,22
14,350,22
14,350,22
14,350,22
14,350,22
14,350,22
14,350,22
14,350,22
14,350,22
14,350,22
14,350,22
14,350,22
14,350,22
14,350,22
14,350,22
14,58,22
14,58,22
14,58,22
14,58,22
14,58,22
14,58,22
14,58,22
14,58,22
14,58,22
14,58,22
14,58,22
14,58,22
14,58,22
14,58,22
14,58,22
14,58,22
14,58,22
14,58,22
14,58,22
14,58,22
14,58,22
14,58,22
14,58,22
39,20,22
39,20,22
39,20,22
39,20,22
39,20,22
39,20,22
39,20,22
39,20,22
39,20,22
39,20,22
39,20,22
39,20,22
39,20,22
39,20,22
39,20,22
39,20,22
39,20,22
39,20,22
39,20,22
39,20,22
39,20,22
39,20,22
39,20,22
39,20,22
39,20,22
39,20,22
39,20,22
39,20,22
39,20,22
39,20,22
39,20,22
39,20,22
39,20,22
39,20,22
39,20,22
39,20,22
39,20,22
39,20,22
39,20,22
39,47,22
39,47,22
39,47,22
39,47,22
39,47,22
39,47,22
39,47,22
39,47,22
39,47,22
39,47,22
39,47,22
39,47,22
39,47,22
39,47,22
39,47,22
39,47,22
39,47,22
39,35,22
39,35,22
39,35,22
39,35,22
39,35,22
39,35,22
39,35,22
39,35,22
39,35,22
39,35,22
39,35,22
39,35,22
39,35,22
39,35,22
39,35,22
39,35,22
39,35,22
39,35,22
39,35,22
39,49,22
39,49,22
39,49,22
39,49,22
39,49,22
39,49,22
39,49,22
39,49,22
39,49,22
39,49,22
39,49,22
39,49,22
39,348,22
39,348,22
39,348,22
39,348,22
39,348,22
39,348,22
39,348,22
39,348,22
39,348,22
39,30,22
39,30,22
39,30,22
39,30,22
39,30,22
39,30,22
39,96,22
39,96,22
39,96,22
39,96,22
39,96,22
39,96,22
39,96,22
39,96,22
39,96,22
39,96,22
39,96,22
39,96,22
39,96,22
39,96,22
39,47,22
39,47,22
39,47,22
39,47,22
39,47,22
39,47,22
39,47,22
39,47,22
39,47,22
39,47,22
39,47,22
39,47,22
39,61,22
39,61,22
39,61,22
39,61,22
39,61,22
39,61,22
39,61,22
39,61,22
39,61,22
39,61,22
39,61,22
39,61,22
39,61,22
39,61,22
39,61,22
39,61,22
39,61,22
39,61,22
39,61,22
39,61,22
39,61,22
39,61,22
39,61,22
39,61,22
39,61,22
39,61,22
39,61,22
39,61,22
39,61,22
39,61,22
39,61,22
39,61,22
39,61,22
39,61,22
39,61,22
39,61,22
39,61,22
39,61,22
39,61,22
39,61,22
39,46,22
39,46,22
39,46,22
39,46,22
39,46,22
39,46,22
39,46,22
39,46,22
39,46,22
39,46,22
39,46,22
39,46,22
39,31,22
39,31,22
39,31,22
39,31,22
39,31,22
39,31,22
39,31,22
39,31,22
39,31,22
39,31,22
39,31,22
39,31,22
39,31,22
39,31,22
39,31,22
39,31,22
39,31,22
39,31,22
39,31,22
39,31,22
39,31,22
39,31,22
39,31,22
39,58,22
39,58,22
39,58,22
39,58,22
39,58,22
39,58,22
39,58,22
39,58,22
39,58,22
39,58,22
39,58,22
39,58,22
39,58,22
39,58,22
39,58,22
39,58,22
39,58,22
39,55,22
39,55,22
39,55,22
39,55,22
39,55,22
39,55,22
39,55,22
39,55,22
39,55,22
39,55,22
39,55,22
39,55,22
39,55,22
39,55,22
39,55,22
39,55,22
39,55,22
39,55,22
39,55,22
39,55,22
39,55,22
39,55,22
39,55,22
39,55,22
39,55,22
39,55,22
39,55,22
39,55,22
39,31,22
39,31,22
39,31,22
39,31,22
39,31,22
39,31,22
39,31,22
39,31,22
39,31,22
39,31,22
39,31,22
39,31,22
39,31,22
39,31,22
39,31,22
39,31,22
39,31,22
39,31,22
39,31,22
39,31,22
39,31,22
39,35,22
39,35,22
39,35,22
39,35,22
39,35,22
39,35,22
39,35,22
39,35,22
39,35,22
39,35,22
39,35,22
39,35,22
39,35,22
39,35,22
39,54,22
39,54,22
39,54,22
39,54,22
39,54,22
39,54,22
39,54,22
39,54,22
39,54,22
39,54,22
39,21,22
39,21,22
39,21,22
39,21,22
39,21,22
39,21,22
39,21,22
39,21,22
39,21,22
39,21,22
39,21,22
39,21,22
39,21,22
39,21,22
39,21,22
39,21,22
39,21,22
39,21,22
39,20,22
39,20,22
39,20,22
39,20,22
39,20,22
39,20,22
39,20,22
39,20,22
39,20,22
39,20,22
39,20,22
39,20,22
39,20,22
39,20,22
39,20,22
39,20,22
39,20,22
39,20,22
39,20,22
39,20,22
39,20,22
39,20,22
39,20,22
39,20,22
39,20,22
39,20,22
39,20,22
39,20,22
39,20,22
39,20,22
39,20,22
39,20,22
39,20,22
39,20,22
39,20,22
39,20,22
39,20,22
39,20,22
39,20,22
39,20,22
39,20,22
39,20,22
39,20,22
39,20,22
39,20,22
39,65,22
39,65,22
39,65,22
39,65,22
39,65,22
39,65,22
39,65,22
39,65,22
39,65,22
39,65,22
39,65,22
39,65,22
39,65,22
39,65,22
39,65,22
39,65,22
39,65,22
39,65,22
39,65,22
39,65,22
39,65,22
39,65,22
39,65,22
39,65,22
39,65,22
39,65,22
39,65,22
39,65,22
39,65,22
39,64,22
39,64,22
39,64,22
39,64,22
39,64,22
39,64,22
39,64,22
39,64,22
39,64,22
39,64,22
39,64,22
39,64,22
39,64,22
39,64,22
39,64,22
39,64,22
39,64,22
39,64,22
39,64,22
39,64,22
39,64,22
39,64,22
39,64,22
39,64,22
39,35,22
39,35,22
39,35,22
39,35,22
39,35,22
39,35,22
39,35,22
39,35,22
39,35,22
39,35,22
39,35,22
39,35,22
39,35,22
39,35,22
39,35,22
39,35,22
39,35,22
39,35,22
39,35,22
39,35,22
39,35,22
39,35,22
39,35,22
39,35,22
39,35,22
39,35,22
39,35,22
39,35,22
39,35,22
39,35,22
39,35,22
39,35,22
39,35,22
39,35,22
39,35,22
39,35,22
39,35,22
39,35,22
39,35,22
39,35,22
39,35,22
39,35,22
39,35,22
39,35,22
39,35,22
39,35,22
39,73,22
39,73,22
39,73,22
39,73,22
39,73,22
39,73,22
39,73,22
39,73,22
39,73,22
39,73,22
39,73,22
39,73,22
39,58,22
39,58,22
39,58,22
39,58,22
39,58,22
39,58,22
39,58,22
24,33,22
24,33,22
24,33,22
24,33,22
24,33,22
24,33,22
24,33,22
24,33,22
24,33,22
24,33,22
24,33,22
24,33,22
24,33,22
24,33,22
24,33,22
24,33,22
24,33,22
24,33,22
24,33,22
24,33,22
24,33,22
24,33,22
24,33,22
24,33,22
24,33,22
24,33,22
24,33,22
24,33,22
24,33,22
24,33,22
24,33,22
24,33,22
24,33,22
24,12,22
24,12,22
24,12,22
24,12,22
24,12,22
24,12,22
24,3,22
24,3,22
24,3,22
24,3,22
24,3,22
24,3,22
24,3,22
24,3,22
24,3,22
24,3,22
24,3,22
24,3,22
24,3,22
24,3,22
24,3,22
24,3,22
24,3,22
24,3,22
24,3,22
24,3,22
24,3,22
24,3,22
24,3,22
24,3,22
24,3,22
24,3,22
24,62,22
24,62,22
24,62,22
24,62,22
24,62,22
24,62,22
24,62,22
24,62,22
24,62,22
24,62,22
24,41,22
24,41,22
24,41,22
24,41,22
24,41,22
24,41,22
24,41,22
24,41,22
24,41,22
24,41,22
24,41,22
24,41,22
24,41,22
24,41,22
24,41,22
24,41,22
24,41,22
24,41,22
24,41,22
24,41,22
24,41,22
24,41,22
24,41,22
24,41,22
24,41,22
24,41,22
24,41,22
24,45,22
24,45,22
24,45,22
24,45,22
24,45,22
24,45,22
24,45,22
24,45,22
24,33,22
24,33,22
24,33,22
24,33,22
24,33,22
24,33,22
24,33,22
24,33,22
24,33,22
24,33,22
24,33,22
24,33,22
24,33,22
24,33,22
24,33,22
24,43,22
24,43,22
24,43,22
24,43,22
24,43,22
24,43,22
24,43,22
24,43,22
24,43,22
24,43,22
24,43,22
24,43,22
24,43,22
24,43,22
24,43,22
24,43,22
24,36,22
24,36,22
24,36,22
24,36,22
24,36,22
24,36,22
24,36,22
24,36,22
24,36,22
24,36,22
24,36,22
24,36,22
24,36,22
24,28,22
24,28,22
24,28,22
24,28,22
24,28,22
24,28,22
24,28,22
24,20,22
24,20,22
24,20,22
24,20,22
24,20,22
24,20,22
24,20,22
24,20,22
24,20,22
24,20,22
24,20,22
24,20,22
24,20,22
24,20,22
24,20,22
24,20,22
24,20,22
24,3,22
24,3,22
24,3,22
24,3,22
24,3,22
24,3,22
24,3,22
24,3,22
24,3,22
24,3,22
24,3,22
24,3,22
24,3,22
24,3,22
24,3,22
24,9,22
24,9,22
24,9,22
24,9,22
24,9,22
24,9,22
24,9,22
24,9,22
24,9,22
24,9,22
24,9,22
24,9,22
24,9,22
24,9,22
24,9,22
24,9,22
24,9,22
24,9,22
24,9,22
24,9,22
24,9,22
24,9,22
24,9,22
24,9,22
24,9,22
24,9,22
24,9,22
24,9,22
24,9,22
24,9,22
24,9,22
24,9,22
24,9,22
24,9,22
24,9,22
24,9,22
24,23,22
24,23,22
24,23,22
24,23,22
24,23,22
24,23,22
24,23,22
24,23,22
24,23,22
24,23,22
24,23,22
24,23,22
24,23,22
24,23,22
24,23,22
24,23,22
24,23,22
24,23,22
24,23,22
359,340,22
359,340,22
359,340,22
359,340,22
359,340,22
359,340,22
359,340,22
359,340,22
359,340,22
359,340,22
359,340,22
359,340,22
359,340,22
359,340,22
359,340,22
359,340,22
359,340,22
359,340,22
359,340,22
359,17,22
359,17,22
359,17,22
359,17,22
359,17,22
359,17,22
359,24,22
359,24,22
359,24,22
359,24,22
359,24,22
359,24,22
359,24,22
359,24,22
359,24,22
359,24,22
359,24,22
359,24,22
359,24,22
359,24,22
359,24,22
359,24,22
359,24,22
359,24,22
359,355,22
359,355,22
359,355,22
359,355,22
359,355,22
359,355,22
359,355,22
359,355,22
359,355,22
359,355,22
359,355,22
359,355,22
359,355,22
359,355,22
359,355,22
359,355,22
359,355,22
359,355,22
359,355,22
359,355,22
359,355,22
359,355,22
359,355,22
359,355,22
359,355,22
359,355,22
359,355,22
359,355,22
359,355,22
359,355,22
359,335,22
359,335,22
359,335,22
359,335,22
359,335,22
359,335,22
359,335,22
359,335,22
359,335,22
359,335,22
359,335,22
359,335,22
359,335,22
359,335,22
359,335,22
359,335,22
359,324,22
359,324,22
359,324,22
359,324,22
359,324,22
359,324,22
359,354,22
359,354,22
359,354,22
359,354,22
359,354,22
359,354,22
359,354,22
359,354,22
359,354,22
359,354,22
359,354,22
359,354,22
359,354,22
359,354,22
359,354,22
359,354,22
359,354,22
359,354,22
359,354,22
359,354,22
359,354,22
359,354,22
359,354,22
359,354,22
359,354,22
359,354,22
359,354,22
359,354,22
359,354,22
359,354,22
359,354,22
359,354,22
359,27,22
359,27,22
359,27,22
359,27,22
359,27,22
359,27,22
359,27,22
359,27,22
359,27,22
359,27,22
359,27,22
359,27,22
359,27,22
359,27,22
359,27,22
359,27,22
359,27,22
359,27,22
359,27,22
359,27,22
359,27,22
359,27,22
359,27,22
359,27,22
359,27,22
359,27,22
359,27,22
359,27,22
359,27,22
359,27,22
359,27,22
359,27,22
359,27,22
359,27,22
359,27,22
359,27,22
359,27,22
359,27,22
359,27,22
359,27,22
359,27,22
359,27,22
359,27,22
359,27,22
359,323,22
359,323,22
359,323,22
359,323,22
359,323,22
359,323,22
359,323,22
359,323,22
359,323,22
359,323,22
359,5,22
359,5,22
359,5,22
359,5,22
359,5,22
359,5,22
359,5,22
359,5,22
359,5,22
359,5,22
359,5,22
359,5,22
359,5,22
359,5,22
359,5,22
359,15,22
359,15,22
359,15,22
359,15,22
359,15,22
359,15,22
359,337,22
359,337,22
359,337,22
359,337,22
359,337,22
359,337,22
359,337,22
359,337,22
359,337,22
359,337,22
359,337,22
359,337,22
359,337,22
359,337,22
359,337,22
359,337,22
359,337,22
359,337,22
359,337,22
359,337,22
359,337,22
359,337,22
359,337,22
359,337,22
359,337,22
359,337,22
359,337,22
359,337,22
359,337,22
359,337,22
359,337,22
359,337,22
359,337,22
359,337,22
359,337,22
359,359,22
359,359,22
359,359,22
359,359,22
359,359,22
359,359,22
359,359,22
359,359,22
359,359,22
359,359,22
359,359,22
359,359,22
359,359,22
359,359,22
359,359,22
359,359,22
359,359,22
359,359,22
359,359,22
359,359,22
359,359,22
359,359,22
359,343,22
359,343,22
359,343,22
359,343,22
359,343,22
359,343,22
359,343,22
359,343,22
359,343,22
359,343,22
359,343,22
359,343,22
359,343,22
359,343,22
359,343,22
359,343,22
359,343,22
359,343,22
359,343,22
359,343,22
359,343,22
359,343,22
359,343,22
359,2,22
359,2,22
359,2,22
359,2,22
359,2,22
359,2,22
359,2,22
359,2,22
359,3,22
359,3,22
359,3,22
359,3,22
359,3,22
359,3,22
359,3,22
359,3,22
359,3,22
359,3,22
359,3,22
359,3,22
359,3,22
359,3,22
359,3,22
359,352,22
359,352,22
359,352,22
359,352,22
359,352,22
359,352,22
359,352,22
359,352,22
359,352,22
359,352,22
359,352,22
359,352,22
359,352,22
359,352,22
359,352,22
359,352,22
359,352,22
359,352,22
359,352,22
359,352,22
359,352,22
359,352,22
359,352,22
359,352,22
359,352,22
359,357,22
359,357,22
359,357,22
359,357,22
359,357,22
359,357,22
359,357,22
359,357,22
359,357,22
24,52,22
24,52,22
24,52,22
24,52,22
24,52,22
24,52,22
24,52,22
24,52,22
24,52,22
24,52,22
24,52,22
24,52,22
24,52,22
24,52,22
24,52,22
24,9,22
24,9,22
24,9,22
24,9,22
24,9,22
24,9,22
24,9,22
24,9,22
24,9,22
24,9,22
24,9,22
24,9,22
24,9,22
24,38,22
24,38,22
24,38,22
24,38,22
24,38,22
24,38,22
24,38,22
24,38,22
24,38,22
24,38,22
24,38,22
24,30,22
24,30,22
24,30,22
24,30,22
24,30,22
24,30,22
24,30,22
24,16,22
24,16,22
24,16,22
24,16,22
24,16,22
24,16,22
24,16,22
24,16,22
24,16,22
24,16,22
24,16,22
24,16,22
24,16,22
24,16,22
24,16,22
24,16,22
24,16,22
24,16,22
24,16,22
24,35,22
24,35,22
24,35,22
24,35,22
24,35,22
24,35,22
24,35,22
24,35,22
24,35,22
24,35,22
24,35,22
24,35,22
24,35,22
24,35,22
24,35,22
24,35,22
24,35,22
24,35,22
24,35,22
24,35,22
24,35,22
24,35,22
24,35,22
24,35,22
24,35,22
24,35,22
24,35,22
24,35,22
24,35,22
24,35,22
24,35,22
24,35,22
24,35,22
24,35,22
24,35,22
24,35,22
24,35,22
24,35,22
24,35,22
24,35,22
24,35,22
24,35,22
24,35,22
24,35,22
24,35,22
24,35,22
24,35,22
24,35,22
24,5,22
24,5,22
24,5,22
24,5,22
24,5,22
24,5,22
24,5,22
24,5,22
24,28,22
24,28,22
24,28,22
24,28,22
24,28,22
24,28,22
24,28,22
24,28,22
24,28,22
24,28,22
24,28,22
24,28,22
24,28,22
24,28,22
24,28,22
24,28,22
24,28,22
24,28,22
24,28,22
24,28,22
24,28,22
24,28,22
24,28,22
24,28,22
24,28,22
24,28,22
24,28,22
24,28,22
24,28,22
24,28,22
24,28,22
24,28,22
24,28,22
24,28,22
24,28,22
24,28,22
24,28,22
24,28,22
24,28,22
24,28,22
24,28,22
24,28,22
24,28,22
24,28,22
24,28,22
24,28,22
24,28,22
24,28,22
24,28,22
24,13,22
24,13,22
24,13,22
24,13,22
24,13,22
24,13,22
24,13,22
24,13,22
24,13,22
24,13,22
24,13,22
24,44,22
24,44,22
24,44,22
24,44,22
24,44,22
24,44,22
24,44,22
24,44,22
24,44,22
24,44,22
24,44,22
24,44,22
24,44,22
24,44,22
24,34,22
24,34,22
24,34,22
24,34,22
24,34,22
24,34,22
24,34,22
24,34,22
24,34,22
24,34,22
24,34,22
24,34,22
24,34,22
24,34,22
24,34,22
24,34,22
24,34,22
24,34,22
24,34,22
24,34,22
24,34,22
24,34,22
24,34,22
24,34,22
24,34,22
24,34,22
24,34,22
24,34,22
24,34,22
24,34,22
24,34,22
24,34,22
24,34,22
24,34,22
24,34,22
24,34,22
24,34,22
24,34,22
24,34,22
24,34,22
24,34,22
24,34,22
24,34,22
24,34,22
24,34,22
24,57,22
24,57,22
24,57,22
24,57,22
24,57,22
24,57,22
24,57,22
24,57,22
24,57,22
24,57,22
24,57,22
24,57,22
24,57,22
24,57,22
24,359,22
24,359,22
24,359,22
24,359,22
24,359,22
24,359,22
24,359,22
24,359,22
24,359,22
24,359,22
24,359,22
24,359,22
24,24,22
24,24,22
24,24,22
24,24,22
24,24,22
24,24,22
24,24,22
24,24,22
24,24,22
24,26,22
24,26,22
24,26,22
24,26,22
24,26,22
24,26,22
24,26,22
24,26,22
24,26,22
24,26,22
24,26,22
24,26,22
24,26,22
24,26,22
24,26,22
24,26,22
24,26,22
24,26,22
24,26,22
24,26,22
24,26,22
24,26,22
24,26,22
24,26,22
24,26,22
24,61,22
24,61,22
24,61,22
24,61,22
24,61,22
24,61,22
24,61,22
24,61,22
24,61,22
24,61,22
24,61,22
24,61,22
24,61,22
24,61,22
24,61,22
24,61,22
24,61,22
24,61,22
24,61,22
24,61,22
24,61,22
24,61,22
24,61,22
24,61,22
24,61,22
24,61,22
24,61,22
24,61,22
24,61,22
24,61,22
24,18,22
24,18,22
24,18,22
24,18,22
24,18,22
24,18,22
24,18,22
24,18,22
24,18,22
24,18,22
24,18,22
24,29,22
24,29,22
24,29,22
24,29,22
24,29,22
24,29,22
24,29,22
24,29,22
24,29,22
24,29,22
24,27,22
24,27,22
24,27,22
24,27,22
24,27,22
24,27,22
24,27,22
24,27,22
24,27,22
24,27,22
24,27,22
24,27,22
24,27,22
24,27,22
24,27,22
24,27,22
24,27,22
24,27,22
24,27,22
24,62,22
24,62,22
24,62,22
24,62,22
24,62,22
24,62,22
24,62,22
24,62,22
24,62,22
24,62,22
24,62,22
24,62,22
24,62,22
24,62,22
24,62,22
24,62,22
24,62,22
24,62,22
24,62,22
24,62,22
24,62,22
24,62,22
24,62,22
24,62,22
24,62,22
24,62,22
24,62,22
24,62,22
24,62,22
24,62,22
24,62,22
24,62,22
24,62,22
24,62,22
24,62,22
24,62,22
24,62,22
24,62,22
24,62,22
24,62,22
24,62,22
24,62,22
24,62,22
24,62,22
24,62,22
24,62,22
24,62,22
24,62,22
24,62,22
24,3,22
24,3,22
24,3,22
24,3,22
24,3,22
24,3,22
24,3,22
24,27,22
24,27,22
24,27,22
24,27,22
24,27,22
24,27,22
24,27,22
24,27,22
24,27,22
24,27,22
24,27,22
24,27,22
24,27,22
24,27,22
24,27,22
24,27,22
24,27,22
24,41,22
24,41,22
24,41,22
24,41,22
24,41,22
24,41,22
24,41,22
24,41,22
24,41,22
24,41,22
24,41,22
24,41,22
24,41,22
24,41,22
24,41,22
24,41,22
24,41,22
24,41,22
24,41,22
24,41,22
24,41,22
24,41,22
24,41,22
24,41,22
24,41,22
24,41,22
24,41,22
24,41,22
24,41,22
24,39,22
24,39,22
24,39,22
24,39,22
24,39,22
24,39,22
24,39,22
24,39,22
24,39,22
24,39,22
24,39,22
24,39,22
24,39,22
24,39,22
24,39,22
24,39,22
24,39,22
24,39,22
24,39,22
24,39,22
24,39,22
24,39,22
24,39,22
24,39,22
24,39,22
24,39,22
24,39,22
24,39,22
24,39,22
24,39,22
24,32,22
24,32,22
24,32,22
24,32,22
24,32,22
24,32,22
24,56,22
24,56,22
24,56,22
24,56,22
24,56,22
24,56,22
24,56,22
24,56,22
24,56,22
24,56,22
24,56,22
24,56,22
24,56,22
39,52,22
39,52,22
39,52,22
39,52,22
39,52,22
39,52,22
39,52,22
39,52,22
39,52,22
39,52,22
39,52,22
39,52,22
39,52,22
39,52,22
39,52,22
39,52,22
39,52,22
39,52,22
39,52,22
39,52,22
39,52,22
39,52,22
39,52,22
39,52,22
39,52,22
39,52,22
39,52,22
39,52,22
39,52,22
39,52,22
39,52,22
39,52,22
39,52,22
39,52,22
39,52,22
39,52,22
39,52,22
39,52,22
39,52,22
39,52,22
39,52,22
39,20,22
39,20,22
39,20,22
39,20,22
39,20,22
39,20,22
39,20,22
39,51,22
39,51,22
39,51,22
39,51,22
39,51,22
39,51,22
39,51,22
39,51,22
39,51,22
39,51,22
39,51,22
39,51,22
39,51,22
39,51,22
39,45,22
39,45,22
39,45,22
39,45,22
39,45,22
39,45,22
39,45,22
39,45,22
39,45,22
39,45,22
39,45,22
39,45,22
39,16,22
39,16,22
39,16,22
39,16,22
39,16,22
39,16,22
39,25,22
39,25,22
39,25,22
39,25,22
39,25,22
39,25,22
39,25,22
39,25,22
39,25,22
39,25,22
39,25,22
39,25,22
39,25,22
39,25,22
39,25,22
39,25,22
39,25,22
39,25,22
39,25,22
39,25,22
39,25,22
39,25,22
39,25,22
39,25,22
39,25,22
39,25,22
39,25,22
39,25,22
39,25,22
39,25,22
39,25,22
39,25,22
39,25,22
39,25,22
39,25,22
39,25,22
39,25,22
39,25,22
39,25,22
39,25,22
39,25,22
39,25,22
39,25,22
39,25,22
39,25,22
39,25,22
39,25,22
39,25,22
39,25,22
39,25,22
39,25,22
39,25,22
39,25,22
39,25,22
39,25,22
39,25,22
39,25,22
39,25,22
39,25,22
39,25,22
39,43,22
39,43,22
39,43,22
39,43,22
39,43,22
39,43,22
39,43,22
39,43,22
39,43,22
39,43,22
39,43,22
39,43,22
39,43,22
39,43,22
39,43,22
39,43,22
39,43,22
39,43,22
39,43,22
39,43,22
39,43,22
39,43,22
39,43,22
39,43,22
39,43,22
39,43,22
39,43,22
39,43,22
39,43,22
39,43,22
39,43,22
39,43,22
39,43,22
39,43,22
39,43,22
39,43,22
39,43,22
39,43,22
39,43,22
39,43,22
39,43,22
39,43,22
39,43,22
39,43,22
39,43,22
39,43,22
39,43,22
39,43,22
39,43,22
39,43,22
39,43,22
39,43,22
39,43,22
39,43,22
39,35,22
39,35,22
39,35,22
39,35,22
39,35,22
39,35,22
39,35,22
39,35,22
39,35,22
39,35,22
39,35,22
39,35,22
39,35,22
39,35,22
39,35,22
39,35,22
39,35,22
39,35,22
39,35,22
39,35,22
39,35,22
39,35,22
39,35,22
39,33,22
39,33,22
39,33,22
39,33,22
39,33,22
39,33,22
39,33,22
39,33,22
39,33,22
39,33,22
39,33,22
39,33,22
39,33,22
39,33,22
39,33,22
39,33,22
39,33,22
39,33,22
39,33,22
39,33,22
39,33,22
39,33,22
39,33,22
39,33,22
39,33,22
39,33,22
39,33,22
39,33,22
39,33,22
39,33,22
39,33,22
39,33,22
39,33,22
39,33,22
39,33,22
39,33,22
39,33,22
39,27,22
39,27,22
39,27,22
39,27,22
39,27,22
39,27,22
39,27,22
39,27,22
39,340,22
39,340,22
39,340,22
39,340,22
39,340,22
39,340,22
39,340,22
39,340,22
39,340,22
39,340,22
39,340,22
39,340,22
39,340,22
39,50,22
39,50,22
39,50,22
39,50,22
39,50,22
39,50,22
39,50,22
39,50,22
39,50,22
39,50,22
39,50,22
39,50,22
39,50,22
39,50,22
54,61,22
54,61,22
54,61,22
54,61,22
54,61,22
54,61,22
54,84,22
54,84,22
54,84,22
54,84,22
54,84,22
54,84,22
54,84,22
54,84,22
54,84,22
54,84,22
54,84,22
54,84,22
54,43,22
54,43,22
54,43,22
54,43,22
54,43,22
54,43,22
54,43,22
54,43,22
54,43,22
54,43,22
54,43,22
54,42,22
54,42,22
54,42,22
54,42,22
54,42,22
54,42,22
54,39,22
54,39,22
54,39,22
54,39,22
54,39,22
54,39,22
54,39,22
54,39,22
54,39,22
54,39,22
54,39,22
54,39,22
54,39,22
54,39,22
54,64,22
54,64,22
54,64,22
54,64,22
54,64,22
54,64,22
54,64,22
54,64,22
54,36,22
54,36,22
54,36,22
54,36,22
54,36,22
54,36,22
54,36,22
54,36,22
54,36,22
54,36,22
54,36,22
54,36,22
54,36,22
54,36,22
54,36,22
54,36,22
54,36,22
54,36,22
54,36,22
54,36,22
54,36,22
54,36,22
54,36,22
54,36,22
54,36,22
54,36,22
54,36,22
54,36,22
54,36,22
54,36,22
54,36,22
54,72,22
54,72,22
54,72,22
54,72,22
54,72,22
54,72,22
54,72,22
54,72,22
54,72,22
54,72,22
54,72,22
54,72,22
54,72,22
54,72,22
54,72,22
54,72,22
54,72,22
54,72,22
54,72,22
54,72,22
54,72,22
54,72,22
54,72,22
54,72,22
54,72,22
54,72,22
54,72,22
54,69,22
54,69,22
54,69,22
54,69,22
54,69,22
54,69,22
54,69,22
54,69,22
54,69,22
54,69,22
54,69,22
54,69,22
54,69,22
54,69,22
54,54,22
54,54,22
54,54,22
54,54,22
54,54,22
54,54,22
54,54,22
54,54,22
54,54,22
54,54,22
54,54,22
54,54,22
54,54,22
54,54,22
54,54,22
54,54,22
54,54,22
54,54,22
54,54,22
54,54,22
54,54,22
54,54,22
54,54,22
54,54,22
54,54,22
54,54,22
54,54,22
54,54,22
54,54,22
54,54,22
54,54,22
54,54,22
54,56,22
54,56,22
54,56,22
54,56,22
54,56,22
54,56,22
54,56,22
54,56,22
54,39,22
54,39,22
54,39,22
54,39,22
54,39,22
54,39,22
54,39,22
54,39,22
54,94,22
54,94,22
54,94,22
54,94,22
54,94,22
54,94,22
54,94,22
54,94,22
54,94,22
54,94,22
54,94,22
54,94,22
54,94,22
54,94,22
54,94,22
54,94,22
54,94,22
54,94,22
54,94,22
54,71,22
54,71,22
54,71,22
54,71,22
54,71,22
54,71,22
54,71,22
54,27,22
54,27,22
54,27,22
54,27,22
54,27,22
54,27,22
54,27,22
54,27,22
54,27,22
54,27,22
54,27,22
54,27,22
54,27,22
54,27,22
54,27,22
54,27,22
54,27,22
54,27,22
54,27,22
54,27,22
54,27,22
54,27,22
54,27,22
54,27,22
54,27,22
54,27,22
54,27,22
54,27,22
54,27,22
54,27,22
54,27,22
54,27,22
54,27,22
54,27,22
54,27,22
54,27,22
54,27,22
54,27,22
54,27,22
54,27,22
54,27,22
54,27,22
54,27,22
29,8,22
29,8,22
29,8,22
29,8,22
29,8,22
29,8,22
29,31,22
29,31,22
29,31,22
29,31,22
29,31,22
29,31,22
29,31,22
29,31,22
29,31,22
29,31,22
29,31,22
29,31,22
29,31,22
29,31,22
29,31,22
29,31,22
29,31,22
29,31,22
29,31,22
29,31,22
29,31,22
29,15,22
29,15,22
29,15,22
29,15,22
29,15,22
29,15,22
29,15,22
29,15,22
29,15,22
29,15,22
29,15,22
29,15,22
29,15,22
29,15,22
29,15,22
29,15,22
29,15,22
29,15,22
29,15,22
29,15,22
29,15,22
29,15,22
29,15,22
29,15,22
29,15,22
29,15,22
29,15,22
29,15,22
29,15,22
29,15,22
29,15,22
29,15,22
29,15,22
29,15,22
29,15,22
29,15,22
29,15,22
29,15,22
29,15,22
29,15,22
29,15,22
29,15,22
29,15,22
29,15,22
29,15,22
29,15,22
29,14,22
29,14,22
29,14,22
29,14,22
29,14,22
29,14,22
29,14,22
29,14,22
29,14,22
29,14,22
29,14,22
29,14,22
29,14,22
29,14,22
29,14,22
29,14,22
29,14,22
29,14,22
29,14,22
29,14,22
29,29,22
29,29,22
29,29,22
29,29,22
29,29,22
29,29,22
29,357,22
29,357,22
29,357,22
29,357,22
29,357,22
29,357,22
29,357,22
29,357,22
29,357,22
29,357,22
29,357,22
29,357,22
29,357,22
29,357,22
29,357,22
29,357,22
29,357,22
29,357,22
29,357,22
29,357,22
29,357,22
29,357,22
29,357,22
29,357,22
29,357,22
29,357,22
29,357,22
29,357,22
29,357,22
29,357,22
29,357,22
29,357,22
29,357,22
29,357,22
29,357,22
29,357,22
29,357,22
29,357,22
29,357,22
29,357,22
29,357,22
29,357,22
29,357,22
29,47,22
29,47,22
29,47,22
29,47,22
29,47,22
29,47,22
29,47,22
29,47,22
29,47,22
29,47,22
29,47,22
29,47,22
29,47,22
29,47,22
29,47,22
29,47,22
29,47,22
29,47,22
29,47,22
29,47,22
29,47,22
29,47,22
29,47,22
29,354,22
29,354,22
29,354,22
29,354,22
29,354,22
29,354,22
29,354,22
29,354,22
29,354,22
29,354,22
29,354,22
29,354,22
29,354,22
29,354,22
29,354,22
29,354,22
29,354,22
29,354,22
29,354,22
29,354,22
29,354,22
29,354,22
29,354,22
29,354,22
29,354,22
29,354,22
29,354,22
29,354,22
29,354,22
29,354,22
29,354,22
29,354,22
29,354,22
29,354,22
29,354,22
29,354,22
29,354,22
29,354,22
29,354,22
29,354,22
29,354,22
29,354,22
29,354,22
29,354,22
29,354,22
29,354,22
29,354,22
29,354,22
29,354,22
29,354,22
29,354,22
29,354,22
29,354,22
29,354,22
29,354,22
29,354,22
29,9,22
29,9,22
29,9,22
29,9,22
29,9,22
29,9,22
29,9,22
29,9,22
29,9,22
29,9,22
29,9,22
29,9,22
29,9,22
29,9,22
29,9,22
29,9,22
29,9,22
29,9,22
29,9,22
29,9,22
29,48,22
29,48,22
29,48,22
29,48,22
29,48,22
29,48,22
29,48,22
29,48,22
29,48,22
29,48,22
29,48,22
29,49,22
29,49,22
29,49,22
29,49,22
29,49,22
29,49,22
29,49,22
29,49,22
29,49,22
29,49,22
29,49,22
29,49,22
29,32,22
29,32,22
29,32,22
29,32,22
29,32,22
29,32,22
29,32,22
29,32,22
29,32,22
29,32,22
29,32,22
29,32,22
29,32,22
29,32,22
29,32,22
29,32,22
29,32,22
29,32,22
29,32,22
29,32,22
29,32,22
29,32,22
29,32,22
29,32,22
29,32,22
29,32,22
29,32,22
29,32,22
29,32,22
29,32,22
29,32,22
29,32,22
29,32,22
29,32,22
29,32,22
29,32,22
29,32,22
29,32,22
29,32,22
29,32,22
29,32,22
29,32,22
29,32,22
29,32,22
29,32,22
29,32,22
29,32,22
29,353,22
29,353,22
29,353,22
29,353,22
29,353,22
29,353,22
29,353,22
29,16,22
29,16,22
29,16,22
29,16,22
29,16,22
29,16,22
29,11,22
29,11,22
29,11,22
29,11,22
29,11,22
29,11,22
29,11,22
29,10,22
29,10,22
29,10,22
29,10,22
29,10,22
29,10,22
29,10,22
29,10,22
29,10,22
29,10,22
29,10,22
29,10,22
29,10,22
29,10,22
29,10,22
29,10,22
29,10,22
29,10,22
29,10,22
29,10,22
29,10,22
29,10,22
29,10,22
29,10,22
29,10,22
29,10,22
29,10,22
29,10,22
29,10,22
29,10,22
29,10,22
29,10,22
29,10,22
29,10,22
29,10,22
29,10,22
29,10,22
29,10,22
29,10,22
29,10,22
29,10,22
29,10,22
29,17,22
29,17,22
29,17,22
29,17,22
29,17,22
29,17,22
29,17,22
29,17,22
29,17,22
29,17,22
29,17,22
29,17,22
29,17,22
29,17,22
29,17,22
29,17,22
29,17,22
29,17,22
29,33,22
29,33,22
29,33,22
29,33,22
29,33,22
29,33,22
29,33,22
29,33,22
29,33,22
29,33,22
29,33,22
49,73,22
49,73,22
49,73,22
49,73,22
49,73,22
49,73,22
49,73,22
49,73,22
49,73,22
49,73,22
49,73,22
49,73,22
49,73,22
49,24,22
49,24,22
49,24,22
49,24,22
49,24,22
49,24,22
49,24,22
49,24,22
49,24,22
49,24,22
49,24,22
49,24,22
49,24,22
49,24,22
49,24,22
49,24,22
49,24,22
49,24,22
49,24,22
49,24,22
49,24,22
49,24,22
49,24,22
49,24,22
49,24,22
49,24,22
49,24,22
49,24,22
49,24,22
49,24,22
49,24,22
49,24,22
49,24,22
49,24,22
49,24,22
49,24,22
49,24,22
49,24,22
49,24,22
49,24,22
49,24,22
49,24,22
49,24,22
49,24,22
49,24,22
49,24,22
49,24,22
49,24,22
49,24,22
49,24,22
49,24,22
49,24,22
49,24,22
49,24,22
49,44,22
49,44,22
49,44,22
49,44,22
49,44,22
49,44,22
49,44,22
49,44,22
49,44,22
49,44,22
49,44,22
49,62,22
49,62,22
49,62,22
49,62,22
49,62,22
49,62,22
49,62,22
49,62,22
49,62,22
49,62,22
49,62,22
49,62,22
49,62,22
49,62,22
49,62,22
49,62,22
49,62,22
49,62,22
49,62,22
49,62,22
49,62,22
49,62,22
49,62,22
49,62,22
49,62,22
49,62,22
49,62,22
49,62,22
49,62,22
49,62,22
49,62,22
49,62,22
49,62,22
49,62,22
49,62,22
49,62,22
49,62,22
49,62,22
49,62,22
49,62,22
49,62,22
49,62,22
49,62,22
49,62,22
49,62,22
49,62,22
49,62,22
49,62,22
49,62,22
49,62,22
49,62,22
49,62,22
49,67,22
49,67,22
49,67,22
49,67,22
49,67,22
49,67,22
49,67,22
49,67,22
49,67,22
49,67,22
49,67,22
49,67,22
49,67,22
49,67,22
49,12,22
49,12,22
49,12,22
49,12,22
49,12,22
49,12,22
49,28,22
49,28,22
49,28,22
49,28,22
49,28,22
49,28,22
49,28,22
49,28,22
49,58,22
49,58,22
49,58,22
49,58,22
49,58,22
49,58,22
49,58,22
49,58,22
49,58,22
49,58,22
49,58,22
49,58,22
49,58,22
49,58,22
49,58,22
49,58,22
49,58,22
49,46,22
49,46,22
49,46,22
49,46,22
49,46,22
49,46,22
49,46,22
49,46,22
49,46,22
49,46,22
49,46,22
49,46,22
49,46,22
49,46,22
49,46,22
49,46,22
49,46,22
49,46,22
49,46,22
49,46,22
49,46,22
49,46,22
49,46,22
49,46,22
49,46,22
49,46,22
49,92,22
49,92,22
49,92,22
49,92,22
49,92,22
49,92,22
49,92,22
49,92,22
49,92,22
49,92,22
49,92,22
49,92,22
49,92,22
49,92,22
49,92,22
49,92,22
49,92,22
49,92,22
49,92,22
49,92,22
49,92,22
49,92,22
49,92,22
49,92,22
49,92,22
49,92,22
49,92,22
49,92,22
49,41,22
49,41,22
49,41,22
49,41,22
49,41,22
49,41,22
49,41,22
49,41,22
49,41,22
49,41,22
49,41,22
49,41,22
49,41,22
49,41,22
49,41,22
49,41,22
49,41,22
49,41,22
49,41,22
49,41,22
49,41,22
49,41,22
49,41,22
49,41,22
49,2,22
49,2,22
49,2,22
49,2,22
49,2,22
49,2,22
49,2,22
49,2,22
49,2,22
49,2,22
49,2,22
49,2,22
49,2,22
49,2,22
49,48,22
49,48,22
49,48,22
49,48,22
49,48,22
49,48,22
49,48,22
49,48,22
49,48,22
49,48,22
49,48,22
49,48,22
49,48,22
49,48,22
49,48,22
49,48,22
49,48,22
49,48,22
49,48,22
49,48,22
49,48,22
49,48,22
49,48,22
49,48,22
49,48,22
49,48,22
49,48,22
49,48,22
49,48,22
49,48,22
49,48,22
49,48,22
49,48,22
49,48,22
49,48,22
49,48,22
49,48,22
49,48,22
49,48,22
49,47,22
49,47,22
49,47,22
49,47,22
49,47,22
49,47,22
49,47,22
49,47,22
49,47,22
49,47,22
49,47,22
49,47,22
49,86,22
49,86,22
49,86,22
49,86,22
49,86,22
49,86,22
49,86,22
49,86,22
49,86,22
49,86,22
49,86,22
49,86,22
49,86,22
49,86,22
49,86,22
49,86,22
49,86,22
49,86,22
49,86,22
49,86,22
49,86,22
49,86,22
49,86,22
49,86,22
49,86,22
49,86,22
49,86,22
49,86,22
49,86,22
74,77,22
74,77,22
74,77,22
74,77,22
74,77,22
74,77,22
74,77,22
74,77,22
74,77,22
74,77,22
74,77,22
74,77,22
74,40,22
74,40,22
74,40,22
74,40,22
74,40,22
74,40,22
74,40,22
74,40,22
74,40,22
74,40,22
74,40,22
74,40,22
74,40,22
74,40,22
74,40,22
74,40,22
74,40,22
74,40,22
74,40,22
74,40,22
74,40,22
74,40,22
74,40,22
74,40,22
74,40,22
74,40,22
74,40,22
74,40,22
74,40,22
74,40,22
74,69,22
74,69,22
74,69,22
74,69,22
74,69,22
74,69,22
74,69,22
74,69,22
74,69,22
74,69,22
74,69,22
74,69,22
74,69,22
74,69,22
74,69,22
74,69,22
74,69,22
74,69,22
74,98,22
74,98,22
74,98,22
74,98,22
74,98,22
74,98,22
74,98,22
74,98,22
74,98,22
74,98,22
74,98,22
74,98,22
74,98,22
74,98,22
74,98,22
74,98,22
74,116,22
74,116,22
74,116,22
74,116,22
74,116,22
74,116,22
74,116,22
74,116,22
74,116,22
74,116,22
74,116,22
74,116,22
74,116,22
74,54,22
74,54,22
74,54,22
74,54,22
74,54,22
74,54,22
74,54,22
74,54,22
74,54,22
74,54,22
74,81,22
74,81,22
74,81,22
74,81,22
74,81,22
74,81,22
74,81,22
74,81,22
74,81,22
74,81,22
74,81,22
74,81,22
74,81,22
74,81,22
74,81,22
74,81,22
74,81,22
74,81,22
74,81,22
74,81,22
74,81,22
74,81,22
74,90,22
74,90,22
74,90,22
74,90,22
74,90,22
74,90,22
74,90,22
74,90,22
74,90,22
74,90,22
74,90,22
74,90,22
74,90,22
74,90,22
74,90,22
74,90,22
74,90,22
74,90,22
74,90,22
74,90,22
74,90,22
74,90,22
74,90,22
74,90,22
74,90,22
74,90,22
74,90,22
74,90,22
74,90,22
74,90,22
74,90,22
74,90,22
74,90,22
74,90,22
74,90,22
74,90,22
74,90,22
74,90,22
74,90,22
74,90,22
74,90,22
74,31,22
74,31,22
74,31,22
74,31,22
74,31,22
74,31,22
74,31,22
74,31,22
74,31,22
74,31,22
74,31,22
74,31,22
74,31,22
74,31,22
74,31,22
74,31,22
74,31,22
74,31,22
74,31,22
74,31,22
74,31,22
74,31,22
74,31,22
74,31,22
74,31,22
74,31,22
74,31,22
74,31,22
74,31,22
74,31,22
74,31,22
74,31,22
74,31,22
74,92,22
74,92,22
74,92,22
74,92,22
74,92,22
74,92,22
74,92,22
74,92,22
74,92,22
74,92,22
74,78,22
74,78,22
74,78,22
74,78,22
74,78,22
74,78,22
74,78,22
74,78,22
74,78,22
74,78,22
74,78,22
74,78,22
74,78,22
74,78,22
74,78,22
74,78,22
74,78,22
74,78,22
74,78,22
74,78,22
74,78,22
74,78,22
74,78,22
74,78,22
74,78,22
74,78,22
74,78,22
74,78,22
74,78,22
74,78,22
74,78,22
74,78,22
74,78,22
74,65,22
74,65,22
74,65,22
74,65,22
74,65,22
74,65,22
74,65,22
74,65,22
74,65,22
74,65,22
74,65,22
74,65,22
74,65,22
74,65,22
74,65,22
74,65,22
74,65,22
74,65,22
74,65,22
74,65,22
74,65,22
74,65,22
74,65,22
74,65,22
74,65,22
74,65,22
74,65,22
74,65,22
74,65,22
74,65,22
74,96,22
74,96,22
74,96,22
74,96,22
74,96,22
74,96,22
74,96,22
74,96,22
74,96,22
74,96,22
74,96,22
74,96,22
74,96,22
74,96,22
74,96,22
74,96,22
74,96,22
74,96,22
74,96,22
74,96,22
74,96,22
74,76,22
74,76,22
74,76,22
74,76,22
74,76,22
74,76,22
74,76,22
74,76,22
74,76,22
74,76,22
74,76,22
74,76,22
74,76,22
74,76,22
74,76,22
74,76,22
74,76,22
74,76,22
74,76,22
74,76,22
74,76,22
74,76,22
74,76,22
74,76,22
74,76,22
74,58,22
74,58,22
74,58,22
74,58,22
74,58,22
74,58,22
74,58,22
74,58,22
74,104,22
74,104,22
74,104,22
74,104,22
74,104,22
74,104,22
74,104,22
74,104,22
74,60,22
74,60,22
74,60,22
74,60,22
74,60,22
74,60,22
74,60,22
74,60,22
74,60,22
74,60,22
74,60,22
74,60,22
74,60,22
74,60,22
74,60,22
74,60,22
74,60,22
74,60,22
74,60,22
74,60,22
74,60,22
74,60,22
74,60,22
74,60,22
74,60,22
74,60,22
74,60,22
74,60,22
74,60,22
74,60,22
74,60,22
74,60,22
74,60,22
74,60,22
74,60,22
74,102,22
74,102,22
74,102,22
74,102,22
74,102,22
74,102,22
74,102,22
74,102,22
74,102,22
74,102,22
74,102,22
74,102,22
74,102,22
74,102,22
74,102,22
74,102,22
74,102,22
74,102,22
74,102,22
74,102,22
74,102,22
74,102,22
74,102,22
74,102,22
74,22,22
74,22,22
74,22,22
74,22,22
74,22,22
74,22,22
74,22,22
74,22,22
74,22,22
74,22,22
74,22,22
74,22,22
74,22,22
74,22,22
74,22,22
74,22,22
74,22,22
74,22,22
74,22,22
74,22,22
74,22,22
74,22,22
89,144,22
89,144,22
89,144,22
89,144,22
89,144,22
89,144,22
89,144,22
89,144,22
89,144,22
89,107,22
89,107,22
89,107,22
89,107,22
89,107,22
89,107,22
89,107,22
89,107,22
89,107,22
89,107,22
89,107,22
89,107,22
89,107,22
89,107,22
89,107,22
89,107,22
89,107,22
89,107,22
89,107,22
89,107,22
89,107,22
89,107,22
89,107,22
89,107,22
89,107,22
89,107,22
89,107,22
89,107,22
89,107,22
89,107,22
89,107,22
89,107,22
89,107,22
89,107,22
89,107,22
89,107,22
89,107,22
89,107,22
89,118,22
89,118,22
89,118,22
89,118,22
89,118,22
89,118,22
89,118,22
89,118,22
89,118,22
89,118,22
89,118,22
89,118,22
89,118,22
89,118,22
89,118,22
89,118,22
89,118,22
89,118,22
89,118,22
89,118,22
89,118,22
89,118,22
89,118,22
89,118,22
89,118,22
89,118,22
89,80,22
89,80,22
89,80,22
89,80,22
89,80,22
89,80,22
89,80,22
89,80,22
89,80,22
89,80,22
89,80,22
89,80,22
89,80,22
89,80,22
89,80,22
89,80,22
89,80,22
89,80,22
89,80,22
89,80,22
89,80,22
89,80,22
89,80,22
89,80,22
89,80,22
89,80,22
89,80,22
89,80,22
89,80,22
89,80,22
89,80,22
89,80,22
89,80,22
89,80,22
89,80,22
89,80,22
89,80,22
89,80,22
89,80,22
89,80,22
89,80,22
89,80,22
89,108,22
89,108,22
89,108,22
89,108,22
89,108,22
89,108,22
89,130,22
89,130,22
89,130,22
89,130,22
89,130,22
89,130,22
89,130,22
89,130,22
89,130,22
89,130,22
89,130,22
89,130,22
89,130,22
89,130,22
89,130,22
89,130,22
89,130,22
89,130,22
89,130,22
89,130,22
89,130,22
89,130,22
89,130,22
89,130,22
89,130,22
89,80,22
89,80,22
89,80,22
89,80,22
89,80,22
89,80,22
89,76,22
89,76,22
89,76,22
89,76,22
89,76,22
89,76,22
89,76,22
89,76,22
89,76,22
89,76,22
89,76,22
89,76,22
89,76,22
89,57,22
89,57,22
89,57,22
89,57,22
89,57,22
89,57,22
89,57,22
89,57,22
89,57,22
89,57,22
89,57,22
89,57,22
89,57,22
89,57,22
89,57,22
89,57,22
89,57,22
89,57,22
89,57,22
89,57,22
89,57,22
89,57,22
89,57,22
89,57,22
89,57,22
89,57,22
89,57,22
89,57,22
89,57,22
89,57,22
89,57,22
89,57,22
89,57,22
89,57,22
89,57,22
89,57,22
89,57,22
89,62,22
89,62,22
89,62,22
89,62,22
89,62,22
89,62,22
89,62,22
89,62,22
89,62,22
89,62,22
89,62,22
89,62,22
89,62,22
89,62,22
89,62,22
89,62,22
89,62,22
89,62,22
89,62,22
89,62,22
89,62,22
89,62,22
89,62,22
89,62,22
89,62,22
89,62,22
89,62,22
89,62,22
89,127,22
89,127,22
89,127,22
89,127,22
89,127,22
89,127,22
89,127,22
89,127,22
89,127,22
89,127,22
89,127,22
89,127,22
89,127,22
89,127,22
89,127,22
89,127,22
89,127,22
89,127,22
89,127,22
89,127,22
89,127,22
89,127,22
89,127,22
89,127,22
89,127,22
89,127,22
89,58,22
89,58,22
89,58,22
89,58,22
89,58,22
89,58,22
89,58,22
89,58,22
89,58,22
89,58,22
89,58,22
89,88,22
89,88,22
89,88,22
89,88,22
89,88,22
89,88,22
89,88,22
89,88,22
89,88,22
89,88,22
89,88,22
89,88,22
89,88,22
89,88,22
89,88,22
89,88,22
89,88,22
89,88,22
89,88,22
89,88,22
89,88,22
89,88,22
89,88,22
89,88,22
89,88,22
89,88,22
89,88,22
89,88,22
89,88,22
89,88,22
89,88,22
89,88,22
89,88,22
89,88,22
89,88,22
89,88,22
89,88,22
89,88,22
89,88,22
89,88,22
89,88,22
89,88,22
89,88,22
89,88,22
89,88,22
89,88,22
89,88,22
89,88,22
89,107,22
89,107,22
89,107,22
89,107,22
89,107,22
89,107,22
89,107,22
89,107,22
89,107,22
89,107,22
89,107,22
89,107,22
89,107,22
89,107,22
89,107,22
89,107,22
89,107,22
89,107,22
89,107,22
89,107,22
89,107,22
89,107,22
89,107,22
74,66,22
74,66,22
74,66,22
74,66,22
74,66,22
74,66,22
74,66,22
74,47,22
74,47,22
74,47,22
74,47,22
74,47,22
74,47,22
74,47,22
74,47,22
74,47,22
74,47,22
74,47,22
74,47,22
74,47,22
74,47,22
74,47,22
74,47,22
74,47,22
74,47,22
74,47,22
74,47,22
74,47,22
74,47,22
74,47,22
74,47,22
74,47,22
74,47,22
74,47,22
74,47,22
74,47,22
74,47,22
74,47,22
74,47,22
74,47,22
74,47,22
74,47,22
74,47,22
74,47,22
74,47,22
74,47,22
74,47,22
74,71,22
74,71,22
74,71,22
74,71,22
74,71,22
74,71,22
74,71,22
74,71,22
74,71,22
74,71,22
74,71,22
74,71,22
74,71,22
74,71,22
74,71,22
74,71,22
74,71,22
74,71,22
74,71,22
74,71,22
74,71,22
74,71,22
74,71,22
74,71,22
74,71,22
74,71,22
74,71,22
74,71,22
74,59,22
74,59,22
74,59,22
74,59,22
74,59,22
74,59,22
74,59,22
74,59,22
74,59,22
74,59,22
74,59,22
74,59,22
74,59,22
74,59,22
74,59,22
74,59,22
74,59,22
74,59,22
74,59,22
74,59,22
74,59,22
74,59,22
74,59,22
74,59,22
74,59,22
74,59,22
74,59,22
74,59,22
74,59,22
74,59,22
74,59,22
74,59,22
74,59,22
74,59,22
74,59,22
74,59,22
74,59,22
74,59,22
74,56,22
74,56,22
74,56,22
74,56,22
74,56,22
74,56,22
74,56,22
74,56,22
74,56,22
74,56,22
74,56,22
74,56,22
74,102,22
74,102,22
74,102,22
74,102,22
74,102,22
74,102,22
74,102,22
74,102,22
74,102,22
74,102,22
74,102,22
74,102,22
74,102,22
74,102,22
74,102,22
74,102,22
74,102,22
74,102,22
74,102,22
74,102,22
74,102,22
74,102,22
74,102,22
74,102,22
74,102,22
74,102,22
74,102,22
74,102,22
74,102,22
74,102,22
74,102,22
74,102,22
74,102,22
74,102,22
74,102,22
74,102,22
74,102,22
74,68,22
74,68,22
74,68,22
74,68,22
74,68,22
74,68,22
74,68,22
74,68,22
74,68,22
74,68,22
74,68,22
74,68,22
74,68,22
74,68,22
74,68,22
74,68,22
74,68,22
74,68,22
74,68,22
74,68,22
74,68,22
74,68,22
74,68,22
74,68,22
74,68,22
74,68,22
74,68,22
74,68,22
74,68,22
74,68,22
74,68,22
74,68,22
74,68,22
74,68,22
74,68,22
74,68,22
74,68,22
74,68,22
74,68,22
74,68,22
74,68,22
74,68,22
74,68,22
74,107,22
74,107,22
74,107,22
74,107,22
74,107,22
74,107,22
74,107,22
74,107,22
74,107,22
74,107,22
74,80,22
74,80,22
74,80,22
74,80,22
74,80,22
74,80,22
74,112,22
74,112,22
74,112,22
74,112,22
74,112,22
74,112,22
74,112,22
74,112,22
74,112,22
74,112,22
74,112,22
74,112,22
74,92,22
74,92,22
74,92,22
74,92,22
74,92,22
74,92,22
74,92,22
74,92,22
74,92,22
74,92,22
74,92,22
74,92,22
74,92,22
74,92,22
74,92,22
74,92,22
74,92,22
74,92,22
74,92,22
74,92,22
74,92,22
74,92,22
74,92,22
74,92,22
74,92,22
74,92,22
74,92,22
74,92,22
74,92,22
74,92,22
74,92,22
74,92,22
74,92,22
74,92,22
74,92,22
74,92,22
74,92,22
74,92,22
74,92,22
74,92,22
74,92,22
74,92,22
74,92,22
74,92,22
74,92,22
74,92,22
74,92,22
74,92,22
74,92,22
74,92,22
74,92,22
74,92,22
74,92,22
74,92,22
74,92,22
74,92,22
74,75,22
74,75,22
74,75,22
74,75,22
74,75,22
74,75,22
74,75,22
74,75,22
74,75,22
74,75,22
74,75,22
74,75,22
74,75,22
74,75,22
74,75,22
74,75,22
74,75,22
74,75,22
74,75,22
74,75,22
74,75,22
74,75,22
74,75,22
74,75,22
74,75,22
74,75,22
74,75,22
74,75,22
74,75,22
74,75,22
74,75,22
74,75,22
74,75,22
74,75,22
74,75,22
74,75,22
74,75,22
74,75,22
74,75,22
74,75,22
74,75,22
74,75,22
74,75,22
74,75,22
74,75,22
74,75,22
74,75,22
74,75,22
74,75,22
74,75,22
74,75,22
74,75,22
74,75,22
74,75,22
74,75,22
74,75,22
74,82,22
74,82,22
74,82,22
74,82,22
74,82,22
74,82,22
74,82,22
74,82,22
74,82,22
74,82,22
74,82,22
74,82,22
74,82,22
74,82,22
74,82,22
74,82,22
74,82,22
74,82,22
74,82,22
74,82,22
74,82,22
74,82,22
74,82,22
74,82,22
74,82,22
74,82,22
74,82,22
74,82,22
74,82,22
74,82,22
74,82,22
54,38,22
54,38,22
54,38,22
54,38,22
54,38,22
54,38,22
54,38,22
54,38,22
54,38,22
54,38,22
54,38,22
54,38,22
54,38,22
54,38,22
54,38,22
54,38,22
54,38,22
54,38,22
54,67,22
54,67,22
54,67,22
54,67,22
54,67,22
54,67,22
54,67,22
54,67,22
54,67,22
54,67,22
54,67,22
54,67,22
54,67,22
54,67,22
54,67,22
54,67,22
54,67,22
54,67,22
54,67,22
54,67,22
54,4,22
54,4,22
54,4,22
54,4,22
54,4,22
54,4,22
54,4,22
54,4,22
54,4,22
54,4,22
54,63,22
54,63,22
54,63,22
54,63,22
54,63,22
54,63,22
54,63,22
54,63,22
54,63,22
54,63,22
54,63,22
54,63,22
54,63,22
54,63,22
54,63,22
54,63,22
54,63,22
54,63,22
54,63,22
54,63,22
54,63,22
54,63,22
54,63,22
54,63,22
54,63,22
54,63,22
54,63,22
54,63,22
54,63,22
54,63,22
54,63,22
54,63,22
54,63,22
54,63,22
54,63,22
54,63,22
54,63,22
54,63,22
54,63,22
54,63,22
54,63,22
54,63,22
54,63,22
54,63,22
54,63,22
54,63,22
54,59,22
54,59,22
54,59,22
54,59,22
54,59,22
54,59,22
54,59,22
54,59,22
54,59,22
54,45,22
54,45,22
54,45,22
54,45,22
54,45,22
54,45,22
54,45,22
54,45,22
54,45,22
54,45,22
54,45,22
54,45,22
54,45,22
54,45,22
54,45,22
54,45,22
54,45,22
54,30,22
54,30,22
54,30,22
54,30,22
54,30,22
54,30,22
54,30,22
54,30,22
54,30,22
54,66,22
54,66,22
54,66,22
54,66,22
54,66,22
54,66,22
54,66,22
54,66,22
54,66,22
54,66,22
54,66,22
54,66,22
54,66,22
54,66,22
54,66,22
54,66,22
54,66,22
54,64,22
54,64,22
54,64,22
54,64,22
54,64,22
54,64,22
54,57,22
54,57,22
54,57,22
54,57,22
54,57,22
54,57,22
54,57,22
54,57,22
54,57,22
54,57,22
54,57,22
54,57,22
54,57,22
54,57,22
54,57,22
54,57,22
54,57,22
54,57,22
54,57,22
54,106,22
54,106,22
54,106,22
54,106,22
54,106,22
54,106,22
54,106,22
54,106,22
54,106,22
54,106,22
54,106,22
54,106,22
54,106,22
54,106,22
54,106,22
54,106,22
54,49,22
54,49,22
54,49,22
54,49,22
54,49,22
54,49,22
54,49,22
54,49,22
54,49,22
54,49,22
54,49,22
54,49,22
54,49,22
54,49,22
54,49,22
54,49,22
54,49,22
54,49,22
54,43,22
54,43,22
54,43,22
54,43,22
54,43,22
54,43,22
54,43,22
54,86,22
54,86,22
54,86,22
54,86,22
54,86,22
54,86,22
54,86,22
54,86,22
54,86,22
54,86,22
54,86,22
54,86,22
54,86,22
54,122,22
54,122,22
54,122,22
54,122,22
54,122,22
54,122,22
54,122,22
54,122,22
54,122,22
54,122,22
54,122,22
54,122,22
54,122,22
54,122,22
54,122,22
54,122,22
54,41,22
54,41,22
54,41,22
54,41,22
54,41,22
54,41,22
54,41,22
54,41,22
54,41,22
54,41,22
54,41,22
54,41,22
54,41,22
54,41,22
54,41,22
54,41,22
54,50,22
54,50,22
54,50,22
54,50,22
54,50,22
54,50,22
54,50,22
54,50,22
54,50,22
54,44,22
54,44,22
54,44,22
54,44,22
54,44,22
54,44,22
54,44,22
54,44,22
54,44,22
54,44,22
54,44,22
54,44,22
54,44,22
54,44,22
54,44,22
54,44,22
54,44,22
54,44,22
54,44,22
54,44,22
54,44,22
54,44,22
54,44,22
54,44,22
54,44,22
54,44,22
54,44,22
54,44,22
54,44,22
54,44,22
54,61,22
54,61,22
54,61,22
54,61,22
54,61,22
54,61,22
54,61,22
54,61,22
54,61,22
54,61,22
79,59,22
79,59,22
79,59,22
79,59,22
79,59,22
79,59,22
79,82,22
79,82,22
79,82,22
79,82,22
79,82,22
79,82,22
79,82,22
79,82,22
79,82,22
79,82,22
79,82,22
79,82,22
79,82,22
79,82,22
79,82,22
79,82,22
79,82,22
79,82,22
79,82,22
79,82,22
79,82,22
79,82,22
79,82,22
79,82,22
79,82,22
79,82,22
79,82,22
79,82,22
79,46,22
79,46,22
79,46,22
79,46,22
79,46,22
79,46,22
79,46,22
79,46,22
79,46,22
79,46,22
79,94,22
79,94,22
79,94,22
79,94,22
79,94,22
79,94,22
79,94,22
79,94,22
79,94,22
79,94,22
79,94,22
79,94,22
79,94,22
79,94,22
79,94,22
79,94,22
79,94,22
79,94,22
79,94,22
79,94,22
79,94,22
79,94,22
79,94,22
79,94,22
79,94,22
79,94,22
79,94,22
79,94,22
79,94,22
79,101,22
79,101,22
79,101,22
79,101,22
79,101,22
79,101,22
79,101,22
79,101,22
79,101,22
79,101,22
79,101,22
79,101,22
79,101,22
79,101,22
79,101,22
79,101,22
79,101,22
79,101,22
79,101,22
79,101,22
79,101,22
79,101,22
79,99,22
79,99,22
79,99,22
79,99,22
79,99,22
79,99,22
79,99,22
79,99,22
79,99,22
79,99,22
79,99,22
79,99,22
79,99,22
79,99,22
79,99,22
79,99,22
79,99,22
79,99,22
79,99,22
79,99,22
79,99,22
79,99,22
79,99,22
79,99,22
79,99,22
79,99,22
79,99,22
79,99,22
79,99,22
79,99,22
79,99,22
79,99,22
79,99,22
79,49,22
79,49,22
79,49,22
79,49,22
79,49,22
79,49,22
79,76,22
79,76,22
79,76,22
79,76,22
79,76,22
79,76,22
79,76,22
79,76,22
79,76,22
79,76,22
79,76,22
79,76,22
79,76,22
79,76,22
79,76,22
79,76,22
79,76,22
79,76,22
79,76,22
79,76,22
79,76,22
79,76,22
79,76,22
79,76,22
79,76,22
79,76,22
79,76,22
79,76,22
79,76,22
79,76,22
79,76,22
79,76,22
79,76,22
79,76,22
79,76,22
79,76,22
79,76,22
79,76,22
79,76,22
79,76,22
79,76,22
79,76,22
79,76,22
79,76,22
79,76,22
79,76,22
79,76,22
79,98,22
79,98,22
79,98,22
79,98,22
79,98,22
79,98,22
79,98,22
79,98,22
79,98,22
79,98,22
79,98,22
79,98,22
79,98,22
79,98,22
79,98,22
79,98,22
79,98,22
79,98,22
79,98,22
79,98,22
79,98,22
79,98,22
79,98,22
79,98,22
79,98,22
79,98,22
79,98,22
79,98,22
79,98,22
79,98,22
79,98,22
79,98,22
79,98,22
79,98,22
79,98,22
79,98,22
79,98,22
79,98,22
79,98,22
79,98,22
79,98,22
79,98,22
79,98,22
79,98,22
79,98,22
79,84,22
79,84,22
79,84,22
79,84,22
79,84,22
79,84,22
79,84,22
79,84,22
79,84,22
79,84,22
79,84,22
79,84,22
79,84,22
79,84,22
79,84,22
79,84,22
79,84,22
79,84,22
79,84,22
79,84,22
79,84,22
79,84,22
79,84,22
79,84,22
79,84,22
79,84,22
79,84,22
79,84,22
79,84,22
79,84,22
79,84,22
79,84,22
79,84,22
79,86,22
79,86,22
79,86,22
79,86,22
79,86,22
79,86,22
79,86,22
79,86,22
79,86,22
79,86,22
79,86,22
79,86,22
79,86,22
79,86,22
79,83,22
79,83,22
79,83,22
79,83,22
79,83,22
79,83,22
79,97,22
79,97,22
79,97,22
79,97,22
79,97,22
79,97,22
79,97,22
79,97,22
79,97,22
79,97,22
79,97,22
79,97,22
79,97,22
79,97,22
79,97,22
79,76,22
79,76,22
79,76,22
79,76,22
79,76,22
79,76,22
79,76,22
79,76,22
79,76,22
79,76,22
79,76,22
79,76,22
79,76,22
79,76,22
79,76,22
79,76,22
79,76,22
79,76,22
79,76,22
79,76,22
79,76,22
79,76,22
79,76,22
79,76,22
79,76,22
79,76,22
79,76,22
79,76,22
79,76,22
79,76,22
79,76,22
79,44,22
79,44,22
79,44,22
79,44,22
79,44,22
79,44,22
79,44,22
79,86,22
79,86,22
79,86,22
79,86,22
79,86,22
79,86,22
79,86,22
79,86,22
79,86,22
79,86,22
79,86,22
79,86,22
79,86,22
79,86,22
79,86,22
79,86,22
79,86,22
79,86,22
79,86,22
79,86,22
79,86,22
79,86,22
79,86,22
79,86,22
79,86,22
79,127,22
79,127,22
79,127,22
79,127,22
79,127,22
79,127,22
79,127,22
79,127,22
79,127,22
79,127,22
79,127,22
79,127,22
79,127,22
79,127,22
79,127,22
94,111,22
94,111,22
94,111,22
94,111,22
94,111,22
94,111,22
94,111,22
94,111,22
94,111,22
94,111,22
94,111,22
94,111,22
94,111,22
94,111,22
94,111,22
94,111,22
94,111,22
94,111,22
94,111,22
94,111,22
94,111,22
94,111,22
94,111,22
94,111,22
94,111,22
94,111,22
94,111,22
94,111,22
94,111,22
94,111,22
94,111,22
94,111,22
94,143,22
94,143,22
94,143,22
94,143,22
94,143,22
94,143,22
94,143,22
94,143,22
94,143,22
94,143,22
94,143,22
94,143,22
94,143,22
94,143,22
94,143,22
94,143,22
94,143,22
94,143,22
94,143,22
94,143,22
94,143,22
94,143,22
94,143,22
94,143,22
94,143,22
94,143,22
94,143,22
94,143,22
94,143,22
94,143,22
94,143,22
94,143,22
94,143,22
94,143,22
94,143,22
94,143,22
94,143,22
94,143,22
94,143,22
94,143,22
94,143,22
94,143,22
94,143,22
94,143,22
94,107,22
94,107,22
94,107,22
94,107,22
94,107,22
94,107,22
94,107,22
94,107,22
94,107,22
94,107,22
94,107,22
94,107,22
94,107,22
94,107,22
94,107,22
94,107,22
94,107,22
94,107,22
94,107,22
94,70,22
94,70,22
94,70,22
94,70,22
94,70,22
94,70,22
94,70,22
94,70,22
94,70,22
94,70,22
94,70,22
94,70,22
94,70,22
94,70,22
94,105,22
94,105,22
94,105,22
94,105,22
94,105,22
94,105,22
94,125,22
94,125,22
94,125,22
94,125,22
94,125,22
94,125,22
94,125,22
94,125,22
94,125,22
94,125,22
94,125,22
94,125,22
94,125,22
94,125,22
94,125,22
94,125,22
94,125,22
94,125,22
94,125,22
94,125,22
94,125,22
94,125,22
94,125,22
94,125,22
94,125,22
94,125,22
94,125,22
94,125,22
94,125,22
94,125,22
94,125,22
94,125,22
94,125,22
94,125,22
94,125,22
94,125,22
94,125,22
94,62,22
94,62,22
94,62,22
94,62,22
94,62,22
94,62,22
94,62,22
94,62,22
94,62,22
94,62,22
94,62,22
94,62,22
94,62,22
94,62,22
94,62,22
94,62,22
94,99,22
94,99,22
94,99,22
94,99,22
94,99,22
94,99,22
94,99,22
94,99,22
94,99,22
94,99,22
94,99,22
94,99,22
94,99,22
94,99,22
94,99,22
94,99,22
94,99,22
94,99,22
94,104,22
94,104,22
94,104,22
94,104,22
94,104,22
94,104,22
94,104,22
94,104,22
94,104,22
94,104,22
94,104,22
94,104,22
94,104,22
94,104,22
94,104,22
94,104,22
94,104,22
94,104,22
94,104,22
94,104,22
94,104,22
94,104,22
94,104,22
94,104,22
94,104,22
94,104,22
94,104,22
94,120,22
94,120,22
94,120,22
94,120,22
94,120,22
94,120,22
94,120,22
94,120,22
94,120,22
94,120,22
94,120,22
94,120,22
94,120,22
94,88,22
94,88,22
94,88,22
94,88,22
94,88,22
94,88,22
94,88,22
94,88,22
94,88,22
94,88,22
94,88,22
94,88,22
94,88,22
94,88,22
94,88,22
94,88,22
94,88,22
94,88,22
94,88,22
94,88,22
94,88,22
94,88,22
94,88,22
94,88,22
94,88,22
94,88,22
94,88,22
94,88,22
94,88,22
94,88,22
94,88,22
94,88,22
94,77,22
94,77,22
94,77,22
94,77,22
94,77,22
94,77,22
94,77,22
94,77,22
94,77,22
94,77,22
94,77,22
94,77,22
94,77,22
94,77,22
94,77,22
94,77,22
94,77,22
94,77,22
94,77,22
94,77,22
94,77,22
94,77,22
94,77,22
94,77,22
94,77,22
94,77,22
94,77,22
94,77,22
94,77,22
94,77,22
94,77,22
94,77,22
94,110,22
94,110,22
94,110,22
94,110,22
94,110,22
94,110,22
94,110,22
94,110,22
94,110,22
94,110,22
94,110,22
94,103,22
94,103,22
94,103,22
94,103,22
94,103,22
94,103,22
94,103,22
94,103,22
94,103,22
94,103,22
94,95,22
94,95,22
94,95,22
94,95,22
94,95,22
94,95,22
94,95,22
94,95,22
94,95,22
94,95,22
94,95,22
94,86,22
94,86,22
94,86,22
94,86,22
94,86,22
94,86,22
94,86,22
94,86,22
94,115,22
94,115,22
94,115,22
94,115,22
94,115,22
94,115,22
94,115,22
94,115,22
94,115,22
94,115,22
94,115,22
94,85,22
94,85,22
94,85,22
94,85,22
94,85,22
94,85,22
94,85,22
94,85,22
94,85,22
94,85,22
94,85,22
94,85,22
94,85,22
94,85,22
94,85,22
94,85,22
94,85,22
94,85,22
94,85,22
94,85,22
94,85,22
94,85,22
94,85,22
94,85,22
94,85,22
94,85,22
94,85,22
94,85,22
94,85,22
94,145,22
94,145,22
94,145,22
94,145,22
94,145,22
94,145,22
94,145,22
94,145,22
94,145,22
94,145,22
94,145,22
94,145,22
94,145,22
94,145,22
94,145,22
94,145,22
94,145,22
94,145,22
94,145,22
94,145,22
94,145,22
94,145,22
94,145,22
94,145,22
94,145,22
94,145,22
94,145,22
94,145,22
94,145,22
94,145,22
94,145,22
94,145,22
94,145,22
94,145,22
94,88,22
94,88,22
94,88,22
94,88,22
94,88,22
94,88,22
94,88,22
94,88,22
94,88,22
94,88,22
94,88,22
94,88,22
94,88,22
94,88,22
94,124,22
94,124,22
94,124,22
94,124,22
94,124,22
94,124,22
94,124,22
94,124,22
94,124,22
94,124,22
94,124,22
94,124,22
94,120,22
94,120,22
94,120,22
94,120,22
94,120,22
94,120,22
94,120,22
94,120,22
94,120,22
94,120,22
94,120,22
94,120,22
94,120,22
94,120,22
94,120,22
94,120,22
94,120,22
94,106,22
94,106,22
94,106,22
94,106,22
94,106,22
94,106,22
94,106,22
94,106,22
94,106,22
94,106,22
94,106,22
94,106,22
94,106,22
94,93,22
94,93,22
94,93,22
94,93,22
94,93,22
94,93,22
94,93,22
94,93,22
94,93,22
94,93,22
94,93,22
94,93,22
94,93,22
94,93,22
94,93,22
94,93,22
94,120,22
94,120,22
94,120,22
94,120,22
94,120,22
94,120,22
94,120,22
94,120,22
94,120,22
94,120,22
94,120,22
94,120,22
94,120,22
94,120,22
94,120,22
94,120,22
94,120,22
79,76,22
79,76,22
79,76,22
79,76,22
79,76,22
79,76,22
79,76,22
79,76,22
79,76,22
79,76,22
79,76,22
79,76,22
79,76,22
79,76,22
79,76,22
79,76,22
79,76,22
79,100,22
79,100,22
79,100,22
79,100,22
79,100,22
79,100,22
79,100,22
79,100,22
79,100,22
79,100,22
79,100,22
79,100,22
79,100,22
79,100,22
79,100,22
79,100,22
79,100,22
79,100,22
79,100,22
79,100,22
79,100,22
79,100,22
79,100,22
79,100,22
79,100,22
79,100,22
79,100,22
79,100,22
79,100,22
79,100,22
79,100,22
79,100,22
79,100,22
79,100,22
79,100,22
79,100,22
79,100,22
79,100,22
79,100,22
79,100,22
79,100,22
79,100,22
79,100,22
79,100,22
79,100,22
79,100,22
79,100,22
79,100,22
79,100,22
79,100,22
79,34,22
79,34,22
79,34,22
79,34,22
79,34,22
79,34,22
79,34,22
79,34,22
79,34,22
79,34,22
79,34,22
79,34,22
79,34,22
79,34,22
79,34,22
79,34,22
79,34,22
79,34,22
79,34,22
79,97,22
79,97,22
79,97,22
79,97,22
79,97,22
79,97,22
79,97,22
79,97,22
79,97,22
79,97,22
79,97,22
79,97,22
79,97,22
79,97,22
79,97,22
79,97,22
79,97,22
79,97,22
79,97,22
79,97,22
79,97,22
79,97,22
79,97,22
79,97,22
79,97,22
79,72,22
79,72,22
79,72,22
79,72,22
79,72,22
79,72,22
79,72,22
79,72,22
79,72,22
79,72,22
79,72,22
79,72,22
79,72,22
79,72,22
79,72,22
79,72,22
79,72,22
79,72,22
79,72,22
79,72,22
79,72,22
79,72,22
79,72,22
79,72,22
79,72,22
79,72,22
79,72,22
79,72,22
79,72,22
79,72,22
79,72,22
79,72,22
79,72,22
79,72,22
79,72,22
79,72,22
79,72,22
79,72,22
79,72,22
79,72,22
79,52,22
79,52,22
79,52,22
79,52,22
79,52,22
79,52,22
79,52,22
79,52,22
79,52,22
79,52,22
79,52,22
79,52,22
79,52,22
79,52,22
79,52,22
79,52,22
79,52,22
79,43,22
79,43,22
79,43,22
79,43,22
79,43,22
79,43,22
79,43,22
79,43,22
79,66,22
79,66,22
79,66,22
79,66,22
79,66,22
79,66,22
79,66,22
79,66,22
79,66,22
79,66,22
79,66,22
79,66,22
79,66,22
79,66,22
79,66,22
79,66,22
79,66,22
79,66,22
79,66,22
79,66,22
79,66,22
79,66,22
79,66,22
79,66,22
79,66,22
79,66,22
79,66,22
79,66,22
79,66,22
79,66,22
79,66,22
79,66,22
79,66,22
79,66,22
79,115,22
79,115,22
79,115,22
79,115,22
79,115,22
79,115,22
79,115,22
79,115,22
79,115,22
79,115,22
79,115,22
79,115,22
79,115,22
79,115,22
79,84,22
79,84,22
79,84,22
79,84,22
79,84,22
79,84,22
79,66,22
79,66,22
79,66,22
79,66,22
79,66,22
79,66,22
79,66,22
79,66,22
79,66,22
79,66,22
79,66,22
79,66,22
79,48,22
79,48,22
79,48,22
79,48,22
79,48,22
79,48,22
79,48,22
79,48,22
79,48,22
79,48,22
79,90,22
79,90,22
79,90,22
79,90,22
79,90,22
79,90,22
79,90,22
79,90,22
79,90,22
79,90,22
79,90,22
79,90,22
79,90,22
79,90,22
79,90,22
79,90,22
79,90,22
79,90,22
79,90,22
79,90,22
79,90,22
79,90,22
79,90,22
79,90,22
79,92,22
79,92,22
79,92,22
79,92,22
79,92,22
79,92,22
79,92,22
79,92,22
79,92,22
79,92,22
79,92,22
79,92,22
79,92,22
79,92,22
79,92,22
79,92,22
79,92,22
79,92,22
79,92,22
79,92,22
79,92,22
79,92,22
79,92,22
79,92,22
79,92,22
79,92,22
79,92,22
79,92,22
79,92,22
79,92,22
79,92,22
79,92,22
79,92,22
79,92,22
79,92,22
79,92,22
79,92,22
79,92,22
79,92,22
79,92,22
79,92,22
79,92,22
79,92,22
79,92,22
79,92,22
79,92,22
79,92,22
79,61,22
79,61,22
79,61,22
79,61,22
79,61,22
79,61,22
79,61,22
79,61,22
79,61,22
79,61,22
79,61,22
79,61,22
79,61,22
79,61,22
79,61,22
79,61,22
79,61,22
79,61,22
79,61,22
79,61,22
79,61,22
79,61,22
79,61,22
79,61,22
79,61,22
79,61,22
79,61,22
79,61,22
79,61,22
79,61,22
79,61,22
79,61,22
79,61,22
79,61,22
79,61,22
79,61,22
79,61,22
79,61,22
79,61,22
79,61,22
79,100,22
79,100,22
79,100,22
79,100,22
79,100,22
79,100,22
79,100,22
79,100,22
79,100,22
79,100,22
79,100,22
79,100,22
79,100,22
79,100,22
79,100,22
79,100,22
79,100,22
79,100,22
79,100,22
79,100,22
79,100,22
79,100,22
79,100,22
79,100,22
79,100,22
79,100,22
79,72,22
79,72,22
79,72,22
79,72,22
79,72,22
79,72,22
79,72,22
79,93,22
79,93,22
79,93,22
79,93,22
79,93,22
79,93,22
79,93,22
79,93,22
79,93,22
79,93,22
79,93,22
79,93,22
79,93,22
79,93,22
79,93,22
79,93,22
79,93,22
79,93,22
79,93,22
79,93,22
79,93,22
79,93,22
79,93,22
79,93,22
79,89,22
79,89,22
79,89,22
79,89,22
79,89,22
79,89,22
79,89,22
79,89,22
79,89,22
79,89,22
79,89,22
79,89,22
79,89,22
79,89,22
79,89,22
79,89,22
79,89,22
79,89,22
79,89,22
79,89,22
79,89,22
79,89,22
79,89,22
79,89,22
79,89,22
79,89,22
79,89,22
79,89,22
79,89,22
79,89,22
79,89,22
79,89,22
79,89,22
94,91,22
94,91,22
94,91,22
94,91,22
94,91,22
94,91,22
94,91,22
94,91,22
94,91,22
94,91,22
94,91,22
94,91,22
94,91,22
94,91,22
94,91,22
94,91,22
94,91,22
94,91,22
94,91,22
94,91,22
94,91,22
94,91,22
94,91,22
94,91,22
94,91,22
94,91,22
94,91,22
94,91,22
94,91,22
94,91,22
94,91,22
94,91,22
94,91,22
94,91,22
94,91,22
94,91,22
94,91,22
94,90,22
94,90,22
94,90,22
94,90,22
94,90,22
94,90,22
94,90,22
94,90,22
94,90,22
94,90,22
94,90,22
94,90,22
94,90,22
94,90,22
94,90,22
94,90,22
94,49,22
94,49,22
94,49,22
94,49,22
94,49,22
94,49,22
94,49,22
94,49,22
94,49,22
94,49,22
94,49,22
94,49,22
94,49,22
94,49,22
94,49,22
94,49,22
94,49,22
94,49,22
94,49,22
94,49,22
94,49,22
94,49,22
94,49,22
94,49,22
94,49,22
94,49,22
94,49,22
94,81,22
94,81,22
94,81,22
94,81,22
94,81,22
94,81,22
94,81,22
94,81,22
94,81,22
94,81,22
94,81,22
94,81,22
94,81,22
94,81,22
94,81,22
94,81,22
94,81,22
94,81,22
94,81,22
94,81,22
94,81,22
94,81,22
94,81,22
94,81,22
94,81,22
94,81,22
94,107,22
94,107,22
94,107,22
94,107,22
94,107,22
94,107,22
94,107,22
94,107,22
94,107,22
94,107,22
94,107,22
94,107,22
94,107,22
94,107,22
94,107,22
94,107,22
94,107,22
94,107,22
94,107,22
94,107,22
94,107,22
94,107,22
94,107,22
94,111,22
94,111,22
94,111,22
94,111,22
94,111,22
94,111,22
94,111,22
94,111,22
94,111,22
94,111,22
94,111,22
94,111,22
94,68,22
94,68,22
94,68,22
94,68,22
94,68,22
94,68,22
94,69,22
94,69,22
94,69,22
94,69,22
94,69,22
94,69,22
94,69,22
94,69,22
94,69,22
94,69,22
94,69,22
94,69,22
94,69,22
94,69,22
94,69,22
94,69,22
94,69,22
94,69,22
94,69,22
94,69,22
94,69,22
94,69,22
94,69,22
94,69,22
94,69,22
94,69,22
94,69,22
94,69,22
94,69,22
94,69,22
94,69,22
94,69,22
94,69,22
94,69,22
94,69,22
94,127,22
94,127,22
94,127,22
94,127,22
94,127,22
94,127,22
94,127,22
94,127,22
94,127,22
94,127,22
94,127,22
94,127,22
94,127,22
94,127,22
94,127,22
94,127,22
94,127,22
94,102,22
94,102,22
94,102,22
94,102,22
94,102,22
94,102,22
94,102,22
94,102,22
94,124,22
94,124,22
94,124,22
94,124,22
94,124,22
94,124,22
94,124,22
94,124,22
94,124,22
94,124,22
94,124,22
94,124,22
94,124,22
94,124,22
94,59,22
94,59,22
94,59,22
94,59,22
94,59,22
94,59,22
94,59,22
94,59,22
94,59,22
94,59,22
94,59,22
94,59,22
94,59,22
94,59,22
94,59,22
94,59,22
94,59,22
94,59,22
94,59,22
94,59,22
94,59,22
94,59,22
94,125,22
94,125,22
94,125,22
94,125,22
94,125,22
94,125,22
94,125,22
94,125,22
94,125,22
94,125,22
94,125,22
94,125,22
94,125,22
94,125,22
94,125,22
94,125,22
94,125,22
94,125,22
94,125,22
94,125,22
94,125,22
94,125,22
94,125,22
94,125,22
94,125,22
94,125,22
94,125,22
94,125,22
94,125,22
94,125,22
94,125,22
94,125,22
94,125,22
94,125,22
94,125,22
94,125,22
94,125,22
94,125,22
94,125,22
94,101,22
94,101,22
94,101,22
94,101,22
94,101,22
94,101,22
94,101,22
94,101,22
94,101,22
94,101,22
94,101,22
94,101,22
94,101,22
94,101,22
94,101,22
94,101,22
94,101,22
94,101,22
94,101,22
94,101,22
94,101,22
94,101,22
94,101,22
94,101,22
94,101,22
94,101,22
94,101,22
94,101,22
94,101,22
94,101,22
94,101,22
94,101,22
94,101,22
94,101,22
94,101,22
94,101,22
94,101,22
94,101,22
94,101,22
94,101,22
94,101,22
94,101,22
94,101,22
94,66,22
94,66,22
94,66,22
94,66,22
94,66,22
94,66,22
94,66,22
94,66,22
94,66,22
94,66,22
94,66,22
94,66,22
94,66,22
94,66,22
94,66,22
94,66,22
94,66,22
94,66,22
94,66,22
94,66,22
94,66,22
94,66,22
94,66,22
94,66,22
94,66,22
94,66,22
94,66,22
94,66,22
94,66,22
94,66,22
94,66,22
94,66,22
94,66,22
94,66,22
94,66,22
94,66,22
94,66,22
94,66,22
94,66,22
94,66,22
94,66,22
94,66,22
94,66,22
94,66,22
94,66,22
94,66,22
94,66,22
94,66,22
94,66,22
94,66,22
94,66,22
94,66,22
94,66,22
94,95,22
94,95,22
94,95,22
94,95,22
94,95,22
94,95,22
94,95,22
94,126,22
94,126,22
94,126,22
94,126,22
94,126,22
94,126,22
94,126,22
94,126,22
94,126,22
94,126,22
94,126,22
94,126,22
94,126,22
94,126,22
94,126,22
94,126,22
94,126,22
94,126,22
94,126,22
94,126,22
94,126,22
94,126,22
94,126,22
94,126,22
94,126,22
94,126,22
94,126,22
94,126,22
94,126,22
94,107,22
94,107,22
94,107,22
94,107,22
94,107,22
94,107,22
94,107,22
94,107,22
94,107,22
94,107,22
94,107,22
94,107,22
94,107,22
94,107,22
94,107,22
94,107,22
94,107,22
94,107,22
94,107,22
94,67,22
94,67,22
94,67,22
94,67,22
94,67,22
94,67,22
94,67,22
94,67,22
94,67,22
94,67,22
94,67,22
94,67,22
94,67,22
94,67,22
94,67,22
94,67,22
94,67,22
94,67,22
94,67,22
94,67,22
94,67,22
94,67,22
94,67,22
94,67,22
94,67,22
94,67,22
94,67,22
94,67,22
94,67,22
94,67,22
94,67,22
94,67,22
94,67,22
94,67,22
94,67,22
94,67,22
94,67,22
94,58,22
94,58,22
94,58,22
94,58,22
94,58,22
94,58,22
94,58,22
94,58,22
94,119,22
94,119,22
94,119,22
94,119,22
94,119,22
94,119,22
94,119,22
94,119,22
94,119,22
94,119,22
94,119,22
94,119,22
94,119,22
94,119,22
94,119,22
94,87,22
94,87,22
94,87,22
94,87,22
94,87,22
94,87,22
94,87,22
94,87,22
94,87,22
94,87,22
94,87,22
94,87,22
94,87,22
94,87,22
94,87,22
94,87,22
94,87,22
94,87,22
94,87,22
94,75,22
94,75,22
94,75,22
94,75,22
94,75,22
94,75,22
94,82,22
94,82,22
94,82,22
94,82,22
94,82,22
94,82,22
94,77,22
94,77,22
94,77,22
94,77,22
94,77,22
94,77,22
94,61,22
94,61,22
94,61,22
94,61,22
94,61,22
94,61,22
94,61,22
94,61,22
94,61,22
94,61,22
94,61,22
94,61,22
94,61,22
94,61,22
94,88,22
94,88,22
94,88,22
94,88,22
94,88,22
94,88,22
94,88,22
94,88,22
94,88,22
94,88,22
94,88,22
94,88,22
94,88,22
94,88,22
94,88,22
94,88,22
94,88,22
94,88,22
94,88,22
94,88,22
94,88,22
69,68,22
69,68,22
69,68,22
69,68,22
69,68,22
69,68,22
69,68,22
69,68,22
69,68,22
69,68,22
69,68,22
69,68,22
69,68,22
69,68,22
69,42,22
69,42,22
69,42,22
69,42,22
69,42,22
69,42,22
69,44,22
69,44,22
69,44,22
69,44,22
69,44,22
69,44,22
69,44,22
69,44,22
69,44,22
69,44,22
69,44,22
69,44,22
69,44,22
69,44,22
69,44,22
69,44,22
69,44,22
69,44,22
69,44,22
69,44,22
69,44,22
69,44,22
69,44,22
69,44,22
69,81,22
69,81,22
69,81,22
69,81,22
69,81,22
69,81,22
69,81,22
69,81,22
69,81,22
69,81,22
69,81,22
69,81,22
69,81,22
69,81,22
69,81,22
69,81,22
69,81,22
69,81,22
69,81,22
69,81,22
69,81,22
69,81,22
69,81,22
69,81,22
69,81,22
69,81,22
69,81,22
69,81,22
69,81,22
69,81,22
69,81,22
69,81,22
69,81,22
69,81,22
69,81,22
69,81,22
69,81,22
69,81,22
69,81,22
69,81,22
69,81,22
69,81,22
69,62,22
69,62,22
69,62,22
69,62,22
69,62,22
69,62,22
69,62,22
69,62,22
69,62,22
69,62,22
69,62,22
69,62,22
69,62,22
69,62,22
69,62,22
69,62,22
69,62,22
69,62,22
69,59,22
69,59,22
69,59,22
69,59,22
69,59,22
69,59,22
69,59,22
69,59,22
69,59,22
69,59,22
69,59,22
69,59,22
69,59,22
69,59,22
69,59,22
69,59,22
69,59,22
69,59,22
69,59,22
69,59,22
69,59,22
69,59,22
69,59,22
69,76,22
69,76,22
69,76,22
69,76,22
69,76,22
69,76,22
69,76,22
69,76,22
69,76,22
69,76,22
69,76,22
69,76,22
69,76,22
69,76,22
69,76,22
69,76,22
69,76,22
69,76,22
69,38,22
69,38,22
69,38,22
69,38,22
69,38,22
69,38,22
69,38,22
69,38,22
69,38,22
69,38,22
69,63,22
69,63,22
69,63,22
69,63,22
69,63,22
69,63,22
69,63,22
69,63,22
69,63,22
69,63,22
69,63,22
69,79,22
69,79,22
69,79,22
69,79,22
69,79,22
69,79,22
69,79,22
69,79,22
69,79,22
69,79,22
69,50,22
69,50,22
69,50,22
69,50,22
69,50,22
69,50,22
69,88,22
69,88,22
69,88,22
69,88,22
69,88,22
69,88,22
69,88,22
69,88,22
69,88,22
69,88,22
69,88,22
69,88,22
69,88,22
69,88,22
69,88,22
69,88,22
69,71,22
69,71,22
69,71,22
69,71,22
69,71,22
69,71,22
69,71,22
69,71,22
69,98,22
69,98,22
69,98,22
69,98,22
69,98,22
69,98,22
69,98,22
69,98,22
69,98,22
69,98,22
69,98,22
69,98,22
69,98,22
69,98,22
69,98,22
69,98,22
69,98,22
69,98,22
69,72,22
69,72,22
69,72,22
69,72,22
69,72,22
69,72,22
69,72,22
69,72,22
69,72,22
69,72,22
69,72,22
69,64,22
69,64,22
69,64,22
69,64,22
69,64,22
69,64,22
69,64,22
69,64,22
69,64,22
69,64,22
69,64,22
69,64,22
69,64,22
69,64,22
69,64,22
69,64,22
69,64,22
69,64,22
69,64,22
69,48,22
69,48,22
69,48,22
69,48,22
69,48,22
69,48,22
69,48,22
69,48,22
69,48,22
69,66,22
69,66,22
69,66,22
69,66,22
69,66,22
69,66,22
69,66,22
69,66,22
89,75,22
89,75,22
89,75,22
89,75,22
89,75,22
89,75,22
89,75,22
89,75,22
89,75,22
89,75,22
89,75,22
89,75,22
89,75,22
89,75,22
89,75,22
89,75,22
89,75,22
89,75,22
89,75,22
89,75,22
89,75,22
89,75,22
89,75,22
89,75,22
89,75,22
89,75,22
89,75,22
89,75,22
89,75,22
89,75,22
89,75,22
89,75,22
89,75,22
89,75,22
89,75,22
89,75,22
89,75,22
89,75,22
89,75,22
89,75,22
89,75,22
89,75,22
89,75,22
89,75,22
89,75,22
89,75,22
89,75,22
89,75,22
89,75,22
89,75,22
89,75,22
89,110,22
89,110,22
89,110,22
89,110,22
89,110,22
89,110,22
89,110,22
89,110,22
89,110,22
89,110,22
89,110,22
89,110,22
89,110,22
89,110,22
89,110,22
89,110,22
89,110,22
89,110,22
89,110,22
89,72,22
89,72,22
89,72,22
89,72,22
89,72,22
89,72,22
89,72,22
89,72,22
89,72,22
89,72,22
89,72,22
89,72,22
89,72,22
89,72,22
89,72,22
89,72,22
89,72,22
89,72,22
89,72,22
89,95,22
89,95,22
89,95,22
89,95,22
89,95,22
89,95,22
89,121,22
89,121,22
89,121,22
89,121,22
89,121,22
89,121,22
89,121,22
89,121,22
89,121,22
89,121,22
89,121,22
89,121,22
89,121,22
89,121,22
89,121,22
89,121,22
89,121,22
89,121,22
89,58,22
89,58,22
89,58,22
89,58,22
89,58,22
89,58,22
89,58,22
89,58,22
89,58,22
89,58,22
89,58,22
89,58,22
89,58,22
89,58,22
89,58,22
89,82,22
89,82,22
89,82,22
89,82,22
89,82,22
89,82,22
89,82,22
89,82,22
89,82,22
89,105,22
89,105,22
89,105,22
89,105,22
89,105,22
89,105,22
89,105,22
89,105,22
89,105,22
89,105,22
89,24,22
89,24,22
89,24,22
89,24,22
89,24,22
89,24,22
89,24,22
89,24,22
89,24,22
89,24,22
89,24,22
89,24,22
89,24,22
89,24,22
89,24,22
89,24,22
89,24,22
89,24,22
89,24,22
89,24,22
89,113,22
89,113,22
89,113,22
89,113,22
89,113,22
89,113,22
89,113,22
89,113,22
89,113,22
89,95,22
89,95,22
89,95,22
89,95,22
89,95,22
89,95,22
89,95,22
89,95,22
89,95,22
89,95,22
89,95,22
89,95,22
89,95,22
89,95,22
89,95,22
89,92,22
89,92,22
89,92,22
89,92,22
89,92,22
89,92,22
89,92,22
89,92,22
89,92,22
89,92,22
89,92,22
89,92,22
89,92,22
89,92,22
89,92,22
89,92,22
89,92,22
89,92,22
89,92,22
89,92,22
89,92,22
89,92,22
89,100,22
89,100,22
89,100,22
89,100,22
89,100,22
89,100,22
89,100,22
89,100,22
89,100,22
89,100,22
89,100,22
89,100,22
89,100,22
89,100,22
89,100,22
89,100,22
89,100,22
89,100,22
89,100,22
89,100,22
89,100,22
89,100,22
89,100,22
89,58,22
89,58,22
89,58,22
89,58,22
89,58,22
89,58,22
89,58,22
89,58,22
89,58,22
89,58,22
89,58,22
89,58,22
89,58,22
89,58,22
89,58,22
89,58,22
89,58,22
89,58,22
89,58,22
89,58,22
89,58,22
89,58,22
89,58,22
89,58,22
89,58,22
89,58,22
89,58,22
89,58,22
89,58,22
89,58,22
89,58,22
89,58,22
89,58,22
89,58,22
89,58,22
89,58,22
89,58,22
89,58,22
89,58,22
89,58,22
89,58,22
89,58,22
89,58,22
89,58,22
89,58,22
89,58,22
89,58,22
89,58,22
89,58,22
89,58,22
89,58,22
89,58,22
89,58,22
89,58,22
89,58,22
89,58,22
89,58,22
89,58,22
89,58,22
89,125,22
89,125,22
89,125,22
89,125,22
89,125,22
89,125,22
89,125,22
89,125,22
89,125,22
89,125,22
89,125,22
89,125,22
89,125,22
89,125,22
89,125,22
89,125,22
89,125,22
89,89,22
89,89,22
89,89,22
89,89,22
89,89,22
89,89,22
89,89,22
89,89,22
89,89,22
89,90,22
89,90,22
89,90,22
89,90,22
89,90,22
89,90,22
89,90,22
89,90,22
89,90,22
89,90,22
89,80,22
89,80,22
89,80,22
89,80,22
89,80,22
89,80,22
89,80,22
89,80,22
89,80,22
89,80,22
89,80,22
89,80,22
89,80,22
89,80,22
89,72,22
89,72,22
89,72,22
89,72,22
89,72,22
89,72,22
89,72,22
89,72,22
89,72,22
89,72,22
89,72,22
89,72,22
89,72,22
89,107,22
89,107,22
89,107,22
89,107,22
89,107,22
89,107,22
89,107,22
89,107,22
89,117,22
89,117,22
89,117,22
89,117,22
89,117,22
89,117,22
89,117,22
89,117,22
89,117,22
89,117,22
89,117,22
89,117,22
89,117,22
89,117,22
89,117,22
89,117,22
89,117,22
89,117,22
89,117,22
89,117,22
89,117,22
89,117,22
89,117,22
89,117,22
89,117,22
89,117,22
89,117,22
89,117,22
89,117,22
89,117,22
89,117,22
89,117,22
89,104,22
89,104,22
89,104,22
89,104,22
89,104,22
89,104,22
89,104,22
89,72,22
89,72,22
89,72,22
89,72,22
89,72,22
89,72,22
89,72,22
89,72,22
89,72,22
89,72,22
89,72,22
89,72,22
89,72,22
89,72,22
89,72,22
89,67,22
89,67,22
89,67,22
89,67,22
89,67,22
89,67,22
89,67,22
89,67,22
89,67,22
89,67,22
89,67,22
89,67,22
89,67,22
89,67,22
89,67,22
89,67,22
89,67,22
89,67,22
89,67,22
89,67,22
89,67,22
89,67,22
89,67,22
89,67,22
89,67,22
89,67,22
89,67,22
89,67,22
89,67,22
89,67,22
89,67,22
89,67,22
89,67,22
89,67,22
89,84,22
89,84,22
89,84,22
89,84,22
89,84,22
89,84,22
89,84,22
89,84,22
89,84,22
89,84,22
89,84,22
89,84,22
89,84,22
104,87,22
104,87,22
104,87,22
104,87,22
104,87,22
104,87,22
104,87,22
104,87,22
104,87,22
104,87,22
104,87,22
104,87,22
104,100,22
104,100,22
104,100,22
104,100,22
104,100,22
104,100,22
104,100,22
104,100,22
104,100,22
104,100,22
104,100,22
104,100,22
104,100,22
104,100,22
104,100,22
104,100,22
104,100,22
104,100,22
104,100,22
104,100,22
104,100,22
104,100,22
104,100,22
104,75,22
104,75,22
104,75,22
104,75,22
104,75,22
104,75,22
104,75,22
104,75,22
104,75,22
104,75,22
104,75,22
104,75,22
104,75,22
104,75,22
104,75,22
104,75,22
104,75,22
104,75,22
104,75,22
104,75,22
104,75,22
104,75,22
104,75,22
104,75,22
104,75,22
104,75,22
104,75,22
104,75,22
104,75,22
104,75,22
104,75,22
104,75,22
104,75,22
104,75,22
104,75,22
104,75,22
104,75,22
104,75,22
104,75,22
104,75,22
104,75,22
104,75,22
104,75,22
104,75,22
104,75,22
104,75,22
104,75,22
104,71,22
104,71,22
104,71,22
104,71,22
104,71,22
104,71,22
104,71,22
104,71,22
104,71,22
104,71,22
104,71,22
104,71,22
104,71,22
104,71,22
104,71,22
104,71,22
104,71,22
104,71,22
104,71,22
104,71,22
104,71,22
104,71,22
104,71,22
104,71,22
104,71,22
104,71,22
104,71,22
104,71,22
104,71,22
104,71,22
104,71,22
104,71,22
104,71,22
104,71,22
104,71,22
104,89,22
104,89,22
104,89,22
104,89,22
104,89,22
104,89,22
104,89,22
104,89,22
104,89,22
104,89,22
104,89,22
104,89,22
104,89,22
104,88,22
104,88,22
104,88,22
104,88,22
104,88,22
104,88,22
104,88,22
104,88,22
104,88,22
104,88,22
104,88,22
104,88,22
104,88,22
104,88,22
104,88,22
104,88,22
104,88,22
104,88,22
104,88,22
104,88,22
104,88,22
104,88,22
104,88,22
104,88,22
104,88,22
104,88,22
104,88,22
104,88,22
104,88,22
104,88,22
104,88,22
104,88,22
104,88,22
104,88,22
104,88,22
104,88,22
104,88,22
104,88,22
104,88,22
104,88,22
104,88,22
104,86,22
104,86,22
104,86,22
104,86,22
104,86,22
104,86,22
104,86,22
104,55,22
104,55,22
104,55,22
104,55,22
104,55,22
104,55,22
104,55,22
104,55,22
104,55,22
104,55,22
104,55,22
104,96,22
104,96,22
104,96,22
104,96,22
104,96,22
104,96,22
104,90,22
104,90,22
104,90,22
104,90,22
104,90,22
104,90,22
104,90,22
104,90,22
104,90,22
104,90,22
104,90,22
104,90,22
104,90,22
104,90,22
104,90,22
104,90,22
104,90,22
104,90,22
104,90,22
104,90,22
104,90,22
104,90,22
104,90,22
104,90,22
104,99,22
104,99,22
104,99,22
104,99,22
104,99,22
104,99,22
104,99,22
104,99,22
104,99,22
104,99,22
104,99,22
104,99,22
104,99,22
104,99,22
104,99,22
104,99,22
104,99,22
104,99,22
104,99,22
104,99,22
104,99,22
104,99,22
104,99,22
104,99,22
104,99,22
104,99,22
104,99,22
104,99,22
104,99,22
104,99,22
104,99,22
104,99,22
104,99,22
104,99,22
104,99,22
104,99,22
104,99,22
104,72,22
104,72,22
104,72,22
104,72,22
104,72,22
104,72,22
104,72,22
104,72,22
104,72,22
104,72,22
104,72,22
104,72,22
104,72,22
104,72,22
104,72,22
104,72,22
104,72,22
104,72,22
104,72,22
104,72,22
104,72,22
104,72,22
104,72,22
104,72,22
104,72,22
104,72,22
104,72,22
104,72,22
104,72,22
104,114,22
104,114,22
104,114,22
104,114,22
104,114,22
104,114,22
104,114,22
104,114,22
104,114,22
104,114,22
104,114,22
104,114,22
104,114,22
104,114,22
104,114,22
104,114,22
104,114,22
104,114,22
104,114,22
104,114,22
104,102,22
104,102,22
104,102,22
104,102,22
104,102,22
104,102,22
104,102,22
104,102,22
104,102,22
104,102,22
104,121,22
104,121,22
104,121,22
104,121,22
104,121,22
104,121,22
104,121,22
104,121,22
104,121,22
104,121,22
104,121,22
104,121,22
104,121,22
104,121,22
104,85,22
104,85,22
104,85,22
104,85,22
104,85,22
104,85,22
104,85,22
104,85,22
104,85,22
104,85,22
104,85,22
104,85,22
104,118,22
104,118,22
104,118,22
104,118,22
104,118,22
104,118,22
104,118,22
104,118,22
104,118,22
104,118,22
104,118,22
104,118,22
104,118,22
104,118,22
104,118,22
104,118,22
104,118,22
104,118,22
104,118,22
104,118,22
104,118,22
104,118,22
104,118,22
104,118,22
104,118,22
104,118,22
104,118,22
104,118,22
104,118,22
104,118,22
104,118,22
104,118,22
104,118,22
104,118,22
104,118,22
104,118,22
104,118,22
104,118,22
104,118,22
104,118,22
104,118,22
104,118,22
104,118,22
104,118,22
104,108,22
104,108,22
104,108,22
104,108,22
104,108,22
104,108,22
104,108,22
104,108,22
104,108,22
104,108,22
104,108,22
104,108,22
104,108,22
104,108,22
104,108,22
104,108,22
104,108,22
104,108,22
104,108,22
104,108,22
104,108,22
104,108,22
104,108,22
104,108,22
104,108,22
104,108,22
104,108,22
104,108,22
104,108,22
104,108,22
104,108,22
104,108,22
104,108,22
104,108,22
104,108,22
104,108,22
104,108,22
104,108,22
104,108,22
104,108,22
104,108,22
104,108,22
104,108,22
104,108,22
104,108,22
104,108,22
104,108,22
104,108,22
104,108,22
104,108,22
104,108,22
104,108,22
104,108,22
104,108,22
104,108,22
104,93,22
104,93,22
104,93,22
104,93,22
104,93,22
104,93,22
104,93,22
104,93,22
104,93,22
104,93,22
104,93,22
104,93,22
104,93,22
104,93,22
104,93,22
104,93,22
104,93,22
104,93,22
104,93,22
104,93,22
104,93,22
104,93,22
104,105,22
104,105,22
104,105,22
104,105,22
104,105,22
104,105,22
104,105,22
104,105,22
104,105,22
104,105,22
104,105,22
104,105,22
104,105,22
104,105,22
104,105,22
104,105,22
104,105,22
104,105,22
104,105,22
104,105,22
104,83,22
104,83,22
104,83,22
104,83,22
104,83,22
104,83,22
104,83,22
104,83,22
104,83,22
104,83,22
104,83,22
104,83,22
104,99,22
104,99,22
104,99,22
104,99,22
104,99,22
104,99,22
104,99,22
104,99,22
104,99,22
104,99,22
104,99,22
104,99,22
104,99,22
104,99,22
104,99,22
104,99,22
104,99,22
104,99,22
84,81,22
84,81,22
84,81,22
84,81,22
84,81,22
84,81,22
84,81,22
84,81,22
84,81,22
84,81,22
84,81,22
84,81,22
84,81,22
84,81,22
84,81,22
84,81,22
84,81,22
84,81,22
84,81,22
84,81,22
84,81,22
84,81,22
84,81,22
84,81,22
84,81,22
84,77,22
84,77,22
84,77,22
84,77,22
84,77,22
84,77,22
84,77,22
84,77,22
84,77,22
84,77,22
84,77,22
84,77,22
84,77,22
84,77,22
84,77,22
84,77,22
84,77,22
84,77,22
84,77,22
84,77,22
84,77,22
84,77,22
84,77,22
84,77,22
84,77,22
84,77,22
84,77,22
84,77,22
84,77,22
84,77,22
84,87,22
84,87,22
84,87,22
84,87,22
84,87,22
84,87,22
84,87,22
84,87,22
84,87,22
84,87,22
84,87,22
84,87,22
84,87,22
84,87,22
84,87,22
84,87,22
84,87,22
84,87,22
84,76,22
84,76,22
84,76,22
84,76,22
84,76,22
84,76,22
84,76,22
84,76,22
84,76,22
84,76,22
84,76,22
84,76,22
84,76,22
84,76,22
84,76,22
84,76,22
84,76,22
84,76,22
84,76,22
84,76,22
84,76,22
84,76,22
84,76,22
84,76,22
84,76,22
84,76,22
84,76,22
84,76,22
84,76,22
84,76,22
84,76,22
84,76,22
84,76,22
84,76,22
84,79,22
84,79,22
84,79,22
84,79,22
84,79,22
84,79,22
84,79,22
84,79,22
84,79,22
84,55,22
84,55,22
84,55,22
84,55,22
84,55,22
84,55,22
84,55,22
84,55,22
84,55,22
84,55,22
84,55,22
84,55,22
84,55,22
84,124,22
84,124,22
84,124,22
84,124,22
84,124,22
84,124,22
84,124,22
84,124,22
84,124,22
84,124,22
84,124,22
84,124,22
84,124,22
84,124,22
84,124,22
84,124,22
84,124,22
84,72,22
84,72,22
84,72,22
84,72,22
84,72,22
84,72,22
84,72,22
84,72,22
84,72,22
84,72,22
84,89,22
84,89,22
84,89,22
84,89,22
84,89,22
84,89,22
84,89,22
84,89,22
84,89,22
84,89,22
84,89,22
84,89,22
84,89,22
84,89,22
84,89,22
84,89,22
84,89,22
84,89,22
84,89,22
84,89,22
84,89,22
84,89,22
84,89,22
84,89,22
84,89,22
84,89,22
84,89,22
84,89,22
84,89,22
84,89,22
84,89,22
84,89,22
84,89,22
84,89,22
84,89,22
84,89,22
84,89,22
84,89,22
84,89,22
84,89,22
84,89,22
84,89,22
84,89,22
84,89,22
84,89,22
84,89,22
84,89,22
84,89,22
84,89,22
84,89,22
84,89,22
84,89,22
84,89,22
84,89,22
84,89,22
84,89,22
84,69,22
84,69,22
84,69,22
84,69,22
84,69,22
84,69,22
84,69,22
84,69,22
84,69,22
84,69,22
84,70,22
84,70,22
84,70,22
84,70,22
84,70,22
84,70,22
84,70,22
84,70,22
84,70,22
84,70,22
84,70,22
84,70,22
84,70,22
84,70,22
84,70,22
84,70,22
84,70,22
84,70,22
84,70,22
84,70,22
84,70,22
84,70,22
84,70,22
84,70,22
84,70,22
84,70,22
84,70,22
84,70,22
84,70,22
84,70,22
84,70,22
84,70,22
84,70,22
84,70,22
84,70,22
84,70,22
84,70,22
84,70,22
84,70,22
84,70,22
84,70,22
84,70,22
84,70,22
84,70,22
84,70,22
84,70,22
84,70,22
84,70,22
84,70,22
84,70,22
84,70,22
84,70,22
84,58,22
84,58,22
84,58,22
84,58,22
84,58,22
84,58,22
84,58,22
84,58,22
84,58,22
84,58,22
84,58,22
84,100,22
84,100,22
84,100,22
84,100,22
84,100,22
84,100,22
84,100,22
84,100,22
84,100,22
84,100,22
84,100,22
84,100,22
84,100,22
84,100,22
84,100,22
84,93,22
84,93,22
84,93,22
84,93,22
84,93,22
84,93,22
84,93,22
84,93,22
84,93,22
84,93,22
84,93,22
84,93,22
84,93,22
84,93,22
84,93,22
84,93,22
84,93,22
84,93,22
84,93,22
84,93,22
84,93,22
84,66,22
84,66,22
84,66,22
84,66,22
84,66,22
84,66,22
84,66,22
84,66,22
84,66,22
84,66,22
84,96,22
84,96,22
84,96,22
84,96,22
84,96,22
84,96,22
84,96,22
84,96,22
84,96,22
84,96,22
84,96,22
84,96,22
84,96,22
84,96,22
84,96,22
84,96,22
84,96,22
84,96,22
84,76,22
84,76,22
84,76,22
84,76,22
84,76,22
84,76,22
84,76,22
84,76,22
84,76,22
84,76,22
84,76,22
84,126,22
84,126,22
84,126,22
84,126,22
84,126,22
84,126,22
84,126,22
84,126,22
84,126,22
84,126,22
84,61,22
84,61,22
84,61,22
84,61,22
84,61,22
84,61,22
84,61,22
84,61,22
84,61,22
84,61,22
84,61,22
84,61,22
84,61,22
84,61,22
84,61,22
84,61,22
84,61,22
84,61,22
84,61,22
84,61,22
84,61,22
84,61,22
84,61,22
84,119,22
84,119,22
84,119,22
84,119,22
84,119,22
84,119,22
84,119,22
84,119,22
84,119,22
84,119,22
84,119,22
84,119,22
84,119,22
84,119,22
84,119,22
84,119,22
84,119,22
84,119,22
84,119,22
84,119,22
84,119,22
84,119,22
84,119,22
84,119,22
84,119,22
84,119,22
84,119,22
84,119,22
84,119,22
84,119,22
84,119,22
84,119,22
84,119,22
84,119,22
84,119,22
84,119,22
84,119,22
84,119,22
84,119,22
84,119,22
109,131,22
109,131,22
109,131,22
109,131,22
109,131,22
109,131,22
109,131,22
109,131,22
109,131,22
109,131,22
109,131,22
109,86,22
109,86,22
109,86,22
109,86,22
109,86,22
109,86,22
109,86,22
109,86,22
109,86,22
109,138,22
109,138,22
109,138,22
109,138,22
109,138,22
109,138,22
109,108,22
109,108,22
109,108,22
109,108,22
109,108,22
109,108,22
109,108,22
109,108,22
109,108,22
109,108,22
109,108,22
109,108,22
109,108,22
109,108,22
109,108,22
109,124,22
109,124,22
109,124,22
109,124,22
109,124,22
109,124,22
109,124,22
109,124,22
109,124,22
109,124,22
109,124,22
109,124,22
109,124,22
109,124,22
109,124,22
109,124,22
109,124,22
109,124,22
109,124,22
109,124,22
109,124,22
109,124,22
109,124,22
109,124,22
109,124,22
109,124,22
109,124,22
109,124,22
109,124,22
109,124,22
109,124,22
109,124,22
109,124,22
109,124,22
109,124,22
109,124,22
109,124,22
109,124,22
109,124,22
109,124,22
109,124,22
109,124,22
109,124,22
109,124,22
109,124,22
109,124,22
109,124,22
109,124,22
109,124,22
109,124,22
109,106,22
109,106,22
109,106,22
109,106,22
109,106,22
109,106,22
109,106,22
109,106,22
109,106,22
109,106,22
109,106,22
109,106,22
109,106,22
109,106,22
109,106,22
109,106,22
109,106,22
109,103,22
109,103,22
109,103,22
109,103,22
109,103,22
109,103,22
109,103,22
109,103,22
109,103,22
109,103,22
109,103,22
109,78,22
109,78,22
109,78,22
109,78,22
109,78,22
109,78,22
109,78,22
109,78,22
109,78,22
109,78,22
109,78,22
109,78,22
109,78,22
109,78,22
109,78,22
109,78,22
109,78,22
109,78,22
109,78,22
109,102,22
109,102,22
109,102,22
109,102,22
109,102,22
109,102,22
109,102,22
109,102,22
109,102,22
109,102,22
109,102,22
109,102,22
109,102,22
109,102,22
109,102,22
109,127,22
109,127,22
109,127,22
109,127,22
109,127,22
109,127,22
109,127,22
109,127,22
109,88,22
109,88,22
109,88,22
109,88,22
109,88,22
109,88,22
109,88,22
109,88,22
109,88,22
109,88,22
109,88,22
109,88,22
109,88,22
109,88,22
109,88,22
109,88,22
109,88,22
109,138,22
109,138,22
109,138,22
109,138,22
109,138,22
109,138,22
109,138,22
109,138,22
109,138,22
109,138,22
109,123,22
109,123,22
109,123,22
109,123,22
109,123,22
109,123,22
109,123,22
109,123,22
109,123,22
109,123,22
109,123,22
109,123,22
109,123,22
109,123,22
109,123,22
109,123,22
109,123,22
109,123,22
109,123,22
109,123,22
109,123,22
109,123,22
109,76,22
109,76,22
109,76,22
109,76,22
109,76,22
109,76,22
109,76,22
109,76,22
109,76,22
109,76,22
109,76,22
109,76,22
109,107,22
109,107,22
109,107,22
109,107,22
109,107,22
109,107,22
109,107,22
109,107,22
109,107,22
109,107,22
109,107,22
109,107,22
109,107,22
109,107,22
109,107,22
109,107,22
109,107,22
109,107,22
109,107,22
109,107,22
109,107,22
109,107,22
109,107,22
109,107,22
109,107,22
109,107,22
109,107,22
109,107,22
109,117,22
109,117,22
109,117,22
109,117,22
109,117,22
109,117,22
109,117,22
109,117,22
109,117,22
109,117,22
109,117,22
109,117,22
109,117,22
109,117,22
109,117,22
109,117,22
109,117,22
109,117,22
109,117,22
109,117,22
109,117,22
109,117,22
109,117,22
109,117,22
109,117,22
109,117,22
109,105,22
109,105,22
109,105,22
109,105,22
109,105,22
109,105,22
109,105,22
109,105,22
109,105,22
109,105,22
109,105,22
109,105,22
109,105,22
109,105,22
109,105,22
109,105,22
109,105,22
89,100,22
89,100,22
89,100,22
89,100,22
89,100,22
89,100,22
89,100,22
89,100,22
89,100,22
89,100,22
89,100,22
89,100,22
89,100,22
89,100,22
89,100,22
89,100,22
89,100,22
89,100,22
89,100,22
89,100,22
89,100,22
89,100,22
89,100,22
89,100,22
89,100,22
89,100,22
89,100,22
89,100,22
89,100,22
89,100,22
89,100,22
89,100,22
89,100,22
89,100,22
89,100,22
89,100,22
89,71,22
89,71,22
89,71,22
89,71,22
89,71,22
89,71,22
89,71,22
89,71,22
89,71,22
89,71,22
89,71,22
89,71,22
89,71,22
89,71,22
89,71,22
89,71,22
89,71,22
89,71,22
89,85,22
89,85,22
89,85,22
89,85,22
89,85,22
89,85,22
89,85,22
89,85,22
89,85,22
89,85,22
89,85,22
89,85,22
89,85,22
89,85,22
89,85,22
89,85,22
89,85,22
89,85,22
89,85,22
89,85,22
89,85,22
89,85,22
89,85,22
89,85,22
89,85,22
89,85,22
89,85,22
89,85,22
89,85,22
89,85,22
89,85,22
89,97,22
89,97,22
89,97,22
89,97,22
89,97,22
89,97,22
89,97,22
89,97,22
89,97,22
89,97,22
89,135,22
89,135,22
89,135,22
89,135,22
89,135,22
89,135,22
89,135,22
89,135,22
89,135,22
89,135,22
89,135,22
89,135,22
89,135,22
89,135,22
89,135,22
89,135,22
89,135,22
89,135,22
89,135,22
89,135,22
89,135,22
89,135,22
89,135,22
89,135,22
89,135,22
89,135,22
89,107,22
89,107,22
89,107,22
89,107,22
89,107,22
89,107,22
89,107,22
89,107,22
89,107,22
89,107,22
89,107,22
89,107,22
89,107,22
89,107,22
89,107,22
89,107,22
89,107,22
89,107,22
89,107,22
89,107,22
89,107,22
89,107,22
89,107,22
89,107,22
89,107,22
89,107,22
89,107,22
89,107,22
89,107,22
89,107,22
89,107,22
89,107,22
89,107,22
89,107,22
89,107,22
89,107,22
89,107,22
89,107,22
89,107,22
89,107,22
89,107,22
89,92,22
89,92,22
89,92,22
89,92,22
89,92,22
89,92,22
89,92,22
89,76,22
89,76,22
89,76,22
89,76,22
89,76,22
89,76,22
89,76,22
89,76,22
89,76,22
89,76,22
89,76,22
89,76,22
89,76,22
89,76,22
89,96,22
89,96,22
89,96,22
89,96,22
89,96,22
89,96,22
89,96,22
89,96,22
89,104,22
89,104,22
89,104,22
89,104,22
89,104,22
89,104,22
89,104,22
89,104,22
89,104,22
89,104,22
89,104,22
89,104,22
89,104,22
89,104,22
89,104,22
89,104,22
89,104,22
89,102,22
89,102,22
89,102,22
89,102,22
89,102,22
89,102,22
89,102,22
89,102,22
89,102,22
89,102,22
