true_pos,obs_pos,true_var
288,281,22
288,281,22
288,281,22
288,281,22
288,281,22
288,281,22
288,281,22
288,281,22
288,281,22
288,281,22
288,281,22
288,281,22
288,281,22
288,281,22
288,281,22
288,281,22
288,281,22
288,270,22
288,270,22
288,270,22
288,270,22
288,270,22
288,270,22
288,270,22
288,270,22
288,270,22
288,270,22
288,270,22
288,270,22
288,270,22
288,270,22
288,270,22
288,270,22
288,270,22
288,244,22
288,244,22
288,244,22
288,244,22
288,244,22
288,244,22
288,244,22
288,244,22
288,244,22
288,244,22
288,244,22
288,244,22
288,244,22
288,244,22
288,301,22
288,301,22
288,301,22
288,301,22
288,301,22
288,301,22
288,301,22
288,301,22
288,301,22
288,301,22
288,301,22
288,316,22
288,316,22
288,316,22
288,316,22
288,316,22
288,316,22
288,316,22
288,316,22
288,316,22
288,316,22
288,294,22
288,294,22
288,294,22
288,294,22
288,294,22
288,294,22
288,294,22
288,294,22
288,294,22
288,294,22
288,294,22
288,294,22
288,294,22
288,294,22
288,294,22
288,294,22
288,294,22
288,294,22
288,294,22
288,294,22
288,294,22
288,294,22
288,294,22
288,294,22
288,272,22
288,272,22
288,272,22
288,272,22
288,272,22
288,272,22
288,272,22
288,272,22
288,272,22
288,272,22
288,272,22
288,272,22
288,272,22
288,272,22
288,272,22
288,272,22
288,272,22
288,272,22
288,272,22
288,284,22
288,284,22
288,284,22
288,284,22
288,284,22
288,284,22
288,284,22
288,284,22
288,284,22
288,284,22
288,284,22
288,284,22
288,284,22
288,284,22
288,284,22
288,284,22
288,276,22
288,276,22
288,276,22
288,276,22
288,276,22
288,276,22
288,276,22
288,276,22
288,276,22
288,276,22
288,276,22
288,276,22
288,276,22
288,276,22
288,276,22
288,276,22
288,276,22
288,276,22
288,307,22
288,307,22
288,307,22
288,307,22
288,307,22
288,307,22
288,307,22
288,307,22
288,307,22
288,307,22
288,281,22
288,281,22
288,281,22
288,281,22
288,281,22
288,281,22
288,281,22
288,281,22
288,281,22
288,281,22
288,281,22
288,281,22
288,281,22
288,281,22
288,281,22
288,281,22
288,281,22
288,281,22
288,281,22
288,281,22
288,281,22
288,281,22
288,281,22
288,281,22
288,281,22
288,281,22
288,302,22
288,302,22
288,302,22
288,302,22
288,302,22
288,302,22
288,302,22
288,302,22
288,302,22
288,302,22
288,302,22
288,302,22
288,302,22
288,302,22
288,302,22
288,302,22
288,302,22
288,302,22
288,302,22
288,302,22
288,302,22
288,302,22
288,302,22
288,302,22
288,302,22
288,302,22
288,302,22
288,302,22
288,302,22
288,302,22
288,302,22
288,302,22
288,302,22
288,302,22
288,302,22
288,302,22
288,302,22
288,302,22
288,302,22
288,302,22
288,302,22
288,302,22
288,302,22
288,302,22
288,302,22
288,302,22
288,302,22
288,302,22
288,302,22
288,302,22
288,302,22
288,302,22
288,302,22
288,302,22
288,302,22
288,302,22
288,302,22
288,302,22
288,302,22
288,302,22
288,298,22
288,298,22
288,298,22
288,298,22
288,298,22
288,298,22
288,298,22
288,298,22
288,298,22
288,298,22
288,298,22
288,298,22
288,298,22
288,298,22
288,298,22
288,298,22
288,298,22
288,298,22
288,298,22
288,298,22
288,298,22
288,298,22
288,298,22
288,298,22
288,283,22
288,283,22
288,283,22
288,283,22
288,283,22
288,283,22
288,283,22
288,283,22
288,283,22
288,283,22
288,283,22
288,283,22
288,283,22
288,298,22
288,298,22
288,298,22
288,298,22
288,298,22
288,298,22
288,298,22
288,298,22
288,298,22
288,298,22
288,298,22
288,298,22
288,298,22
288,325,22
288,325,22
288,325,22
288,325,22
288,325,22
288,325,22
288,325,22
288,325,22
288,325,22
288,325,22
288,284,22
288,284,22
288,284,22
288,284,22
288,284,22
288,284,22
288,284,22
288,284,22
288,284,22
288,284,22
288,284,22
288,284,22
288,284,22
288,284,22
288,260,22
288,260,22
288,260,22
288,260,22
288,260,22
288,260,22
288,260,22
288,260,22
288,260,22
288,260,22
288,260,22
288,260,22
288,260,22
288,260,22
288,260,22
288,260,22
288,260,22
288,260,22
288,260,22
288,260,22
288,260,22
288,260,22
288,260,22
288,260,22
288,260,22
288,260,22
288,260,22
288,260,22
288,260,22
288,260,22
288,260,22
288,260,22
288,260,22
288,260,22
288,260,22
288,260,22
288,260,22
288,260,22
288,260,22
288,260,22
288,260,22
288,260,22
288,260,22
288,260,22
288,260,22
288,260,22
288,260,22
288,260,22
288,260,22
288,306,22
288,306,22
288,306,22
288,306,22
288,306,22
288,306,22
288,306,22
288,306,22
288,306,22
288,306,22
288,306,22
288,306,22
288,306,22
288,306,22
288,306,22
268,270,22
268,270,22
268,270,22
268,270,22
268,270,22
268,270,22
268,270,22
268,270,22
268,270,22
268,237,22
268,237,22
268,237,22
268,237,22
268,237,22
268,237,22
268,237,22
268,237,22
268,237,22
268,237,22
268,237,22
268,237,22
268,237,22
268,237,22
268,237,22
268,237,22
268,237,22
268,237,22
268,237,22
268,237,22
268,237,22
268,237,22
268,237,22
268,237,22
268,237,22
268,237,22
268,237,22
268,237,22
268,237,22
268,237,22
268,237,22
268,237,22
268,237,22
268,237,22
268,237,22
268,237,22
268,237,22
268,237,22
268,237,22
268,237,22
268,237,22
268,237,22
268,234,22
268,234,22
268,234,22
268,234,22
268,234,22
268,234,22
268,234,22
268,234,22
268,234,22
268,234,22
268,234,22
268,234,22
268,234,22
268,234,22
268,234,22
268,234,22
268,234,22
268,234,22
268,234,22
268,234,22
268,234,22
268,234,22
268,234,22
268,234,22
268,253,22
268,253,22
268,253,22
268,253,22
268,253,22
268,253,22
268,253,22
268,253,22
268,253,22
268,253,22
268,253,22
268,253,22
268,253,22
268,253,22
268,253,22
268,253,22
268,253,22
268,253,22
268,253,22
268,253,22
268,253,22
268,253,22
268,253,22
268,253,22
268,253,22
268,253,22
268,253,22
268,253,22
268,253,22
268,253,22
268,253,22
268,253,22
268,253,22
268,253,22
268,253,22
268,253,22
268,253,22
268,253,22
268,253,22
268,252,22
268,252,22
268,252,22
268,252,22
268,252,22
268,252,22
268,252,22
268,252,22
268,252,22
268,252,22
268,272,22
268,272,22
268,272,22
268,272,22
268,272,22
268,272,22
268,272,22
268,272,22
268,194,22
268,194,22
268,194,22
268,194,22
268,194,22
268,194,22
268,194,22
268,194,22
268,194,22
268,194,22
268,254,22
268,254,22
268,254,22
268,254,22
268,254,22
268,254,22
268,254,22
268,254,22
268,254,22
268,254,22
268,254,22
268,254,22
268,254,22
268,254,22
268,254,22
268,254,22
268,254,22
268,254,22
268,254,22
268,254,22
268,254,22
268,254,22
268,254,22
268,254,22
268,254,22
268,248,22
268,248,22
268,248,22
268,248,22
268,248,22
268,248,22
268,248,22
268,248,22
268,248,22
268,248,22
268,248,22
268,248,22
268,248,22
268,248,22
268,248,22
268,248,22
268,248,22
268,248,22
268,248,22
268,248,22
268,248,22
268,248,22
268,248,22
268,248,22
268,248,22
268,248,22
268,248,22
268,248,22
268,248,22
268,248,22
268,248,22
268,248,22
268,248,22
268,248,22
268,248,22
268,291,22
268,291,22
268,291,22
268,291,22
268,291,22
268,291,22
268,291,22
268,291,22
268,291,22
268,254,22
268,254,22
268,254,22
268,254,22
268,254,22
268,254,22
268,254,22
268,254,22
268,254,22
268,254,22
268,254,22
268,254,22
268,254,22
268,254,22
268,254,22
268,254,22
268,254,22
268,254,22
268,267,22
268,267,22
268,267,22
268,267,22
268,267,22
268,267,22
268,267,22
268,267,22
268,267,22
268,267,22
268,267,22
268,267,22
268,267,22
268,267,22
268,267,22
268,267,22
268,267,22
268,267,22
268,267,22
268,267,22
268,267,22
268,267,22
268,267,22
268,267,22
268,267,22
268,267,22
268,267,22
268,267,22
268,267,22
268,267,22
268,267,22
268,267,22
268,267,22
268,267,22
268,267,22
268,267,22
268,267,22
268,267,22
268,267,22
268,267,22
268,267,22
268,267,22
268,267,22
268,267,22
268,267,22
268,267,22
268,267,22
268,267,22
268,267,22
268,267,22
268,267,22
268,267,22
268,276,22
268,276,22
268,276,22
268,276,22
268,276,22
268,276,22
268,276,22
268,276,22
268,276,22
268,276,22
268,276,22
268,276,22
268,222,22
268,222,22
268,222,22
268,222,22
268,222,22
268,222,22
268,222,22
268,222,22
268,222,22
268,222,22
268,222,22
268,222,22
268,222,22
268,222,22
268,238,22
268,238,22
268,238,22
268,238,22
268,238,22
268,238,22
268,238,22
268,238,22
268,238,22
268,238,22
268,238,22
268,238,22
268,238,22
268,238,22
268,238,22
268,238,22
268,238,22
268,279,22
268,279,22
268,279,22
268,279,22
268,279,22
268,279,22
268,279,22
268,279,22
268,279,22
268,279,22
268,279,22
268,279,22
268,279,22
268,279,22
268,279,22
268,279,22
268,279,22
268,279,22
268,279,22
268,279,22
268,279,22
268,279,22
268,279,22
268,279,22
268,279,22
268,279,22
268,279,22
268,279,22
268,279,22
268,279,22
268,279,22
268,279,22
268,279,22
268,279,22
268,272,22
268,272,22
268,272,22
268,272,22
268,272,22
268,272,22
268,272,22
268,272,22
268,272,22
268,272,22
268,265,22
268,265,22
268,265,22
268,265,22
268,265,22
268,265,22
268,265,22
268,265,22
268,265,22
268,265,22
268,265,22
268,265,22
268,265,22
268,265,22
268,265,22
268,265,22
268,265,22
268,265,22
268,265,22
268,265,22
268,265,22
268,265,22
268,265,22
268,265,22
268,265,22
268,265,22
268,265,22
268,265,22
268,265,22
268,265,22
268,265,22
268,265,22
268,265,22
268,265,22
268,265,22
268,265,22
268,265,22
268,265,22
268,265,22
268,265,22
268,265,22
268,265,22
268,265,22
268,265,22
268,265,22
268,265,22
253,284,22
253,284,22
253,284,22
253,284,22
253,284,22
253,284,22
253,284,22
253,284,22
253,284,22
253,284,22
253,284,22
253,284,22
253,242,22
253,242,22
253,242,22
253,242,22
253,242,22
253,242,22
253,242,22
253,242,22
253,242,22
253,242,22
253,242,22
253,242,22
253,242,22
253,242,22
253,242,22
253,242,22
253,242,22
253,244,22
253,244,22
253,244,22
253,244,22
253,244,22
253,244,22
253,244,22
253,244,22
253,244,22
253,244,22
253,244,22
253,244,22
253,244,22
253,244,22
253,244,22
253,239,22
253,239,22
253,239,22
253,239,22
253,239,22
253,239,22
253,239,22
253,239,22
253,239,22
253,239,22
253,239,22
253,239,22
253,239,22
253,221,22
253,221,22
253,221,22
253,221,22
253,221,22
253,221,22
253,221,22
253,221,22
253,221,22
253,221,22
253,221,22
253,221,22
253,221,22
253,221,22
253,221,22
253,221,22
253,240,22
253,240,22
253,240,22
253,240,22
253,240,22
253,240,22
253,240,22
253,240,22
253,240,22
253,240,22
253,240,22
253,240,22
253,240,22
253,240,22
253,240,22
253,240,22
253,240,22
253,240,22
253,240,22
253,240,22
253,240,22
253,240,22
253,240,22
253,240,22
253,240,22
253,240,22
253,240,22
253,239,22
253,239,22
253,239,22
253,239,22
253,239,22
253,239,22
253,239,22
253,239,22
253,239,22
253,239,22
253,239,22
253,239,22
253,239,22
253,287,22
253,287,22
253,287,22
253,287,22
253,287,22
253,287,22
253,287,22
253,287,22
253,287,22
253,287,22
253,287,22
253,287,22
253,287,22
253,287,22
253,287,22
253,287,22
253,287,22
253,287,22
253,232,22
253,232,22
253,232,22
253,232,22
253,232,22
253,232,22
253,232,22
253,232,22
253,232,22
253,232,22
253,232,22
253,232,22
253,232,22
253,232,22
253,259,22
253,259,22
253,259,22
253,259,22
253,259,22
253,259,22
253,240,22
253,240,22
253,240,22
253,240,22
253,240,22
253,240,22
253,240,22
253,299,22
253,299,22
253,299,22
253,299,22
253,299,22
253,299,22
253,299,22
253,299,22
253,299,22
253,299,22
253,299,22
253,216,22
253,216,22
253,216,22
253,216,22
253,216,22
253,216,22
253,216,22
253,216,22
253,216,22
253,282,22
253,282,22
253,282,22
253,282,22
253,282,22
253,282,22
253,282,22
253,282,22
253,282,22
253,282,22
253,282,22
253,282,22
253,282,22
253,282,22
253,282,22
253,245,22
253,245,22
253,245,22
253,245,22
253,245,22
253,245,22
253,245,22
253,245,22
253,245,22
253,245,22
253,225,22
253,225,22
253,225,22
253,225,22
253,225,22
253,225,22
253,225,22
253,225,22
253,225,22
253,225,22
253,225,22
253,225,22
253,225,22
253,225,22
253,225,22
253,225,22
253,225,22
253,225,22
253,225,22
253,225,22
253,225,22
253,225,22
253,225,22
253,225,22
253,225,22
253,225,22
253,225,22
253,225,22
253,225,22
253,225,22
253,225,22
253,225,22
253,225,22
253,225,22
253,225,22
253,225,22
253,225,22
253,225,22
253,225,22
253,225,22
253,225,22
253,225,22
253,225,22
253,225,22
253,225,22
253,225,22
253,225,22
253,225,22
253,225,22
253,225,22
253,225,22
253,225,22
253,225,22
253,225,22
253,225,22
253,227,22
253,227,22
253,227,22
253,227,22
253,227,22
253,227,22
253,227,22
253,227,22
253,227,22
253,227,22
253,227,22
253,227,22
253,227,22
253,227,22
253,227,22
253,227,22
253,254,22
253,254,22
253,254,22
253,254,22
253,254,22
253,254,22
253,254,22
253,254,22
253,254,22
253,254,22
253,254,22
253,254,22
253,252,22
253,252,22
253,252,22
253,252,22
253,252,22
253,252,22
253,252,22
253,252,22
253,252,22
253,252,22
253,252,22
253,261,22
253,261,22
253,261,22
253,261,22
253,261,22
253,261,22
253,261,22
253,261,22
253,261,22
253,261,22
253,257,22
253,257,22
253,257,22
253,257,22
253,257,22
253,257,22
253,257,22
253,257,22
253,257,22
253,257,22
253,257,22
253,257,22
253,257,22
253,257,22
253,257,22
253,257,22
253,257,22
253,257,22
253,257,22
253,257,22
253,257,22
253,257,22
253,257,22
253,257,22
253,257,22
253,257,22
253,247,22
253,247,22
253,247,22
253,247,22
253,247,22
253,247,22
253,247,22
253,247,22
253,247,22
253,247,22
253,247,22
253,247,22
253,247,22
253,247,22
253,247,22
253,240,22
253,240,22
253,240,22
253,240,22
253,240,22
253,240,22
253,240,22
253,240,22
253,240,22
253,240,22
253,240,22
253,240,22
253,240,22
253,240,22
253,240,22
253,240,22
253,240,22
253,240,22
253,240,22
253,240,22
253,240,22
253,247,22
253,247,22
253,247,22
253,247,22
253,247,22
253,247,22
253,247,22
228,206,22
228,206,22
228,206,22
228,206,22
228,206,22
228,206,22
228,206,22
228,206,22
228,206,22
228,206,22
228,206,22
228,206,22
228,206,22
228,206,22
228,206,22
228,225,22
228,225,22
228,225,22
228,225,22
228,225,22
228,225,22
228,225,22
228,225,22
228,225,22
228,225,22
228,225,22
228,225,22
228,225,22
228,225,22
228,225,22
228,225,22
228,225,22
228,225,22
228,225,22
228,225,22
228,225,22
228,225,22
228,225,22
228,225,22
228,225,22
228,225,22
228,225,22
228,225,22
228,225,22
228,225,22
228,225,22
228,225,22
228,255,22
228,255,22
228,255,22
228,255,22
228,255,22
228,255,22
228,255,22
228,255,22
228,255,22
228,255,22
228,241,22
228,241,22
228,241,22
228,241,22
228,241,22
228,241,22
228,241,22
228,241,22
228,241,22
228,241,22
228,241,22
228,241,22
228,241,22
228,241,22
228,241,22
228,241,22
228,241,22
228,241,22
228,241,22
228,241,22
228,241,22
228,241,22
228,241,22
228,241,22
228,241,22
228,241,22
228,241,22
228,233,22
228,233,22
228,233,22
228,233,22
228,233,22
228,233,22
228,233,22
228,233,22
228,233,22
228,159,22
228,159,22
228,159,22
228,159,22
228,159,22
228,159,22
228,159,22
228,159,22
228,159,22
228,159,22
228,159,22
228,219,22
228,219,22
228,219,22
228,219,22
228,219,22
228,219,22
228,219,22
228,219,22
228,219,22
228,219,22
228,219,22
228,243,22
228,243,22
228,243,22
228,243,22
228,243,22
228,243,22
228,243,22
228,197,22
228,197,22
228,197,22
228,197,22
228,197,22
228,197,22
228,197,22
228,197,22
228,197,22
228,197,22
228,197,22
228,197,22
228,197,22
228,197,22
228,197,22
228,197,22
228,197,22
228,197,22
228,154,22
228,154,22
228,154,22
228,154,22
228,154,22
228,154,22
228,154,22
228,154,22
228,154,22
228,154,22
228,154,22
228,154,22
228,154,22
228,202,22
228,202,22
228,202,22
228,202,22
228,202,22
228,202,22
228,202,22
228,202,22
228,202,22
228,202,22
228,202,22
228,202,22
228,202,22
228,217,22
228,217,22
228,217,22
228,217,22
228,217,22
228,217,22
228,217,22
228,217,22
228,217,22
228,217,22
228,217,22
228,184,22
228,184,22
228,184,22
228,184,22
228,184,22
228,184,22
228,184,22
228,184,22
228,184,22
228,184,22
228,184,22
228,184,22
228,184,22
228,184,22
228,184,22
228,184,22
228,184,22
228,184,22
228,184,22
228,184,22
228,211,22
228,211,22
228,211,22
228,211,22
228,211,22
228,211,22
228,211,22
228,211,22
228,211,22
228,211,22
228,228,22
228,228,22
228,228,22
228,228,22
228,228,22
228,228,22
228,228,22
228,228,22
228,228,22
228,228,22
228,228,22
228,228,22
228,228,22
228,228,22
228,228,22
228,228,22
228,228,22
228,228,22
228,228,22
228,199,22
228,199,22
228,199,22
228,199,22
228,199,22
228,199,22
228,199,22
228,199,22
228,199,22
228,199,22
228,199,22
228,199,22
228,199,22
228,199,22
228,199,22
228,199,22
228,199,22
228,199,22
228,199,22
228,199,22
228,199,22
228,208,22
228,208,22
228,208,22
228,208,22
228,208,22
228,208,22
228,208,22
228,208,22
228,208,22
228,208,22
228,208,22
228,208,22
228,208,22
228,208,22
228,208,22
228,208,22
228,208,22
228,208,22
228,208,22
228,208,22
228,208,22
228,208,22
228,208,22
228,208,22
228,208,22
228,208,22
228,208,22
228,208,22
228,208,22
228,208,22
228,208,22
228,208,22
228,208,22
228,208,22
228,208,22
228,208,22
228,208,22
228,208,22
228,208,22
228,208,22
228,208,22
228,208,22
228,208,22
228,208,22
228,208,22
228,208,22
228,208,22
228,208,22
228,208,22
228,208,22
228,208,22
228,208,22
228,208,22
228,208,22
228,252,22
228,252,22
228,252,22
228,252,22
228,252,22
228,252,22
228,252,22
228,252,22
228,252,22
228,252,22
228,252,22
228,252,22
228,252,22
228,252,22
228,252,22
228,252,22
228,252,22
228,252,22
228,252,22
228,252,22
228,219,22
228,219,22
228,219,22
228,219,22
228,219,22
228,219,22
228,219,22
228,219,22
228,219,22
228,219,22
228,219,22
228,219,22
228,219,22
228,219,22
228,219,22
228,219,22
228,219,22
228,219,22
228,219,22
228,196,22
228,196,22
228,196,22
228,196,22
228,196,22
228,196,22
228,196,22
228,196,22
228,196,22
228,196,22
228,196,22
228,196,22
228,196,22
253,256,22
253,256,22
253,256,22
253,256,22
253,256,22
253,256,22
253,274,22
253,274,22
253,274,22
253,274,22
253,274,22
253,274,22
253,274,22
253,274,22
253,274,22
253,274,22
253,274,22
253,274,22
253,274,22
253,274,22
253,274,22
253,274,22
253,274,22
253,274,22
253,274,22
253,274,22
253,274,22
253,274,22
253,274,22
253,274,22
253,274,22
253,274,22
253,274,22
253,274,22
253,274,22
253,274,22
253,274,22
253,274,22
253,274,22
253,274,22
253,274,22
253,274,22
253,274,22
253,274,22
253,274,22
253,274,22
253,274,22
253,274,22
253,274,22
253,274,22
253,274,22
253,274,22
253,274,22
253,248,22
253,248,22
253,248,22
253,248,22
253,248,22
253,248,22
253,248,22
253,248,22
253,248,22
253,234,22
253,234,22
253,234,22
253,234,22
253,234,22
253,234,22
253,234,22
253,234,22
253,234,22
253,234,22
253,234,22
253,234,22
253,249,22
253,249,22
253,249,22
253,249,22
253,249,22
253,249,22
253,249,22
253,249,22
253,249,22
253,249,22
253,249,22
253,249,22
253,249,22
253,249,22
253,249,22
253,287,22
253,287,22
253,287,22
253,287,22
253,287,22
253,287,22
253,287,22
253,287,22
253,287,22
253,287,22
253,251,22
253,251,22
253,251,22
253,251,22
253,251,22
253,251,22
253,251,22
253,246,22
253,246,22
253,246,22
253,246,22
253,246,22
253,246,22
253,246,22
253,246,22
253,246,22
253,246,22
253,246,22
253,246,22
253,246,22
253,246,22
253,246,22
253,246,22
253,246,22
253,246,22
253,246,22
253,246,22
253,246,22
253,246,22
253,246,22
253,246,22
253,246,22
253,246,22
253,246,22
253,246,22
253,246,22
253,246,22
253,246,22
253,246,22
253,245,22
253,245,22
253,245,22
253,245,22
253,245,22
253,245,22
253,245,22
253,245,22
253,245,22
253,245,22
253,245,22
253,245,22
253,245,22
253,245,22
253,245,22
253,245,22
253,245,22
253,245,22
253,245,22
253,245,22
253,245,22
253,245,22
253,245,22
253,245,22
253,245,22
253,245,22
253,245,22
253,245,22
253,245,22
253,245,22
253,245,22
253,245,22
253,245,22
253,245,22
253,245,22
253,245,22
253,245,22
253,245,22
253,245,22
253,245,22
253,245,22
253,245,22
253,245,22
253,245,22
253,245,22
253,245,22
253,245,22
253,245,22
253,245,22
253,245,22
253,245,22
253,245,22
253,245,22
253,245,22
253,245,22
253,245,22
253,245,22
253,245,22
253,245,22
253,286,22
253,286,22
253,286,22
253,286,22
253,286,22
253,286,22
253,286,22
253,286,22
253,286,22
253,286,22
253,286,22
253,286,22
253,286,22
253,286,22
253,286,22
253,286,22
253,286,22
253,286,22
253,286,22
253,286,22
253,286,22
253,286,22
253,286,22
253,286,22
253,247,22
253,247,22
253,247,22
253,247,22
253,247,22
253,247,22
253,247,22
253,247,22
253,247,22
253,247,22
253,247,22
253,247,22
253,247,22
253,247,22
253,247,22
253,247,22
253,247,22
253,259,22
253,259,22
253,259,22
253,259,22
253,259,22
253,259,22
253,259,22
253,255,22
253,255,22
253,255,22
253,255,22
253,255,22
253,255,22
253,255,22
253,255,22
253,255,22
253,255,22
253,255,22
253,255,22
253,255,22
253,245,22
253,245,22
253,245,22
253,245,22
253,245,22
253,245,22
253,245,22
253,245,22
253,245,22
253,245,22
253,245,22
253,245,22
253,245,22
253,245,22
253,245,22
253,275,22
253,275,22
253,275,22
253,275,22
253,275,22
253,275,22
253,275,22
253,275,22
253,275,22
253,275,22
253,275,22
253,275,22
253,275,22
253,275,22
253,275,22
253,275,22
253,275,22
253,275,22
253,275,22
253,275,22
253,275,22
253,275,22
253,275,22
253,275,22
253,275,22
253,275,22
253,275,22
253,275,22
253,275,22
253,275,22
253,275,22
253,275,22
253,275,22
253,264,22
253,264,22
253,264,22
253,264,22
253,264,22
253,264,22
253,264,22
253,213,22
253,213,22
253,213,22
253,213,22
253,213,22
253,213,22
253,213,22
253,213,22
253,213,22
253,213,22
253,213,22
253,213,22
253,213,22
253,213,22
253,213,22
253,213,22
253,213,22
253,213,22
253,213,22
253,213,22
253,213,22
253,213,22
253,213,22
253,213,22
253,213,22
253,213,22
253,213,22
253,213,22
253,213,22
253,213,22
253,213,22
253,213,22
253,213,22
253,213,22
253,213,22
253,213,22
253,213,22
253,213,22
253,213,22
253,213,22
253,213,22
253,213,22
253,213,22
253,218,22
253,218,22
253,218,22
253,218,22
253,218,22
253,218,22
253,218,22
253,218,22
253,218,22
253,218,22
253,218,22
253,244,22
253,244,22
253,244,22
253,244,22
253,244,22
253,244,22
253,244,22
253,244,22
253,244,22
253,177,22
253,177,22
253,177,22
253,177,22
253,177,22
253,177,22
253,177,22
253,177,22
253,177,22
253,177,22
253,177,22
253,177,22
253,177,22
253,177,22
253,177,22
253,177,22
253,177,22
253,177,22
253,177,22
253,177,22
253,177,22
253,177,22
268,277,22
268,277,22
268,277,22
268,277,22
268,277,22
268,277,22
268,277,22
268,277,22
268,277,22
268,277,22
268,277,22
268,277,22
268,277,22
268,277,22
268,277,22
268,277,22
268,277,22
268,277,22
268,277,22
268,277,22
268,275,22
268,275,22
268,275,22
268,275,22
268,275,22
268,275,22
268,275,22
268,275,22
268,275,22
268,275,22
268,275,22
268,275,22
268,275,22
268,275,22
268,264,22
268,264,22
268,264,22
268,264,22
268,264,22
268,264,22
268,264,22
268,264,22
268,264,22
268,264,22
268,264,22
268,264,22
268,264,22
268,264,22
268,264,22
268,264,22
268,264,22
268,264,22
268,264,22
268,264,22
268,264,22
268,264,22
268,264,22
268,264,22
268,264,22
268,264,22
268,264,22
268,264,22
268,264,22
268,264,22
268,264,22
268,264,22
268,253,22
268,253,22
268,253,22
268,253,22
268,253,22
268,253,22
268,253,22
268,253,22
268,232,22
268,232,22
268,232,22
268,232,22
268,232,22
268,232,22
268,232,22
268,232,22
268,232,22
268,232,22
268,232,22
268,232,22
268,232,22
268,232,22
268,198,22
268,198,22
268,198,22
268,198,22
268,198,22
268,198,22
268,198,22
268,198,22
268,198,22
268,198,22
268,198,22
268,198,22
268,198,22
268,198,22
268,198,22
268,198,22
268,198,22
268,198,22
268,198,22
268,198,22
268,198,22
268,198,22
268,198,22
268,198,22
268,198,22
268,198,22
268,198,22
268,198,22
268,198,22
268,198,22
268,198,22
268,198,22
268,198,22
268,198,22
268,198,22
268,198,22
268,198,22
268,198,22
268,198,22
268,198,22
268,198,22
268,198,22
268,198,22
268,226,22
268,226,22
268,226,22
268,226,22
268,226,22
268,226,22
268,226,22
268,226,22
268,276,22
268,276,22
268,276,22
268,276,22
268,276,22
268,276,22
268,276,22
268,276,22
268,276,22
268,276,22
268,276,22
268,276,22
268,276,22
268,276,22
268,276,22
268,276,22
268,276,22
268,276,22
268,276,22
268,276,22
268,276,22
268,276,22
268,276,22
268,276,22
268,276,22
268,276,22
268,276,22
268,276,22
268,276,22
268,276,22
268,276,22
268,276,22
268,276,22
268,276,22
268,276,22
268,276,22
268,276,22
268,276,22
268,276,22
268,276,22
268,276,22
268,276,22
268,276,22
268,276,22
268,276,22
268,276,22
243,246,22
243,246,22
243,246,22
243,246,22
243,246,22
243,246,22
243,246,22
243,246,22
243,246,22
243,246,22
243,246,22
243,246,22
243,246,22
243,246,22
243,246,22
243,252,22
243,252,22
243,252,22
243,252,22
243,252,22
243,252,22
243,252,22
243,252,22
243,252,22
243,252,22
243,252,22
243,252,22
243,252,22
243,228,22
243,228,22
243,228,22
243,228,22
243,228,22
243,228,22
243,228,22
243,228,22
243,228,22
243,228,22
243,228,22
243,228,22
243,228,22
243,228,22
243,228,22
243,228,22
243,228,22
243,228,22
243,228,22
243,228,22
243,228,22
243,228,22
243,239,22
243,239,22
243,239,22
243,239,22
243,239,22
243,239,22
243,239,22
243,239,22
243,239,22
243,239,22
243,239,22
243,239,22
243,239,22
243,239,22
243,265,22
243,265,22
243,265,22
243,265,22
243,265,22
243,265,22
243,265,22
243,265,22
243,265,22
243,265,22
243,265,22
243,265,22
243,257,22
243,257,22
243,257,22
243,257,22
243,257,22
243,257,22
243,257,22
243,257,22
243,257,22
243,257,22
243,257,22
243,257,22
243,257,22
243,257,22
243,257,22
243,257,22
243,257,22
243,257,22
243,257,22
243,262,22
243,262,22
243,262,22
243,262,22
243,262,22
243,262,22
243,262,22
243,262,22
243,262,22
243,248,22
243,248,22
243,248,22
243,248,22
243,248,22
243,248,22
243,248,22
243,248,22
243,248,22
243,248,22
243,248,22
243,248,22
243,248,22
243,248,22
243,248,22
243,248,22
243,248,22
243,248,22
243,248,22
243,248,22
243,248,22
243,248,22
243,248,22
243,248,22
243,246,22
243,246,22
243,246,22
243,246,22
243,246,22
243,246,22
243,246,22
243,246,22
243,246,22
243,246,22
243,246,22
243,246,22
243,246,22
243,246,22
243,246,22
243,246,22
243,246,22
243,246,22
243,246,22
243,246,22
243,246,22
243,246,22
243,246,22
243,246,22
243,246,22
243,246,22
243,246,22
243,246,22
243,246,22
243,246,22
243,246,22
243,246,22
243,246,22
243,246,22
243,246,22
243,246,22
243,246,22
243,246,22
243,246,22
243,246,22
243,246,22
243,246,22
243,246,22
243,246,22
243,246,22
243,246,22
243,246,22
243,246,22
243,246,22
243,246,22
243,246,22
243,246,22
243,232,22
243,232,22
243,232,22
243,232,22
243,232,22
243,232,22
243,232,22
243,232,22
243,232,22
243,232,22
243,232,22
243,232,22
243,232,22
243,232,22
243,232,22
243,232,22
243,232,22
243,232,22
243,232,22
243,232,22
243,282,22
243,282,22
243,282,22
243,282,22
243,282,22
243,282,22
243,282,22
243,282,22
243,282,22
243,282,22
243,175,22
243,175,22
243,175,22
243,175,22
243,175,22
243,175,22
243,175,22
243,175,22
243,175,22
243,175,22
243,175,22
243,175,22
243,175,22
243,175,22
243,175,22
243,175,22
243,175,22
243,175,22
243,175,22
243,175,22
243,175,22
243,175,22
243,175,22
243,233,22
243,233,22
243,233,22
243,233,22
243,233,22
243,233,22
243,214,22
243,214,22
243,214,22
243,214,22
243,214,22
243,214,22
243,214,22
243,214,22
243,214,22
243,214,22
243,214,22
243,214,22
243,214,22
243,214,22
243,214,22
243,214,22
243,214,22
243,214,22
243,214,22
243,230,22
243,230,22
243,230,22
243,230,22
243,230,22
243,230,22
243,230,22
243,230,22
243,230,22
243,230,22
243,230,22
243,230,22
243,230,22
243,230,22
243,230,22
243,249,22
243,249,22
243,249,22
243,249,22
243,249,22
243,249,22
243,249,22
243,249,22
243,249,22
243,249,22
243,249,22
243,249,22
243,249,22
243,249,22
243,249,22
243,249,22
243,249,22
243,258,22
243,258,22
243,258,22
243,258,22
243,258,22
243,258,22
243,258,22
243,258,22
243,258,22
243,258,22
243,258,22
243,258,22
243,258,22
243,238,22
243,238,22
243,238,22
243,238,22
243,238,22
243,238,22
243,238,22
228,195,22
228,195,22
228,195,22
228,195,22
228,195,22
228,195,22
228,195,22
228,195,22
228,195,22
228,195,22
228,195,22
228,195,22
228,195,22
228,195,22
228,195,22
228,195,22
228,195,22
228,195,22
228,195,22
228,195,22
228,195,22
228,195,22
228,195,22
228,195,22
228,195,22
228,195,22
228,195,22
228,195,22
228,195,22
228,195,22
228,195,22
228,195,22
228,195,22
228,195,22
228,195,22
228,195,22
228,195,22
228,195,22
228,195,22
228,198,22
228,198,22
228,198,22
228,198,22
228,198,22
228,198,22
228,198,22
228,198,22
228,204,22
228,204,22
228,204,22
228,204,22
228,204,22
228,204,22
228,204,22
228,204,22
228,204,22
228,204,22
228,204,22
228,204,22
228,259,22
228,259,22
228,259,22
228,259,22
228,259,22
228,259,22
228,259,22
228,259,22
228,259,22
228,259,22
228,259,22
228,259,22
228,259,22
228,235,22
228,235,22
228,235,22
228,235,22
228,235,22
228,235,22
228,235,22
228,235,22
228,235,22
228,235,22
228,235,22
228,235,22
228,219,22
228,219,22
228,219,22
228,219,22
228,219,22
228,219,22
228,229,22
228,229,22
228,229,22
228,229,22
228,229,22
228,229,22
228,229,22
228,229,22
228,229,22
228,229,22
228,229,22
228,229,22
228,229,22
228,229,22
228,229,22
228,229,22
228,229,22
228,229,22
228,229,22
228,229,22
228,229,22
228,229,22
228,229,22
228,229,22
228,229,22
228,229,22
228,229,22
228,229,22
228,229,22
228,229,22
228,202,22
228,202,22
228,202,22
228,202,22
228,202,22
228,202,22
228,202,22
228,202,22
228,202,22
228,202,22
228,202,22
228,202,22
228,202,22
228,202,22
228,202,22
228,202,22
228,202,22
228,202,22
228,202,22
228,202,22
228,202,22
228,202,22
228,202,22
228,202,22
228,202,22
228,202,22
228,202,22
228,202,22
228,202,22
228,202,22
228,186,22
228,186,22
228,186,22
228,186,22
228,186,22
228,186,22
228,186,22
228,186,22
228,186,22
228,192,22
228,192,22
228,192,22
228,192,22
228,192,22
228,192,22
228,192,22
228,192,22
228,192,22
228,192,22
228,192,22
228,192,22
228,192,22
228,192,22
228,192,22
228,192,22
228,192,22
228,192,22
228,192,22
228,192,22
228,192,22
228,192,22
228,192,22
228,192,22
228,192,22
228,192,22
228,192,22
228,192,22
228,192,22
228,192,22
228,234,22
228,234,22
228,234,22
228,234,22
228,234,22
228,234,22
228,204,22
228,204,22
228,204,22
228,204,22
228,204,22
228,204,22
228,204,22
228,204,22
228,204,22
228,204,22
228,204,22
228,204,22
228,204,22
228,204,22
228,204,22
228,204,22
228,204,22
228,204,22
228,204,22
228,204,22
228,204,22
228,204,22
228,239,22
228,239,22
228,239,22
228,239,22
228,239,22
228,239,22
228,239,22
228,239,22
228,239,22
228,239,22
228,239,22
228,239,22
228,239,22
228,239,22
228,239,22
228,239,22
228,239,22
228,239,22
228,239,22
228,239,22
228,239,22
228,239,22
228,239,22
228,245,22
228,245,22
228,245,22
228,245,22
228,245,22
228,245,22
228,245,22
228,245,22
228,245,22
228,245,22
228,245,22
228,245,22
228,245,22
228,231,22
228,231,22
228,231,22
228,231,22
228,231,22
228,231,22
228,231,22
228,231,22
228,231,22
228,231,22
228,208,22
228,208,22
228,208,22
228,208,22
228,208,22
228,208,22
228,208,22
228,208,22
228,208,22
228,208,22
228,208,22
228,208,22
228,208,22
228,208,22
228,208,22
228,208,22
228,208,22
228,208,22
228,208,22
228,208,22
228,213,22
228,213,22
228,213,22
228,213,22
228,213,22
228,213,22
228,213,22
228,213,22
228,213,22
228,213,22
228,213,22
228,213,22
228,213,22
228,213,22
228,213,22
228,213,22
228,213,22
228,213,22
228,213,22
228,213,22
228,213,22
228,213,22
228,213,22
228,213,22
228,213,22
228,209,22
228,209,22
228,209,22
228,209,22
228,209,22
228,209,22
228,209,22
228,209,22
228,209,22
228,209,22
228,209,22
228,209,22
228,209,22
228,209,22
228,209,22
228,209,22
228,209,22
228,209,22
228,209,22
228,209,22
228,209,22
228,209,22
228,209,22
228,209,22
228,209,22
228,209,22
228,209,22
228,209,22
228,209,22
228,209,22
228,209,22
228,209,22
228,209,22
228,209,22
228,209,22
228,209,22
228,209,22
228,209,22
228,209,22
228,209,22
228,209,22
228,209,22
228,209,22
228,209,22
228,209,22
228,229,22
228,229,22
228,229,22
228,229,22
228,229,22
228,229,22
228,229,22
228,229,22
228,229,22
228,229,22
228,229,22
228,229,22
228,229,22
228,229,22
228,229,22
228,229,22
228,229,22
228,229,22
228,229,22
228,229,22
228,229,22
228,229,22
228,229,22
228,229,22
228,229,22
228,229,22
228,229,22
228,229,22
228,229,22
228,229,22
228,229,22
228,229,22
228,229,22
228,229,22
228,229,22
228,229,22
228,229,22
228,229,22
228,229,22
228,229,22
228,229,22
228,229,22
228,229,22
228,229,22
228,253,22
228,253,22
228,253,22
228,253,22
228,253,22
228,253,22
228,253,22
228,253,22
228,253,22
228,253,22
228,253,22
228,253,22
228,231,22
228,231,22
228,231,22
228,231,22
228,231,22
228,231,22
228,270,22
228,270,22
228,270,22
228,270,22
228,270,22
228,270,22
228,270,22
228,270,22
228,270,22
228,270,22
228,270,22
228,236,22
228,236,22
228,236,22
228,236,22
228,236,22
228,236,22
228,236,22
228,236,22
228,236,22
228,236,22
228,236,22
228,236,22
228,236,22
228,236,22
228,236,22
228,236,22
228,236,22
228,236,22
228,236,22
228,236,22
228,236,22
228,236,22
228,236,22
228,236,22
228,215,22
228,215,22
228,215,22
228,215,22
228,215,22
228,215,22
228,215,22
228,215,22
203,169,22
203,169,22
203,169,22
203,169,22
203,169,22
203,169,22
203,169,22
203,172,22
203,172,22
203,172,22
203,172,22
203,172,22
203,172,22
203,172,22
203,172,22
203,172,22
203,185,22
203,185,22
203,185,22
203,185,22
203,185,22
203,185,22
203,185,22
203,185,22
203,185,22
203,185,22
203,185,22
203,185,22
203,185,22
203,185,22
203,185,22
203,185,22
203,185,22
203,185,22
203,185,22
203,185,22
203,185,22
203,185,22
203,185,22
203,185,22
203,185,22
203,185,22
203,185,22
203,185,22
203,185,22
203,185,22
203,185,22
203,185,22
203,185,22
203,185,22
203,185,22
203,185,22
203,185,22
203,185,22
203,185,22
203,185,22
203,185,22
203,185,22
203,185,22
203,185,22
203,185,22
203,216,22
203,216,22
203,216,22
203,216,22
203,216,22
203,216,22
203,216,22
203,216,22
203,216,22
203,216,22
203,216,22
203,216,22
203,216,22
203,216,22
203,216,22
203,216,22
203,216,22
203,216,22
203,216,22
203,216,22
203,216,22
203,216,22
203,216,22
203,216,22
203,216,22
203,216,22
203,216,22
203,216,22
203,216,22
203,216,22
203,216,22
203,216,22
203,216,22
203,216,22
203,216,22
203,216,22
203,216,22
203,216,22
203,216,22
203,237,22
203,237,22
203,237,22
203,237,22
203,237,22
203,237,22
203,237,22
203,223,22
203,223,22
203,223,22
203,223,22
203,223,22
203,223,22
203,223,22
203,223,22
203,223,22
203,223,22
203,223,22
203,223,22
203,223,22
203,223,22
203,223,22
203,223,22
203,223,22
203,223,22
203,223,22
203,223,22
203,223,22
203,223,22
203,223,22
203,223,22
203,223,22
203,223,22
203,223,22
203,223,22
203,223,22
203,223,22
203,223,22
203,223,22
203,223,22
203,223,22
203,223,22
203,223,22
203,223,22
203,223,22
203,223,22
203,223,22
203,223,22
203,223,22
203,223,22
203,223,22
203,223,22
203,223,22
203,223,22
203,223,22
203,223,22
203,223,22
203,223,22
203,223,22
203,223,22
203,188,22
203,188,22
203,188,22
203,188,22
203,188,22
203,188,22
203,188,22
203,188,22
203,188,22
203,188,22
203,188,22
203,188,22
203,188,22
203,188,22
203,188,22
203,180,22
203,180,22
203,180,22
203,180,22
203,180,22
203,180,22
203,180,22
203,180,22
203,180,22
203,180,22
203,180,22
203,180,22
203,180,22
203,180,22
203,180,22
203,180,22
203,180,22
203,180,22
203,180,22
203,180,22
203,252,22
203,252,22
203,252,22
203,252,22
203,252,22
203,252,22
203,252,22
203,252,22
203,252,22
203,252,22
203,252,22
203,252,22
203,252,22
203,252,22
203,252,22
203,252,22
203,252,22
203,252,22
203,252,22
203,252,22
203,252,22
203,252,22
203,252,22
203,211,22
203,211,22
203,211,22
203,211,22
203,211,22
203,211,22
203,211,22
203,211,22
203,211,22
203,211,22
203,211,22
203,211,22
203,211,22
203,211,22
203,211,22
203,211,22
203,211,22
203,211,22
203,211,22
203,211,22
203,211,22
203,211,22
203,211,22
203,211,22
203,211,22
203,195,22
203,195,22
203,195,22
203,195,22
203,195,22
203,195,22
203,195,22
203,195,22
203,195,22
203,195,22
203,195,22
203,195,22
203,195,22
203,195,22
203,195,22
203,207,22
203,207,22
203,207,22
203,207,22
203,207,22
203,207,22
203,207,22
203,207,22
203,207,22
203,207,22
203,207,22
203,207,22
203,207,22
203,207,22
203,207,22
203,207,22
203,207,22
203,207,22
203,207,22
203,207,22
203,215,22
203,215,22
203,215,22
203,215,22
203,215,22
203,215,22
203,215,22
203,215,22
203,215,22
203,215,22
203,215,22
203,215,22
203,215,22
203,215,22
203,215,22
203,215,22
203,215,22
203,215,22
203,215,22
203,215,22
203,215,22
203,215,22
203,215,22
203,215,22
203,215,22
203,215,22
203,215,22
203,215,22
203,215,22
203,215,22
203,215,22
203,215,22
203,215,22
203,215,22
203,215,22
203,215,22
203,215,22
203,215,22
203,215,22
203,215,22
203,215,22
203,215,22
203,215,22
203,215,22
203,215,22
203,215,22
203,215,22
203,202,22
203,202,22
203,202,22
203,202,22
203,202,22
203,202,22
203,202,22
203,202,22
203,202,22
203,202,22
203,202,22
203,202,22
203,202,22
203,202,22
203,202,22
203,202,22
203,202,22
203,202,22
203,202,22
203,202,22
203,202,22
203,202,22
203,205,22
203,205,22
203,205,22
203,205,22
203,205,22
203,205,22
203,205,22
203,205,22
203,205,22
203,205,22
203,205,22
203,205,22
203,205,22
203,205,22
203,205,22
203,205,22
203,205,22
203,205,22
203,205,22
203,205,22
203,205,22
203,205,22
203,205,22
203,205,22
203,205,22
203,205,22
203,205,22
203,205,22
203,205,22
203,205,22
203,205,22
203,205,22
203,205,22
203,205,22
203,205,22
203,205,22
203,205,22
203,237,22
203,237,22
203,237,22
203,237,22
203,237,22
203,237,22
203,237,22
203,237,22
203,237,22
203,237,22
203,237,22
203,237,22
203,237,22
203,237,22
203,237,22
203,192,22
203,192,22
203,192,22
203,192,22
203,192,22
203,192,22
203,192,22
203,192,22
203,192,22
203,192,22
203,192,22
203,192,22
203,192,22
203,192,22
203,192,22
203,192,22
203,192,22
203,192,22
203,192,22
203,192,22
203,192,22
203,192,22
203,192,22
203,192,22
203,192,22
203,192,22
203,192,22
203,192,22
203,192,22
203,192,22
203,192,22
203,192,22
203,192,22
203,192,22
203,192,22
203,192,22
203,192,22
203,192,22
203,192,22
203,192,22
203,192,22
203,192,22
203,192,22
203,192,22
203,192,22
203,192,22
203,192,22
203,192,22
203,192,22
203,192,22
203,192,22
203,194,22
203,194,22
203,194,22
203,194,22
203,194,22
203,194,22
203,194,22
203,194,22
203,194,22
203,194,22
203,194,22
203,194,22
203,194,22
203,194,22
203,194,22
203,194,22
203,194,22
203,194,22
203,194,22
203,194,22
203,194,22
203,194,22
203,194,22
203,194,22
203,194,22
203,194,22
203,194,22
203,194,22
203,194,22
203,194,22
203,194,22
203,194,22
228,237,22
228,237,22
228,237,22
228,237,22
228,237,22
228,237,22
228,237,22
228,237,22
228,237,22
228,237,22
228,237,22
228,237,22
228,237,22
228,237,22
228,237,22
228,237,22
228,237,22
228,237,22
228,237,22
228,237,22
228,237,22
228,237,22
228,237,22
228,237,22
228,223,22
228,223,22
228,223,22
228,223,22
228,223,22
228,223,22
228,223,22
228,223,22
228,223,22
228,223,22
228,223,22
228,223,22
228,223,22
228,223,22
228,223,22
228,223,22
228,223,22
228,228,22
228,228,22
228,228,22
228,228,22
228,228,22
228,228,22
228,228,22
228,228,22
228,228,22
228,228,22
228,228,22
228,228,22
228,228,22
228,228,22
228,228,22
228,193,22
228,193,22
228,193,22
228,193,22
228,193,22
228,193,22
228,193,22
228,193,22
228,193,22
228,238,22
228,238,22
228,238,22
228,238,22
228,238,22
228,238,22
228,238,22
228,238,22
228,238,22
228,238,22
228,238,22
228,238,22
228,238,22
228,238,22
228,238,22
228,238,22
228,238,22
228,238,22
228,238,22
228,238,22
228,238,22
228,238,22
228,238,22
228,238,22
228,238,22
228,220,22
228,220,22
228,220,22
228,220,22
228,220,22
228,220,22
228,220,22
228,220,22
228,220,22
228,220,22
228,220,22
228,220,22
228,220,22
228,220,22
228,220,22
228,220,22
228,220,22
228,220,22
228,220,22
228,220,22
228,220,22
228,220,22
228,220,22
228,220,22
228,220,22
228,220,22
228,220,22
228,220,22
228,220,22
228,220,22
228,220,22
228,220,22
228,220,22
228,220,22
228,220,22
228,220,22
228,220,22
228,220,22
228,220,22
228,220,22
228,220,22
228,225,22
228,225,22
228,225,22
228,225,22
228,225,22
228,225,22
228,225,22
228,225,22
228,225,22
228,225,22
228,225,22
228,225,22
228,242,22
228,242,22
228,242,22
228,242,22
228,242,22
228,242,22
228,242,22
228,242,22
228,242,22
228,242,22
228,242,22
228,242,22
228,242,22
228,242,22
228,242,22
228,242,22
228,242,22
228,242,22
228,242,22
228,242,22
228,242,22
228,185,22
228,185,22
228,185,22
228,185,22
228,185,22
228,185,22
228,216,22
228,216,22
228,216,22
228,216,22
228,216,22
228,216,22
228,216,22
228,216,22
228,216,22
228,216,22
228,216,22
228,216,22
228,216,22
228,216,22
228,216,22
228,216,22
228,216,22
228,216,22
228,216,22
228,216,22
228,216,22
228,216,22
228,216,22
228,216,22
228,216,22
228,216,22
228,216,22
228,216,22
228,216,22
228,216,22
228,216,22
228,216,22
228,216,22
228,216,22
228,216,22
228,216,22
228,216,22
228,216,22
228,216,22
228,216,22
228,216,22
228,216,22
228,231,22
228,231,22
228,231,22
228,231,22
228,231,22
228,231,22
228,231,22
228,231,22
228,231,22
228,231,22
228,231,22
228,231,22
228,231,22
228,231,22
228,231,22
228,231,22
228,231,22
228,231,22
228,231,22
228,231,22
228,231,22
228,231,22
228,231,22
228,231,22
228,231,22
228,231,22
228,231,22
228,231,22
228,231,22
228,231,22
228,231,22
228,231,22
228,231,22
228,231,22
228,231,22
228,231,22
228,231,22
228,231,22
228,231,22
228,231,22
228,231,22
228,231,22
228,231,22
228,231,22
228,231,22
228,231,22
228,231,22
228,231,22
228,231,22
228,231,22
228,231,22
228,231,22
228,231,22
228,231,22
228,231,22
228,231,22
228,231,22
228,231,22
228,231,22
228,194,22
228,194,22
228,194,22
228,194,22
228,194,22
228,194,22
228,194,22
228,194,22
228,194,22
228,194,22
228,194,22
228,194,22
228,194,22
228,194,22
228,194,22
228,194,22
228,194,22
228,194,22
228,194,22
228,194,22
228,194,22
228,194,22
228,194,22
228,194,22
228,194,22
228,194,22
228,194,22
228,194,22
253,246,22
253,246,22
253,246,22
253,246,22
253,246,22
253,246,22
253,246,22
253,246,22
253,246,22
253,246,22
253,246,22
253,246,22
253,246,22
253,246,22
253,229,22
253,229,22
253,229,22
253,229,22
253,229,22
253,229,22
253,229,22
253,229,22
253,229,22
253,229,22
253,229,22
253,229,22
253,229,22
253,229,22
253,229,22
253,229,22
253,229,22
253,229,22
253,229,22
253,229,22
253,229,22
253,229,22
253,229,22
253,229,22
253,229,22
253,229,22
253,229,22
253,229,22
253,229,22
253,229,22
253,229,22
253,229,22
253,229,22
253,229,22
253,229,22
253,229,22
253,229,22
253,229,22
253,229,22
253,229,22
253,229,22
253,229,22
253,229,22
253,229,22
253,229,22
253,229,22
253,229,22
253,229,22
253,229,22
253,229,22
253,229,22
253,229,22
253,229,22
253,229,22
253,229,22
253,229,22
253,229,22
253,229,22
253,229,22
253,230,22
253,230,22
253,230,22
253,230,22
253,230,22
253,230,22
253,212,22
253,212,22
253,212,22
253,212,22
253,212,22
253,212,22
253,212,22
253,212,22
253,212,22
253,212,22
253,212,22
253,212,22
253,212,22
253,212,22
253,212,22
253,212,22
253,231,22
253,231,22
253,231,22
253,231,22
253,231,22
253,231,22
253,231,22
253,231,22
253,231,22
253,231,22
253,231,22
253,230,22
253,230,22
253,230,22
253,230,22
253,230,22
253,230,22
253,230,22
253,230,22
253,241,22
253,241,22
253,241,22
253,241,22
253,241,22
253,241,22
253,241,22
253,241,22
253,241,22
253,241,22
253,268,22
253,268,22
253,268,22
253,268,22
253,268,22
253,268,22
253,268,22
253,268,22
253,268,22
253,268,22
253,268,22
253,268,22
253,268,22
253,268,22
253,268,22
253,268,22
253,268,22
253,268,22
253,268,22
253,253,22
253,253,22
253,253,22
253,253,22
253,253,22
253,253,22
253,253,22
253,253,22
253,253,22
253,222,22
253,222,22
253,222,22
253,222,22
253,222,22
253,222,22
253,222,22
253,222,22
253,222,22
253,222,22
253,222,22
253,222,22
253,222,22
253,222,22
253,222,22
253,222,22
253,222,22
253,222,22
253,222,22
253,222,22
253,222,22
253,222,22
253,222,22
253,222,22
253,222,22
253,222,22
253,222,22
253,222,22
253,222,22
253,222,22
253,222,22
253,222,22
253,222,22
253,222,22
253,222,22
253,222,22
253,222,22
253,222,22
253,222,22
253,222,22
253,222,22
253,222,22
253,222,22
253,222,22
253,222,22
253,256,22
253,256,22
253,256,22
253,256,22
253,256,22
253,256,22
253,256,22
253,256,22
253,256,22
253,256,22
253,256,22
253,256,22
253,256,22
253,256,22
253,262,22
253,262,22
253,262,22
253,262,22
253,262,22
253,262,22
253,262,22
253,262,22
253,262,22
253,262,22
253,262,22
253,262,22
253,262,22
253,262,22
253,262,22
253,262,22
253,262,22
253,262,22
253,262,22
253,262,22
253,262,22
253,262,22
253,262,22
253,262,22
253,262,22
253,262,22
253,262,22
253,262,22
253,262,22
253,262,22
253,262,22
253,262,22
253,262,22
253,262,22
253,262,22
253,262,22
253,262,22
253,262,22
253,277,22
253,277,22
253,277,22
253,277,22
253,277,22
253,277,22
253,258,22
253,258,22
253,258,22
253,258,22
253,258,22
253,258,22
253,258,22
253,258,22
253,258,22
253,258,22
253,258,22
253,258,22
253,258,22
253,258,22
253,258,22
253,258,22
253,244,22
253,244,22
253,244,22
253,244,22
253,244,22
253,244,22
253,244,22
253,244,22
253,244,22
253,244,22
253,244,22
253,244,22
253,244,22
253,244,22
253,244,22
253,244,22
253,250,22
253,250,22
253,250,22
253,250,22
253,250,22
253,250,22
253,250,22
253,250,22
253,250,22
253,250,22
253,239,22
253,239,22
253,239,22
253,239,22
253,239,22
253,239,22
253,239,22
253,239,22
253,239,22
253,239,22
253,239,22
253,239,22
253,239,22
253,216,22
253,216,22
253,216,22
253,216,22
253,216,22
253,216,22
253,216,22
253,216,22
253,268,22
253,268,22
253,268,22
253,268,22
253,268,22
253,268,22
253,268,22
253,268,22
253,268,22
253,268,22
253,268,22
253,268,22
253,268,22
253,268,22
253,268,22
253,268,22
253,268,22
253,268,22
253,268,22
253,268,22
253,268,22
268,253,22
268,253,22
268,253,22
268,253,22
268,253,22
268,253,22
268,253,22
268,253,22
268,253,22
268,253,22
268,253,22
268,253,22
268,253,22
268,253,22
268,253,22
268,253,22
268,253,22
268,253,22
268,253,22
268,253,22
268,253,22
268,253,22
268,253,22
268,253,22
268,253,22
268,253,22
268,253,22
268,249,22
268,249,22
268,249,22
268,249,22
268,249,22
268,249,22
268,249,22
268,249,22
268,249,22
268,249,22
268,258,22
268,258,22
268,258,22
268,258,22
268,258,22
268,258,22
268,258,22
268,258,22
268,258,22
268,258,22
268,258,22
268,258,22
268,258,22
268,258,22
268,258,22
268,258,22
268,258,22
268,258,22
268,258,22
268,258,22
268,258,22
268,258,22
268,258,22
268,258,22
268,258,22
268,258,22
268,258,22
268,258,22
268,258,22
268,258,22
268,258,22
268,258,22
268,258,22
268,258,22
268,258,22
268,258,22
268,258,22
268,258,22
268,258,22
268,258,22
268,258,22
268,258,22
268,258,22
268,258,22
268,258,22
268,258,22
268,287,22
268,287,22
268,287,22
268,287,22
268,287,22
268,287,22
268,287,22
268,287,22
268,287,22
268,287,22
268,287,22
268,287,22
268,287,22
268,287,22
268,287,22
268,287,22
268,287,22
268,287,22
268,287,22
268,287,22
268,287,22
268,287,22
268,287,22
268,287,22
268,287,22
268,287,22
268,287,22
268,287,22
268,287,22
268,287,22
268,287,22
268,287,22
268,287,22
268,287,22
268,287,22
268,287,22
268,287,22
268,287,22
268,287,22
268,287,22
268,287,22
268,287,22
268,287,22
268,287,22
268,287,22
268,287,22
268,287,22
268,287,22
268,288,22
268,288,22
268,288,22
268,288,22
268,288,22
268,288,22
268,288,22
268,288,22
268,288,22
268,288,22
268,288,22
268,288,22
268,288,22
268,288,22
268,288,22
268,288,22
268,288,22
268,288,22
268,256,22
268,256,22
268,256,22
268,256,22
268,256,22
268,256,22
268,256,22
268,256,22
268,256,22
268,256,22
268,256,22
268,256,22
268,256,22
268,256,22
268,256,22
268,256,22
268,256,22
268,256,22
268,256,22
268,256,22
268,256,22
268,256,22
268,256,22
268,256,22
268,256,22
268,256,22
268,256,22
268,256,22
268,256,22
268,223,22
268,223,22
268,223,22
268,223,22
268,223,22
268,223,22
268,223,22
268,223,22
268,223,22
268,223,22
268,223,22
268,223,22
283,272,22
283,272,22
283,272,22
283,272,22
283,272,22
283,272,22
283,272,22
283,272,22
283,283,22
283,283,22
283,283,22
283,283,22
283,283,22
283,283,22
283,306,22
283,306,22
283,306,22
283,306,22
283,306,22
283,306,22
283,306,22
283,306,22
283,306,22
283,306,22
283,306,22
283,306,22
283,306,22
283,306,22
283,306,22
283,306,22
283,306,22
283,306,22
283,306,22
283,306,22
283,306,22
283,306,22
283,306,22
283,306,22
283,306,22
283,306,22
283,306,22
283,306,22
283,306,22
283,306,22
283,306,22
283,306,22
283,306,22
283,306,22
283,306,22
283,297,22
283,297,22
283,297,22
283,297,22
283,297,22
283,297,22
283,297,22
283,297,22
283,297,22
283,297,22
283,297,22
283,297,22
283,297,22
283,297,22
283,297,22
283,297,22
283,297,22
283,297,22
283,297,22
283,297,22
283,297,22
283,297,22
283,297,22
283,297,22
283,297,22
283,297,22
283,297,22
283,297,22
283,250,22
283,250,22
283,250,22
283,250,22
283,250,22
283,250,22
283,250,22
283,250,22
283,250,22
283,250,22
283,253,22
283,253,22
283,253,22
283,253,22
283,253,22
283,253,22
283,253,22
283,253,22
283,253,22
283,253,22
283,253,22
283,253,22
283,253,22
283,253,22
283,253,22
283,253,22
283,253,22
283,253,22
283,322,22
283,322,22
283,322,22
283,322,22
283,322,22
283,322,22
283,322,22
283,322,22
283,322,22
283,322,22
283,282,22
283,282,22
283,282,22
283,282,22
283,282,22
283,282,22
283,282,22
283,282,22
283,282,22
283,282,22
283,282,22
283,278,22
283,278,22
283,278,22
283,278,22
283,278,22
283,278,22
283,278,22
283,278,22
283,290,22
283,290,22
283,290,22
283,290,22
283,290,22
283,290,22
283,290,22
283,290,22
283,290,22
283,290,22
283,290,22
283,290,22
283,290,22
283,290,22
283,290,22
283,290,22
283,290,22
283,293,22
283,293,22
283,293,22
283,293,22
283,293,22
283,293,22
283,293,22
283,311,22
283,311,22
283,311,22
283,311,22
283,311,22
283,311,22
283,311,22
283,311,22
283,311,22
283,311,22
283,311,22
283,311,22
283,311,22
283,311,22
283,311,22
283,311,22
283,311,22
283,311,22
283,311,22
283,311,22
283,311,22
283,311,22
283,311,22
283,311,22
283,311,22
283,311,22
283,311,22
283,311,22
283,311,22
283,311,22
283,311,22
283,311,22
283,290,22
283,290,22
283,290,22
283,290,22
283,290,22
283,290,22
283,290,22
283,290,22
283,290,22
283,290,22
283,290,22
283,290,22
283,294,22
283,294,22
283,294,22
283,294,22
283,294,22
283,294,22
283,294,22
283,294,22
283,294,22
283,294,22
283,294,22
283,294,22
283,294,22
283,294,22
283,294,22
283,294,22
283,290,22
283,290,22
283,290,22
283,290,22
283,290,22
283,290,22
283,290,22
283,290,22
283,290,22
283,290,22
283,290,22
283,290,22
283,290,22
283,290,22
283,290,22
283,290,22
283,290,22
283,290,22
283,290,22
283,260,22
283,260,22
283,260,22
283,260,22
283,260,22
283,260,22
283,260,22
283,260,22
283,260,22
283,260,22
283,276,22
283,276,22
283,276,22
283,276,22
283,276,22
283,276,22
283,276,22
283,261,22
283,261,22
283,261,22
283,261,22
283,261,22
283,261,22
283,261,22
283,261,22
283,261,22
283,261,22
283,261,22
283,261,22
283,261,22
283,261,22
283,261,22
283,261,22
283,261,22
283,261,22
283,261,22
283,261,22
283,261,22
283,261,22
283,261,22
283,261,22
283,261,22
283,261,22
283,261,22
283,261,22
283,261,22
283,261,22
283,261,22
283,261,22
283,261,22
283,261,22
283,261,22
283,261,22
283,261,22
283,261,22
283,261,22
283,261,22
283,261,22
283,261,22
283,261,22
283,261,22
283,261,22
283,261,22
283,261,22
283,261,22
283,261,22
283,261,22
283,261,22
283,261,22
283,261,22
283,282,22
283,282,22
283,282,22
283,282,22
283,282,22
283,282,22
283,291,22
283,291,22
283,291,22
283,291,22
283,291,22
283,291,22
283,291,22
283,291,22
283,291,22
283,291,22
283,291,22
283,291,22
283,291,22
283,291,22
283,291,22
283,291,22
283,291,22
283,291,22
283,291,22
283,291,22
283,291,22
283,291,22
283,291,22
283,291,22
283,291,22
283,253,22
283,253,22
283,253,22
283,253,22
283,253,22
283,253,22
283,253,22
283,253,22
283,253,22
283,253,22
283,253,22
283,253,22
283,253,22
283,253,22
283,253,22
283,253,22
283,253,22
283,253,22
283,253,22
283,253,22
283,253,22
283,253,22
283,253,22
283,293,22
283,293,22
283,293,22
283,293,22
283,293,22
283,293,22
283,293,22
283,293,22
283,293,22
283,293,22
283,293,22
283,293,22
283,293,22
283,293,22
283,293,22
283,293,22
283,293,22
283,293,22
283,293,22
283,293,22
283,280,22
283,280,22
283,280,22
283,280,22
283,280,22
283,280,22
283,280,22
283,280,22
283,280,22
283,280,22
283,280,22
283,280,22
283,280,22
283,280,22
283,280,22
283,280,22
283,280,22
283,280,22
283,280,22
283,280,22
283,289,22
283,289,22
283,289,22
283,289,22
283,289,22
283,289,22
283,289,22
283,289,22
283,289,22
283,289,22
283,289,22
283,289,22
283,289,22
283,289,22
283,289,22
283,289,22
283,289,22
283,289,22
283,289,22
283,289,22
283,289,22
283,289,22
283,289,22
283,289,22
283,289,22
283,289,22
283,289,22
283,289,22
283,289,22
283,289,22
283,289,22
283,289,22
283,289,22
283,289,22
283,289,22
283,289,22
283,289,22
268,284,22
268,284,22
268,284,22
268,284,22
268,284,22
268,284,22
268,284,22
268,284,22
268,284,22
268,284,22
268,284,22
268,284,22
268,284,22
268,284,22
268,284,22
268,284,22
268,284,22
268,284,22
268,284,22
268,284,22
268,284,22
268,284,22
268,284,22
268,284,22
268,284,22
268,284,22
268,284,22
268,284,22
268,284,22
268,248,22
268,248,22
268,248,22
268,248,22
268,248,22
268,248,22
268,248,22
268,248,22
268,248,22
268,248,22
268,248,22
268,248,22
268,248,22
268,248,22
268,248,22
268,248,22
268,248,22
268,248,22
268,248,22
268,248,22
268,248,22
268,248,22
268,248,22
268,248,22
268,248,22
268,248,22
268,248,22
268,248,22
268,248,22
268,248,22
268,248,22
268,248,22
268,248,22
268,248,22
268,248,22
268,248,22
268,248,22
268,248,22
268,248,22
268,248,22
268,248,22
268,248,22
268,248,22
268,257,22
268,257,22
268,257,22
268,257,22
268,257,22
268,257,22
268,257,22
268,257,22
268,288,22
268,288,22
268,288,22
268,288,22
268,288,22
268,288,22
268,288,22
268,288,22
268,288,22
268,288,22
268,245,22
268,245,22
268,245,22
268,245,22
268,245,22
268,245,22
268,245,22
268,245,22
268,245,22
268,245,22
268,245,22
268,245,22
268,245,22
268,245,22
268,245,22
268,245,22
268,245,22
268,255,22
268,255,22
268,255,22
268,255,22
268,255,22
268,255,22
268,255,22
268,255,22
268,255,22
268,255,22
268,255,22
268,255,22
268,255,22
268,255,22
268,255,22
268,255,22
268,255,22
268,255,22
268,255,22
268,255,22
268,255,22
268,255,22
268,255,22
268,255,22
268,255,22
268,255,22
268,255,22
268,246,22
268,246,22
268,246,22
268,246,22
268,246,22
268,246,22
268,246,22
268,246,22
268,246,22
268,246,22
268,246,22
268,246,22
268,246,22
268,246,22
268,246,22
268,246,22
268,246,22
268,246,22
268,246,22
268,246,22
268,246,22
268,246,22
268,246,22
268,246,22
268,246,22
268,246,22
268,246,22
268,246,22
268,246,22
268,246,22
268,246,22
268,246,22
268,246,22
268,246,22
268,246,22
268,246,22
268,246,22
268,246,22
268,246,22
268,246,22
268,246,22
268,246,22
268,246,22
268,246,22
268,246,22
268,246,22
268,246,22
268,246,22
268,246,22
268,246,22
268,246,22
268,246,22
268,284,22
268,284,22
268,284,22
268,284,22
268,284,22
268,284,22
268,284,22
268,284,22
268,284,22
268,284,22
268,284,22
268,284,22
268,284,22
268,284,22
268,284,22
268,284,22
268,284,22
268,284,22
268,284,22
268,284,22
268,284,22
268,284,22
268,284,22
268,284,22
268,284,22
268,284,22
268,284,22
268,284,22
268,284,22
268,294,22
268,294,22
268,294,22
268,294,22
268,294,22
268,294,22
268,294,22
268,294,22
268,294,22
268,294,22
268,294,22
268,294,22
268,294,22
268,294,22
268,294,22
268,294,22
268,294,22
268,294,22
268,294,22
268,294,22
268,294,22
268,294,22
268,294,22
268,294,22
268,294,22
268,294,22
268,294,22
268,294,22
268,294,22
268,243,22
268,243,22
268,243,22
268,243,22
268,243,22
268,243,22
268,243,22
268,243,22
268,243,22
268,243,22
268,243,22
268,243,22
268,243,22
268,243,22
268,243,22
268,243,22
268,243,22
268,243,22
268,243,22
268,243,22
268,243,22
268,243,22
248,232,22
248,232,22
248,232,22
248,232,22
248,232,22
248,232,22
248,232,22
248,232,22
248,232,22
248,232,22
248,232,22
248,232,22
248,232,22
248,232,22
248,232,22
248,232,22
248,232,22
248,232,22
248,232,22
248,232,22
248,232,22
248,232,22
248,232,22
248,232,22
248,232,22
248,232,22
248,232,22
248,232,22
248,232,22
248,267,22
248,267,22
248,267,22
248,267,22
248,267,22
248,267,22
248,267,22
248,267,22
248,267,22
248,267,22
248,267,22
248,267,22
248,267,22
248,261,22
248,261,22
248,261,22
248,261,22
248,261,22
248,261,22
248,261,22
248,261,22
248,261,22
248,261,22
248,261,22
248,279,22
248,279,22
248,279,22
248,279,22
248,279,22
248,279,22
248,279,22
248,279,22
248,279,22
248,279,22
248,279,22
248,279,22
248,279,22
248,279,22
248,279,22
248,279,22
248,279,22
248,279,22
248,184,22
248,184,22
248,184,22
248,184,22
248,184,22
248,184,22
248,184,22
248,184,22
248,184,22
248,184,22
248,184,22
248,184,22
248,184,22
248,184,22
248,184,22
248,184,22
248,184,22
248,184,22
248,184,22
248,184,22
248,184,22
248,184,22
248,184,22
248,184,22
248,184,22
248,184,22
248,249,22
248,249,22
248,249,22
248,249,22
248,249,22
248,249,22
248,249,22
248,249,22
248,249,22
248,249,22
248,249,22
248,249,22
248,249,22
248,249,22
248,249,22
248,249,22
248,249,22
248,249,22
248,249,22
248,246,22
248,246,22
248,246,22
248,246,22
248,246,22
248,246,22
248,246,22
248,246,22
248,246,22
248,246,22
248,246,22
248,230,22
248,230,22
248,230,22
248,230,22
248,230,22
248,230,22
248,230,22
248,230,22
248,230,22
248,230,22
248,230,22
248,230,22
248,230,22
248,230,22
248,230,22
248,230,22
248,230,22
248,258,22
248,258,22
248,258,22
248,258,22
248,258,22
248,258,22
248,258,22
248,258,22
248,258,22
248,258,22
248,258,22
248,258,22
248,258,22
248,258,22
248,258,22
248,258,22
248,258,22
248,258,22
248,258,22
248,258,22
248,258,22
248,258,22
248,258,22
248,258,22
248,258,22
248,258,22
248,260,22
248,260,22
248,260,22
248,260,22
248,260,22
248,260,22
248,260,22
248,260,22
248,261,22
248,261,22
248,261,22
248,261,22
248,261,22
248,261,22
248,261,22
248,261,22
248,261,22
248,261,22
248,261,22
248,261,22
248,261,22
248,261,22
248,261,22
248,261,22
248,261,22
248,261,22
248,261,22
248,261,22
248,261,22
248,261,22
248,261,22
248,261,22
248,261,22
248,261,22
248,261,22
248,261,22
248,261,22
248,261,22
248,261,22
248,259,22
248,259,22
248,259,22
248,259,22
248,259,22
248,259,22
248,259,22
248,263,22
248,263,22
248,263,22
248,263,22
248,263,22
248,263,22
248,263,22
248,263,22
248,251,22
248,251,22
248,251,22
248,251,22
248,251,22
248,251,22
248,251,22
248,251,22
248,251,22
248,251,22
248,235,22
248,235,22
248,235,22
248,235,22
248,235,22
248,235,22
248,244,22
248,244,22
248,244,22
248,244,22
248,244,22
248,244,22
248,244,22
248,244,22
248,244,22
248,244,22
248,244,22
248,244,22
248,244,22
248,244,22
248,244,22
248,244,22
248,244,22
248,244,22
248,244,22
248,244,22
248,244,22
248,244,22
248,244,22
248,244,22
248,244,22
248,244,22
248,244,22
248,244,22
248,226,22
248,226,22
248,226,22
248,226,22
248,226,22
248,226,22
248,226,22
248,226,22
248,226,22
248,226,22
248,226,22
248,226,22
248,226,22
248,226,22
248,226,22
248,226,22
248,226,22
248,226,22
248,226,22
248,226,22
248,226,22
248,226,22
248,226,22
248,226,22
248,226,22
248,226,22
248,226,22
248,226,22
248,226,22
248,226,22
248,226,22
248,226,22
248,226,22
248,226,22
248,226,22
248,226,22
248,226,22
248,226,22
248,226,22
248,226,22
248,226,22
248,226,22
248,226,22
233,270,22
233,270,22
233,270,22
233,270,22
233,270,22
233,270,22
233,270,22
233,270,22
233,270,22
233,270,22
233,270,22
233,270,22
233,270,22
233,270,22
233,270,22
233,270,22
233,270,22
233,270,22
233,270,22
233,270,22
233,270,22
233,270,22
233,270,22
233,270,22
233,270,22
233,270,22
233,270,22
233,270,22
233,270,22
233,270,22
233,270,22
233,270,22
233,270,22
233,270,22
233,270,22
233,270,22
233,270,22
233,270,22
233,270,22
233,270,22
233,270,22
233,270,22
233,270,22
233,270,22
233,270,22
233,270,22
233,270,22
233,270,22
233,204,22
233,204,22
233,204,22
233,204,22
233,204,22
233,204,22
233,204,22
233,204,22
233,204,22
233,204,22
233,204,22
233,204,22
233,204,22
233,204,22
233,204,22
233,269,22
233,269,22
233,269,22
233,269,22
233,269,22
233,269,22
233,269,22
233,269,22
233,269,22
233,269,22
233,269,22
233,245,22
233,245,22
233,245,22
233,245,22
233,245,22
233,245,22
233,245,22
233,245,22
233,245,22
233,245,22
233,245,22
233,245,22
233,245,22
233,245,22
233,245,22
233,202,22
233,202,22
233,202,22
233,202,22
233,202,22
233,202,22
233,202,22
233,202,22
233,202,22
233,202,22
233,202,22
233,202,22
233,202,22
233,202,22
233,202,22
233,198,22
233,198,22
233,198,22
233,198,22
233,198,22
233,198,22
233,198,22
233,198,22
233,198,22
233,198,22
233,198,22
233,246,22
233,246,22
233,246,22
233,246,22
233,246,22
233,246,22
233,246,22
233,246,22
233,246,22
233,246,22
233,246,22
233,246,22
233,246,22
233,246,22
233,246,22
233,246,22
233,246,22
233,246,22
233,246,22
233,246,22
233,246,22
233,246,22
233,246,22
233,246,22
233,246,22
233,246,22
233,246,22
233,246,22
233,246,22
233,246,22
233,246,22
233,246,22
233,246,22
233,246,22
233,246,22
233,246,22
233,246,22
233,246,22
233,246,22
233,246,22
233,266,22
233,266,22
233,266,22
233,266,22
233,266,22
233,266,22
233,266,22
233,266,22
233,266,22
233,266,22
233,266,22
233,266,22
233,266,22
233,216,22
233,216,22
233,216,22
233,216,22
233,216,22
233,216,22
233,216,22
233,216,22
233,216,22
233,216,22
233,216,22
233,225,22
233,225,22
233,225,22
233,225,22
233,225,22
233,225,22
233,225,22
233,225,22
233,225,22
233,225,22
233,223,22
233,223,22
233,223,22
233,223,22
233,223,22
233,223,22
233,223,22
233,223,22
233,223,22
233,223,22
233,223,22
233,223,22
233,223,22
233,223,22
233,223,22
233,223,22
233,223,22
233,223,22
233,252,22
233,252,22
233,252,22
233,252,22
233,252,22
233,252,22
233,252,22
233,252,22
233,252,22
233,252,22
233,252,22
233,252,22
233,252,22
233,252,22
233,230,22
233,230,22
233,230,22
233,230,22
233,230,22
233,230,22
233,230,22
233,230,22
233,230,22
233,230,22
233,230,22
233,230,22
233,230,22
233,230,22
233,230,22
233,230,22
233,230,22
233,230,22
233,230,22
233,230,22
233,230,22
233,230,22
233,230,22
233,230,22
233,230,22
233,230,22
233,230,22
233,230,22
233,230,22
233,230,22
233,230,22
233,230,22
233,230,22
233,230,22
233,230,22
233,230,22
233,230,22
233,230,22
233,230,22
233,230,22
233,230,22
233,230,22
233,230,22
233,230,22
233,230,22
233,230,22
233,230,22
233,230,22
233,230,22
233,230,22
233,230,22
258,243,22
258,243,22
258,243,22
258,243,22
258,243,22
258,243,22
258,210,22
258,210,22
258,210,22
258,210,22
258,210,22
258,210,22
258,225,22
258,225,22
258,225,22
258,225,22
258,225,22
258,225,22
258,225,22
258,225,22
258,225,22
258,225,22
258,225,22
258,225,22
258,225,22
258,225,22
258,225,22
258,225,22
258,225,22
258,225,22
258,225,22
258,225,22
258,225,22
258,225,22
258,225,22
258,225,22
258,225,22
258,225,22
258,225,22
258,225,22
258,225,22
258,225,22
258,225,22
258,225,22
258,225,22
258,225,22
258,225,22
258,225,22
258,225,22
258,222,22
258,222,22
258,222,22
258,222,22
258,222,22
258,222,22
258,222,22
258,222,22
258,222,22
258,222,22
258,222,22
258,222,22
258,222,22
258,222,22
258,222,22
258,222,22
258,222,22
258,222,22
258,222,22
258,222,22
258,222,22
258,221,22
258,221,22
258,221,22
258,221,22
258,221,22
258,221,22
258,221,22
258,221,22
258,265,22
258,265,22
258,265,22
258,265,22
258,265,22
258,265,22
258,265,22
258,265,22
258,265,22
258,265,22
258,265,22
258,265,22
258,265,22
258,265,22
258,251,22
258,251,22
258,251,22
258,251,22
258,251,22
258,251,22
258,233,22
258,233,22
258,233,22
258,233,22
258,233,22
258,233,22
258,233,22
258,233,22
258,233,22
258,233,22
258,233,22
258,233,22
258,233,22
258,233,22
258,233,22
258,233,22
258,233,22
258,233,22
258,233,22
258,233,22
258,233,22
258,233,22
258,233,22
258,233,22
258,233,22
258,233,22
258,233,22
258,233,22
258,233,22
258,233,22
258,233,22
258,233,22
258,233,22
258,233,22
258,233,22
258,248,22
258,248,22
258,248,22
258,248,22
258,248,22
258,248,22
258,248,22
258,248,22
258,248,22
258,250,22
258,250,22
258,250,22
258,250,22
258,250,22
258,250,22
258,250,22
258,250,22
258,250,22
258,250,22
258,250,22
258,250,22
258,250,22
258,250,22
258,250,22
258,270,22
258,270,22
258,270,22
258,270,22
258,270,22
258,270,22
258,270,22
258,270,22
258,270,22
258,275,22
258,275,22
258,275,22
258,275,22
258,275,22
258,275,22
258,275,22
258,275,22
258,275,22
258,275,22
258,275,22
258,275,22
258,265,22
258,265,22
258,265,22
258,265,22
258,265,22
258,265,22
258,265,22
258,265,22
258,265,22
258,265,22
258,265,22
258,265,22
258,265,22
258,265,22
258,265,22
258,265,22
258,265,22
258,242,22
258,242,22
258,242,22
258,242,22
258,242,22
258,242,22
258,242,22
258,242,22
258,242,22
258,242,22
258,242,22
258,242,22
258,242,22
258,242,22
258,242,22
258,242,22
258,242,22
258,242,22
258,242,22
258,242,22
258,242,22
258,242,22
258,242,22
258,242,22
258,242,22
258,242,22
258,242,22
258,242,22
258,242,22
258,256,22
258,256,22
258,256,22
258,256,22
258,256,22
258,256,22
258,256,22
258,256,22
258,256,22
258,256,22
258,256,22
258,256,22
258,256,22
258,256,22
258,256,22
258,256,22
258,256,22
258,256,22
258,256,22
258,256,22
258,256,22
258,256,22
258,256,22
258,256,22
258,256,22
258,256,22
258,256,22
258,256,22
258,256,22
258,256,22
258,256,22
258,256,22
258,256,22
258,256,22
258,256,22
258,263,22
258,263,22
258,263,22
258,263,22
258,263,22
258,263,22
258,263,22
258,263,22
258,263,22
258,263,22
258,263,22
258,263,22
258,263,22
258,263,22
258,263,22
258,263,22
258,263,22
258,263,22
258,263,22
258,263,22
258,263,22
258,263,22
258,263,22
258,263,22
258,263,22
258,263,22
258,263,22
258,263,22
258,263,22
258,263,22
258,263,22
258,263,22
258,263,22
258,270,22
258,270,22
258,270,22
258,270,22
258,270,22
258,270,22
258,301,22
258,301,22
258,301,22
258,301,22
258,301,22
258,301,22
258,301,22
258,301,22
258,301,22
258,301,22
258,301,22
258,301,22
258,301,22
258,301,22
258,301,22
258,301,22
258,210,22
258,210,22
258,210,22
258,210,22
258,210,22
258,210,22
258,210,22
258,210,22
258,210,22
258,210,22
258,210,22
258,210,22
258,210,22
258,210,22
258,210,22
258,210,22
258,210,22
258,264,22
258,264,22
258,264,22
258,264,22
258,264,22
258,264,22
258,264,22
258,264,22
258,264,22
258,264,22
258,264,22
258,264,22
258,264,22
258,260,22
258,260,22
258,260,22
258,260,22
258,260,22
258,260,22
258,260,22
258,260,22
258,260,22
258,260,22
258,260,22
258,260,22
258,260,22
258,260,22
258,260,22
258,260,22
258,260,22
258,260,22
258,260,22
258,260,22
258,260,22
258,260,22
258,260,22
258,260,22
258,260,22
258,260,22
258,260,22
258,260,22
258,260,22
258,260,22
258,260,22
258,260,22
238,209,22
238,209,22
238,209,22
238,209,22
238,209,22
238,209,22
238,209,22
238,209,22
238,209,22
238,209,22
238,209,22
238,209,22
238,209,22
238,209,22
238,209,22
238,209,22
238,209,22
238,209,22
238,209,22
238,209,22
238,209,22
238,209,22
238,209,22
238,209,22
238,209,22
238,209,22
238,209,22
238,209,22
238,209,22
238,209,22
238,209,22
238,209,22
238,209,22
238,209,22
238,238,22
238,238,22
238,238,22
238,238,22
238,238,22
238,238,22
238,238,22
238,238,22
238,238,22
238,238,22
238,238,22
238,238,22
238,238,22
238,266,22
238,266,22
238,266,22
238,266,22
238,266,22
238,266,22
238,266,22
238,266,22
238,266,22
238,251,22
238,251,22
238,251,22
238,251,22
238,251,22
238,251,22
238,251,22
238,251,22
238,251,22
238,251,22
238,251,22
238,251,22
238,251,22
238,251,22
238,251,22
238,251,22
238,251,22
238,251,22
238,251,22
238,251,22
238,200,22
238,200,22
238,200,22
238,200,22
238,200,22
238,200,22
238,200,22
238,200,22
238,200,22
238,239,22
238,239,22
238,239,22
238,239,22
238,239,22
238,239,22
238,239,22
238,239,22
238,239,22
238,239,22
238,239,22
238,239,22
238,239,22
238,207,22
238,207,22
238,207,22
238,207,22
238,207,22
238,207,22
238,207,22
238,207,22
238,207,22
238,207,22
238,207,22
238,207,22
238,207,22
238,207,22
238,207,22
238,226,22
238,226,22
238,226,22
238,226,22
238,226,22
238,226,22
238,226,22
238,226,22
238,226,22
238,226,22
238,226,22
238,226,22
238,226,22
238,226,22
238,244,22
238,244,22
238,244,22
238,244,22
238,244,22
238,244,22
238,244,22
238,244,22
238,244,22
238,244,22
238,244,22
238,244,22
238,244,22
238,244,22
238,244,22
238,244,22
238,244,22
238,244,22
238,244,22
238,244,22
238,244,22
238,244,22
238,244,22
238,244,22
238,244,22
238,244,22
238,244,22
238,244,22
238,244,22
238,244,22
238,244,22
238,244,22
238,244,22
238,244,22
238,244,22
238,244,22
238,244,22
238,244,22
238,255,22
238,255,22
238,255,22
238,255,22
238,255,22
238,255,22
238,255,22
238,255,22
238,255,22
238,255,22
238,255,22
238,255,22
238,255,22
238,255,22
238,255,22
238,255,22
238,255,22
238,255,22
238,255,22
238,255,22
238,255,22
238,255,22
238,255,22
238,255,22
238,255,22
238,227,22
238,227,22
238,227,22
238,227,22
238,227,22
238,227,22
238,227,22
238,227,22
238,227,22
238,227,22
238,227,22
238,227,22
238,227,22
238,227,22
238,227,22
238,227,22
238,227,22
238,227,22
238,227,22
238,227,22
238,227,22
238,227,22
238,227,22
238,227,22
238,227,22
238,227,22
238,227,22
238,227,22
238,276,22
238,276,22
238,276,22
238,276,22
238,276,22
238,276,22
238,276,22
238,222,22
238,222,22
238,222,22
238,222,22
238,222,22
238,222,22
238,222,22
238,222,22
238,222,22
238,222,22
238,222,22
238,222,22
238,222,22
238,222,22
238,222,22
238,222,22
238,222,22
238,222,22
238,222,22
238,222,22
238,222,22
238,222,22
238,222,22
238,222,22
238,222,22
238,222,22
238,222,22
238,222,22
238,222,22
238,222,22
238,222,22
238,222,22
238,222,22
238,222,22
238,222,22
238,222,22
238,222,22
238,222,22
238,222,22
238,222,22
238,222,22
238,222,22
238,222,22
238,236,22
238,236,22
238,236,22
238,236,22
238,236,22
238,236,22
238,236,22
238,236,22
238,236,22
238,236,22
238,236,22
238,236,22
238,236,22
238,236,22
238,236,22
238,236,22
238,236,22
238,206,22
238,206,22
238,206,22
238,206,22
238,206,22
238,206,22
238,206,22
238,206,22
238,206,22
238,206,22
238,206,22
238,206,22
238,206,22
238,206,22
238,206,22
238,206,22
238,206,22
238,206,22
238,206,22
238,206,22
238,206,22
238,206,22
238,261,22
238,261,22
238,261,22
238,261,22
238,261,22
238,261,22
238,261,22
238,261,22
238,261,22
238,261,22
238,261,22
238,261,22
238,261,22
238,261,22
238,261,22
238,261,22
238,261,22
238,261,22
238,261,22
238,211,22
238,211,22
238,211,22
238,211,22
238,211,22
238,211,22
253,237,22
253,237,22
253,237,22
253,237,22
253,237,22
253,237,22
253,237,22
253,237,22
253,237,22
253,245,22
253,245,22
253,245,22
253,245,22
253,245,22
253,245,22
253,234,22
253,234,22
253,234,22
253,234,22
253,234,22
253,234,22
253,234,22
253,234,22
253,234,22
253,234,22
253,234,22
253,234,22
253,234,22
253,234,22
253,234,22
253,234,22
253,234,22
253,234,22
253,234,22
253,234,22
253,234,22
253,234,22
253,234,22
253,234,22
253,234,22
253,234,22
253,234,22
253,234,22
253,234,22
253,234,22
253,234,22
253,234,22
253,241,22
253,241,22
253,241,22
253,241,22
253,241,22
253,241,22
253,241,22
253,241,22
253,247,22
253,247,22
253,247,22
253,247,22
253,247,22
253,247,22
253,247,22
253,247,22
253,247,22
253,247,22
253,247,22
253,247,22
253,247,22
253,247,22
253,247,22
253,247,22
253,247,22
253,247,22
253,247,22
253,257,22
253,257,22
253,257,22
253,257,22
253,257,22
253,257,22
253,257,22
253,257,22
253,257,22
253,257,22
253,257,22
253,253,22
253,253,22
253,253,22
253,253,22
253,253,22
253,253,22
253,253,22
253,253,22
253,253,22
253,253,22
253,253,22
253,253,22
253,253,22
253,253,22
253,253,22
253,253,22
253,253,22
253,251,22
253,251,22
253,251,22
253,251,22
253,251,22
253,251,22
253,251,22
253,251,22
253,251,22
253,251,22
253,251,22
253,251,22
253,251,22
253,251,22
253,251,22
253,264,22
253,264,22
253,264,22
253,264,22
253,264,22
253,264,22
253,264,22
253,264,22
253,264,22
253,264,22
253,264,22
253,264,22
253,264,22
253,264,22
253,264,22
253,264,22
253,264,22
253,264,22
253,264,22
253,264,22
253,264,22
253,264,22
253,264,22
253,264,22
253,264,22
253,264,22
253,264,22
253,264,22
253,264,22
253,264,22
253,264,22
253,264,22
253,264,22
253,264,22
253,264,22
253,264,22
253,264,22
253,241,22
253,241,22
253,241,22
253,241,22
253,241,22
253,241,22
253,241,22
253,241,22
253,241,22
253,241,22
253,241,22
253,241,22
253,241,22
253,241,22
253,241,22
253,241,22
253,241,22
253,241,22
253,241,22
253,241,22
253,241,22
253,241,22
253,241,22
253,241,22
253,241,22
253,232,22
253,232,22
253,232,22
253,232,22
253,232,22
253,232,22
253,232,22
253,232,22
253,232,22
253,232,22
253,279,22
253,279,22
253,279,22
253,279,22
253,279,22
253,279,22
253,252,22
253,252,22
253,252,22
253,252,22
253,252,22
253,252,22
253,252,22
253,252,22
253,252,22
253,252,22
253,224,22
253,224,22
253,224,22
253,224,22
253,224,22
253,224,22
253,224,22
253,224,22
253,224,22
253,193,22
253,193,22
253,193,22
253,193,22
253,193,22
253,193,22
253,193,22
253,193,22
253,193,22
253,193,22
253,193,22
253,193,22
253,193,22
253,193,22
253,193,22
253,193,22
253,193,22
253,193,22
253,193,22
253,193,22
253,193,22
253,193,22
253,193,22
253,193,22
253,193,22
253,193,22
253,193,22
253,193,22
253,193,22
253,193,22
253,193,22
253,193,22
253,193,22
253,193,22
253,193,22
253,193,22
253,193,22
253,193,22
253,193,22
253,193,22
253,193,22
253,193,22
253,193,22
253,193,22
253,193,22
253,193,22
253,193,22
253,236,22
253,236,22
253,236,22
253,236,22
253,236,22
253,236,22
253,236,22
253,236,22
253,236,22
253,236,22
253,236,22
253,236,22
253,236,22
253,236,22
253,236,22
253,236,22
253,236,22
253,236,22
253,236,22
253,236,22
253,236,22
253,236,22
253,236,22
253,270,22
253,270,22
253,270,22
253,270,22
253,270,22
253,270,22
253,270,22
253,270,22
253,270,22
253,270,22
253,270,22
253,270,22
253,270,22
253,270,22
253,270,22
253,270,22
253,270,22
253,270,22
253,270,22
253,270,22
253,270,22
253,270,22
253,270,22
253,270,22
253,270,22
253,270,22
253,270,22
253,270,22
253,270,22
253,270,22
253,270,22
253,270,22
253,270,22
253,270,22
253,270,22
253,270,22
253,270,22
253,270,22
253,270,22
253,270,22
253,270,22
253,243,22
253,243,22
253,243,22
253,243,22
253,243,22
253,243,22
253,243,22
253,243,22
253,243,22
253,243,22
253,243,22
253,243,22
253,243,22
253,243,22
253,272,22
253,272,22
253,272,22
253,272,22
253,272,22
253,272,22
253,272,22
253,294,22
253,294,22
253,294,22
253,294,22
253,294,22
253,294,22
253,294,22
253,294,22
253,294,22
253,294,22
253,294,22
253,294,22
253,294,22
253,294,22
253,294,22
253,294,22
253,260,22
253,260,22
253,260,22
253,260,22
253,260,22
253,260,22
253,260,22
253,260,22
253,260,22
253,260,22
253,260,22
253,260,22
253,260,22
253,260,22
253,295,22
253,295,22
253,295,22
253,295,22
253,295,22
253,295,22
253,295,22
253,295,22
253,295,22
253,295,22
253,255,22
253,255,22
253,255,22
253,255,22
253,255,22
253,255,22
253,255,22
253,255,22
253,255,22
253,255,22
253,255,22
253,255,22
253,255,22
253,255,22
253,255,22
253,255,22
253,255,22
253,255,22
253,255,22
253,255,22
253,264,22
253,264,22
253,264,22
253,264,22
253,264,22
253,264,22
253,264,22
253,264,22
253,264,22
253,264,22
253,264,22
253,264,22
253,264,22
253,264,22
253,264,22
253,264,22
253,264,22
253,264,22
253,264,22
253,264,22
253,264,22
253,264,22
253,264,22
253,264,22
253,264,22
253,264,22
253,264,22
253,264,22
253,264,22
253,264,22
253,264,22
253,264,22
253,264,22
253,264,22
253,264,22
253,264,22
228,214,22
228,214,22
228,214,22
228,214,22
228,214,22
228,214,22
228,214,22
228,214,22
228,214,22
228,247,22
228,247,22
228,247,22
228,247,22
228,247,22
228,247,22
228,247,22
228,247,22
228,247,22
228,247,22
228,247,22
228,247,22
228,247,22
228,247,22
228,247,22
228,247,22
228,247,22
228,247,22
228,247,22
228,247,22
228,247,22
228,247,22
228,247,22
228,247,22
228,247,22
228,247,22
228,247,22
228,247,22
228,247,22
228,247,22
228,247,22
228,247,22
228,247,22
228,247,22
228,247,22
228,247,22
228,247,22
228,237,22
228,237,22
228,237,22
228,237,22
228,237,22
228,237,22
228,237,22
228,237,22
228,237,22
228,237,22
228,237,22
228,237,22
228,237,22
228,237,22
228,237,22
228,237,22
228,237,22
228,237,22
228,237,22
228,237,22
228,237,22
228,195,22
228,195,22
228,195,22
228,195,22
228,195,22
228,195,22
228,195,22
228,195,22
228,195,22
228,195,22
228,209,22
228,209,22
228,209,22
228,209,22
228,209,22
228,209,22
228,209,22
228,209,22
228,209,22
228,209,22
228,209,22
228,209,22
228,209,22
228,209,22
228,185,22
228,185,22
228,185,22
228,185,22
228,185,22
228,185,22
228,185,22
228,185,22
228,185,22
228,185,22
228,185,22
228,185,22
228,231,22
228,231,22
228,231,22
228,231,22
228,231,22
228,231,22
228,258,22
228,258,22
228,258,22
228,258,22
228,258,22
228,258,22
228,258,22
228,258,22
228,258,22
228,258,22
228,258,22
228,258,22
228,258,22
228,258,22
228,258,22
228,258,22
228,223,22
228,223,22
228,223,22
228,223,22
228,223,22
228,223,22
228,223,22
228,223,22
228,223,22
228,223,22
228,223,22
228,223,22
228,223,22
228,223,22
228,223,22
228,223,22
228,223,22
228,223,22
228,223,22
228,223,22
228,223,22
228,223,22
228,223,22
228,223,22
228,223,22
228,223,22
228,223,22
228,223,22
228,223,22
228,229,22
228,229,22
228,229,22
228,229,22
228,229,22
228,229,22
228,229,22
228,229,22
228,229,22
228,229,22
228,229,22
228,229,22
228,229,22
228,231,22
228,231,22
228,231,22
228,231,22
228,231,22
228,231,22
228,231,22
228,231,22
228,231,22
228,231,22
228,231,22
228,231,22
228,231,22
228,231,22
228,231,22
228,231,22
228,231,22
228,231,22
228,231,22
228,231,22
228,231,22
228,231,22
228,231,22
228,231,22
228,207,22
228,207,22
228,207,22
228,207,22
228,207,22
228,207,22
228,207,22
228,207,22
228,207,22
228,207,22
228,207,22
228,244,22
228,244,22
228,244,22
228,244,22
228,244,22
228,244,22
228,244,22
228,244,22
228,244,22
228,244,22
228,244,22
228,244,22
228,244,22
228,210,22
228,210,22
228,210,22
228,210,22
228,210,22
228,210,22
228,210,22
228,210,22
228,230,22
228,230,22
228,230,22
228,230,22
228,230,22
228,230,22
228,230,22
228,230,22
228,230,22
228,230,22
228,230,22
228,230,22
228,230,22
228,230,22
228,230,22
228,230,22
228,230,22
228,230,22
228,230,22
228,230,22
228,189,22
228,189,22
228,189,22
228,189,22
228,189,22
228,189,22
228,189,22
228,189,22
228,189,22
228,189,22
228,189,22
228,189,22
228,189,22
228,189,22
228,189,22
228,189,22
228,189,22
228,189,22
228,189,22
228,189,22
228,189,22
228,189,22
228,189,22
228,189,22
228,189,22
228,189,22
228,189,22
228,189,22
228,189,22
228,189,22
228,189,22
228,189,22
228,189,22
228,189,22
228,189,22
228,189,22
228,189,22
228,189,22
228,260,22
228,260,22
228,260,22
228,260,22
228,260,22
228,260,22
228,260,22
228,260,22
228,260,22
228,260,22
228,260,22
228,240,22
228,240,22
228,240,22
228,240,22
228,240,22
228,240,22
228,240,22
228,220,22
228,220,22
228,220,22
228,220,22
228,220,22
228,220,22
228,220,22
228,220,22
228,220,22
228,220,22
228,220,22
228,220,22
228,220,22
228,220,22
228,220,22
228,220,22
228,220,22
228,220,22
228,220,22
228,220,22
228,220,22
228,220,22
228,220,22
228,220,22
228,220,22
228,220,22
228,220,22
228,220,22
228,220,22
228,224,22
228,224,22
228,224,22
228,224,22
228,224,22
228,224,22
228,224,22
228,224,22
228,224,22
228,247,22
228,247,22
228,247,22
228,247,22
228,247,22
228,247,22
228,247,22
228,247,22
228,247,22
228,247,22
228,247,22
228,247,22
228,247,22
228,247,22
228,247,22
228,247,22
228,247,22
228,247,22
228,247,22
228,247,22
228,247,22
228,247,22
228,247,22
228,247,22
228,247,22
228,247,22
228,247,22
228,247,22
228,247,22
228,247,22
228,247,22
228,247,22
228,247,22
228,247,22
228,247,22
228,247,22
228,247,22
228,247,22
228,247,22
228,247,22
228,247,22
228,247,22
228,247,22
228,247,22
228,247,22
228,198,22
228,198,22
228,198,22
228,198,22
228,198,22
228,198,22
228,198,22
228,198,22
228,198,22
228,198,22
228,198,22
228,198,22
228,198,22
228,198,22
228,198,22
228,198,22
228,198,22
228,198,22
228,198,22
228,198,22
228,198,22
228,198,22
228,198,22
228,198,22
228,198,22
228,198,22
228,235,22
228,235,22
228,235,22
228,235,22
228,235,22
228,235,22
228,235,22
228,235,22
228,235,22
228,235,22
228,235,22
228,235,22
228,235,22
228,235,22
228,235,22
228,235,22
228,235,22
228,235,22
228,235,22
228,235,22
228,235,22
228,235,22
228,235,22
228,235,22
228,235,22
228,235,22
228,235,22
228,235,22
228,235,22
228,235,22
228,235,22
208,198,22
208,198,22
208,198,22
208,198,22
208,198,22
208,198,22
208,198,22
208,198,22
208,198,22
208,198,22
208,198,22
208,239,22
208,239,22
208,239,22
208,239,22
208,239,22
208,239,22
208,239,22
208,239,22
208,239,22
208,239,22
208,239,22
208,239,22
208,239,22
208,239,22
208,239,22
208,239,22
208,239,22
208,239,22
208,239,22
208,239,22
208,239,22
208,239,22
208,239,22
208,239,22
208,239,22
208,239,22
208,239,22
208,239,22
208,239,22
208,239,22
208,239,22
208,239,22
208,239,22
208,239,22
208,239,22
208,239,22
208,239,22
208,239,22
208,239,22
208,239,22
208,239,22
208,239,22
208,239,22
208,239,22
208,239,22
208,239,22
208,239,22
208,239,22
208,239,22
208,239,22
208,239,22
208,239,22
208,239,22
208,239,22
208,239,22
208,239,22
208,239,22
208,223,22
208,223,22
208,223,22
208,223,22
208,223,22
208,223,22
208,223,22
208,223,22
208,223,22
208,223,22
208,223,22
208,223,22
208,223,22
208,223,22
208,223,22
208,223,22
208,223,22
208,223,22
208,223,22
208,223,22
208,223,22
208,223,22
208,223,22
208,223,22
208,223,22
208,223,22
208,223,22
208,223,22
208,223,22
208,223,22
208,223,22
208,223,22
208,223,22
208,223,22
208,223,22
208,223,22
208,223,22
208,223,22
208,223,22
208,223,22
208,223,22
208,223,22
208,223,22
208,223,22
208,223,22
208,223,22
208,223,22
208,242,22
208,242,22
208,242,22
208,242,22
208,242,22
208,242,22
208,242,22
208,242,22
208,242,22
208,242,22
208,242,22
208,242,22
208,242,22
208,242,22
208,242,22
208,242,22
208,242,22
208,242,22
208,242,22
208,242,22
208,242,22
208,242,22
208,242,22
208,242,22
208,242,22
208,200,22
208,200,22
208,200,22
208,200,22
208,200,22
208,200,22
208,200,22
208,200,22
208,200,22
208,200,22
208,200,22
208,191,22
208,191,22
208,191,22
208,191,22
208,191,22
208,191,22
208,191,22
208,191,22
208,191,22
208,191,22
208,191,22
208,191,22
208,191,22
208,191,22
208,191,22
208,191,22
208,191,22
208,191,22
208,191,22
208,191,22
208,191,22
208,191,22
208,191,22
208,191,22
208,191,22
208,191,22
208,191,22
208,191,22
208,191,22
208,191,22
208,191,22
208,191,22
208,191,22
208,191,22
208,191,22
208,191,22
208,191,22
208,191,22
208,191,22
208,191,22
208,191,22
208,202,22
208,202,22
208,202,22
208,202,22
208,202,22
208,202,22
208,202,22
208,202,22
208,202,22
208,202,22
208,202,22
208,202,22
208,202,22
208,202,22
208,181,22
208,181,22
208,181,22
208,181,22
208,181,22
208,181,22
208,181,22
208,181,22
208,181,22
208,181,22
208,181,22
208,181,22
208,181,22
208,181,22
208,181,22
208,181,22
208,181,22
208,181,22
208,181,22
208,181,22
208,181,22
208,181,22
208,220,22
208,220,22
208,220,22
208,220,22
208,220,22
208,220,22
208,220,22
208,220,22
208,220,22
208,220,22
208,220,22
208,220,22
208,220,22
208,220,22
208,220,22
208,220,22
208,220,22
208,220,22
208,220,22
208,220,22
208,215,22
208,215,22
208,215,22
208,215,22
208,215,22
208,215,22
208,215,22
208,215,22
208,215,22
208,215,22
208,215,22
208,215,22
208,215,22
208,215,22
228,279,22
228,279,22
228,279,22
228,279,22
228,279,22
228,279,22
228,279,22
228,279,22
228,279,22
228,279,22
228,279,22
228,279,22
228,279,22
228,279,22
228,279,22
228,279,22
228,190,22
228,190,22
228,190,22
228,190,22
228,190,22
228,190,22
228,190,22
228,190,22
228,190,22
228,190,22
228,190,22
228,211,22
228,211,22
228,211,22
228,211,22
228,211,22
228,211,22
228,211,22
228,211,22
228,211,22
228,211,22
228,211,22
228,211,22
228,211,22
228,211,22
228,211,22
228,211,22
228,211,22
228,211,22
228,211,22
228,211,22
228,211,22
228,211,22
228,211,22
228,211,22
228,211,22
228,211,22
228,211,22
228,211,22
228,211,22
228,211,22
228,211,22
228,211,22
228,211,22
228,211,22
228,211,22
228,211,22
228,211,22
228,211,22
228,211,22
228,211,22
228,259,22
228,259,22
228,259,22
228,259,22
228,259,22
228,259,22
228,259,22
228,259,22
228,259,22
228,259,22
228,259,22
228,259,22
228,259,22
228,264,22
228,264,22
228,264,22
228,264,22
228,264,22
228,264,22
228,264,22
228,264,22
228,264,22
228,264,22
228,264,22
228,264,22
228,264,22
228,264,22
228,264,22
228,264,22
228,264,22
228,264,22
228,264,22
228,264,22
228,264,22
228,264,22
228,264,22
228,264,22
228,264,22
228,176,22
228,176,22
228,176,22
228,176,22
228,176,22
228,176,22
228,176,22
228,176,22
228,176,22
228,176,22
228,176,22
228,260,22
228,260,22
228,260,22
228,260,22
228,260,22
228,260,22
228,260,22
228,260,22
228,253,22
228,253,22
228,253,22
228,253,22
228,253,22
228,253,22
228,253,22
228,253,22
228,253,22
228,234,22
228,234,22
228,234,22
228,234,22
228,234,22
228,234,22
228,234,22
228,234,22
228,234,22
228,234,22
228,234,22
228,226,22
228,226,22
228,226,22
228,226,22
228,226,22
228,226,22
228,226,22
228,226,22
228,226,22
228,226,22
228,226,22
228,226,22
228,226,22
228,226,22
228,226,22
228,226,22
228,226,22
228,226,22
228,226,22
228,226,22
228,226,22
228,226,22
228,226,22
228,226,22
228,219,22
228,219,22
228,219,22
228,219,22
228,219,22
228,219,22
228,219,22
228,219,22
228,219,22
228,219,22
228,219,22
228,219,22
228,219,22
228,219,22
228,219,22
228,219,22
228,219,22
228,219,22
228,219,22
228,213,22
228,213,22
228,213,22
228,213,22
228,213,22
228,213,22
228,213,22
228,213,22
228,213,22
228,218,22
228,218,22
228,218,22
228,218,22
228,218,22
228,218,22
228,218,22
228,218,22
228,218,22
228,218,22
228,218,22
228,218,22
228,218,22
228,218,22
228,218,22
228,218,22
228,218,22
228,212,22
228,212,22
228,212,22
228,212,22
228,212,22
228,212,22
228,212,22
228,212,22
228,212,22
228,212,22
228,212,22
228,212,22
228,212,22
228,212,22
228,212,22
228,212,22
228,212,22
228,212,22
228,212,22
228,212,22
228,212,22
228,253,22
228,253,22
228,253,22
228,253,22
228,253,22
228,253,22
228,253,22
228,253,22
228,253,22
228,253,22
228,253,22
228,253,22
228,253,22
228,253,22
228,253,22
228,253,22
228,253,22
228,240,22
228,240,22
228,240,22
228,240,22
228,240,22
228,240,22
228,240,22
228,240,22
228,240,22
228,240,22
228,240,22
228,224,22
228,224,22
228,224,22
228,224,22
228,224,22
228,224,22
228,224,22
228,224,22
228,224,22
228,224,22
228,224,22
228,224,22
228,224,22
228,224,22
228,224,22
228,224,22
228,224,22
228,224,22
228,224,22
228,224,22
228,224,22
228,224,22
228,224,22
228,224,22
228,224,22
228,224,22
228,224,22
228,224,22
228,224,22
228,224,22
228,224,22
228,224,22
228,224,22
228,224,22
228,224,22
228,224,22
228,224,22
228,240,22
228,240,22
228,240,22
228,240,22
228,240,22
228,240,22
228,240,22
228,240,22
228,240,22
228,240,22
228,240,22
228,241,22
228,241,22
228,241,22
228,241,22
228,241,22
228,241,22
228,241,22
228,241,22
228,241,22
228,241,22
228,241,22
228,241,22
228,241,22
228,241,22
228,241,22
228,241,22
228,241,22
228,241,22
228,241,22
228,248,22
228,248,22
228,248,22
228,248,22
228,248,22
228,248,22
228,248,22
228,248,22
228,248,22
228,216,22
228,216,22
228,216,22
228,216,22
228,216,22
228,216,22
228,216,22
228,216,22
228,216,22
228,216,22
228,234,22
228,234,22
228,234,22
228,234,22
228,234,22
228,234,22
228,234,22
228,234,22
228,234,22
228,234,22
228,234,22
228,234,22
228,234,22
228,234,22
228,234,22
228,234,22
228,234,22
228,234,22
228,234,22
228,234,22
228,234,22
228,234,22
228,234,22
228,234,22
228,231,22
228,231,22
228,231,22
228,231,22
228,231,22
228,231,22
228,231,22
228,231,22
228,231,22
228,231,22
228,231,22
228,231,22
228,231,22
228,231,22
228,231,22
228,231,22
228,231,22
228,231,22
228,231,22
228,231,22
228,231,22
228,231,22
228,231,22
228,231,22
228,231,22
228,231,22
228,231,22
228,214,22
228,214,22
228,214,22
228,214,22
228,214,22
228,214,22
228,214,22
228,214,22
228,214,22
228,214,22
248,268,22
248,268,22
248,268,22
248,268,22
248,268,22
248,268,22
248,268,22
248,268,22
248,268,22
248,268,22
248,268,22
248,268,22
248,268,22
248,268,22
248,268,22
248,268,22
248,268,22
248,268,22
248,268,22
248,268,22
248,239,22
248,239,22
248,239,22
248,239,22
248,239,22
248,239,22
248,241,22
248,241,22
248,241,22
248,241,22
248,241,22
248,241,22
248,241,22
248,241,22
248,241,22
248,241,22
248,241,22
248,241,22
248,241,22
248,241,22
248,241,22
248,241,22
248,273,22
248,273,22
248,273,22
248,273,22
248,273,22
248,273,22
248,207,22
248,207,22
248,207,22
248,207,22
248,207,22
248,207,22
248,207,22
248,207,22
248,207,22
248,207,22
248,207,22
248,207,22
248,207,22
248,207,22
248,207,22
248,207,22
248,207,22
248,207,22
248,207,22
248,207,22
248,207,22
248,207,22
248,207,22
248,207,22
248,207,22
248,207,22
248,207,22
248,207,22
248,207,22
248,207,22
248,207,22
248,207,22
248,207,22
248,207,22
248,207,22
248,207,22
248,207,22
248,231,22
248,231,22
248,231,22
248,231,22
248,231,22
248,231,22
248,231,22
248,231,22
248,231,22
248,231,22
248,231,22
248,231,22
248,231,22
248,231,22
248,231,22
248,224,22
248,224,22
248,224,22
248,224,22
248,224,22
248,224,22
248,224,22
248,224,22
248,224,22
248,224,22
248,224,22
248,224,22
248,224,22
248,224,22
248,224,22
248,224,22
248,224,22
248,224,22
248,224,22
248,244,22
248,244,22
248,244,22
248,244,22
248,244,22
248,244,22
248,279,22
248,279,22
248,279,22
248,279,22
248,279,22
248,279,22
248,279,22
248,279,22
248,279,22
248,279,22
248,279,22
248,279,22
248,279,22
248,279,22
248,279,22
248,279,22
248,279,22
248,279,22
248,279,22
248,279,22
248,279,22
248,279,22
248,279,22
248,279,22
248,279,22
248,279,22
248,279,22
248,279,22
248,279,22
248,279,22
248,279,22
248,279,22
248,279,22
248,279,22
248,279,22
248,279,22
248,279,22
248,279,22
248,279,22
248,279,22
248,279,22
248,279,22
248,279,22
248,279,22
248,279,22
248,279,22
248,279,22
248,279,22
248,279,22
248,279,22
248,279,22
248,279,22
248,279,22
248,279,22
248,279,22
248,251,22
248,251,22
248,251,22
248,251,22
248,251,22
248,251,22
248,251,22
248,251,22
248,251,22
248,251,22
248,251,22
248,251,22
248,251,22
248,251,22
248,251,22
248,251,22
248,251,22
248,251,22
248,251,22
248,251,22
248,251,22
248,251,22
248,251,22
248,251,22
248,251,22
248,251,22
248,251,22
248,251,22
248,251,22
248,251,22
248,251,22
248,251,22
248,251,22
248,251,22
248,251,22
248,251,22
248,251,22
248,251,22
248,251,22
248,251,22
248,251,22
248,251,22
248,251,22
248,251,22
248,251,22
248,183,22
248,183,22
248,183,22
248,183,22
248,183,22
248,183,22
248,183,22
248,248,22
248,248,22
248,248,22
248,248,22
248,248,22
248,248,22
248,248,22
248,248,22
248,248,22
248,248,22
248,248,22
248,248,22
248,248,22
248,248,22
248,248,22
248,248,22
248,254,22
248,254,22
248,254,22
248,254,22
248,254,22
248,254,22
248,254,22
248,254,22
248,254,22
248,254,22
248,254,22
248,254,22
248,254,22
248,254,22
248,220,22
248,220,22
248,220,22
248,220,22
248,220,22
248,220,22
248,220,22
248,220,22
248,220,22
248,220,22
248,220,22
248,220,22
248,220,22
248,220,22
248,220,22
248,220,22
248,220,22
248,220,22
248,220,22
248,220,22
248,220,22
248,220,22
248,220,22
248,220,22
248,216,22
248,216,22
248,216,22
248,216,22
248,216,22
248,216,22
248,216,22
248,216,22
248,216,22
248,216,22
248,216,22
248,216,22
248,216,22
248,216,22
248,216,22
248,216,22
248,216,22
248,216,22
248,216,22
248,216,22
248,216,22
248,216,22
248,216,22
248,216,22
248,216,22
248,216,22
248,216,22
248,216,22
248,216,22
248,216,22
248,216,22
248,216,22
248,216,22
248,216,22
248,216,22
248,216,22
248,216,22
248,216,22
248,261,22
248,261,22
248,261,22
248,261,22
248,261,22
248,261,22
248,261,22
248,261,22
248,261,22
248,261,22
248,261,22
248,228,22
248,228,22
248,228,22
248,228,22
248,228,22
248,228,22
248,228,22
248,228,22
248,228,22
248,228,22
248,228,22
248,228,22
248,228,22
248,228,22
248,228,22
248,228,22
248,228,22
248,234,22
248,234,22
248,234,22
248,234,22
248,234,22
248,234,22
248,234,22
248,234,22
248,234,22
248,234,22
248,234,22
248,234,22
248,234,22
248,234,22
248,245,22
248,245,22
248,245,22
248,245,22
248,245,22
248,245,22
248,245,22
248,245,22
248,245,22
248,245,22
248,245,22
248,245,22
248,216,22
248,216,22
248,216,22
248,216,22
248,216,22
248,216,22
248,216,22
248,266,22
248,266,22
248,266,22
248,266,22
248,266,22
248,266,22
248,266,22
248,266,22
248,266,22
248,266,22
248,266,22
248,266,22
248,266,22
248,239,22
248,239,22
248,239,22
248,239,22
248,239,22
248,239,22
248,239,22
248,239,22
248,239,22
248,239,22
248,239,22
248,239,22
248,239,22
248,254,22
248,254,22
248,254,22
248,254,22
248,254,22
248,254,22
248,254,22
248,231,22
248,231,22
248,231,22
248,231,22
248,231,22
248,231,22
248,231,22
248,231,22
248,231,22
248,231,22
248,231,22
248,231,22
248,231,22
248,231,22
248,231,22
248,231,22
248,268,22
248,268,22
248,268,22
248,268,22
248,268,22
248,268,22
248,268,22
248,268,22
248,268,22
248,268,22
248,268,22
248,268,22
248,268,22
248,268,22
248,268,22
248,268,22
248,260,22
248,260,22
248,260,22
248,260,22
248,260,22
248,260,22
248,260,22
248,260,22
248,260,22
248,260,22
248,260,22
248,260,22
248,260,22
263,276,22
263,276,22
263,276,22
263,276,22
263,276,22
263,276,22
263,276,22
263,276,22
263,276,22
263,276,22
263,276,22
263,276,22
263,276,22
263,276,22
263,276,22
263,276,22
263,276,22
263,276,22
263,272,22
263,272,22
263,272,22
263,272,22
263,272,22
263,272,22
263,272,22
263,272,22
263,272,22
263,272,22
263,272,22
263,272,22
263,272,22
263,272,22
263,272,22
263,272,22
263,272,22
263,272,22
263,272,22
263,272,22
263,272,22
263,272,22
263,272,22
263,272,22
263,272,22
263,272,22
263,272,22
263,272,22
263,272,22
263,272,22
263,272,22
263,272,22
263,272,22
263,272,22
263,250,22
263,250,22
263,250,22
263,250,22
263,250,22
263,250,22
263,250,22
263,250,22
263,250,22
263,250,22
263,250,22
263,250,22
263,250,22
263,250,22
263,250,22
263,250,22
263,250,22
263,250,22
263,250,22
263,250,22
263,250,22
263,250,22
263,250,22
263,250,22
263,250,22
263,250,22
263,250,22
263,250,22
263,250,22
263,250,22
263,250,22
263,250,22
263,250,22
263,250,22
263,250,22
263,250,22
263,250,22
263,250,22
263,250,22
263,250,22
263,250,22
263,250,22
263,250,22
263,250,22
263,250,22
263,250,22
263,250,22
263,246,22
263,246,22
263,246,22
263,246,22
263,246,22
263,246,22
263,246,22
263,246,22
263,246,22
263,246,22
263,246,22
263,246,22
263,246,22
263,271,22
263,271,22
263,271,22
263,271,22
263,271,22
263,271,22
263,271,22
263,271,22
263,271,22
263,271,22
263,271,22
263,271,22
263,271,22
263,271,22
263,271,22
263,271,22
263,271,22
263,271,22
263,271,22
263,271,22
263,271,22
263,271,22
263,271,22
263,271,22
263,271,22
263,271,22
263,271,22
263,271,22
263,271,22
263,271,22
263,271,22
263,271,22
263,271,22
263,276,22
263,276,22
263,276,22
263,276,22
263,276,22
263,276,22
263,276,22
263,283,22
263,283,22
263,283,22
263,283,22
263,283,22
263,283,22
263,283,22
263,283,22
263,283,22
263,283,22
263,283,22
263,286,22
263,286,22
263,286,22
263,286,22
263,286,22
263,286,22
263,286,22
263,286,22
263,286,22
263,286,22
263,286,22
263,286,22
263,286,22
263,286,22
263,286,22
263,286,22
263,286,22
263,286,22
263,286,22
263,286,22
263,286,22
263,286,22
263,286,22
263,286,22
263,286,22
263,286,22
263,286,22
263,286,22
263,286,22
263,286,22
263,286,22
263,286,22
263,286,22
263,286,22
263,286,22
263,286,22
263,286,22
263,286,22
263,286,22
263,286,22
263,286,22
263,286,22
263,286,22
263,286,22
263,286,22
263,286,22
263,286,22
263,286,22
263,286,22
263,286,22
263,286,22
263,286,22
263,286,22
263,286,22
263,243,22
263,243,22
263,243,22
263,243,22
263,243,22
263,243,22
263,243,22
263,243,22
263,243,22
263,243,22
263,243,22
263,243,22
263,243,22
263,243,22
263,243,22
263,243,22
263,243,22
263,243,22
263,243,22
263,243,22
263,243,22
263,243,22
263,243,22
263,243,22
263,243,22
263,243,22
263,243,22
263,243,22
263,243,22
263,243,22
263,243,22
263,243,22
263,243,22
263,243,22
263,243,22
263,243,22
263,243,22
263,243,22
263,243,22
263,243,22
263,243,22
263,243,22
263,243,22
263,243,22
263,243,22
263,243,22
263,294,22
263,294,22
263,294,22
263,294,22
263,294,22
263,294,22
263,294,22
263,294,22
263,294,22
263,294,22
263,294,22
263,294,22
263,294,22
263,294,22
263,294,22
263,294,22
263,294,22
263,294,22
263,294,22
263,294,22
263,294,22
263,294,22
263,294,22
263,307,22
263,307,22
263,307,22
263,307,22
263,307,22
263,307,22
263,307,22
263,307,22
263,277,22
263,277,22
263,277,22
263,277,22
263,277,22
263,277,22
263,277,22
263,277,22
263,277,22
263,277,22
263,277,22
263,277,22
263,277,22
263,277,22
263,296,22
263,296,22
263,296,22
263,296,22
263,296,22
263,296,22
263,259,22
263,259,22
263,259,22
263,259,22
263,259,22
263,259,22
263,259,22
263,259,22
263,259,22
263,259,22
263,259,22
263,259,22
263,259,22
263,259,22
263,259,22
263,259,22
263,259,22
263,259,22
263,259,22
263,259,22
263,259,22
263,259,22
263,259,22
263,259,22
263,259,22
263,259,22
263,259,22
263,259,22
263,259,22
263,259,22
263,259,22
263,259,22
263,259,22
263,259,22
263,259,22
263,259,22
263,259,22
263,259,22
263,259,22
263,259,22
263,259,22
263,259,22
263,259,22
263,259,22
263,259,22
263,259,22
263,259,22
263,265,22
263,265,22
263,265,22
263,265,22
263,265,22
263,265,22
263,265,22
263,265,22
263,265,22
263,265,22
263,265,22
263,265,22
263,265,22
263,265,22
263,265,22
263,265,22
263,265,22
263,265,22
263,265,22
263,299,22
263,299,22
263,299,22
263,299,22
263,299,22
263,299,22
263,299,22
263,299,22
263,299,22
263,299,22
263,299,22
263,299,22
263,299,22
263,299,22
263,299,22
263,270,22
263,270,22
263,270,22
263,270,22
263,270,22
263,270,22
263,270,22
263,270,22
263,270,22
263,270,22
263,270,22
263,270,22
263,270,22
263,270,22
263,270,22
263,270,22
263,270,22
263,270,22
263,270,22
263,270,22
263,266,22
263,266,22
263,266,22
263,266,22
263,266,22
263,266,22
263,266,22
263,266,22
263,266,22
263,266,22
263,266,22
263,266,22
263,266,22
263,266,22
263,266,22
263,266,22
263,266,22
263,266,22
263,266,22
263,266,22
263,266,22
263,266,22
263,266,22
263,266,22
283,275,22
283,275,22
283,275,22
283,275,22
283,275,22
283,275,22
283,275,22
283,275,22
283,275,22
283,275,22
283,275,22
283,275,22
283,275,22
283,275,22
283,275,22
283,285,22
283,285,22
283,285,22
283,285,22
283,285,22
283,285,22
283,285,22
283,280,22
283,280,22
283,280,22
283,280,22
283,280,22
283,280,22
283,280,22
283,280,22
283,280,22
283,280,22
283,280,22
283,280,22
283,280,22
283,280,22
283,280,22
283,280,22
283,280,22
283,280,22
283,280,22
283,280,22
283,280,22
283,280,22
283,280,22
283,280,22
283,280,22
283,280,22
283,280,22
283,280,22
283,280,22
283,280,22
283,280,22
283,280,22
283,280,22
283,280,22
283,280,22
283,280,22
283,280,22
283,280,22
283,280,22
283,280,22
283,280,22
283,280,22
283,280,22
283,280,22
283,280,22
283,280,22
283,280,22
283,280,22
283,280,22
283,280,22
283,280,22
283,280,22
283,280,22
283,280,22
283,280,22
283,280,22
283,280,22
283,280,22
283,280,22
283,250,22
283,250,22
283,250,22
283,250,22
283,250,22
283,250,22
283,250,22
283,250,22
283,250,22
283,250,22
283,250,22
283,250,22
283,250,22
283,250,22
283,250,22
283,250,22
283,250,22
283,250,22
283,250,22
283,250,22
283,250,22
283,250,22
283,250,22
283,250,22
283,281,22
283,281,22
283,281,22
283,281,22
283,281,22
283,281,22
283,281,22
283,281,22
283,281,22
283,281,22
283,281,22
283,281,22
283,281,22
283,281,22
283,281,22
283,281,22
283,281,22
283,281,22
283,281,22
283,281,22
283,281,22
283,281,22
283,281,22
283,262,22
283,262,22
283,262,22
283,262,22
283,262,22
283,262,22
283,262,22
283,262,22
283,262,22
283,262,22
283,262,22
283,262,22
283,268,22
283,268,22
283,268,22
283,268,22
283,268,22
283,268,22
283,268,22
283,268,22
283,268,22
283,268,22
283,268,22
283,268,22
283,268,22
283,268,22
283,268,22
283,268,22
283,268,22
283,268,22
283,268,22
283,268,22
283,268,22
283,268,22
283,268,22
283,268,22
283,268,22
283,268,22
283,268,22
283,268,22
283,268,22
283,268,22
283,250,22
283,250,22
283,250,22
283,250,22
283,250,22
283,250,22
283,250,22
283,250,22
283,250,22
283,250,22
283,250,22
283,250,22
283,258,22
283,258,22
283,258,22
283,258,22
283,258,22
283,258,22
283,258,22
283,258,22
283,258,22
283,258,22
283,258,22
283,258,22
283,258,22
283,258,22
283,258,22
283,258,22
283,258,22
283,266,22
283,266,22
283,266,22
283,266,22
283,266,22
283,266,22
283,266,22
283,266,22
283,266,22
283,266,22
283,273,22
283,273,22
283,273,22
283,273,22
283,273,22
283,273,22
283,273,22
283,273,22
283,273,22
283,273,22
283,273,22
283,273,22
283,273,22
283,261,22
283,261,22
283,261,22
283,261,22
283,261,22
283,261,22
283,317,22
283,317,22
283,317,22
283,317,22
283,317,22
283,317,22
283,317,22
283,317,22
283,317,22
283,317,22
283,304,22
283,304,22
283,304,22
283,304,22
283,304,22
283,304,22
283,304,22
283,304,22
283,304,22
283,304,22
283,304,22
283,304,22
283,304,22
283,304,22
283,304,22
283,304,22
283,304,22
283,304,22
283,304,22
283,304,22
283,304,22
283,304,22
283,304,22
283,304,22
283,304,22
283,304,22
283,304,22
283,338,22
283,338,22
283,338,22
283,338,22
283,338,22
283,338,22
283,338,22
283,338,22
283,338,22
283,338,22
283,338,22
283,338,22
283,338,22
283,338,22
283,288,22
283,288,22
283,288,22
283,288,22
283,288,22
283,288,22
283,288,22
283,288,22
283,288,22
283,288,22
283,288,22
283,288,22
283,288,22
283,288,22
283,288,22
283,288,22
283,288,22
283,288,22
283,288,22
283,288,22
283,288,22
283,316,22
283,316,22
283,316,22
283,316,22
283,316,22
283,316,22
283,316,22
283,316,22
283,316,22
283,316,22
283,316,22
283,316,22
283,316,22
283,316,22
283,316,22
283,316,22
283,316,22
283,316,22
283,316,22
283,316,22
283,316,22
283,316,22
283,316,22
283,293,22
283,293,22
283,293,22
283,293,22
283,293,22
283,293,22
283,293,22
283,293,22
283,293,22
283,293,22
283,293,22
283,293,22
283,293,22
283,293,22
283,293,22
283,293,22
283,293,22
283,293,22
283,293,22
283,293,22
283,293,22
283,293,22
283,293,22
283,293,22
283,293,22
283,293,22
283,293,22
283,293,22
283,293,22
283,293,22
283,293,22
283,293,22
283,293,22
283,293,22
283,293,22
283,293,22
283,293,22
283,293,22
283,293,22
283,269,22
283,269,22
283,269,22
283,269,22
283,269,22
283,269,22
283,269,22
283,269,22
283,269,22
283,269,22
283,269,22
283,269,22
283,269,22
283,269,22
283,269,22
283,269,22
283,269,22
283,268,22
283,268,22
283,268,22
283,268,22
283,268,22
283,268,22
283,268,22
283,268,22
283,268,22
283,268,22
283,268,22
283,268,22
283,268,22
283,268,22
283,268,22
283,291,22
283,291,22
283,291,22
283,291,22
283,291,22
283,291,22
283,291,22
283,291,22
283,291,22
283,291,22
283,291,22
283,291,22
283,291,22
283,291,22
283,291,22
283,291,22
283,291,22
283,291,22
283,291,22
283,291,22
283,291,22
283,291,22
283,291,22
283,291,22
283,291,22
283,291,22
283,291,22
283,291,22
283,291,22
283,291,22
283,291,22
283,291,22
283,291,22
283,291,22
283,291,22
283,291,22
283,291,22
283,291,22
283,291,22
283,291,22
283,291,22
283,291,22
283,291,22
283,262,22
283,262,22
283,262,22
283,262,22
283,262,22
283,262,22
283,262,22
283,287,22
283,287,22
283,287,22
283,287,22
283,287,22
283,287,22
283,287,22
283,287,22
283,287,22
283,287,22
283,287,22
283,287,22
283,287,22
283,287,22
283,251,22
283,251,22
283,251,22
283,251,22
283,251,22
283,251,22
283,251,22
283,251,22
283,251,22
303,304,22
303,304,22
303,304,22
303,304,22
303,304,22
303,304,22
303,304,22
303,317,22
303,317,22
303,317,22
303,317,22
303,317,22
303,317,22
303,317,22
303,317,22
303,317,22
303,317,22
303,317,22
303,317,22
303,317,22
303,317,22
303,317,22
303,317,22
303,317,22
303,317,22
303,317,22
303,293,22
303,293,22
303,293,22
303,293,22
303,293,22
303,293,22
303,293,22
303,293,22
303,293,22
303,293,22
303,293,22
303,293,22
303,293,22
303,293,22
303,293,22
303,293,22
303,293,22
303,293,22
303,293,22
303,293,22
303,293,22
303,293,22
303,293,22
303,293,22
303,293,22
303,293,22
303,293,22
303,293,22
303,293,22
303,293,22
303,350,22
303,350,22
303,350,22
303,350,22
303,350,22
303,350,22
303,350,22
303,350,22
303,350,22
303,350,22
303,350,22
303,350,22
303,350,22
303,350,22
303,350,22
303,350,22
303,350,22
303,350,22
303,350,22
303,350,22
303,350,22
303,350,22
303,290,22
303,290,22
303,290,22
303,290,22
303,290,22
303,290,22
303,290,22
303,290,22
303,290,22
303,290,22
303,290,22
303,290,22
303,290,22
303,290,22
303,290,22
303,290,22
303,290,22
303,290,22
303,290,22
303,290,22
303,290,22
303,290,22
303,290,22
303,290,22
303,290,22
303,290,22
303,290,22
303,290,22
303,290,22
303,290,22
303,290,22
303,290,22
303,290,22
303,290,22
303,290,22
303,290,22
303,290,22
303,290,22
303,290,22
303,290,22
303,290,22
303,290,22
303,290,22
303,290,22
303,290,22
303,322,22
303,322,22
303,322,22
303,322,22
303,322,22
303,322,22
303,322,22
303,322,22
303,322,22
303,322,22
303,322,22
303,322,22
303,322,22
303,322,22
303,322,22
303,322,22
303,330,22
303,330,22
303,330,22
303,330,22
303,330,22
303,330,22
303,330,22
303,330,22
303,330,22
303,330,22
303,330,22
303,280,22
303,280,22
303,280,22
303,280,22
303,280,22
303,280,22
303,280,22
303,280,22
303,280,22
303,280,22
303,280,22
303,280,22
303,280,22
303,280,22
303,280,22
303,280,22
303,297,22
303,297,22
303,297,22
303,297,22
303,297,22
303,297,22
303,297,22
303,297,22
303,297,22
303,297,22
303,297,22
303,297,22
303,297,22
303,297,22
303,297,22
303,297,22
303,297,22
303,297,22
303,297,22
303,297,22
303,297,22
303,297,22
303,297,22
303,297,22
303,297,22
303,297,22
303,292,22
303,292,22
303,292,22
303,292,22
303,292,22
303,292,22
303,292,22
303,292,22
303,292,22
303,292,22
303,292,22
303,292,22
303,292,22
303,292,22
303,292,22
303,292,22
303,292,22
303,292,22
303,292,22
303,292,22
303,323,22
303,323,22
303,323,22
303,323,22
303,323,22
303,323,22
303,323,22
303,323,22
303,323,22
303,323,22
303,323,22
303,323,22
303,323,22
303,323,22
303,323,22
303,323,22
303,323,22
303,323,22
303,323,22
303,323,22
303,323,22
303,323,22
303,323,22
303,323,22
303,323,22
303,323,22
303,323,22
303,323,22
303,323,22
303,323,22
303,323,22
303,323,22
303,323,22
303,323,22
303,323,22
303,323,22
303,323,22
303,323,22
303,323,22
303,274,22
303,274,22
303,274,22
303,274,22
303,274,22
303,274,22
303,274,22
303,274,22
303,274,22
303,274,22
303,274,22
303,274,22
303,274,22
303,274,22
303,274,22
303,274,22
303,274,22
303,274,22
303,274,22
303,274,22
303,274,22
303,274,22
303,274,22
303,274,22
303,274,22
303,274,22
303,274,22
303,274,22
303,274,22
328,349,22
328,349,22
328,349,22
328,349,22
328,349,22
328,349,22
328,349,22
328,349,22
328,349,22
328,349,22
328,349,22
328,349,22
328,349,22
328,349,22
328,349,22
328,349,22
328,349,22
328,349,22
328,349,22
328,304,22
328,304,22
328,304,22
328,304,22
328,304,22
328,304,22
328,304,22
328,304,22
328,304,22
328,304,22
328,304,22
328,304,22
328,304,22
328,304,22
328,304,22
328,304,22
328,304,22
328,304,22
328,304,22
328,304,22
328,304,22
328,304,22
328,304,22
328,304,22
328,304,22
328,304,22
328,340,22
328,340,22
328,340,22
328,340,22
328,340,22
328,340,22
328,340,22
328,340,22
328,340,22
328,340,22
328,340,22
328,340,22
328,340,22
328,340,22
328,340,22
328,340,22
328,340,22
328,340,22
328,340,22
328,340,22
328,340,22
328,303,22
328,303,22
328,303,22
328,303,22
328,303,22
328,303,22
328,303,22
328,303,22
328,303,22
328,303,22
328,303,22
328,303,22
328,303,22
328,303,22
328,303,22
328,303,22
328,303,22
328,303,22
328,303,22
328,303,22
328,303,22
328,303,22
328,303,22
328,303,22
328,303,22
328,303,22
328,303,22
328,303,22
328,303,22
328,303,22
328,281,22
328,281,22
328,281,22
328,281,22
328,281,22
328,281,22
328,281,22
328,281,22
328,281,22
328,281,22
328,281,22
328,281,22
328,281,22
328,281,22
328,281,22
328,281,22
328,281,22
328,281,22
328,281,22
328,281,22
328,281,22
328,281,22
328,281,22
328,281,22
328,281,22
328,281,22
328,281,22
328,281,22
328,281,22
328,316,22
328,316,22
328,316,22
328,316,22
328,316,22
328,316,22
328,316,22
328,316,22
328,316,22
328,333,22
328,333,22
328,333,22
328,333,22
328,333,22
328,333,22
328,333,22
328,333,22
328,333,22
328,333,22
328,333,22
328,333,22
328,333,22
328,333,22
328,333,22
328,333,22
328,333,22
328,333,22
328,333,22
328,333,22
328,333,22
328,333,22
328,333,22
328,332,22
328,332,22
328,332,22
328,332,22
328,332,22
328,332,22
328,332,22
328,332,22
328,332,22
328,332,22
328,332,22
328,332,22
328,332,22
328,332,22
328,332,22
328,332,22
328,332,22
328,332,22
328,332,22
328,332,22
328,332,22
328,332,22
328,332,22
328,332,22
328,332,22
328,332,22
328,332,22
328,332,22
328,332,22
328,332,22
328,332,22
328,332,22
328,332,22
328,332,22
328,332,22
328,332,22
328,332,22
328,332,22
328,332,22
328,336,22
328,336,22
328,336,22
328,336,22
328,336,22
328,336,22
328,336,22
328,333,22
328,333,22
328,333,22
328,333,22
328,333,22
328,333,22
328,333,22
328,333,22
328,333,22
328,333,22
328,333,22
328,333,22
328,333,22
328,354,22
328,354,22
328,354,22
328,354,22
328,354,22
328,354,22
328,354,22
328,354,22
328,354,22
328,354,22
303,329,22
303,329,22
303,329,22
303,329,22
303,329,22
303,329,22
303,329,22
303,329,22
303,329,22
303,329,22
303,329,22
303,329,22
303,329,22
303,329,22
303,329,22
303,329,22
303,329,22
303,329,22
303,329,22
303,306,22
303,306,22
303,306,22
303,306,22
303,306,22
303,306,22
303,306,22
303,321,22
303,321,22
303,321,22
303,321,22
303,321,22
303,321,22
303,321,22
303,321,22
303,321,22
303,321,22
303,321,22
303,321,22
303,321,22
303,321,22
303,321,22
303,321,22
303,321,22
303,321,22
303,321,22
303,321,22
303,321,22
303,321,22
303,321,22
303,321,22
303,321,22
303,321,22
303,321,22
303,321,22
303,321,22
303,321,22
303,321,22
303,321,22
303,321,22
303,321,22
303,321,22
303,353,22
303,353,22
303,353,22
303,353,22
303,353,22
303,353,22
303,353,22
303,353,22
303,353,22
303,353,22
303,353,22
303,311,22
303,311,22
303,311,22
303,311,22
303,311,22
303,311,22
303,311,22
303,311,22
303,311,22
303,311,22
303,311,22
303,311,22
303,311,22
303,311,22
303,311,22
303,311,22
303,311,22
303,311,22
303,311,22
303,311,22
303,311,22
303,311,22
303,311,22
303,292,22
303,292,22
303,292,22
303,292,22
303,292,22
303,292,22
303,292,22
303,292,22
303,292,22
303,292,22
303,292,22
303,291,22
303,291,22
303,291,22
303,291,22
303,291,22
303,291,22
303,291,22
303,291,22
303,291,22
303,291,22
303,291,22
303,291,22
303,291,22
303,291,22
303,291,22
303,291,22
303,291,22
303,291,22
303,291,22
303,291,22
303,291,22
303,291,22
303,291,22
303,291,22
303,334,22
303,334,22
303,334,22
303,334,22
303,334,22
303,334,22
303,334,22
303,319,22
303,319,22
303,319,22
303,319,22
303,319,22
303,319,22
303,319,22
303,319,22
303,319,22
303,319,22
303,319,22
303,319,22
303,319,22
303,319,22
303,319,22
303,319,22
303,319,22
303,319,22
303,319,22
303,319,22
303,319,22
303,319,22
303,319,22
303,319,22
303,319,22
303,319,22
303,319,22
303,319,22
303,319,22
303,319,22
303,319,22
303,319,22
303,319,22
303,319,22
303,319,22
303,319,22
303,312,22
303,312,22
303,312,22
303,312,22
303,312,22
303,312,22
303,312,22
303,312,22
303,312,22
303,312,22
303,312,22
303,312,22
303,312,22
303,312,22
303,312,22
303,312,22
303,312,22
303,312,22
303,312,22
303,312,22
303,312,22
303,312,22
303,312,22
303,312,22
303,312,22
303,312,22
303,312,22
303,312,22
303,312,22
303,312,22
303,312,22
303,312,22
303,312,22
303,285,22
303,285,22
303,285,22
303,285,22
303,285,22
303,285,22
303,285,22
303,285,22
303,285,22
303,285,22
303,285,22
303,285,22
303,285,22
303,285,22
303,285,22
303,285,22
303,285,22
303,285,22
303,285,22
303,285,22
303,285,22
303,285,22
303,285,22
303,285,22
303,285,22
303,285,22
303,333,22
303,333,22
303,333,22
303,333,22
303,333,22
303,333,22
303,333,22
303,333,22
303,333,22
303,333,22
303,333,22
303,333,22
303,333,22
303,333,22
303,333,22
303,333,22
303,333,22
303,333,22
303,333,22
303,333,22
303,333,22
303,333,22
303,333,22
303,333,22
303,333,22
303,333,22
303,333,22
303,333,22
303,333,22
303,333,22
303,333,22
303,333,22
303,333,22
303,333,22
303,333,22
303,333,22
303,333,22
303,333,22
303,333,22
303,333,22
303,333,22
303,333,22
303,305,22
303,305,22
303,305,22
303,305,22
303,305,22
303,305,22
303,305,22
303,305,22
303,305,22
303,305,22
303,305,22
303,305,22
303,305,22
303,305,22
303,339,22
303,339,22
303,339,22
303,339,22
303,339,22
303,339,22
303,339,22
303,339,22
303,339,22
303,339,22
303,339,22
303,339,22
303,339,22
303,339,22
303,339,22
303,339,22
303,339,22
303,339,22
303,339,22
303,339,22
303,339,22
303,339,22
303,339,22
303,339,22
303,339,22
303,339,22
303,339,22
303,339,22
303,339,22
303,339,22
303,339,22
303,339,22
303,339,22
303,339,22
303,339,22
303,339,22
303,339,22
303,303,22
303,303,22
303,303,22
303,303,22
303,303,22
303,303,22
303,281,22
303,281,22
303,281,22
303,281,22
303,281,22
303,281,22
318,299,22
318,299,22
318,299,22
318,299,22
318,299,22
318,299,22
318,299,22
318,299,22
318,308,22
318,308,22
318,308,22
318,308,22
318,308,22
318,308,22
318,308,22
318,308,22
318,308,22
318,308,22
318,308,22
318,308,22
318,308,22
318,308,22
318,308,22
318,308,22
318,308,22
318,308,22
318,308,22
318,308,22
318,308,22
318,308,22
318,308,22
318,308,22
318,308,22
318,308,22
318,308,22
318,308,22
318,308,22
318,308,22
318,308,22
318,308,22
318,345,22
318,345,22
318,345,22
318,345,22
318,345,22
318,345,22
318,345,22
318,345,22
318,2,22
318,2,22
318,2,22
318,2,22
318,2,22
318,2,22
318,2,22
318,2,22
318,301,22
318,301,22
318,301,22
318,301,22
318,301,22
318,301,22
318,301,22
318,301,22
318,301,22
318,301,22
318,301,22
318,301,22
318,301,22
318,301,22
318,301,22
318,347,22
318,347,22
318,347,22
318,347,22
318,347,22
318,347,22
318,347,22
318,337,22
318,337,22
318,337,22
318,337,22
318,337,22
318,337,22
318,337,22
318,337,22
318,337,22
318,337,22
318,337,22
318,337,22
318,337,22
318,337,22
318,337,22
318,337,22
318,337,22
318,337,22
318,337,22
318,337,22
318,337,22
318,337,22
318,337,22
318,337,22
318,337,22
318,308,22
318,308,22
318,308,22
318,308,22
318,308,22
318,308,22
318,308,22
318,308,22
318,308,22
318,308,22
318,308,22
318,308,22
318,308,22
318,308,22
318,308,22
318,308,22
318,308,22
318,308,22
318,308,22
318,308,22
318,308,22
318,308,22
318,308,22
318,308,22
318,308,22
318,308,22
318,308,22
318,308,22
318,308,22
318,308,22
318,308,22
318,308,22
318,308,22
318,308,22
318,308,22
318,308,22
318,308,22
318,308,22
318,308,22
318,308,22
318,308,22
318,308,22
318,308,22
318,308,22
318,308,22
318,308,22
318,308,22
318,308,22
318,308,22
318,308,22
318,308,22
318,308,22
318,308,22
318,308,22
318,308,22
318,308,22
318,308,22
318,308,22
318,315,22
318,315,22
318,315,22
318,315,22
318,315,22
318,315,22
318,315,22
318,315,22
318,315,22
318,315,22
318,315,22
318,315,22
318,315,22
318,315,22
318,315,22
318,315,22
318,315,22
318,315,22
318,315,22
318,315,22
318,315,22
318,315,22
318,315,22
318,315,22
318,315,22
318,315,22
318,337,22
318,337,22
318,337,22
318,337,22
318,337,22
318,337,22
318,337,22
318,337,22
318,337,22
318,337,22
318,337,22
318,337,22
318,337,22
318,337,22
318,337,22
318,337,22
318,337,22
318,337,22
318,337,22
318,318,22
318,318,22
318,318,22
318,318,22
318,318,22
318,318,22
318,318,22
318,318,22
318,321,22
318,321,22
318,321,22
318,321,22
318,321,22
318,321,22
318,321,22
318,321,22
318,321,22
318,321,22
318,321,22
318,321,22
318,321,22
318,321,22
318,321,22
318,321,22
318,321,22
318,321,22
318,321,22
318,321,22
318,351,22
318,351,22
318,351,22
318,351,22
318,351,22
318,351,22
318,351,22
318,351,22
318,351,22
318,351,22
318,351,22
318,351,22
318,297,22
318,297,22
318,297,22
318,297,22
318,297,22
318,297,22
318,297,22
318,297,22
318,297,22
318,297,22
318,297,22
318,297,22
318,297,22
318,297,22
318,297,22
318,297,22
318,297,22
318,297,22
318,297,22
318,297,22
318,297,22
318,297,22
318,297,22
318,297,22
318,297,22
318,297,22
318,316,22
318,316,22
318,316,22
318,316,22
318,316,22
318,316,22
318,316,22
318,316,22
318,316,22
318,316,22
318,316,22
338,298,22
338,298,22
338,298,22
338,298,22
338,298,22
338,298,22
338,298,22
338,335,22
338,335,22
338,335,22
338,335,22
338,335,22
338,335,22
338,335,22
338,335,22
338,335,22
338,335,22
338,335,22
338,335,22
338,335,22
338,335,22
338,335,22
338,335,22
338,352,22
338,352,22
338,352,22
338,352,22
338,352,22
338,352,22
338,352,22
338,352,22
338,352,22
338,352,22
338,352,22
338,352,22
338,352,22
338,352,22
338,352,22
338,352,22
338,352,22
338,352,22
338,352,22
338,352,22
338,352,22
338,352,22
338,352,22
338,352,22
338,352,22
338,352,22
338,352,22
338,352,22
338,352,22
338,352,22
338,8,22
338,8,22
338,8,22
338,8,22
338,8,22
338,8,22
338,8,22
338,8,22
338,8,22
338,8,22
338,8,22
338,8,22
338,8,22
338,8,22
338,8,22
338,8,22
338,8,22
338,8,22
338,8,22
338,8,22
338,8,22
338,8,22
338,8,22
338,298,22
338,298,22
338,298,22
338,298,22
338,298,22
338,298,22
338,336,22
338,336,22
338,336,22
338,336,22
338,336,22
338,336,22
338,336,22
338,336,22
338,336,22
338,336,22
338,336,22
338,336,22
338,336,22
338,336,22
338,336,22
338,336,22
338,336,22
338,336,22
338,336,22
338,336,22
338,336,22
338,321,22
338,321,22
338,321,22
338,321,22
338,321,22
338,321,22
338,321,22
338,321,22
338,321,22
338,321,22
338,321,22
338,321,22
338,321,22
338,321,22
338,321,22
338,321,22
338,321,22
338,321,22
338,321,22
338,321,22
338,321,22
338,321,22
338,321,22
338,321,22
338,321,22
338,321,22
338,321,22
338,321,22
338,321,22
338,321,22
338,321,22
338,321,22
338,321,22
338,321,22
338,321,22
338,321,22
338,321,22
338,321,22
338,321,22
338,321,22
338,321,22
338,321,22
338,321,22
338,321,22
338,321,22
338,321,22
338,321,22
338,312,22
338,312,22
338,312,22
338,312,22
338,312,22
338,312,22
338,312,22
338,312,22
338,312,22
338,312,22
338,312,22
338,312,22
338,312,22
338,312,22
338,312,22
338,312,22
338,312,22
338,312,22
338,312,22
338,312,22
338,312,22
338,312,22
338,312,22
338,312,22
338,312,22
338,312,22
338,312,22
338,312,22
338,312,22
338,312,22
338,312,22
338,312,22
338,312,22
338,312,22
338,312,22
338,312,22
338,312,22
338,312,22
338,312,22
338,312,22
338,312,22
338,312,22
338,312,22
338,312,22
338,312,22
338,312,22
338,312,22
338,312,22
338,312,22
338,312,22
338,312,22
338,312,22
338,312,22
338,334,22
338,334,22
338,334,22
338,334,22
338,334,22
338,334,22
338,334,22
338,334,22
338,334,22
338,334,22
338,334,22
338,334,22
338,339,22
338,339,22
338,339,22
338,339,22
338,339,22
338,339,22
338,339,22
338,339,22
338,339,22
338,339,22
338,339,22
338,339,22
338,339,22
338,339,22
338,339,22
338,339,22
338,339,22
338,339,22
338,339,22
338,339,22
338,339,22
338,339,22
338,339,22
338,339,22
338,339,22
338,339,22
338,339,22
338,348,22
338,348,22
338,348,22
338,348,22
338,348,22
338,348,22
338,348,22
338,348,22
338,348,22
338,348,22
338,348,22
338,348,22
338,348,22
338,348,22
338,348,22
338,348,22
338,348,22
338,348,22
338,348,22
338,348,22
338,348,22
338,348,22
338,348,22
338,348,22
338,348,22
338,348,22
338,348,22
338,348,22
338,348,22
338,348,22
338,22,22
338,22,22
338,22,22
338,22,22
338,22,22
338,22,22
338,22,22
338,22,22
338,22,22
338,22,22
338,22,22
338,22,22
338,22,22
338,22,22
338,22,22
338,22,22
338,22,22
338,22,22
338,22,22
338,22,22
338,22,22
338,298,22
338,298,22
338,298,22
338,298,22
338,298,22
338,298,22
338,298,22
338,298,22
338,298,22
338,298,22
338,298,22
338,298,22
338,298,22
338,298,22
338,298,22
338,298,22
338,298,22
338,298,22
338,298,22
338,298,22
338,298,22
338,298,22
338,298,22
338,298,22
338,298,22
338,298,22
338,298,22
338,298,22
338,298,22
338,298,22
338,298,22
338,298,22
338,298,22
338,319,22
338,319,22
338,319,22
338,319,22
338,319,22
338,319,22
338,319,22
338,319,22
338,319,22
338,349,22
338,349,22
338,349,22
338,349,22
338,349,22
338,349,22
338,349,22
338,349,22
338,349,22
338,349,22
338,349,22
338,349,22
338,349,22
338,349,22
338,349,22
338,349,22
338,349,22
338,349,22
338,349,22
338,349,22
338,349,22
338,349,22
338,349,22
338,349,22
338,349,22
338,349,22
338,349,22
338,349,22
338,349,22
338,349,22
338,349,22
338,349,22
338,349,22
338,329,22
338,329,22
338,329,22
338,329,22
338,329,22
338,329,22
338,329,22
338,329,22
338,329,22
338,329,22
338,329,22
338,329,22
338,329,22
338,329,22
338,329,22
338,329,22
338,329,22
338,329,22
338,329,22
338,329,22
338,329,22
338,329,22
338,329,22
338,329,22
338,329,22
338,329,22
338,329,22
338,329,22
338,329,22
338,329,22
338,329,22
338,329,22
338,329,22
338,329,22
338,337,22
338,337,22
338,337,22
338,337,22
338,337,22
338,337,22
338,337,22
338,337,22
338,337,22
3,354,22
3,354,22
3,354,22
3,354,22
3,354,22
3,354,22
3,354,22
3,354,22
3,357,22
3,357,22
3,357,22
3,357,22
3,357,22
3,357,22
3,357,22
3,357,22
3,30,22
3,30,22
3,30,22
3,30,22
3,30,22
3,30,22
3,30,22
3,30,22
3,30,22
3,30,22
3,30,22
3,30,22
3,30,22
3,26,22
3,26,22
3,26,22
3,26,22
3,26,22
3,26,22
3,26,22
3,26,22
3,26,22
3,26,22
3,26,22
3,26,22
3,26,22
3,26,22
3,26,22
3,26,22
3,26,22
3,26,22
3,26,22
3,26,22
3,26,22
3,26,22
3,26,22
3,26,22
3,26,22
3,26,22
3,26,22
3,26,22
3,26,22
3,26,22
3,26,22
3,26,22
3,26,22
3,26,22
3,26,22
3,26,22
3,26,22
3,355,22
3,355,22
3,355,22
3,355,22
3,355,22
3,355,22
3,355,22
3,355,22
3,355,22
3,355,22
3,355,22
3,355,22
3,355,22
3,355,22
3,340,22
3,340,22
3,340,22
3,340,22
3,340,22
3,340,22
3,340,22
3,340,22
3,340,22
3,340,22
3,340,22
3,340,22
3,340,22
3,340,22
3,340,22
3,340,22
3,340,22
3,340,22
3,340,22
3,340,22
3,340,22
3,340,22
3,340,22
3,340,22
3,340,22
3,340,22
3,340,22
3,340,22
3,340,22
3,340,22
3,340,22
3,340,22
3,340,22
3,340,22
3,340,22
3,340,22
3,340,22
3,340,22
3,340,22
3,51,22
3,51,22
3,51,22
3,51,22
3,51,22
3,51,22
3,51,22
3,51,22
3,51,22
3,51,22
3,51,22
3,51,22
3,51,22
3,51,22
3,51,22
3,51,22
3,51,22
3,51,22
3,21,22
3,21,22
3,21,22
3,21,22
3,21,22
3,21,22
3,21,22
3,21,22
3,21,22
3,21,22
3,21,22
3,21,22
3,21,22
3,21,22
3,21,22
3,21,22
3,21,22
3,21,22
3,21,22
3,21,22
3,21,22
3,21,22
3,21,22
3,21,22
3,21,22
3,21,22
