true_pos,obs_pos,true_var
132,79,22
130,79,22
131,79,22
135,79,22
135,79,22
136,79,22
137,79,22
140,79,22
136,79,22
138,79,22
136,79,22
137,79,22
136,79,22
134,79,22
135,79,22
134,79,22
132,79,22
130,79,22
129,79,22
130,79,22
128,79,22
128,79,22
130,79,22
129,79,22
128,79,22
128,79,22
130,79,22
132,79,22
131,79,22
128,79,22
128,79,22
127,79,22
129,79,22
133,79,22
134,79,22
134,167,22
135,167,22
137,167,22
137,167,22
136,167,22
133,167,22
135,167,22
137,145,22
136,145,22
135,145,22
134,145,22
134,145,22
135,145,22
132,145,22
129,145,22
127,145,22
129,145,22
129,145,22
129,145,22
128,145,22
132,145,22
131,145,22
131,145,22
130,145,22
129,145,22
126,145,22
128,145,22
125,145,22
127,145,22
128,145,22
131,145,22
131,145,22
131,145,22
128,145,22
126,116,22
125,116,22
124,116,22
124,116,22
124,116,22
122,116,22
120,116,22
117,116,22
116,116,22
113,116,22
112,116,22
115,116,22
116,116,22
118,116,22
120,116,22
119,116,22
117,116,22
116,116,22
116,116,22
118,116,22
122,116,22
123,116,22
125,116,22
124,116,22
124,116,22
128,116,22
127,116,22
129,116,22
130,116,22
127,116,22
126,123,22
124,123,22
123,123,22
121,123,22
119,123,22
120,123,22
119,123,22
118,123,22
120,123,22
119,123,22
117,123,22
118,123,22
117,123,22
117,123,22
114,123,22
114,85,22
115,85,22
114,85,22
116,85,22
116,85,22
117,85,22
117,85,22
117,85,22
116,85,22
117,85,22
114,85,22
117,85,22
117,85,22
114,85,22
113,85,22
112,85,22
111,85,22
112,85,22
109,85,22
109,85,22
112,85,22
112,85,22
113,85,22
115,85,22
111,85,22
111,85,22
112,85,22
113,85,22
116,85,22
114,85,22
115,116,22
116,116,22
117,116,22
115,116,22
112,116,22
112,116,22
111,116,22
112,116,22
110,116,22
111,116,22
112,116,22
111,116,22
110,116,22
114,116,22
117,116,22
121,116,22
120,116,22
121,116,22
118,116,22
123,116,22
122,116,22
120,116,22
119,116,22
120,116,22
116,116,22
115,72,22
117,72,22
118,72,22
116,72,22
120,72,22
121,72,22
118,72,22
120,72,22
117,72,22
114,72,22
113,72,22
114,72,22
116,72,22
115,72,22
117,72,22
117,72,22
116,72,22
115,72,22
117,72,22
112,72,22
113,72,22
114,72,22
116,72,22
117,72,22
115,72,22
116,72,22
111,72,22
112,133,22
109,133,22
110,133,22
105,133,22
104,133,22
105,133,22
103,133,22
105,133,22
107,133,22
109,133,22
109,133,22
105,133,22
104,133,22
105,133,22
104,133,22
108,133,22
112,133,22
115,133,22
114,133,22
112,133,22
111,133,22
116,133,22
115,133,22
114,133,22
114,133,22
111,133,22
111,133,22
110,133,22
112,133,22
114,133,22
111,133,22
113,133,22
117,133,22
115,133,22
116,133,22
117,133,22
117,133,22
117,133,22
116,133,22
115,133,22
118,133,22
119,133,22
118,133,22
121,133,22
121,133,22
126,133,22
124,133,22
124,133,22
126,133,22
128,133,22
127,133,22
123,133,22
126,133,22
129,133,22
130,133,22
131,133,22
133,133,22
133,156,22
131,156,22
132,156,22
131,156,22
130,156,22
130,156,22
128,156,22
128,156,22
126,156,22
124,156,22
124,156,22
122,156,22
122,156,22
121,156,22
118,156,22
118,156,22
121,156,22
120,156,22
120,156,22
120,156,22
121,156,22
122,156,22
122,109,22
121,109,22
118,109,22
119,109,22
118,109,22
116,109,22
120,114,22
122,114,22
121,114,22
119,114,22
121,114,22
118,114,22
120,114,22
119,114,22
121,114,22
120,114,22
121,114,22
121,114,22
121,114,22
121,114,22
117,114,22
116,114,22
118,114,22
121,114,22
123,114,22
122,114,22
125,114,22
122,114,22
125,114,22
126,114,22
125,114,22
127,114,22
125,116,22
123,116,22
125,116,22
124,116,22
128,116,22
133,116,22
133,116,22
131,116,22
130,116,22
129,116,22
124,116,22
125,116,22
127,116,22
129,116,22
130,116,22
132,116,22
134,116,22
133,116,22
132,116,22
133,116,22
136,116,22
139,86,22
141,86,22
136,86,22
138,86,22
136,86,22
134,86,22
133,86,22
132,86,22
132,86,22
131,132,22
134,132,22
133,132,22
131,132,22
130,132,22
131,132,22
130,132,22
128,132,22
130,132,22
134,132,22
131,132,22
131,132,22
125,132,22
124,132,22
124,132,22
127,132,22
127,132,22
129,149,22
129,149,22
134,149,22
131,149,22
130,149,22
131,149,22
131,149,22
133,149,22
129,149,22
131,149,22
127,173,22
127,173,22
123,173,22
125,173,22
122,173,22
123,173,22
125,173,22
123,173,22
124,173,22
123,173,22
125,173,22
126,173,22
125,173,22
124,173,22
124,173,22
123,173,22
123,116,22
124,116,22
126,116,22
123,116,22
126,116,22
122,116,22
121,116,22
122,116,22
122,116,22
123,116,22
124,116,22
124,116,22
120,116,22
122,116,22
120,116,22
122,116,22
120,116,22
121,116,22
119,116,22
121,116,22
120,116,22
120,116,22
123,123,22
125,123,22
124,123,22
123,123,22
125,123,22
123,123,22
126,123,22
129,123,22
129,123,22
128,123,22
129,123,22
130,123,22
130,123,22
131,123,22
129,123,22
128,123,22
127,123,22
127,123,22
127,123,22
127,123,22
127,123,22
128,123,22
127,123,22
125,123,22
124,123,22
120,123,22
118,123,22
118,123,22
120,123,22
123,123,22
122,123,22
122,123,22
122,123,22
122,123,22
123,123,22
124,123,22
121,123,22
120,123,22
118,123,22
120,123,22
122,123,22
123,123,22
122,123,22
123,123,22
126,123,22
128,123,22
125,126,22
123,126,22
124,126,22
121,126,22
121,126,22
115,126,22
115,126,22
112,126,22
111,126,22
112,126,22
114,126,22
116,126,22
114,126,22
117,126,22
117,126,22
120,126,22
120,126,22
121,126,22
122,126,22
122,126,22
124,106,22
124,106,22
123,106,22
121,106,22
120,106,22
123,106,22
123,106,22
122,106,22
124,106,22
124,106,22
127,106,22
131,106,22
133,106,22
131,106,22
129,106,22
128,106,22
131,106,22
131,106,22
127,106,22
128,106,22
126,106,22
124,106,22
125,106,22
128,106,22
131,106,22
132,106,22
134,106,22
133,106,22
132,106,22
132,129,22
134,129,22
137,129,22
140,129,22
139,129,22
138,129,22
136,129,22
135,129,22
134,129,22
136,129,22
135,129,22
136,129,22
134,129,22
133,129,22
130,129,22
131,129,22
132,129,22
133,129,22
135,129,22
134,129,22
135,129,22
133,129,22
131,129,22
130,129,22
131,129,22
132,129,22
129,129,22
131,129,22
131,129,22
131,129,22
130,129,22
130,129,22
125,129,22
126,129,22
125,129,22
126,129,22
128,129,22
129,117,22
130,117,22
130,117,22
134,117,22
134,117,22
135,117,22
133,117,22
129,117,22
129,117,22
130,117,22
128,117,22
130,117,22
131,117,22
136,117,22
134,117,22
134,117,22
132,117,22
129,117,22
129,117,22
127,117,22
128,117,22
128,117,22
130,117,22
129,117,22
131,117,22
133,117,22
137,117,22
137,117,22
137,117,22
133,117,22
132,117,22
136,117,22
136,117,22
136,117,22
136,117,22
136,117,22
136,117,22
135,117,22
139,109,22
141,109,22
142,109,22
143,109,22
140,109,22
145,109,22
146,109,22
147,109,22
148,109,22
148,109,22
149,109,22
152,109,22
156,152,22
156,152,22
156,152,22
158,152,22
158,152,22
157,152,22
157,152,22
157,152,22
158,152,22
158,152,22
160,152,22
159,152,22
162,152,22
160,134,22
158,134,22
159,134,22
158,134,22
160,134,22
156,134,22
150,134,22
152,158,22
156,158,22
155,158,22
155,158,22
153,158,22
153,158,22
152,158,22
150,158,22
151,158,22
152,158,22
148,121,22
148,121,22
150,121,22
150,121,22
151,121,22
149,121,22
148,121,22
147,121,22
145,121,22
146,121,22
145,121,22
144,121,22
143,121,22
142,121,22
141,121,22
143,121,22
143,121,22
141,121,22
142,121,22
139,121,22
138,121,22
134,115,22
135,115,22
135,115,22
136,115,22
134,115,22
131,115,22
132,115,22
133,115,22
135,115,22
134,115,22
133,115,22
134,115,22
135,115,22
133,115,22
134,115,22
134,115,22
132,115,22
129,115,22
127,115,22
126,115,22
127,115,22
126,115,22
124,115,22
124,115,22
126,115,22
124,115,22
125,115,22
127,115,22
125,115,22
125,115,22
125,115,22
126,115,22
127,115,22
127,115,22
129,128,22
128,128,22
127,128,22
126,128,22
125,128,22
126,128,22
127,128,22
125,128,22
126,128,22
128,128,22
128,128,22
127,128,22
128,100,22
129,100,22
128,100,22
130,100,22
131,100,22
130,100,22
129,100,22
126,100,22
124,100,22
122,100,22
124,100,22
120,100,22
126,100,22
125,100,22
127,100,22
127,100,22
126,100,22
126,100,22
126,100,22
124,100,22
125,100,22
127,100,22
127,100,22
128,100,22
128,100,22
126,100,22
124,100,22
125,119,22
127,119,22
127,119,22
129,119,22
127,119,22
129,119,22
127,119,22
125,119,22
123,119,22
124,119,22
122,119,22
122,119,22
120,119,22
119,119,22
119,119,22
117,119,22
119,119,22
121,131,22
121,131,22
121,131,22
122,131,22
122,131,22
123,131,22
123,131,22
126,131,22
125,131,22
128,131,22
128,131,22
128,133,22
128,133,22
124,133,22
127,133,22
127,133,22
129,133,22
131,133,22
133,133,22
134,133,22
139,133,22
141,133,22
139,133,22
141,133,22
139,133,22
137,133,22
135,133,22
136,133,22
135,133,22
132,133,22
133,133,22
134,133,22
132,133,22
130,78,22
131,78,22
128,78,22
128,78,22
131,78,22
130,78,22
133,78,22
128,78,22
124,78,22
120,78,22
120,78,22
119,78,22
119,78,22
118,78,22
116,118,22
117,118,22
113,118,22
113,118,22
111,118,22
111,118,22
110,118,22
107,128,22
108,128,22
108,128,22
108,128,22
108,128,22
107,128,22
105,128,22
107,128,22
107,128,22
105,128,22
105,128,22
103,128,22
104,128,22
101,128,22
100,128,22
102,128,22
103,128,22
104,128,22
103,128,22
104,128,22
103,128,22
100,128,22
101,128,22
98,128,22
93,128,22
94,128,22
91,128,22
89,128,22
87,128,22
87,128,22
83,128,22
84,128,22
87,128,22
89,128,22
90,128,22
90,128,22
88,128,22
86,128,22
88,128,22
91,128,22
91,128,22
94,128,22
93,128,22
92,128,22
92,87,22
92,87,22
94,87,22
94,87,22
92,87,22
92,87,22
95,87,22
90,78,22
87,78,22
85,78,22
86,78,22
85,78,22
83,78,22
82,78,22
84,78,22
82,78,22
84,78,22
84,78,22
82,78,22
79,78,22
77,78,22
76,78,22
74,78,22
77,78,22
77,78,22
75,78,22
78,78,22
77,78,22
76,78,22
76,78,22
77,78,22
80,68,22
79,68,22
79,68,22
80,68,22
81,68,22
80,68,22
77,68,22
75,68,22
77,68,22
78,68,22
81,68,22
84,68,22
82,68,22
79,68,22
80,68,22
77,68,22
77,68,22
76,68,22
76,68,22
77,68,22
78,68,22
78,68,22
80,68,22
80,68,22
78,68,22
76,68,22
74,68,22
72,68,22
73,68,22
73,68,22
77,68,22
75,68,22
76,85,22
75,85,22
71,85,22
72,85,22
68,85,22
69,85,22
74,85,22
74,85,22
75,85,22
73,85,22
72,85,22
73,85,22
72,85,22
75,85,22
74,85,22
75,85,22
76,85,22
78,85,22
79,85,22
78,85,22
78,85,22
77,85,22
72,85,22
74,85,22
75,85,22
73,60,22
74,60,22
72,60,22
73,60,22
73,60,22
75,60,22
77,60,22
76,60,22
75,60,22
75,60,22
75,60,22
76,60,22
77,60,22
77,60,22
82,60,22
79,60,22
84,60,22
81,60,22
83,60,22
84,60,22
85,60,22
86,60,22
85,60,22
81,60,22
84,60,22
85,60,22
83,60,22
83,60,22
89,60,22
88,60,22
89,60,22
89,60,22
92,60,22
90,60,22
89,60,22
87,134,22
87,134,22
87,134,22
88,134,22
87,134,22
86,134,22
84,134,22
83,134,22
79,90,22
78,90,22
82,90,22
81,90,22
80,90,22
83,90,22
82,90,22
80,90,22
79,90,22
78,90,22
80,90,22
79,90,22
77,90,22
79,90,22
75,90,22
78,90,22
81,90,22
84,90,22
86,90,22
84,90,22
86,90,22
88,90,22
92,90,22
90,90,22
89,90,22
88,90,22
87,90,22
87,90,22
86,90,22
88,90,22
88,90,22
85,90,22
84,90,22
84,90,22
81,90,22
82,90,22
82,90,22
83,90,22
82,90,22
83,90,22
82,90,22
84,90,22
84,90,22
88,90,22
89,90,22
90,90,22
88,90,22
87,90,22
85,90,22
86,90,22
86,90,22
87,90,22
87,90,22
88,90,22
86,90,22
84,80,22
81,80,22
90,80,22
88,80,22
86,80,22
90,80,22
92,80,22
91,80,22
89,80,22
87,80,22
91,80,22
93,80,22
92,80,22
91,80,22
90,80,22
89,80,22
90,80,22
92,80,22
91,80,22
94,80,22
92,80,22
93,80,22
92,80,22
89,80,22
87,80,22
89,80,22
84,80,22
89,80,22
93,80,22
91,80,22
93,80,22
94,80,22
96,80,22
100,80,22
101,80,22
103,80,22
104,80,22
101,80,22
102,80,22
103,80,22
102,80,22
102,80,22
98,80,22
97,80,22
97,80,22
95,80,22
97,80,22
94,80,22
91,80,22
90,80,22
92,80,22
92,81,22
90,81,22
90,81,22
89,81,22
88,81,22
87,81,22
87,81,22
88,81,22
83,81,22
84,81,22
83,81,22
82,81,22
80,81,22
79,81,22
79,81,22
78,81,22
77,81,22
80,81,22
79,81,22
76,81,22
76,60,22
76,60,22
72,60,22
75,60,22
72,60,22
70,60,22
67,60,22
68,60,22
70,60,22
68,60,22
68,60,22
67,60,22
69,60,22
68,60,22
70,60,22
69,82,22
68,82,22
67,82,22
66,82,22
68,82,22
69,82,22
68,82,22
67,82,22
70,82,22
70,82,22
70,82,22
67,82,22
68,82,22
69,76,22
71,76,22
70,76,22
69,76,22
66,76,22
64,76,22
67,76,22
67,76,22
67,76,22
65,76,22
62,76,22
62,76,22
65,76,22
62,76,22
62,76,22
62,88,22
63,88,22
63,88,22
66,88,22
63,88,22
62,88,22
64,88,22
64,88,22
63,88,22
64,88,22
66,88,22
67,94,22
67,94,22
68,94,22
70,94,22
71,94,22
73,94,22
74,94,22
73,94,22
71,94,22
75,94,22
72,94,22
70,94,22
70,94,22
68,56,22
66,56,22
65,56,22
65,56,22
67,56,22
67,56,22
68,56,22
68,67,22
68,67,22
67,67,22
62,67,22
63,67,22
65,67,22
65,67,22
64,67,22
62,67,22
61,67,22
62,67,22
62,67,22
62,67,22
65,67,22
66,67,22
64,67,22
63,67,22
63,67,22
64,67,22
63,67,22
64,67,22
64,67,22
64,67,22
65,67,22
63,67,22
59,67,22
58,67,22
59,67,22
59,67,22
60,67,22
60,67,22
59,67,22
58,67,22
63,67,22
67,67,22
65,67,22
65,67,22
62,67,22
63,67,22
58,54,22
59,54,22
59,54,22
57,54,22
56,54,22
53,54,22
53,54,22
55,54,22
56,54,22
55,54,22
52,54,22
55,54,22
55,54,22
51,54,22
53,54,22
49,54,22
51,54,22
51,54,22
50,54,22
50,54,22
53,54,22
53,54,22
56,54,22
59,54,22
58,54,22
57,54,22
57,54,22
57,54,22
55,54,22
57,54,22
57,54,22
58,54,22
55,54,22
56,54,22
57,54,22
54,54,22
54,63,22
52,63,22
52,63,22
52,63,22
52,63,22
51,63,22
50,63,22
51,63,22
48,63,22
49,63,22
51,63,22
52,63,22
55,63,22
54,63,22
55,63,22
55,63,22
53,63,22
52,63,22
53,80,22
53,80,22
50,80,22
50,80,22
52,80,22
53,80,22
51,80,22
52,80,22
53,80,22
56,80,22
55,80,22
55,80,22
56,80,22
53,80,22
56,80,22
56,80,22
57,80,22
58,80,22
59,80,22
56,80,22
54,80,22
56,80,22
53,50,22
52,50,22
51,50,22
53,50,22
53,50,22
51,50,22
54,50,22
53,50,22
51,50,22
46,50,22
45,50,22
46,50,22
44,50,22
42,50,22
40,50,22
44,50,22
46,50,22
48,50,22
48,50,22
44,34,22
42,34,22
42,34,22
42,34,22
40,34,22
39,34,22
38,34,22
39,34,22
41,34,22
41,34,22
42,34,22
43,34,22
43,34,22
42,51,22
45,51,22
46,51,22
47,51,22
42,51,22
41,51,22
40,51,22
39,51,22
42,51,22
41,51,22
41,51,22
43,51,22
44,51,22
44,51,22
43,51,22
46,51,22
49,51,22
46,51,22
45,51,22
47,51,22
46,51,22
50,51,22
49,51,22
49,51,22
49,51,22
48,51,22
48,51,22
45,51,22
47,51,22
46,51,22
48,51,22
47,51,22
47,51,22
48,51,22
49,51,22
48,51,22
49,51,22
50,51,22
53,51,22
51,51,22
50,51,22
49,51,22
49,51,22
49,51,22
51,51,22
53,51,22
55,51,22
53,51,22
53,51,22
54,56,22
56,56,22
57,56,22
57,56,22
57,56,22
58,56,22
59,56,22
60,56,22
62,56,22
61,56,22
65,41,22
64,41,22
62,41,22
61,41,22
61,41,22
58,41,22
57,41,22
52,41,22
53,41,22
54,41,22
53,41,22
52,41,22
51,41,22
48,41,22
49,41,22
51,41,22
52,41,22
55,41,22
54,41,22
55,41,22
54,41,22
56,41,22
54,41,22
59,41,22
60,41,22
63,41,22
65,41,22
64,41,22
63,41,22
63,29,22
66,29,22
69,29,22
68,29,22
71,29,22
70,29,22
70,29,22
69,29,22
69,29,22
69,29,22
74,29,22
74,29,22
76,29,22
76,29,22
75,29,22
78,29,22
77,29,22
77,29,22
76,29,22
73,29,22
72,29,22
73,29,22
75,29,22
73,29,22
72,29,22
71,29,22
72,29,22
70,29,22
70,29,22
66,29,22
67,46,22
69,46,22
71,46,22
70,46,22
71,46,22
71,46,22
71,46,22
75,46,22
73,46,22
73,46,22
72,46,22
68,46,22
70,46,22
69,46,22
65,46,22
63,46,22
63,46,22
61,46,22
63,46,22
65,46,22
63,46,22
61,46,22
60,46,22
61,46,22
61,46,22
62,46,22
58,46,22
58,46,22
55,20,22
54,20,22
57,20,22
58,20,22
58,20,22
57,20,22
57,20,22
58,20,22
58,20,22
57,20,22
59,20,22
56,34,22
57,34,22
54,34,22
56,34,22
58,34,22
54,34,22
53,34,22
55,34,22
59,34,22
57,34,22
57,34,22
55,34,22
54,34,22
57,34,22
54,34,22
57,34,22
60,34,22
59,34,22
58,34,22
58,34,22
59,34,22
56,34,22
55,34,22
55,34,22
59,34,22
60,34,22
60,34,22
59,34,22
58,34,22
55,34,22
54,34,22
53,34,22
52,34,22
51,34,22
51,53,22
51,53,22
51,53,22
50,53,22
48,53,22
48,53,22
46,53,22
44,53,22
43,50,22
43,50,22
46,50,22
47,50,22
49,50,22
50,50,22
51,50,22
49,50,22
52,50,22
51,50,22
54,50,22
59,50,22
59,50,22
59,50,22
56,50,22
57,50,22
57,50,22
54,50,22
56,50,22
54,50,22
51,50,22
52,50,22
51,50,22
48,50,22
48,50,22
50,50,22
48,50,22
47,50,22
44,50,22
44,50,22
47,50,22
49,50,22
48,50,22
50,50,22
48,50,22
46,50,22
44,50,22
43,37,22
45,37,22
47,37,22
44,37,22
44,37,22
45,37,22
43,37,22
44,37,22
43,37,22
43,37,22
44,37,22
45,37,22
45,37,22
44,37,22
46,37,22
47,37,22
46,37,22
46,70,22
45,70,22
45,70,22
47,70,22
46,70,22
51,70,22
53,70,22
52,70,22
57,70,22
60,70,22
59,70,22
63,70,22
63,70,22
63,70,22
63,70,22
62,70,22
66,70,22
63,70,22
61,70,22
61,70,22
63,70,22
63,70,22
64,70,22
68,70,22
68,70,22
69,70,22
68,70,22
68,70,22
68,70,22
69,70,22
67,70,22
63,70,22
65,79,22
66,79,22
64,79,22
66,79,22
70,79,22
72,79,22
68,79,22
69,79,22
67,79,22
68,79,22
69,79,22
70,79,22
71,79,22
69,79,22
66,79,22
64,79,22
64,79,22
63,79,22
61,79,22
62,79,22
60,79,22
59,79,22
61,67,22
64,67,22
60,67,22
65,67,22
65,67,22
65,67,22
66,67,22
65,67,22
64,67,22
64,67,22
65,67,22
64,67,22
65,67,22
68,67,22
67,67,22
65,67,22
64,67,22
64,67,22
63,67,22
65,67,22
64,67,22
66,67,22
64,67,22
66,67,22
67,67,22
66,67,22
66,89,22
67,89,22
67,89,22
66,89,22
66,89,22
64,89,22
69,89,22
70,89,22
74,89,22
75,101,22
74,101,22
75,101,22
75,101,22
74,101,22
73,101,22
70,101,22
71,101,22
72,101,22
71,101,22
70,101,22
74,101,22
73,101,22
73,101,22
77,101,22
77,101,22
82,101,22
82,101,22
80,101,22
79,101,22
81,101,22
81,101,22
81,101,22
84,101,22
82,101,22
85,101,22
87,101,22
86,101,22
85,101,22
78,101,22
78,101,22
80,101,22
82,101,22
79,101,22
82,101,22
79,101,22
78,101,22
75,101,22
78,101,22
75,101,22
76,97,22
73,97,22
76,97,22
73,97,22
71,97,22
73,97,22
74,97,22
75,97,22
74,97,22
76,97,22
80,97,22
74,97,22
74,97,22
77,97,22
79,97,22
75,97,22
77,97,22
80,97,22
79,97,22
80,97,22
84,97,22
83,97,22
83,97,22
84,97,22
86,79,22
87,79,22
85,79,22
85,79,22
87,79,22
90,79,22
91,79,22
94,79,22
96,79,22
97,79,22
99,79,22
98,79,22
100,79,22
103,79,22
103,79,22
107,79,22
109,79,22
111,79,22
116,79,22
120,79,22
122,79,22
120,79,22
116,79,22
116,79,22
119,79,22
119,79,22
118,79,22
117,79,22
119,79,22
118,79,22
120,79,22
117,79,22
117,79,22
118,79,22
117,79,22
117,79,22
116,79,22
113,79,22
113,79,22
114,104,22
115,104,22
118,104,22
115,104,22
114,104,22
113,104,22
108,100,22
106,100,22
104,100,22
105,100,22
105,100,22
103,100,22
101,100,22
103,100,22
106,100,22
105,100,22
107,100,22
105,100,22
104,100,22
104,100,22
106,100,22
103,100,22
101,100,22
100,100,22
100,100,22
101,100,22
101,139,22
98,139,22
96,139,22
94,139,22
95,139,22
97,139,22
99,139,22
98,139,22
95,139,22
97,139,22
97,122,22
100,122,22
101,122,22
103,122,22
102,122,22
104,122,22
104,122,22
106,122,22
104,122,22
104,122,22
100,122,22
105,122,22
103,122,22
102,74,22
101,74,22
97,74,22
96,74,22
98,74,22
96,74,22
95,74,22
96,74,22
95,74,22
98,74,22
99,74,22
101,74,22
102,74,22
98,74,22
101,74,22
102,104,22
103,104,22
104,104,22
104,104,22
104,104,22
100,104,22
98,104,22
98,104,22
98,104,22
99,104,22
99,104,22
93,104,22
96,104,22
93,104,22
88,104,22
83,104,22
83,104,22
82,104,22
82,104,22
81,104,22
82,104,22
80,104,22
82,104,22
82,104,22
84,104,22
85,104,22
84,104,22
85,104,22
84,104,22
85,104,22
87,104,22
87,104,22
87,104,22
86,104,22
85,104,22
86,104,22
87,104,22
85,101,22
81,101,22
79,101,22
82,101,22
83,101,22
85,101,22
85,101,22
84,101,22
84,85,22
85,85,22
84,85,22
82,85,22
85,85,22
85,85,22
86,85,22
86,85,22
89,85,22
93,85,22
92,85,22
89,85,22
89,85,22
90,85,22
87,93,22
87,93,22
85,93,22
86,93,22
85,93,22
83,93,22
86,93,22
85,93,22
86,93,22
85,93,22
85,93,22
86,93,22
89,93,22
88,93,22
86,93,22
85,93,22
84,93,22
85,93,22
88,93,22
90,93,22
91,93,22
94,93,22
92,93,22
94,93,22
96,93,22
100,93,22
100,93,22
97,93,22
97,93,22
93,93,22
92,93,22
91,93,22
89,93,22
89,93,22
92,93,22
93,93,22
92,93,22
91,93,22
92,93,22
91,93,22
94,93,22
96,93,22
96,93,22
95,93,22
98,93,22
98,93,22
93,93,22
93,93,22
95,93,22
95,76,22
92,76,22
93,76,22
90,76,22
89,76,22
89,76,22
91,76,22
91,76,22
92,76,22
92,76,22
93,76,22
93,76,22
96,76,22
97,76,22
97,76,22
98,76,22
99,76,22
100,76,22
101,76,22
99,76,22
96,76,22
97,76,22
97,76,22
98,122,22
99,122,22
99,122,22
96,122,22
95,122,22
95,122,22
98,122,22
96,122,22
94,122,22
92,53,22
94,53,22
94,53,22
94,53,22
95,53,22
97,53,22
96,53,22
99,53,22
98,53,22
97,53,22
95,53,22
96,53,22
94,53,22
93,53,22
92,53,22
93,53,22
89,53,22
88,53,22
90,53,22
90,53,22
93,53,22
91,53,22
84,53,22
87,53,22
89,93,22
89,93,22
90,93,22
90,93,22
85,93,22
86,93,22
85,93,22
85,93,22
84,93,22
81,93,22
78,93,22
79,93,22
81,93,22
83,93,22
84,93,22
83,93,22
84,93,22
85,93,22
86,93,22
86,79,22
79,79,22
78,79,22
80,79,22
78,79,22
76,79,22
69,79,22
69,79,22
69,79,22
70,79,22
71,79,22
70,79,22
70,79,22
68,79,22
67,79,22
65,79,22
65,79,22
68,79,22
66,79,22
64,79,22
64,79,22
65,79,22
66,79,22
66,79,22
67,79,22
67,79,22
69,79,22
68,79,22
67,79,22
66,79,22
66,79,22
66,79,22
62,79,22
60,79,22
63,79,22
58,79,22
57,79,22
59,79,22
58,79,22
59,79,22
56,79,22
55,79,22
53,79,22
51,79,22
51,79,22
54,79,22
52,79,22
52,58,22
49,58,22
45,58,22
46,58,22
45,58,22
44,58,22
44,58,22
45,58,22
48,58,22
46,58,22
46,58,22
46,58,22
46,58,22
47,58,22
51,58,22
48,58,22
47,58,22
48,48,22
51,48,22
51,48,22
51,48,22
50,48,22
54,48,22
51,48,22
52,48,22
50,48,22
51,48,22
49,48,22
48,48,22
45,48,22
44,48,22
39,48,22
40,48,22
41,48,22
40,48,22
38,48,22
41,48,22
41,48,22
38,48,22
37,48,22
32,48,22
33,48,22
38,56,22
36,56,22
36,56,22
35,56,22
33,56,22
32,56,22
33,56,22
32,56,22
29,56,22
30,56,22
28,56,22
28,56,22
27,56,22
25,56,22
26,56,22
26,56,22
29,56,22
29,56,22
29,56,22
29,56,22
35,56,22
38,56,22
37,56,22
35,56,22
35,56,22
37,56,22
37,56,22
35,56,22
35,70,22
36,70,22
34,70,22
35,70,22
33,70,22
34,70,22
34,70,22
33,70,22
33,70,22
34,70,22
32,70,22
31,70,22
29,70,22
29,70,22
30,70,22
32,70,22
36,70,22
37,70,22
39,70,22
39,70,22
35,70,22
34,70,22
31,70,22
33,70,22
29,70,22
31,70,22
31,70,22
33,70,22
32,70,22
34,70,22
31,70,22
30,70,22
29,70,22
30,70,22
29,70,22
30,70,22
28,8,22
28,8,22
28,8,22
29,8,22
31,8,22
30,8,22
31,8,22
31,8,22
29,8,22
28,8,22
29,8,22
32,8,22
29,5,22
28,5,22
29,5,22
28,5,22
28,5,22
27,5,22
27,5,22
26,5,22
23,5,22
23,5,22
19,5,22
20,5,22
22,5,22
24,5,22
20,5,22
20,5,22
18,5,22
16,5,22
15,5,22
16,5,22
17,5,22
16,5,22
16,5,22
17,5,22
16,5,22
18,5,22
20,5,22
20,5,22
19,5,22
20,5,22
22,5,22
21,3,22
19,3,22
20,3,22
19,3,22
19,3,22
21,3,22
21,3,22
19,3,22
17,3,22
20,3,22
21,3,22
25,3,22
25,3,22
24,3,22
26,3,22
26,3,22
26,3,22
26,3,22
29,3,22
29,24,22
26,24,22
27,24,22
26,24,22
29,24,22
30,24,22
33,24,22
35,24,22
36,24,22
35,24,22
34,24,22
35,43,22
36,43,22
39,43,22
39,43,22
38,43,22
43,43,22
41,43,22
45,43,22
45,43,22
45,43,22
44,43,22
42,43,22
42,43,22
43,43,22
44,43,22
46,43,22
46,43,22
49,43,22
47,43,22
48,43,22
51,43,22
52,43,22
51,43,22
45,43,22
44,43,22
45,43,22
47,43,22
46,43,22
45,43,22
44,43,22
44,43,22
42,43,22
38,43,22
42,67,22
43,67,22
43,67,22
41,67,22
43,67,22
43,67,22
43,67,22
48,67,22
45,67,22
40,67,22
39,67,22
41,67,22
42,67,22
41,351,22
40,351,22
42,351,22
45,351,22
46,351,22
46,351,22
49,351,22
49,351,22
50,351,22
51,351,22
53,351,22
53,351,22
55,351,22
58,351,22
57,351,22
60,351,22
64,351,22
63,351,22
63,351,22
63,351,22
62,351,22
60,351,22
61,351,22
59,351,22
62,351,22
62,351,22
61,351,22
60,351,22
58,351,22
60,351,22
58,351,22
59,351,22
60,351,22
62,351,22
60,351,22
61,351,22
61,351,22
62,351,22
62,351,22
61,351,22
61,351,22
64,351,22
65,351,22
65,73,22
68,73,22
68,73,22
69,73,22
65,73,22
65,73,22
64,73,22
61,73,22
60,73,22
62,73,22
65,73,22
67,73,22
69,73,22
70,73,22
71,73,22
67,73,22
64,73,22
63,73,22
62,73,22
61,73,22
62,73,22
63,73,22
61,73,22
62,73,22
62,73,22
63,41,22
64,41,22
62,41,22
62,41,22
59,41,22
59,41,22
58,41,22
57,41,22
56,41,22
59,41,22
58,41,22
59,41,22
61,41,22
66,41,22
66,41,22
68,41,22
69,41,22
67,41,22
65,41,22
65,41,22
66,41,22
65,61,22
65,61,22
62,61,22
62,61,22
63,61,22
64,61,22
64,61,22
65,61,22
68,61,22
69,61,22
67,61,22
68,61,22
68,61,22
69,61,22
70,61,22
70,61,22
68,61,22
69,61,22
70,61,22
71,61,22
70,61,22
71,61,22
71,61,22
70,61,22
70,61,22
70,61,22
68,61,22
64,61,22
63,61,22
61,61,22
61,61,22
62,61,22
61,61,22
61,61,22
62,61,22
61,61,22
63,61,22
63,61,22
63,61,22
62,61,22
61,61,22
61,61,22
61,61,22
65,61,22
70,61,22
72,61,22
73,61,22
77,61,22
78,61,22
77,61,22
76,67,22
75,67,22
77,67,22
79,67,22
81,67,22
85,67,22
84,67,22
82,67,22
83,67,22
83,67,22
85,79,22
82,79,22
79,79,22
81,79,22
82,79,22
83,79,22
85,79,22
85,79,22
81,79,22
79,46,22
77,46,22
77,46,22
77,46,22
77,46,22
79,46,22
81,46,22
80,46,22
79,46,22
75,46,22
75,46,22
77,46,22
76,46,22
81,46,22
82,46,22
82,46,22
83,132,22
81,132,22
85,132,22
81,132,22
85,132,22
85,132,22
83,84,22
82,84,22
84,84,22
81,84,22
81,84,22
80,84,22
78,84,22
79,84,22
77,84,22
75,84,22
78,84,22
76,84,22
75,84,22
74,89,22
75,89,22
75,89,22
75,89,22
76,89,22
75,89,22
76,89,22
76,89,22
76,89,22
74,89,22
75,89,22
72,89,22
72,89,22
71,60,22
74,60,22
71,60,22
72,60,22
71,60,22
70,60,22
71,60,22
72,81,22
73,81,22
72,81,22
73,81,22
71,81,22
71,81,22
69,81,22
66,81,22
66,81,22
68,81,22
69,81,22
66,81,22
66,81,22
65,81,22
63,81,22
63,37,22
62,37,22
63,37,22
63,37,22
62,37,22
61,37,22
66,37,22
69,37,22
65,37,22
65,37,22
62,37,22
61,37,22
60,49,22
61,49,22
60,49,22
61,49,22
60,49,22
61,49,22
63,49,22
60,49,22
60,49,22
63,49,22
63,49,22
62,49,22
59,49,22
64,49,22
65,49,22
65,49,22
65,49,22
64,49,22
67,49,22
65,49,22
67,49,22
66,49,22
68,49,22
67,49,22
68,49,22
70,49,22
73,49,22
73,49,22
75,49,22
73,49,22
71,49,22
70,49,22
68,49,22
68,49,22
67,49,22
67,55,22
69,55,22
72,55,22
74,55,22
75,55,22
73,55,22
75,55,22
73,55,22
73,55,22
71,79,22
69,79,22
69,79,22
70,79,22
72,79,22
71,79,22
71,79,22
72,79,22
71,79,22
71,79,22
73,79,22
72,79,22
72,79,22
74,79,22
72,79,22
71,79,22
74,79,22
72,79,22
71,79,22
69,79,22
70,79,22
71,79,22
70,79,22
70,79,22
74,79,22
74,79,22
76,79,22
77,79,22
75,79,22
73,77,22
74,77,22
73,77,22
74,77,22
73,77,22
74,77,22
74,77,22
74,89,22
74,89,22
76,89,22
74,89,22
73,89,22
73,89,22
78,89,22
77,89,22
77,89,22
81,89,22
77,89,22
76,89,22
75,89,22
76,89,22
77,89,22
76,89,22
74,89,22
76,89,22
76,89,22
77,89,22
77,89,22
79,89,22
78,89,22
79,89,22
79,89,22
79,77,22
80,77,22
81,77,22
82,77,22
82,77,22
81,77,22
83,77,22
82,77,22
88,101,22
90,101,22
92,101,22
91,101,22
90,101,22
90,101,22
88,101,22
85,101,22
85,101,22
82,101,22
84,101,22
85,101,22
85,101,22
86,101,22
86,101,22
87,101,22
86,101,22
85,101,22
85,101,22
85,121,22
87,121,22
86,121,22
90,121,22
91,121,22
89,121,22
87,121,22
92,121,22
94,121,22
96,121,22
94,121,22
96,121,22
97,121,22
94,121,22
96,121,22
94,121,22
95,121,22
92,121,22
91,121,22
92,121,22
92,121,22
92,121,22
96,121,22
95,121,22
91,121,22
91,121,22
90,121,22
91,121,22
92,121,22
90,121,22
88,121,22
87,121,22
87,62,22
89,62,22
89,62,22
86,62,22
87,62,22
90,62,22
89,62,22
90,62,22
87,62,22
90,62,22
90,62,22
91,62,22
93,62,22
92,62,22
91,62,22
91,62,22
91,62,22
90,62,22
88,62,22
82,62,22
78,62,22
78,62,22
79,62,22
80,95,22
82,95,22
78,95,22
78,95,22
79,95,22
80,95,22
82,95,22
81,95,22
82,95,22
80,87,22
79,87,22
79,87,22
79,87,22
78,87,22
81,87,22
79,87,22
78,87,22
79,87,22
79,87,22
78,87,22
81,87,22
82,87,22
83,87,22
81,87,22
81,87,22
79,87,22
79,87,22
80,87,22
80,87,22
80,87,22
80,87,22
77,87,22
74,87,22
76,87,22
76,87,22
74,87,22
77,73,22
80,73,22
81,73,22
79,73,22
77,73,22
77,73,22
74,73,22
75,73,22
73,73,22
74,98,22
71,98,22
72,98,22
69,98,22
72,98,22
75,98,22
76,98,22
74,98,22
77,98,22
77,98,22
79,98,22
81,98,22
81,98,22
82,98,22
81,98,22
85,98,22
86,98,22
82,98,22
85,98,22
85,98,22
84,112,22
85,112,22
82,112,22
83,112,22
83,112,22
81,112,22
77,112,22
78,112,22
76,112,22
76,112,22
77,112,22
79,112,22
80,112,22
79,112,22
75,112,22
80,112,22
76,112,22
77,112,22
75,112,22
76,112,22
73,112,22
78,112,22
77,112,22
80,112,22
80,112,22
81,112,22
79,112,22
79,112,22
77,112,22
78,112,22
77,112,22
77,112,22
75,112,22
73,112,22
75,77,22
75,77,22
74,77,22
74,77,22
73,77,22
76,77,22
77,77,22
76,77,22
76,77,22
77,77,22
73,77,22
70,77,22
72,77,22
68,77,22
68,77,22
69,77,22
72,77,22
73,77,22
71,77,22
69,77,22
67,77,22
72,77,22
72,77,22
72,77,22
72,77,22
72,77,22
73,77,22
69,77,22
67,77,22
69,77,22
70,77,22
70,77,22
67,59,22
66,59,22
63,59,22
66,59,22
64,59,22
62,59,22
59,59,22
60,59,22
59,59,22
56,59,22
59,59,22
61,56,22
63,56,22
63,56,22
65,56,22
65,56,22
68,56,22
68,56,22
68,56,22
68,56,22
71,56,22
69,56,22
66,56,22
69,56,22
69,56,22
68,73,22
69,73,22
69,73,22
67,73,22
67,73,22
69,73,22
68,73,22
69,73,22
66,73,22
68,73,22
67,73,22
71,73,22
73,73,22
74,49,22
73,49,22
72,49,22
74,49,22
76,49,22
78,49,22
78,49,22
75,49,22
75,49,22
74,49,22
72,49,22
72,49,22
74,49,22
74,49,22
70,49,22
70,71,22
69,71,22
71,71,22
68,71,22
68,71,22
68,71,22
71,71,22
73,71,22
74,71,22
71,71,22
70,71,22
71,71,22
71,71,22
70,71,22
71,71,22
70,71,22
69,71,22
69,71,22
68,71,22
69,71,22
70,71,22
71,71,22
68,71,22
69,71,22
68,71,22
70,71,22
70,71,22
67,71,22
67,71,22
68,71,22
68,65,22
70,65,22
67,65,22
68,65,22
69,65,22
70,65,22
73,65,22
70,65,22
71,65,22
71,65,22
75,65,22
79,65,22
76,65,22
74,65,22
78,65,22
82,65,22
79,92,22
80,92,22
78,92,22
82,92,22
78,92,22
78,92,22
79,92,22
82,92,22
84,92,22
83,92,22
84,92,22
84,92,22
81,92,22
78,92,22
77,92,22
77,92,22
76,92,22
77,92,22
71,92,22
73,92,22
68,92,22
68,92,22
69,92,22
68,92,22
68,92,22
68,92,22
67,92,22
71,92,22
70,79,22
67,79,22
65,79,22
68,79,22
68,79,22
68,79,22
67,79,22
67,79,22
72,79,22
72,79,22
72,79,22
72,79,22
72,79,22
73,79,22
72,79,22
72,79,22
71,79,22
69,79,22
68,79,22
66,79,22
65,79,22
65,79,22
63,79,22
65,79,22
66,79,22
67,79,22
61,79,22
63,68,22
63,68,22
65,68,22
68,68,22
68,68,22
65,68,22
62,68,22
61,68,22
67,68,22
67,68,22
66,68,22
65,92,22
61,92,22
59,92,22
61,92,22
62,92,22
60,92,22
56,92,22
58,92,22
60,92,22
61,66,22
62,66,22
61,66,22
59,66,22
58,66,22
58,66,22
56,66,22
59,66,22
60,66,22
60,66,22
61,66,22
65,66,22
64,66,22
63,66,22
62,66,22
60,66,22
57,66,22
58,66,22
60,78,22
59,78,22
61,78,22
57,78,22
61,78,22
61,78,22
62,78,22
63,78,22
61,78,22
64,78,22
64,78,22
65,78,22
70,78,22
71,78,22
72,78,22
73,78,22
73,78,22
75,78,22
74,78,22
75,78,22
74,78,22
73,78,22
76,78,22
76,78,22
76,78,22
74,78,22
72,78,22
74,78,22
74,78,22
76,78,22
75,44,22
76,44,22
76,44,22
78,44,22
74,44,22
71,44,22
74,44,22
77,44,22
75,44,22
74,44,22
74,44,22
73,129,22
75,129,22
75,129,22
76,129,22
79,129,22
80,129,22
78,129,22
80,129,22
78,129,22
77,129,22
77,129,22
78,129,22
77,129,22
76,129,22
78,129,22
77,129,22
77,129,22
74,129,22
74,129,22
76,129,22
75,129,22
77,55,22
73,55,22
74,55,22
74,55,22
73,55,22
72,55,22
72,55,22
73,55,22
75,55,22
75,55,22
75,55,22
73,43,22
70,43,22
71,43,22
75,43,22
76,43,22
75,43,22
78,43,22
78,43,22
80,43,22
79,43,22
78,43,22
80,43,22
79,43,22
77,43,22
79,43,22
80,43,22
80,43,22
79,43,22
80,43,22
79,43,22
78,43,22
80,43,22
79,43,22
77,43,22
75,43,22
73,43,22
73,43,22
73,43,22
72,43,22
72,43,22
74,43,22
73,43,22
70,43,22
69,43,22
66,43,22
65,43,22
67,43,22
64,43,22
65,43,22
64,43,22
63,43,22
65,43,22
62,43,22
62,43,22
63,43,22
66,43,22
64,43,22
66,43,22
67,43,22
70,43,22
71,43,22
70,43,22
71,43,22
70,43,22
71,43,22
72,43,22
70,77,22
73,77,22
73,77,22
72,77,22
71,77,22
71,77,22
71,77,22
72,77,22
71,77,22
73,77,22
76,77,22
77,77,22
77,77,22
77,77,22
72,69,22
72,69,22
71,69,22
71,69,22
70,69,22
69,69,22
65,69,22
65,69,22
64,69,22
67,69,22
67,69,22
64,69,22
64,69,22
63,69,22
61,69,22
62,69,22
63,69,22
64,69,22
65,63,22
67,63,22
65,63,22
67,63,22
66,63,22
69,63,22
69,63,22
68,63,22
67,63,22
65,63,22
65,63,22
66,63,22
68,63,22
68,52,22
68,52,22
72,52,22
74,52,22
73,52,22
76,52,22
76,52,22
78,52,22
81,52,22
83,52,22
83,52,22
83,52,22
81,52,22
82,52,22
85,52,22
83,52,22
80,52,22
77,52,22
79,52,22
80,52,22
75,52,22
73,52,22
73,52,22
75,52,22
77,52,22
76,52,22
78,52,22
79,52,22
80,52,22
78,52,22
79,52,22
81,74,22
79,74,22
81,74,22
80,74,22
80,74,22
81,74,22
81,74,22
77,74,22
78,74,22
76,74,22
74,61,22
72,61,22
72,61,22
72,61,22
70,61,22
70,61,22
72,61,22
69,61,22
68,61,22
66,61,22
66,61,22
65,46,22
65,46,22
72,46,22
68,46,22
69,46,22
68,46,22
63,46,22
65,46,22
66,46,22
67,46,22
64,46,22
65,46,22
64,46,22
65,46,22
65,46,22
67,46,22
68,46,22
69,46,22
69,46,22
67,46,22
62,46,22
62,46,22
62,46,22
61,46,22
62,46,22
64,46,22
62,46,22
67,46,22
69,46,22
70,46,22
69,46,22
68,46,22
64,46,22
64,46,22
63,46,22
62,46,22
62,46,22
62,46,22
62,46,22
59,46,22
55,46,22
56,46,22
56,46,22
56,46,22
53,46,22
52,58,22
50,58,22
52,58,22
51,58,22
48,58,22
49,58,22
51,58,22
49,58,22
49,58,22
51,58,22
54,58,22
55,58,22
52,58,22
55,58,22
54,58,22
55,58,22
53,58,22
55,58,22
54,58,22
54,58,22
52,58,22
54,58,22
53,58,22
50,52,22
53,52,22
54,52,22
54,52,22
53,52,22
50,52,22
48,52,22
45,52,22
44,52,22
45,52,22
43,52,22
43,52,22
46,52,22
48,52,22
48,52,22
47,40,22
48,40,22
50,40,22
48,40,22
47,40,22
46,40,22
47,40,22
47,40,22
47,40,22
47,40,22
45,40,22
48,40,22
49,40,22
46,40,22
44,40,22
46,40,22
46,40,22
41,40,22
40,40,22
36,40,22
34,40,22
36,40,22
37,40,22
38,40,22
38,40,22
34,44,22
34,44,22
33,44,22
33,44,22
36,44,22
36,44,22
38,44,22
36,44,22
36,58,22
34,58,22
36,58,22
38,58,22
38,58,22
39,58,22
39,58,22
45,58,22
46,58,22
45,58,22
44,58,22
47,58,22
49,58,22
50,58,22
50,58,22
50,58,22
47,58,22
48,58,22
50,58,22
50,58,22
52,58,22
52,58,22
51,58,22
53,58,22
58,58,22
59,58,22
53,58,22
54,58,22
57,58,22
58,58,22
55,58,22
55,58,22
50,58,22
52,58,22
55,58,22
53,31,22
53,31,22
53,31,22
55,31,22
57,31,22
56,31,22
58,31,22
58,31,22
60,31,22
59,31,22
59,31,22
58,31,22
57,31,22
56,31,22
57,31,22
59,31,22
60,31,22
62,29,22
66,29,22
63,29,22
64,29,22
64,29,22
65,29,22
65,29,22
63,29,22
66,29,22
67,29,22
68,73,22
68,73,22
67,73,22
66,73,22
68,73,22
68,73,22
67,73,22
66,73,22
67,73,22
68,73,22
69,73,22
69,73,22
71,73,22
71,73,22
70,73,22
71,73,22
70,73,22
73,73,22
72,67,22
74,67,22
73,67,22
72,67,22
72,67,22
71,67,22
72,67,22
75,67,22
76,67,22
79,67,22
78,67,22
77,67,22
75,67,22
73,67,22
71,67,22
70,67,22
70,67,22
74,67,22
78,67,22
81,67,22
81,67,22
80,67,22
78,67,22
81,67,22
82,67,22
83,67,22
85,67,22
85,67,22
81,67,22
83,67,22
84,67,22
85,67,22
83,67,22
82,67,22
81,67,22
84,67,22
85,67,22
84,67,22
81,67,22
80,67,22
80,67,22
79,67,22
82,67,22
83,67,22
82,67,22
80,67,22
78,67,22
78,67,22
78,67,22
81,67,22
80,67,22
77,67,22
80,67,22
81,67,22
78,67,22
79,67,22
80,67,22
81,67,22
81,67,22
82,69,22
86,69,22
88,69,22
89,69,22
94,69,22
92,69,22
95,69,22
96,69,22
93,69,22
90,69,22
93,69,22
92,69,22
90,69,22
93,69,22
94,77,22
97,77,22
100,77,22
101,77,22
103,77,22
101,77,22
96,77,22
97,77,22
95,77,22
95,77,22
95,77,22
95,77,22
93,77,22
95,77,22
93,102,22
90,102,22
90,102,22
92,102,22
89,102,22
88,102,22
89,102,22
88,102,22
89,102,22
92,102,22
92,102,22
92,102,22
94,102,22
93,102,22
92,102,22
91,102,22
93,102,22
91,52,22
95,52,22
91,52,22
86,52,22
86,52,22
86,52,22
84,52,22
86,52,22
82,52,22
84,52,22
85,52,22
81,52,22
79,52,22
79,52,22
79,52,22
81,52,22
80,52,22
84,52,22
82,52,22
83,52,22
84,52,22
84,52,22
86,52,22
86,52,22
87,52,22
86,52,22
85,52,22
85,52,22
80,52,22
80,52,22
85,52,22
87,52,22
85,52,22
83,52,22
85,52,22
88,52,22
87,52,22
87,52,22
86,52,22
84,52,22
84,52,22
85,52,22
86,52,22
88,52,22
84,52,22
83,52,22
83,52,22
83,52,22
83,52,22
82,52,22
83,52,22
87,52,22
88,52,22
92,52,22
92,52,22
94,52,22
93,52,22
91,52,22
92,99,22
90,99,22
93,99,22
87,99,22
87,99,22
88,99,22
89,113,22
90,113,22
91,113,22
92,113,22
91,113,22
92,113,22
93,113,22
96,113,22
94,113,22
95,113,22
95,113,22
96,113,22
100,113,22
100,113,22
100,113,22
99,113,22
100,100,22
97,100,22
100,100,22
98,100,22
97,100,22
97,100,22
97,100,22
100,100,22
98,100,22
93,100,22
92,100,22
94,100,22
92,100,22
95,100,22
95,100,22
95,100,22
95,100,22
95,100,22
94,100,22
93,100,22
91,100,22
88,100,22
90,100,22
94,100,22
96,100,22
95,100,22
94,100,22
95,79,22
91,79,22
93,79,22
91,79,22
92,79,22
97,79,22
97,79,22
95,79,22
93,79,22
95,79,22
97,79,22
96,79,22
96,79,22
95,79,22
95,79,22
96,79,22
97,79,22
97,79,22
94,79,22
96,79,22
97,79,22
99,85,22
100,85,22
98,85,22
100,85,22
100,85,22
97,85,22
97,85,22
99,85,22
98,85,22
98,85,22
92,85,22
91,85,22
92,85,22
92,85,22
89,85,22
88,85,22
86,85,22
88,85,22
86,85,22
87,85,22
86,85,22
84,85,22
86,85,22
86,85,22
84,85,22
85,85,22
85,110,22
85,110,22
83,110,22
86,110,22
85,110,22
81,110,22
82,110,22
86,110,22
83,110,22
84,110,22
86,110,22
85,110,22
86,110,22
85,110,22
84,110,22
83,110,22
81,130,22
81,130,22
83,130,22
84,130,22
83,130,22
81,130,22
83,130,22
82,130,22
84,130,22
80,130,22
81,130,22
83,130,22
82,130,22
81,130,22
80,130,22
81,130,22
81,130,22
80,130,22
78,130,22
79,130,22
81,93,22
82,93,22
82,93,22
83,93,22
82,93,22
79,93,22
77,93,22
77,93,22
79,93,22
80,93,22
80,93,22
79,93,22
77,93,22
77,93,22
79,93,22
82,93,22
84,93,22
82,93,22
83,93,22
82,93,22
76,93,22
76,93,22
76,93,22
79,93,22
75,93,22
75,93,22
72,93,22
72,93,22
74,93,22
70,93,22
69,93,22
72,93,22
74,93,22
79,93,22
82,93,22
84,93,22
79,93,22
78,93,22
79,93,22
78,93,22
75,93,22
77,93,22
75,93,22
73,93,22
72,93,22
70,93,22
70,93,22
73,93,22
71,93,22
70,93,22
73,93,22
74,93,22
73,93,22
71,93,22
67,93,22
66,93,22
68,32,22
64,32,22
63,32,22
61,32,22
63,32,22
65,32,22
66,32,22
65,32,22
65,32,22
68,32,22
69,32,22
67,32,22
66,32,22
65,32,22
67,32,22
67,32,22
66,32,22
65,32,22
66,32,22
66,32,22
65,32,22
63,32,22
64,32,22
64,32,22
65,32,22
65,32,22
65,32,22
64,32,22
66,32,22
63,32,22
63,32,22
66,59,22
64,59,22
66,59,22
67,59,22
69,59,22
72,59,22
74,59,22
74,59,22
71,59,22
72,59,22
73,67,22
70,67,22
73,67,22
71,67,22
70,67,22
72,67,22
73,67,22
73,67,22
73,67,22
70,67,22
70,67,22
71,67,22
69,67,22
69,62,22
70,62,22
71,62,22
71,62,22
69,62,22
70,62,22
69,62,22
70,62,22
69,11,22
72,11,22
76,11,22
77,11,22
77,11,22
74,11,22
74,11,22
77,11,22
74,11,22
74,11,22
77,11,22
78,11,22
81,11,22
78,11,22
77,11,22
77,108,22
77,108,22
80,108,22
81,108,22
80,108,22
81,108,22
80,108,22
76,108,22
78,108,22
80,108,22
81,108,22
81,63,22
83,63,22
85,63,22
82,63,22
85,63,22
88,63,22
89,63,22
93,63,22
94,63,22
94,63,22
97,67,22
97,67,22
96,67,22
99,67,22
101,67,22
98,67,22
99,67,22
97,67,22
97,67,22
100,67,22
99,67,22
101,99,22
104,99,22
106,99,22
109,99,22
107,99,22
112,99,22
115,99,22
117,99,22
117,99,22
117,99,22
117,99,22
117,99,22
115,99,22
114,99,22
115,99,22
116,99,22
117,99,22
116,99,22
117,99,22
115,99,22
118,99,22
118,99,22
119,99,22
119,132,22
118,132,22
116,132,22
117,132,22
118,132,22
119,132,22
118,132,22
115,132,22
114,132,22
117,132,22
117,132,22
120,132,22
120,132,22
120,132,22
122,132,22
125,132,22
124,132,22
120,132,22
123,132,22
120,132,22
121,132,22
123,132,22
125,132,22
127,132,22
126,132,22
127,84,22
131,84,22
132,84,22
133,84,22
133,84,22
136,84,22
136,84,22
137,84,22
134,150,22
133,150,22
133,150,22
134,150,22
135,150,22
135,150,22
132,150,22
134,150,22
136,150,22
138,150,22
136,151,22
137,151,22
136,151,22
132,151,22
131,151,22
131,151,22
130,151,22
128,151,22
126,151,22
124,151,22
127,151,22
128,151,22
126,151,22
125,151,22
128,151,22
128,151,22
130,129,22
133,129,22
131,129,22
132,129,22
128,129,22
129,129,22
128,129,22
130,129,22
129,129,22
129,129,22
130,129,22
133,129,22
135,129,22
131,129,22
127,129,22
126,129,22
127,129,22
129,129,22
129,129,22
130,129,22
131,129,22
130,129,22
133,129,22
130,129,22
129,129,22
129,129,22
128,129,22
130,129,22
127,129,22
128,129,22
127,129,22
125,129,22
125,129,22
126,129,22
125,129,22
123,129,22
124,129,22
121,129,22
121,129,22
125,129,22
124,129,22
127,129,22
128,129,22
129,129,22
125,129,22
125,129,22
126,129,22
131,139,22
131,139,22
131,139,22
134,139,22
135,139,22
130,139,22
126,139,22
126,139,22
125,139,22
122,133,22
120,133,22
118,133,22
116,133,22
115,133,22
116,133,22
111,133,22
109,133,22
110,133,22
112,133,22
115,133,22
113,133,22
115,133,22
116,133,22
117,133,22
118,133,22
118,133,22
117,133,22
120,133,22
121,128,22
124,128,22
126,128,22
130,128,22
130,128,22
130,128,22
128,128,22
132,128,22
133,128,22
133,128,22
135,128,22
135,128,22
135,128,22
137,128,22
142,128,22
145,128,22
146,159,22
145,159,22
144,159,22
145,159,22
146,159,22
144,159,22
143,159,22
144,159,22
142,101,22
143,101,22
139,101,22
139,101,22
142,101,22
142,101,22
144,101,22
143,101,22
144,101,22
142,101,22
137,101,22
138,101,22
137,101,22
135,101,22
135,101,22
133,101,22
131,101,22
131,101,22
132,164,22
131,164,22
131,164,22
132,164,22
128,164,22
126,164,22
129,164,22
128,164,22
129,164,22
128,164,22
130,164,22
128,164,22
126,164,22
128,164,22
126,164,22
127,164,22
130,89,22
131,89,22
131,89,22
129,89,22
132,89,22
135,89,22
137,89,22
139,89,22
145,89,22
144,89,22
142,89,22
142,89,22
140,89,22
138,89,22
138,89,22
138,89,22
138,89,22
134,89,22
130,89,22
128,89,22
128,89,22
129,89,22
127,89,22
126,89,22
130,89,22
133,89,22
133,89,22
136,89,22
135,89,22
137,89,22
139,89,22
139,89,22
136,89,22
137,89,22
137,89,22
137,89,22
134,166,22
137,166,22
133,166,22
131,166,22
127,166,22
130,166,22
133,166,22
132,166,22
132,166,22
129,166,22
129,166,22
130,166,22
132,166,22
135,166,22
132,166,22
136,166,22
133,166,22
136,166,22
134,166,22
134,166,22
133,166,22
134,166,22
133,166,22
132,166,22
132,166,22
132,166,22
133,166,22
132,166,22
133,166,22
135,166,22
134,166,22
134,166,22
136,166,22
137,166,22
135,166,22
138,166,22
138,166,22
135,166,22
135,166,22
134,124,22
136,124,22
133,124,22
133,124,22
135,124,22
137,124,22
134,124,22
135,124,22
137,124,22
135,104,22
135,104,22
134,104,22
134,104,22
135,104,22
138,104,22
140,104,22
141,104,22
142,104,22
142,104,22
146,104,22
144,104,22
143,104,22
149,158,22
146,158,22
145,158,22
142,158,22
142,158,22
142,158,22
141,158,22
140,158,22
143,158,22
143,158,22
140,158,22
140,158,22
142,158,22
144,158,22
145,158,22
145,157,22
144,157,22
139,157,22
140,157,22
138,157,22
138,157,22
137,157,22
140,157,22
132,157,22
133,157,22
132,157,22
132,157,22
134,157,22
134,157,22
132,157,22
131,157,22
132,155,22
135,155,22
138,155,22
138,155,22
140,155,22
140,155,22
140,88,22
143,88,22
143,88,22
148,88,22
147,88,22
147,88,22
146,88,22
148,88,22
146,88,22
147,88,22
146,88,22
145,88,22
148,88,22
147,88,22
145,88,22
145,88,22
142,108,22
141,108,22
141,108,22
143,108,22
141,108,22
138,108,22
134,108,22
136,108,22
136,108,22
139,108,22
140,108,22
139,108,22
139,108,22
139,108,22
139,108,22
137,108,22
139,108,22
140,108,22
138,108,22
137,108,22
136,108,22
140,108,22
140,108,22
141,108,22
141,108,22
141,129,22
138,129,22
136,129,22
133,129,22
135,129,22
134,129,22
135,129,22
133,129,22
133,129,22
132,129,22
129,129,22
130,129,22
131,129,22
129,129,22
130,129,22
128,129,22
126,129,22
127,129,22
128,129,22
128,129,22
130,129,22
130,129,22
128,141,22
128,141,22
129,141,22
123,141,22
122,141,22
122,141,22
121,141,22
118,141,22
116,141,22
116,141,22
118,141,22
119,141,22
119,141,22
119,141,22
119,141,22
119,141,22
121,141,22
120,141,22
119,141,22
119,141,22
122,128,22
124,128,22
127,128,22
128,128,22
128,128,22
129,128,22
131,128,22
129,128,22
128,128,22
125,128,22
126,149,22
129,149,22
127,149,22
127,149,22
128,149,22
127,149,22
126,149,22
126,149,22
127,149,22
126,149,22
124,149,22
126,149,22
126,130,22
122,130,22
122,130,22
124,130,22
125,130,22
124,130,22
125,130,22
121,130,22
117,130,22
116,130,22
117,130,22
118,130,22
116,130,22
116,130,22
117,130,22
114,130,22
115,125,22
113,125,22
113,125,22
111,125,22
113,125,22
111,125,22
114,125,22
115,125,22
113,74,22
118,74,22
117,74,22
118,74,22
115,74,22
112,74,22
110,74,22
113,74,22
114,74,22
115,74,22
113,74,22
112,74,22
111,74,22
110,74,22
109,74,22
109,74,22
108,74,22
108,74,22
107,74,22
106,74,22
105,74,22
105,74,22
108,74,22
108,74,22
106,74,22
107,74,22
107,74,22
106,74,22
109,74,22
110,74,22
109,74,22
109,74,22
110,74,22
111,74,22
115,74,22
116,126,22
117,126,22
114,126,22
112,126,22
113,126,22
114,126,22
112,126,22
114,126,22
112,126,22
108,126,22
106,126,22
107,126,22
109,126,22
109,126,22
113,126,22
110,126,22
112,126,22
114,126,22
118,126,22
115,126,22
116,126,22
118,126,22
121,126,22
122,126,22
125,126,22
123,126,22
124,126,22
126,126,22
128,126,22
129,102,22
129,102,22
128,102,22
132,102,22
131,102,22
131,102,22
132,102,22
131,111,22
134,111,22
133,111,22
133,111,22
135,111,22
138,111,22
136,111,22
135,111,22
131,111,22
133,111,22
132,111,22
130,111,22
127,111,22
125,111,22
124,111,22
122,111,22
121,111,22
122,126,22
119,126,22
119,126,22
124,126,22
124,126,22
125,126,22
125,126,22
125,126,22
126,126,22
125,126,22
127,126,22
128,126,22
129,126,22
130,126,22
130,126,22
132,126,22
132,126,22
131,126,22
135,126,22
135,126,22
133,126,22
135,126,22
136,126,22
135,126,22
136,126,22
136,126,22
134,126,22
135,126,22
133,126,22
135,126,22
137,126,22
138,126,22
140,126,22
139,126,22
140,126,22
139,126,22
136,126,22
136,126,22
136,126,22
137,126,22
137,126,22
137,126,22
139,126,22
139,126,22
137,126,22
133,126,22
134,126,22
135,126,22
133,126,22
132,126,22
135,126,22
135,126,22
135,126,22
133,126,22
133,126,22
129,126,22
128,126,22
125,126,22
127,149,22
127,149,22
125,149,22
124,149,22
126,149,22
127,149,22
126,149,22
122,149,22
121,149,22
120,149,22
120,149,22
119,149,22
117,149,22
116,149,22
116,149,22
118,149,22
120,149,22
121,149,22
117,149,22
117,149,22
115,149,22
114,149,22
114,149,22
108,149,22
108,149,22
111,149,22
111,149,22
111,149,22
111,149,22
112,149,22
111,149,22
112,149,22
110,149,22
111,149,22
113,114,22
117,114,22
118,114,22
115,114,22
114,114,22
118,114,22
123,114,22
126,114,22
124,114,22
122,114,22
125,114,22
126,114,22
122,114,22
121,114,22
122,114,22
123,96,22
125,96,22
127,96,22
125,96,22
124,96,22
125,96,22
125,96,22
128,96,22
129,113,22
129,113,22
129,113,22
128,113,22
128,113,22
131,113,22
132,113,22
130,113,22
131,110,22
130,110,22
131,110,22
129,110,22
129,110,22
130,110,22
130,110,22
130,114,22
132,114,22
136,114,22
136,114,22
135,114,22
130,114,22
132,114,22
132,114,22
129,114,22
133,114,22
133,114,22
134,114,22
131,114,22
130,114,22
131,114,22
129,114,22
126,114,22
126,114,22
127,143,22
127,143,22
126,143,22
131,143,22
128,143,22
126,143,22
128,143,22
129,143,22
129,143,22
129,143,22
130,143,22
131,143,22
129,143,22
131,143,22
131,123,22
130,123,22
129,123,22
129,123,22
129,123,22
128,123,22
130,123,22
130,123,22
128,123,22
130,123,22
131,123,22
132,123,22
134,123,22
135,123,22
134,123,22
134,123,22
136,123,22
135,123,22
136,117,22
133,117,22
133,117,22
138,117,22
139,117,22
140,117,22
139,117,22
139,117,22
137,117,22
139,128,22
134,128,22
132,128,22
135,128,22
135,128,22
138,128,22
136,128,22
134,128,22
135,128,22
135,128,22
133,128,22
136,128,22
134,128,22
134,128,22
136,102,22
137,102,22
138,102,22
139,102,22
138,102,22
139,102,22
139,102,22
136,102,22
139,102,22
138,102,22
137,102,22
137,102,22
138,102,22
138,102,22
134,102,22
137,137,22
139,137,22
139,137,22
144,137,22
141,137,22
139,137,22
138,137,22
139,137,22
142,137,22
141,137,22
140,137,22
140,137,22
141,137,22
142,137,22
140,144,22
140,144,22
142,144,22
140,144,22
139,144,22
143,144,22
142,144,22
142,144,22
141,144,22
140,144,22
142,144,22
140,144,22
140,144,22
143,144,22
142,144,22
140,144,22
140,124,22
139,124,22
141,124,22
144,124,22
144,124,22
147,124,22
146,124,22
151,124,22
151,124,22
151,124,22
153,148,22
155,148,22
156,148,22
157,148,22
155,148,22
154,148,22
156,148,22
156,148,22
153,148,22
154,148,22
150,148,22
151,148,22
154,148,22
150,189,22
151,189,22
147,189,22
149,189,22
151,189,22
151,189,22
151,189,22
150,189,22
151,189,22
147,189,22
150,189,22
152,189,22
151,189,22
152,189,22
153,189,22
156,189,22
158,189,22
161,189,22
163,189,22
161,164,22
161,164,22
162,164,22
164,164,22
165,164,22
165,164,22
168,164,22
171,164,22
172,164,22
170,164,22
166,164,22
165,164,22
164,164,22
164,164,22
161,160,22
160,160,22
160,160,22
160,160,22
158,160,22
159,160,22
158,160,22
156,160,22
157,160,22
158,160,22
156,160,22
156,160,22
157,160,22
157,145,22
155,145,22
155,145,22
157,145,22
156,145,22
158,145,22
159,145,22
158,145,22
160,145,22
158,145,22
155,145,22
152,145,22
153,145,22
155,145,22
157,145,22
158,145,22
158,195,22
161,195,22
160,195,22
159,195,22
156,195,22
156,195,22
156,195,22
154,195,22
156,195,22
157,195,22
160,195,22
161,193,22
158,193,22
159,193,22
155,193,22
157,193,22
158,193,22
159,193,22
159,193,22
160,193,22
158,193,22
159,175,22
158,175,22
154,175,22
156,175,22
154,175,22
158,175,22
156,175,22
158,175,22
157,151,22
158,151,22
159,151,22
159,151,22
160,151,22
158,151,22
160,151,22
159,151,22
157,151,22
158,151,22
157,151,22
157,151,22
155,151,22
153,151,22
155,151,22
155,151,22
154,190,22
154,190,22
155,190,22
155,190,22
156,190,22
155,190,22
155,190,22
155,190,22
156,153,22
155,153,22
153,153,22
155,153,22
155,153,22
157,153,22
160,161,22
164,161,22
166,161,22
168,161,22
168,161,22
165,161,22
168,161,22
167,195,22
165,195,22
164,195,22
163,195,22
164,195,22
162,195,22
161,195,22
159,195,22
159,195,22
159,195,22
160,195,22
157,195,22
156,195,22
156,195,22
154,195,22
154,195,22
155,195,22
153,155,22
155,155,22
155,155,22
156,155,22
156,155,22
160,155,22
162,155,22
158,155,22
160,155,22
159,155,22
156,155,22
154,155,22
153,155,22
149,155,22
151,155,22
149,155,22
150,155,22
150,155,22
153,155,22
152,155,22
157,155,22
158,155,22
159,182,22
159,182,22
160,182,22
159,182,22
158,182,22
160,182,22
157,182,22
157,182,22
159,182,22
156,182,22
155,182,22
151,182,22
153,182,22
152,182,22
151,182,22
152,182,22
153,182,22
155,182,22
158,179,22
160,179,22
158,179,22
156,179,22
153,179,22
150,179,22
153,179,22
150,179,22
151,179,22
151,179,22
149,179,22
148,179,22
148,179,22
151,179,22
148,179,22
148,179,22
148,179,22
149,179,22
149,179,22
150,179,22
150,179,22
150,179,22
151,179,22
150,179,22
151,179,22
151,179,22
150,179,22
148,179,22
151,179,22
151,179,22
149,179,22
149,179,22
148,179,22
146,179,22
149,179,22
149,179,22
152,179,22
154,179,22
155,179,22
152,179,22
148,179,22
151,179,22
151,179,22
153,179,22
150,179,22
148,179,22
147,154,22
147,154,22
148,154,22
147,154,22
149,154,22
151,154,22
152,154,22
153,154,22
152,154,22
153,154,22
154,154,22
155,154,22
154,154,22
154,154,22
154,154,22
155,154,22
158,154,22
160,154,22
162,154,22
161,154,22
166,154,22
165,154,22
165,154,22
166,154,22
167,151,22
165,151,22
166,151,22
165,151,22
165,151,22
163,151,22
160,151,22
159,164,22
158,164,22
158,164,22
158,164,22
159,164,22
160,164,22
162,164,22
164,164,22
163,164,22
162,164,22
161,164,22
160,164,22
160,164,22
161,164,22
163,164,22
162,164,22
163,164,22
165,164,22
164,164,22
162,164,22
162,157,22
163,157,22
165,157,22
169,157,22
169,157,22
169,157,22
168,157,22
167,157,22
167,157,22
164,157,22
164,157,22
164,157,22
165,157,22
164,185,22
164,185,22
164,185,22
165,185,22
163,185,22
161,185,22
162,185,22
158,185,22
158,185,22
158,185,22
159,185,22
157,185,22
156,137,22
153,137,22
152,137,22
152,137,22
149,137,22
150,137,22
150,137,22
153,137,22
153,137,22
152,137,22
154,137,22
155,137,22
153,137,22
152,137,22
153,147,22
154,147,22
151,147,22
152,147,22
151,147,22
150,147,22
150,147,22
149,147,22
150,147,22
147,147,22
147,147,22
148,147,22
148,147,22
145,147,22
147,147,22
145,147,22
145,147,22
146,147,22
146,147,22
143,147,22
142,147,22
141,147,22
138,147,22
138,147,22
139,131,22
140,131,22
140,131,22
140,131,22
137,131,22
139,131,22
140,131,22
137,131,22
137,131,22
136,131,22
135,131,22
136,131,22
140,131,22
141,131,22
140,131,22
142,131,22
142,131,22
141,131,22
140,131,22
142,131,22
144,131,22
145,131,22
146,131,22
147,131,22
145,131,22
145,131,22
146,131,22
143,131,22
139,131,22
137,131,22
136,131,22
138,131,22
136,131,22
138,131,22
138,131,22
138,131,22
139,131,22
139,131,22
140,131,22
138,131,22
138,131,22
138,131,22
137,131,22
136,131,22
138,131,22
138,147,22
138,147,22
138,147,22
139,147,22
139,147,22
140,147,22
141,147,22
143,147,22
142,147,22
142,147,22
138,140,22
139,140,22
140,140,22
140,140,22
137,140,22
134,140,22
132,140,22
131,140,22
132,140,22
131,140,22
134,140,22
134,140,22
134,140,22
137,111,22
132,111,22
128,111,22
126,111,22
126,111,22
125,111,22
123,111,22
123,111,22
123,111,22
123,111,22
121,111,22
122,111,22
124,111,22
125,111,22
126,111,22
126,111,22
126,111,22
125,111,22
130,111,22
131,111,22
129,111,22
125,111,22
127,111,22
130,111,22
127,111,22
129,111,22
132,111,22
130,111,22
125,148,22
123,148,22
120,148,22
124,148,22
125,148,22
125,148,22
124,148,22
122,148,22
120,148,22
117,148,22
114,148,22
120,148,22
118,122,22
117,122,22
114,122,22
114,122,22
114,122,22
115,122,22
117,122,22
123,122,22
123,122,22
123,122,22
122,122,22
123,84,22
121,84,22
124,84,22
122,84,22
123,84,22
122,84,22
125,84,22
127,84,22
123,87,22
123,87,22
127,87,22
125,87,22
126,87,22
127,87,22
123,87,22
120,87,22
118,87,22
122,87,22
124,87,22
123,87,22
123,87,22
122,87,22
121,87,22
121,87,22
121,87,22
121,87,22
118,87,22
116,87,22
116,87,22
115,87,22
116,87,22
116,87,22
117,87,22
119,87,22
121,87,22
121,87,22
118,87,22
120,87,22
120,87,22
119,87,22
119,87,22
121,87,22
122,87,22
124,87,22
125,87,22
127,87,22
124,87,22
125,87,22
122,91,22
121,91,22
125,91,22
122,91,22
123,91,22
123,91,22
123,91,22
127,91,22
125,91,22
126,91,22
121,91,22
121,91,22
121,91,22
121,91,22
126,91,22
122,91,22
125,134,22
125,134,22
125,134,22
126,134,22
127,134,22
128,134,22
130,134,22
130,134,22
132,134,22
132,134,22
129,134,22
130,134,22
130,134,22
130,134,22
133,134,22
132,134,22
135,134,22
137,134,22
139,134,22
139,134,22
139,134,22
140,134,22
138,134,22
138,134,22
142,134,22
139,137,22
141,137,22
142,137,22
142,137,22
142,137,22
138,137,22
139,137,22
139,137,22
139,137,22
138,137,22
137,137,22
140,137,22
137,137,22
136,137,22
138,137,22
134,137,22
136,137,22
140,137,22
139,137,22
138,137,22
140,137,22
140,137,22
143,137,22
141,137,22
143,137,22
142,137,22
139,137,22
142,137,22
143,137,22
142,137,22
144,137,22
142,137,22
140,137,22
140,137,22
139,137,22
135,137,22
132,137,22
133,137,22
135,137,22
136,177,22
142,177,22
143,177,22
147,177,22
147,177,22
148,177,22
149,177,22
150,177,22
149,177,22
149,152,22
151,152,22
151,152,22
148,152,22
148,152,22
154,152,22
154,152,22
156,152,22
157,152,22
161,152,22
163,152,22
164,152,22
165,152,22
165,152,22
164,152,22
166,152,22
168,152,22
165,152,22
167,152,22
166,152,22
165,152,22
167,152,22
168,152,22
169,152,22
169,152,22
168,152,22
168,152,22
169,152,22
170,152,22
170,188,22
173,188,22
172,188,22
169,188,22
166,188,22
167,188,22
169,188,22
170,152,22
168,152,22
167,152,22
171,152,22
173,152,22
174,152,22
174,152,22
178,152,22
177,152,22
182,152,22
180,152,22
185,152,22
186,152,22
186,152,22
183,152,22
185,152,22
189,142,22
191,142,22
191,142,22
190,142,22
188,142,22
187,142,22
187,142,22
189,142,22
189,142,22
189,171,22
184,171,22
182,171,22
186,171,22
186,171,22
187,171,22
187,171,22
188,171,22
187,171,22
185,171,22
186,171,22
185,171,22
183,171,22
182,171,22
182,171,22
180,171,22
180,171,22
177,171,22
180,171,22
178,171,22
178,171,22
177,171,22
179,171,22
176,171,22
174,171,22
175,171,22
176,171,22
177,171,22
178,171,22
179,171,22
181,171,22
177,171,22
178,171,22
176,171,22
178,171,22
178,171,22
180,171,22
178,171,22
177,171,22
177,171,22
178,171,22
175,187,22
173,187,22
172,187,22
171,187,22
172,187,22
170,187,22
171,187,22
170,187,22
173,187,22
171,187,22
171,187,22
173,187,22
173,187,22
179,187,22
181,187,22
182,187,22
182,187,22
184,187,22
184,187,22
187,187,22
185,187,22
189,187,22
189,187,22
192,187,22
191,187,22
195,187,22
192,187,22
194,187,22
191,187,22
191,187,22
189,187,22
192,187,22
190,187,22
189,187,22
187,187,22
186,187,22
189,187,22
190,187,22
194,187,22
192,187,22
189,187,22
190,189,22
190,189,22
188,189,22
188,189,22
188,189,22
183,189,22
182,189,22
184,189,22
185,189,22
183,189,22
182,189,22
182,189,22
183,189,22
185,189,22
186,189,22
188,189,22
187,189,22
188,189,22
187,189,22
187,189,22
184,189,22
185,189,22
183,189,22
186,189,22
183,189,22
186,189,22
189,189,22
189,189,22
186,189,22
187,189,22
187,189,22
185,189,22
185,189,22
184,189,22
183,189,22
183,189,22
185,189,22
186,189,22
187,189,22
188,189,22
185,189,22
180,141,22
184,141,22
183,141,22
181,141,22
183,141,22
182,141,22
182,141,22
184,141,22
184,141,22
180,141,22
184,141,22
184,160,22
187,160,22
190,160,22
190,160,22
187,160,22
185,160,22
185,160,22
180,160,22
178,160,22
180,160,22
181,160,22
183,151,22
183,151,22
185,151,22
187,151,22
184,151,22
186,151,22
188,151,22
188,151,22
189,151,22
191,151,22
192,151,22
192,151,22
191,151,22
191,151,22
191,151,22
192,151,22
193,151,22
193,151,22
194,151,22
191,151,22
191,151,22
191,167,22
189,167,22
192,167,22
190,167,22
190,167,22
191,167,22
191,167,22
193,167,22
193,167,22
195,167,22
195,167,22
194,167,22
195,167,22
196,167,22
193,167,22
193,167,22
193,167,22
198,167,22
197,167,22
196,167,22
198,167,22
199,167,22
201,167,22
199,167,22
198,219,22
199,219,22
199,219,22
200,219,22
197,219,22
190,219,22
189,219,22
190,219,22
190,219,22
188,219,22
185,219,22
187,219,22
188,219,22
187,219,22
189,219,22
188,219,22
187,219,22
187,219,22
190,219,22
190,219,22
193,219,22
191,219,22
188,219,22
188,219,22
192,219,22
191,219,22
188,219,22
188,219,22
188,219,22
188,219,22
185,219,22
183,219,22
181,219,22
182,219,22
182,219,22
182,219,22
180,219,22
178,219,22
175,219,22
174,219,22
171,219,22
174,219,22
174,219,22
178,219,22
178,219,22
179,219,22
182,219,22
184,182,22
185,182,22
189,182,22
192,182,22
192,182,22
193,182,22
193,182,22
192,184,22
195,184,22
197,184,22
197,184,22
197,184,22
198,184,22
198,184,22
199,184,22
198,184,22
198,184,22
196,184,22
196,184,22
196,184,22
195,184,22
197,184,22
197,184,22
195,184,22
194,184,22
191,184,22
191,184,22
192,184,22
193,184,22
192,184,22
190,184,22
191,184,22
191,184,22
190,184,22
192,184,22
193,206,22
192,206,22
192,206,22
193,206,22
193,206,22
193,206,22
194,206,22
190,206,22
191,206,22
195,206,22
194,206,22
195,185,22
193,185,22
189,185,22
191,185,22
190,185,22
187,185,22
185,156,22
185,156,22
184,156,22
185,156,22
182,156,22
184,156,22
183,156,22
183,156,22
182,156,22
180,156,22
180,156,22
181,190,22
181,190,22
184,190,22
185,190,22
187,190,22
189,190,22
191,190,22
191,190,22
191,190,22
193,190,22
193,190,22
195,190,22
197,190,22
194,190,22
195,190,22
197,190,22
199,190,22
199,190,22
203,190,22
199,223,22
198,223,22
196,223,22
194,223,22
199,223,22
202,223,22
203,223,22
201,223,22
203,223,22
203,223,22
201,223,22
201,223,22
203,223,22
203,223,22
207,223,22
209,223,22
210,223,22
208,223,22
205,223,22
207,223,22
208,223,22
208,223,22
206,223,22
209,223,22
209,223,22
212,223,22
212,223,22
213,223,22
210,223,22
206,223,22
207,223,22
207,223,22
212,193,22
211,193,22
213,193,22
213,193,22
214,193,22
214,193,22
212,193,22
209,193,22
210,193,22
208,193,22
207,193,22
209,193,22
205,193,22
204,193,22
205,193,22
205,193,22
204,193,22
206,193,22
203,193,22
202,193,22
202,193,22
203,193,22
204,193,22
205,193,22
208,193,22
208,193,22
210,193,22
209,193,22
207,193,22
203,218,22
203,218,22
204,218,22
205,218,22
206,218,22
204,218,22
204,218,22
205,218,22
204,218,22
209,218,22
210,218,22
213,218,22
213,218,22
217,218,22
219,218,22
221,218,22
220,218,22
217,218,22
217,218,22
216,218,22
214,218,22
213,218,22
215,218,22
215,218,22
214,218,22
212,214,22
212,214,22
214,214,22
211,214,22
214,214,22
212,214,22
215,214,22
218,214,22
221,214,22
217,214,22
221,214,22
218,214,22
219,214,22
220,214,22
221,214,22
225,214,22
224,214,22
225,214,22
222,214,22
226,214,22
226,214,22
225,214,22
226,214,22
228,214,22
227,214,22
226,214,22
225,214,22
226,214,22
224,214,22
224,214,22
225,214,22
224,214,22
225,214,22
225,214,22
226,214,22
225,199,22
227,199,22
224,199,22
223,199,22
224,199,22
227,199,22
225,199,22
225,199,22
227,199,22
227,199,22
227,199,22
226,199,22
225,199,22
226,199,22
231,199,22
228,199,22
228,199,22
224,199,22
226,199,22
227,199,22
227,199,22
226,203,22
228,203,22
231,203,22
234,203,22
233,203,22
232,203,22
232,203,22
230,203,22
231,203,22
232,203,22
233,203,22
229,203,22
230,203,22
228,203,22
230,203,22
233,208,22
232,208,22
234,208,22
235,208,22
236,208,22
239,208,22
238,208,22
240,208,22
241,208,22
239,208,22
238,208,22
238,208,22
241,208,22
240,208,22
242,208,22
246,208,22
247,208,22
247,208,22
245,208,22
245,208,22
243,208,22
239,208,22
240,208,22
234,208,22
233,208,22
234,208,22
235,208,22
237,208,22
237,208,22
239,208,22
238,208,22
242,208,22
244,208,22
244,208,22
245,208,22
246,208,22
246,208,22
245,208,22
248,208,22
246,259,22
246,259,22
247,259,22
249,259,22
249,259,22
249,259,22
250,259,22
251,259,22
253,259,22
252,259,22
258,259,22
259,259,22
256,259,22
255,259,22
257,259,22
258,259,22
258,259,22
258,259,22
258,259,22
257,259,22
258,259,22
259,229,22
260,229,22
263,229,22
262,229,22
265,229,22
266,229,22
265,229,22
265,229,22
264,229,22
261,229,22
263,229,22
264,288,22
260,288,22
264,288,22
262,288,22
261,288,22
262,288,22
260,288,22
262,288,22
261,269,22
262,269,22
262,269,22
266,269,22
266,269,22
269,269,22
268,269,22
270,269,22
271,269,22
272,269,22
270,308,22
268,308,22
267,308,22
268,308,22
267,308,22
264,308,22
265,308,22
266,308,22
260,308,22
264,308,22
260,308,22
261,308,22
261,308,22
264,308,22
266,298,22
267,298,22
265,298,22
263,298,22
265,298,22
261,298,22
263,298,22
260,298,22
260,298,22
262,298,22
263,298,22
263,298,22
263,298,22
265,298,22
266,298,22
266,298,22
268,298,22
268,298,22
268,305,22
268,305,22
265,305,22
263,305,22
261,305,22
262,305,22
259,305,22
259,305,22
256,305,22
255,305,22
254,305,22
257,305,22
257,305,22
257,305,22
259,305,22
256,305,22
254,305,22
257,305,22
256,305,22
255,305,22
254,305,22
251,305,22
249,305,22
248,305,22
248,305,22
250,305,22
250,305,22
249,305,22
250,305,22
248,305,22
252,305,22
253,305,22
254,305,22
256,305,22
256,305,22
256,305,22
257,305,22
256,305,22
258,305,22
258,272,22
258,272,22
258,272,22
255,272,22
255,272,22
257,272,22
256,272,22
258,272,22
257,272,22
259,272,22
257,272,22
256,272,22
257,272,22
256,272,22
259,272,22
262,272,22
265,272,22
264,272,22
267,272,22
268,272,22
268,272,22
269,272,22
269,272,22
269,272,22
268,272,22
271,272,22
274,272,22
272,272,22
274,272,22
274,272,22
272,259,22
276,259,22
275,259,22
275,259,22
274,259,22
278,259,22
277,259,22
275,259,22
274,259,22
271,259,22
269,259,22
266,259,22
268,259,22
268,259,22
268,259,22
269,259,22
269,259,22
267,259,22
266,259,22
268,259,22
264,259,22
265,259,22
267,259,22
269,259,22
270,259,22
272,259,22
270,259,22
269,259,22
266,259,22
264,259,22
266,259,22
265,259,22
263,259,22
266,259,22
266,259,22
267,259,22
267,259,22
266,259,22
263,259,22
262,259,22
257,259,22
258,259,22
260,259,22
260,259,22
263,259,22
265,259,22
266,259,22
265,252,22
265,252,22
263,252,22
267,252,22
272,252,22
273,252,22
274,252,22
272,252,22
274,252,22
272,252,22
271,252,22
270,252,22
269,252,22
272,252,22
270,252,22
269,251,22
270,251,22
272,251,22
273,251,22
277,251,22
275,251,22
278,251,22
275,251,22
276,251,22
279,251,22
284,251,22
284,251,22
286,251,22
288,251,22
285,251,22
286,251,22
288,251,22
288,251,22
288,251,22
288,251,22
289,251,22
287,251,22
290,251,22
287,251,22
288,284,22
288,284,22
286,284,22
286,284,22
286,284,22
286,284,22
285,284,22
287,284,22
286,284,22
285,284,22
287,284,22
286,284,22
286,284,22
280,284,22
278,284,22
279,284,22
278,284,22
280,284,22
282,284,22
280,284,22
281,284,22
285,231,22
284,231,22
283,231,22
283,231,22
281,231,22
282,231,22
283,231,22
280,231,22
279,231,22
279,231,22
281,231,22
283,231,22
285,231,22
287,231,22
288,231,22
289,231,22
290,231,22
290,231,22
292,231,22
290,231,22
289,231,22
291,231,22
288,231,22
290,231,22
290,231,22
288,267,22
288,267,22
292,267,22
292,267,22
288,267,22
288,267,22
289,267,22
287,267,22
287,267,22
281,267,22
281,267,22
283,267,22
283,267,22
282,267,22
282,267,22
278,258,22
274,258,22
272,258,22
270,258,22
272,258,22
271,258,22
274,258,22
277,258,22
278,258,22
280,258,22
275,258,22
275,287,22
271,287,22
272,287,22
269,287,22
271,287,22
271,287,22
271,287,22
274,287,22
272,287,22
272,287,22
271,287,22
270,287,22
272,287,22
270,287,22
270,287,22
268,287,22
268,287,22
271,287,22
271,287,22
270,287,22
274,287,22
276,287,22
275,287,22
274,287,22
277,287,22
273,287,22
274,287,22
275,278,22
273,278,22
271,278,22
274,278,22
270,278,22
269,278,22
269,278,22
271,278,22
272,278,22
270,278,22
274,278,22
271,278,22
271,278,22
271,278,22
270,278,22
272,278,22
275,278,22
274,278,22
272,278,22
275,278,22
273,278,22
272,278,22
272,278,22
271,278,22
272,278,22
270,297,22
270,297,22
270,297,22
267,297,22
268,297,22
270,297,22
270,297,22
270,297,22
271,297,22
273,297,22
271,297,22
271,297,22
273,297,22
274,297,22
271,297,22
268,297,22
267,297,22
267,297,22
268,297,22
269,297,22
269,297,22
271,297,22
272,297,22
273,297,22
273,297,22
274,297,22
273,297,22
272,297,22
271,297,22
271,297,22
268,297,22
267,297,22
264,261,22
264,261,22
265,261,22
263,261,22
261,261,22
261,261,22
259,261,22
257,261,22
257,261,22
256,261,22
255,261,22
253,261,22
255,288,22
257,288,22
259,288,22
256,288,22
254,288,22
253,288,22
256,288,22
255,288,22
257,288,22
253,288,22
251,288,22
253,288,22
253,288,22
256,288,22
254,288,22
255,288,22
252,288,22
251,288,22
252,288,22
249,288,22
251,288,22
252,288,22
257,288,22
255,288,22
254,288,22
252,288,22
254,288,22
255,288,22
250,288,22
246,288,22
244,288,22
246,288,22
245,288,22
243,288,22
242,288,22
242,288,22
237,288,22
235,288,22
236,288,22
234,288,22
235,288,22
234,181,22
233,181,22
233,181,22
235,181,22
237,181,22
239,181,22
237,181,22
238,181,22
239,181,22
241,181,22
239,181,22
240,181,22
239,181,22
241,181,22
239,181,22
242,181,22
240,181,22
241,181,22
241,181,22
239,181,22
238,181,22
237,181,22
241,181,22
241,181,22
243,181,22
245,181,22
242,181,22
239,222,22
236,222,22
239,222,22
236,222,22
238,222,22
240,222,22
241,222,22
241,222,22
244,222,22
245,222,22
246,222,22
243,222,22
243,222,22
241,222,22
242,222,22
240,222,22
245,222,22
242,222,22
241,222,22
241,222,22
241,222,22
240,222,22
240,222,22
239,222,22
237,222,22
240,222,22
238,222,22
235,222,22
238,222,22
239,222,22
238,222,22
237,253,22
243,253,22
243,253,22
242,253,22
242,253,22
240,253,22
242,253,22
242,253,22
243,253,22
244,253,22
245,253,22
247,253,22
247,253,22
245,253,22
240,253,22
241,253,22
240,253,22
241,253,22
247,253,22
246,249,22
246,249,22
246,249,22
248,249,22
251,249,22
254,249,22
254,249,22
255,249,22
256,249,22
256,249,22
255,249,22
256,249,22
257,249,22
259,249,22
260,249,22
260,249,22
261,249,22
260,249,22
261,249,22
257,249,22
259,249,22
256,249,22
255,249,22
256,249,22
255,249,22
259,249,22
259,249,22
259,249,22
258,249,22
257,249,22
252,249,22
254,249,22
254,249,22
257,249,22
258,249,22
259,249,22
263,249,22
264,249,22
264,287,22
263,287,22
263,287,22
264,287,22
263,287,22
259,287,22
259,287,22
260,287,22
260,287,22
258,287,22
253,287,22
256,287,22
255,287,22
255,287,22
255,287,22
253,287,22
253,287,22
253,287,22
253,287,22
254,287,22
255,287,22
254,287,22
254,287,22
255,287,22
252,287,22
253,287,22
253,287,22
255,287,22
256,287,22
258,287,22
261,287,22
261,287,22
260,287,22
258,287,22
257,287,22
255,287,22
253,257,22
253,257,22
252,257,22
253,257,22
251,257,22
247,257,22
250,257,22
251,257,22
253,257,22
255,257,22
254,257,22
255,257,22
257,257,22
255,257,22
257,257,22
255,257,22
256,257,22
257,257,22
255,257,22
254,257,22
255,257,22
255,251,22
254,251,22
253,251,22
254,251,22
249,251,22
249,251,22
251,251,22
251,251,22
253,251,22
254,251,22
253,262,22
252,262,22
251,262,22
245,262,22
246,262,22
246,262,22
249,245,22
250,245,22
250,245,22
250,245,22
251,245,22
251,245,22
249,245,22
249,245,22
247,245,22
246,245,22
246,245,22
248,245,22
248,245,22
249,245,22
249,245,22
249,245,22
248,245,22
252,245,22
252,245,22
252,245,22
252,245,22
251,245,22
249,245,22
250,272,22
252,272,22
255,272,22
255,272,22
251,272,22
251,272,22
250,272,22
250,272,22
250,272,22
248,272,22
249,272,22
252,272,22
256,272,22
257,272,22
254,272,22
251,234,22
255,234,22
256,234,22
258,234,22
256,234,22
256,234,22
257,234,22
256,234,22
255,234,22
253,234,22
250,234,22
252,234,22
252,234,22
252,234,22
251,234,22
251,234,22
252,234,22
253,234,22
255,234,22
258,234,22
255,234,22
256,234,22
256,234,22
257,234,22
257,234,22
259,265,22
256,265,22
257,265,22
259,265,22
261,265,22
261,265,22
260,265,22
257,265,22
257,265,22
257,265,22
257,265,22
259,265,22
258,265,22
257,265,22
259,265,22
262,265,22
261,265,22
265,265,22
265,265,22
262,265,22
264,265,22
264,265,22
262,265,22
262,265,22
266,265,22
266,265,22
266,265,22
261,265,22
263,265,22
261,265,22
258,265,22
260,265,22
262,265,22
259,265,22
257,265,22
258,265,22
260,265,22
262,265,22
264,265,22
266,265,22
264,265,22
267,265,22
262,265,22
262,265,22
263,276,22
265,276,22
266,276,22
269,276,22
267,276,22
271,276,22
273,284,22
275,284,22
275,284,22
277,284,22
276,284,22
277,284,22
275,284,22
274,284,22
275,284,22
274,284,22
271,284,22
274,284,22
276,284,22
274,284,22
274,284,22
272,284,22
271,284,22
271,284,22
269,284,22
267,284,22
268,284,22
272,284,22
271,284,22
274,284,22
273,284,22
273,284,22
273,284,22
273,284,22
273,284,22
272,284,22
270,284,22
270,284,22
269,284,22
271,284,22
268,284,22
271,284,22
270,284,22
270,284,22
270,284,22
271,284,22
267,284,22
266,284,22
268,284,22
269,284,22
267,284,22
270,284,22
276,284,22
276,284,22
274,284,22
273,275,22
273,275,22
273,275,22
269,275,22
271,275,22
270,275,22
269,275,22
270,275,22
271,275,22
272,275,22
270,275,22
265,275,22
264,275,22
265,275,22
262,275,22
263,270,22
263,270,22
264,270,22
267,270,22
265,270,22
262,270,22
264,270,22
267,270,22
264,270,22
263,270,22
263,270,22
264,270,22
266,270,22
265,270,22
266,270,22
267,273,22
268,273,22
267,273,22
267,273,22
268,273,22
266,273,22
264,273,22
263,273,22
262,273,22
260,273,22
263,273,22
266,273,22
263,273,22
265,273,22
263,249,22
263,249,22
265,249,22
266,249,22
265,249,22
266,249,22
268,249,22
263,249,22
265,249,22
264,249,22
261,249,22
259,249,22
261,249,22
262,249,22
264,249,22
264,244,22
262,244,22
263,244,22
268,244,22
271,244,22
273,244,22
275,244,22
276,244,22
274,244,22
272,244,22
271,244,22
273,244,22
276,244,22
275,244,22
276,244,22
279,244,22
277,244,22
276,244,22
272,244,22
273,244,22
271,244,22
272,244,22
274,244,22
276,244,22
280,244,22
278,244,22
281,244,22
281,279,22
281,279,22
277,279,22
277,279,22
275,279,22
275,279,22
274,279,22
276,279,22
278,279,22
280,279,22
280,279,22
281,267,22
281,267,22
284,267,22
279,267,22
276,267,22
278,267,22
275,267,22
276,267,22
278,312,22
278,312,22
278,312,22
279,312,22
281,312,22
280,312,22
281,312,22
281,312,22
283,312,22
281,312,22
278,312,22
277,312,22
279,312,22
281,312,22
283,312,22
284,312,22
283,312,22
284,312,22
281,312,22
281,312,22
280,312,22
279,312,22
281,312,22
282,312,22
284,312,22
279,312,22
284,312,22
285,312,22
286,312,22
288,312,22
283,312,22
283,273,22
286,273,22
285,273,22
286,273,22
288,273,22
286,273,22
288,307,22
287,307,22
285,307,22
286,307,22
285,307,22
284,307,22
286,307,22
288,307,22
289,307,22
289,263,22
290,263,22
292,263,22
292,263,22
290,263,22
282,263,22
284,263,22
284,263,22
284,263,22
288,263,22
287,263,22
287,263,22
286,263,22
288,263,22
287,263,22
288,263,22
288,263,22
289,263,22
295,263,22
298,263,22
302,263,22
300,263,22
299,263,22
295,263,22
296,263,22
294,305,22
293,305,22
292,305,22
292,305,22
294,305,22
296,305,22
292,305,22
290,305,22
288,305,22
284,305,22
287,305,22
290,305,22
290,305,22
290,305,22
288,305,22
290,305,22
290,305,22
287,305,22
285,305,22
285,305,22
285,305,22
286,305,22
288,305,22
288,305,22
284,305,22
280,305,22
277,305,22
277,305,22
279,305,22
280,305,22
283,305,22
283,305,22
283,305,22
285,305,22
287,305,22
287,305,22
287,305,22
288,305,22
287,305,22
283,305,22
282,305,22
284,305,22
285,268,22
281,268,22
278,268,22
278,268,22
278,268,22
274,268,22
272,268,22
269,268,22
270,268,22
268,268,22
268,268,22
267,268,22
270,268,22
266,268,22
266,268,22
265,268,22
264,268,22
263,268,22
261,268,22
262,239,22
259,239,22
258,239,22
260,239,22
259,239,22
263,239,22
264,239,22
265,239,22
265,274,22
268,274,22
267,274,22
266,274,22
264,274,22
262,274,22
261,274,22
261,274,22
260,274,22
260,274,22
260,274,22
260,274,22
255,274,22
254,274,22
253,274,22
254,274,22
256,274,22
257,274,22
257,274,22
259,274,22
257,274,22
260,274,22
259,274,22
257,274,22
256,274,22
255,274,22
251,274,22
252,274,22
250,274,22
248,274,22
249,274,22
250,274,22
252,274,22
256,242,22
257,242,22
260,242,22
257,242,22
256,242,22
256,242,22
260,242,22
260,242,22
259,242,22
257,242,22
255,242,22
255,242,22
256,242,22
260,242,22
261,242,22
262,242,22
263,242,22
267,242,22
266,242,22
265,242,22
263,252,22
264,252,22
264,252,22
265,252,22
268,252,22
267,252,22
269,252,22
270,252,22
271,252,22
271,252,22
273,252,22
277,252,22
273,252,22
276,252,22
275,252,22
274,252,22
275,252,22
272,252,22
274,252,22
271,252,22
273,252,22
272,264,22
272,264,22
272,264,22
271,264,22
273,264,22
272,264,22
273,264,22
273,264,22
271,264,22
273,264,22
276,264,22
276,264,22
276,288,22
275,288,22
277,288,22
276,288,22
274,288,22
269,288,22
270,288,22
269,288,22
269,288,22
270,288,22
268,288,22
266,288,22
270,288,22
267,288,22
267,288,22
268,288,22
270,288,22
272,288,22
273,288,22
274,288,22
275,288,22
274,288,22
272,288,22
270,288,22
268,288,22
267,288,22
265,288,22
267,288,22
265,288,22
266,288,22
263,288,22
268,288,22
266,288,22
265,288,22
267,288,22
268,288,22
264,288,22
262,288,22
262,288,22
262,288,22
259,288,22
264,288,22
262,288,22
266,288,22
266,288,22
267,288,22
268,288,22
270,288,22
271,288,22
267,288,22
268,288,22
266,288,22
265,288,22
265,288,22
266,288,22
267,259,22
268,259,22
266,259,22
267,259,22
268,259,22
267,259,22
270,259,22
271,318,22
273,318,22
274,318,22
275,318,22
276,318,22
274,318,22
276,318,22
273,318,22
272,318,22
270,318,22
271,318,22
270,318,22
268,318,22
270,318,22
269,318,22
266,318,22
267,318,22
271,318,22
272,318,22
268,318,22
271,318,22
272,318,22
272,318,22
271,318,22
269,318,22
268,318,22
268,318,22
269,318,22
266,318,22
270,318,22
268,318,22
268,318,22
268,318,22
269,318,22
271,318,22
272,243,22
273,243,22
274,243,22
272,243,22
275,243,22
276,243,22
278,243,22
279,243,22
277,243,22
273,243,22
277,244,22
277,244,22
275,244,22
272,244,22
272,244,22
270,244,22
269,244,22
267,244,22
268,244,22
267,244,22
264,244,22
262,244,22
265,244,22
266,244,22
264,244,22
265,244,22
264,244,22
263,244,22
264,244,22
263,244,22
261,244,22
263,244,22
262,244,22
260,244,22
261,244,22
260,244,22
263,244,22
262,244,22
262,244,22
266,244,22
264,244,22
261,244,22
261,244,22
263,244,22
265,244,22
269,244,22
271,244,22
272,244,22
274,244,22
277,244,22
279,244,22
282,244,22
282,272,22
281,272,22
281,272,22
284,272,22
284,272,22
284,272,22
285,272,22
287,272,22
285,272,22
286,272,22
286,272,22
289,272,22
289,272,22
286,272,22
284,272,22
281,272,22
282,272,22
278,272,22
278,272,22
278,272,22
280,272,22
281,272,22
282,272,22
280,272,22
281,272,22
284,272,22
283,272,22
285,272,22
283,272,22
283,272,22
281,253,22
279,253,22
280,253,22
282,253,22
283,253,22
283,253,22
285,253,22
283,253,22
285,253,22
287,253,22
290,253,22
286,253,22
289,253,22
285,253,22
284,253,22
284,253,22
279,253,22
283,253,22
286,253,22
287,253,22
284,253,22
284,253,22
286,253,22
285,253,22
285,306,22
286,306,22
287,306,22
285,306,22
283,306,22
282,306,22
285,306,22
286,306,22
288,306,22
289,306,22
293,306,22
295,306,22
294,306,22
294,306,22
293,306,22
290,306,22
290,306,22
293,306,22
293,306,22
294,306,22
295,306,22
293,268,22
292,268,22
292,268,22
290,268,22
290,268,22
292,268,22
289,268,22
291,268,22
289,268,22
290,268,22
291,268,22
293,268,22
295,268,22
293,268,22
296,268,22
298,310,22
297,310,22
295,310,22
295,310,22
293,310,22
293,310,22
294,310,22
291,310,22
292,310,22
294,310,22
292,310,22
290,310,22
291,310,22
290,310,22
295,310,22
297,310,22
296,310,22
293,310,22
296,310,22
295,310,22
294,310,22
291,310,22
290,310,22
289,310,22
288,310,22
289,310,22
287,310,22
287,310,22
287,310,22
287,310,22
284,310,22
284,310,22
287,310,22
286,310,22
290,310,22
291,310,22
287,310,22
286,310,22
286,310,22
290,305,22
289,305,22
290,305,22
292,305,22
294,305,22
294,305,22
291,305,22
291,305,22
295,305,22
298,305,22
297,305,22
299,305,22
301,305,22
299,305,22
302,305,22
304,305,22
304,305,22
302,305,22
299,305,22
296,305,22
298,305,22
301,305,22
303,290,22
303,290,22
302,290,22
300,290,22
298,290,22
295,290,22
295,290,22
292,290,22
290,290,22
291,290,22
290,290,22
286,262,22
285,262,22
284,262,22
283,262,22
283,262,22
285,262,22
285,262,22
284,262,22
283,262,22
284,262,22
286,262,22
287,262,22
288,262,22
288,262,22
288,262,22
286,262,22
287,262,22
286,262,22
286,262,22
285,262,22
283,262,22
282,262,22
285,262,22
286,262,22
283,271,22
280,271,22
280,271,22
280,271,22
280,271,22
278,271,22
281,271,22
282,271,22
284,271,22
284,271,22
283,271,22
282,271,22
283,271,22
279,265,22
278,265,22
274,265,22
271,265,22
270,265,22
269,265,22
271,265,22
267,265,22
270,265,22
273,239,22
274,239,22
278,239,22
282,239,22
279,239,22
283,239,22
283,239,22
281,239,22
279,239,22
282,239,22
282,239,22
282,239,22
283,239,22
286,239,22
284,239,22
283,239,22
282,239,22
286,239,22
285,239,22
286,239,22
285,239,22
288,239,22
284,239,22
289,239,22
291,239,22
290,239,22
292,239,22
294,239,22
294,292,22
296,292,22
293,292,22
292,292,22
291,292,22
290,292,22
287,292,22
287,292,22
285,292,22
282,292,22
282,292,22
281,292,22
280,292,22
279,292,22
282,292,22
281,292,22
281,292,22
280,286,22
279,286,22
278,286,22
275,286,22
278,286,22
279,286,22
282,286,22
278,286,22
276,286,22
276,286,22
275,286,22
274,286,22
276,286,22
275,286,22
275,286,22
276,286,22
273,286,22
268,286,22
268,286,22
270,286,22
268,286,22
267,286,22
266,286,22
267,286,22
267,286,22
267,286,22
269,286,22
270,286,22
268,286,22
267,284,22
266,284,22
264,284,22
263,284,22
261,284,22
260,284,22
263,284,22
261,284,22
261,284,22
263,284,22
263,284,22
260,284,22
260,284,22
263,284,22
263,284,22
262,284,22
263,284,22
263,286,22
262,286,22
260,286,22
258,286,22
259,286,22
260,286,22
259,286,22
258,286,22
257,286,22
258,286,22
257,286,22
258,286,22
254,286,22
256,286,22
254,286,22
254,286,22
255,286,22
255,286,22
255,286,22
258,286,22
258,286,22
257,230,22
259,230,22
258,230,22
259,230,22
258,230,22
260,230,22
261,230,22
260,230,22
257,230,22
259,230,22
264,230,22
261,230,22
259,230,22
256,230,22
257,230,22
256,230,22
258,230,22
257,230,22
257,251,22
258,251,22
255,251,22
254,251,22
255,251,22
254,251,22
256,251,22
256,251,22
255,251,22
256,251,22
254,251,22
253,251,22
254,251,22
255,251,22
256,251,22
252,251,22
257,251,22
254,251,22
253,251,22
256,251,22
254,251,22
254,251,22
253,288,22
254,288,22
254,288,22
254,288,22
251,288,22
253,288,22
257,288,22
255,288,22
257,295,22
253,295,22
252,295,22
254,295,22
254,295,22
256,295,22
254,295,22
255,295,22
254,295,22
255,295,22
255,295,22
256,295,22
256,295,22
253,295,22
255,295,22
256,295,22
260,295,22
258,295,22
254,295,22
253,295,22
255,258,22
257,258,22
257,258,22
259,258,22
257,258,22
253,258,22
253,258,22
255,258,22
257,258,22
259,258,22
259,270,22
260,270,22
264,270,22
265,270,22
267,270,22
268,270,22
271,270,22
272,270,22
273,270,22
273,270,22
273,270,22
273,270,22
276,270,22
274,270,22
272,270,22
268,270,22
268,270,22
267,270,22
265,270,22
266,270,22
262,270,22
261,270,22
265,270,22
260,270,22
262,270,22
264,206,22
264,206,22
264,206,22
262,206,22
261,206,22
260,206,22
262,206,22
262,206,22
262,284,22
259,284,22
257,284,22
256,284,22
256,284,22
255,284,22
252,284,22
251,284,22
252,284,22
252,284,22
252,284,22
251,284,22
251,284,22
252,284,22
249,284,22
249,284,22
249,284,22
245,284,22
246,284,22
247,284,22
247,284,22
246,284,22
246,284,22
244,284,22
244,284,22
246,284,22
243,284,22
244,284,22
242,284,22
239,284,22
238,284,22
238,284,22
239,284,22
239,284,22
238,230,22
239,230,22
239,230,22
240,230,22
241,230,22
239,230,22
238,230,22
238,230,22
238,230,22
238,212,22
239,212,22
238,212,22
237,212,22
237,212,22
240,212,22
243,212,22
243,212,22
248,212,22
249,212,22
247,217,22
250,217,22
250,217,22
251,217,22
248,217,22
249,217,22
250,217,22
251,217,22
251,217,22
251,217,22
248,217,22
247,217,22
245,217,22
248,233,22
246,233,22
247,233,22
249,233,22
252,233,22
250,233,22
249,233,22
253,233,22
251,233,22
251,233,22
249,233,22
247,233,22
248,233,22
249,233,22
251,233,22
251,233,22
250,233,22
248,233,22
248,233,22
246,233,22
244,233,22
249,233,22
250,233,22
251,233,22
250,233,22
250,233,22
251,233,22
251,241,22
248,241,22
250,241,22
248,241,22
250,241,22
252,241,22
249,241,22
255,241,22
252,241,22
250,241,22
248,241,22
247,241,22
247,241,22
248,241,22
251,241,22
249,241,22
246,241,22
247,241,22
245,241,22
245,274,22
250,274,22
247,274,22
249,274,22
246,274,22
240,274,22
239,274,22
235,274,22
236,274,22
236,274,22
234,274,22
236,274,22
238,274,22
237,274,22
236,263,22
235,263,22
231,263,22
232,263,22
228,263,22
227,263,22
224,263,22
226,263,22
228,263,22
226,263,22
227,263,22
228,263,22
223,195,22
221,195,22
220,195,22
221,195,22
222,195,22
222,195,22
222,195,22
225,195,22
222,195,22
221,195,22
225,195,22
224,195,22
221,194,22
219,194,22
220,194,22
223,194,22
226,194,22
226,194,22
226,194,22
226,194,22
227,194,22
223,194,22
223,194,22
224,194,22
221,194,22
223,194,22
224,255,22
221,255,22
223,255,22
219,255,22
216,255,22
213,255,22
212,255,22
210,255,22
209,255,22
209,255,22
211,255,22
210,255,22
207,255,22
208,255,22
204,255,22
202,255,22
202,255,22
200,255,22
198,255,22
197,255,22
197,255,22
198,194,22
198,194,22
196,194,22
195,194,22
195,194,22
198,194,22
195,194,22
197,194,22
196,194,22
197,194,22
196,194,22
198,188,22
199,188,22
199,188,22
203,188,22
203,188,22
203,188,22
202,188,22
202,188,22
199,188,22
199,188,22
197,188,22
196,188,22
197,188,22
200,188,22
196,188,22
194,188,22
193,188,22
195,188,22
194,188,22
194,188,22
192,188,22
192,188,22
186,188,22
187,188,22
184,188,22
187,188,22
186,188,22
183,188,22
184,188,22
186,188,22
186,188,22
188,188,22
187,188,22
186,188,22
185,188,22
185,188,22
183,188,22
185,180,22
188,180,22
187,180,22
190,180,22
191,180,22
188,180,22
188,180,22
189,180,22
188,180,22
188,180,22
189,180,22
189,180,22
193,180,22
194,180,22
192,180,22
190,180,22
192,180,22
192,180,22
189,180,22
187,180,22
187,180,22
187,180,22
191,180,22
193,180,22
192,180,22
190,180,22
191,180,22
191,180,22
190,180,22
191,180,22
192,180,22
192,180,22
191,180,22
192,180,22
191,188,22
191,188,22
192,188,22
191,188,22
192,188,22
191,188,22
195,188,22
194,188,22
194,188,22
191,188,22
191,188,22
190,188,22
190,188,22
192,188,22
196,188,22
196,188,22
195,188,22
192,203,22
191,203,22
192,203,22
192,203,22
192,203,22
194,203,22
190,203,22
190,203,22
190,203,22
192,203,22
193,203,22
195,203,22
192,203,22
194,203,22
195,203,22
194,203,22
193,199,22
194,199,22
193,199,22
189,199,22
188,199,22
189,199,22
190,199,22
190,199,22
193,199,22
191,199,22
199,199,22
197,199,22
198,209,22
198,209,22
195,209,22
197,209,22
200,209,22
203,209,22
203,209,22
202,209,22
202,209,22
201,209,22
201,209,22
200,209,22
199,209,22
197,209,22
198,209,22
199,209,22
200,209,22
202,209,22
202,209,22
201,209,22
200,209,22
199,209,22
200,209,22
201,209,22
201,209,22
198,209,22
197,209,22
195,209,22
199,209,22
200,209,22
199,209,22
204,209,22
204,206,22
206,206,22
206,206,22
204,206,22
208,206,22
209,206,22
208,206,22
206,206,22
208,206,22
210,206,22
212,206,22
212,206,22
215,206,22
216,206,22
217,206,22
217,251,22
219,251,22
219,251,22
220,251,22
220,251,22
218,251,22
220,251,22
221,251,22
222,251,22
221,251,22
223,251,22
226,251,22
227,251,22
227,251,22
226,251,22
226,251,22
226,251,22
225,251,22
225,251,22
228,251,22
229,251,22
230,251,22
233,251,22
234,251,22
232,251,22
235,251,22
239,251,22
244,251,22
244,251,22
243,251,22
241,251,22
243,251,22
245,251,22
247,251,22
250,251,22
251,251,22
252,251,22
252,251,22
249,251,22
249,251,22
246,251,22
249,251,22
248,251,22
249,210,22
245,210,22
246,210,22
246,210,22
246,210,22
249,210,22
250,210,22
253,210,22
250,210,22
251,210,22
252,210,22
252,210,22
254,210,22
254,210,22
254,210,22
259,210,22
259,210,22
257,210,22
260,210,22
256,210,22
259,210,22
260,210,22
260,210,22
263,210,22
264,210,22
268,210,22
266,210,22
266,210,22
265,210,22
264,210,22
265,210,22
266,210,22
268,210,22
269,210,22
271,210,22
267,210,22
267,210,22
267,210,22
264,210,22
263,210,22
265,210,22
263,303,22
267,303,22
268,303,22
269,303,22
268,303,22
270,303,22
270,303,22
272,303,22
273,303,22
271,303,22
269,303,22
268,303,22
267,303,22
270,303,22
270,303,22
268,303,22
266,303,22
268,303,22
267,303,22
263,303,22
261,303,22
260,303,22
262,303,22
262,303,22
266,303,22
267,282,22
266,282,22
265,282,22
263,282,22
261,282,22
264,282,22
266,282,22
272,282,22
272,282,22
273,282,22
274,282,22
272,282,22
272,282,22
273,282,22
271,282,22
275,279,22
274,279,22
275,279,22
274,279,22
276,279,22
278,279,22
278,279,22
279,251,22
280,251,22
279,251,22
277,251,22
277,251,22
276,251,22
279,251,22
284,251,22
284,251,22
278,251,22
283,251,22
280,251,22
280,248,22
279,248,22
278,248,22
276,248,22
276,248,22
278,248,22
279,248,22
280,298,22
276,298,22
275,298,22
274,298,22
275,298,22
277,298,22
276,298,22
276,298,22
279,298,22
279,298,22
279,275,22
279,275,22
275,275,22
275,275,22
277,275,22
278,275,22
279,275,22
275,268,22
272,268,22
271,268,22
270,268,22
270,268,22
269,268,22
272,268,22
272,268,22
272,268,22
275,268,22
276,268,22
276,268,22
275,268,22
277,268,22
277,268,22
277,304,22
279,304,22
281,304,22
278,304,22
280,304,22
280,304,22
276,304,22
275,304,22
276,304,22
273,304,22
273,304,22
275,304,22
278,304,22
277,304,22
279,304,22
276,304,22
272,304,22
271,304,22
274,304,22
274,304,22
270,304,22
274,304,22
272,304,22
271,304,22
273,304,22
275,304,22
274,304,22
276,304,22
276,304,22
276,304,22
277,304,22
276,304,22
276,304,22
278,304,22
278,304,22
281,304,22
282,304,22
283,304,22
283,304,22
282,304,22
285,304,22
281,304,22
278,304,22
277,304,22
275,304,22
276,304,22
280,304,22
282,304,22
283,304,22
279,271,22
281,271,22
282,271,22
285,271,22
288,271,22
288,271,22
288,271,22
286,271,22
284,279,22
286,279,22
286,279,22
287,279,22
289,279,22
292,279,22
294,279,22
295,279,22
295,279,22
293,279,22
292,279,22
293,279,22
297,271,22
300,271,22
304,271,22
304,271,22
303,271,22
301,271,22
304,271,22
308,271,22
310,271,22
311,271,22
309,271,22
311,271,22
309,271,22
309,271,22
311,271,22
312,271,22
314,271,22
312,271,22
310,271,22
311,271,22
311,271,22
310,305,22
309,305,22
307,305,22
309,305,22
309,305,22
314,305,22
310,305,22
309,305,22
309,305,22
308,305,22
307,305,22
306,305,22
305,305,22
310,304,22
313,304,22
312,304,22
313,304,22
312,304,22
312,304,22
315,304,22
316,304,22
318,304,22
317,304,22
316,304,22
315,304,22
315,304,22
314,304,22
314,304,22
314,304,22
314,304,22
309,304,22
310,304,22
310,304,22
310,304,22
311,304,22
315,304,22
316,304,22
315,304,22
314,304,22
314,304,22
314,321,22
315,321,22
314,321,22
314,321,22
313,321,22
314,321,22
313,321,22
314,269,22
316,269,22
316,269,22
315,269,22
316,269,22
318,269,22
319,269,22
321,269,22
320,269,22
323,269,22
324,269,22
320,269,22
320,269,22
321,269,22
318,269,22
319,269,22
316,269,22
318,269,22
321,269,22
323,269,22
322,269,22
324,269,22
322,269,22
319,269,22
317,269,22
314,269,22
315,269,22
316,269,22
318,269,22
319,269,22
319,269,22
321,269,22
324,269,22
322,269,22
317,269,22
318,269,22
317,269,22
319,269,22
315,269,22
316,269,22
319,269,22
317,302,22
316,302,22
318,302,22
317,302,22
317,302,22
318,302,22
319,302,22
320,302,22
318,302,22
319,302,22
321,302,22
319,302,22
320,302,22
318,302,22
317,302,22
312,302,22
316,302,22
314,302,22
317,302,22
317,302,22
320,302,22
320,315,22
324,315,22
324,315,22
326,315,22
325,315,22
328,315,22
328,315,22
325,315,22
325,315,22
329,315,22
331,315,22
331,315,22
334,315,22
337,315,22
337,315,22
339,315,22
338,315,22
337,315,22
343,312,22
343,312,22
341,312,22
341,312,22
341,312,22
341,312,22
342,312,22
344,312,22
343,312,22
345,312,22
345,312,22
340,312,22
342,312,22
341,312,22
339,312,22
338,312,22
339,312,22
339,312,22
340,312,22
341,312,22
334,312,22
332,0,22
332,0,22
334,0,22
329,0,22
330,0,22
327,0,22
330,0,22
331,0,22
333,0,22
333,0,22
338,0,22
342,0,22
339,0,22
339,0,22
338,0,22
337,0,22
340,0,22
340,0,22
342,0,22
347,0,22
352,0,22
350,0,22
351,0,22
354,0,22
355,0,22
354,6,22
354,6,22
351,6,22
349,6,22
348,6,22
348,6,22
348,6,22
345,6,22
350,6,22
352,6,22
351,6,22
350,6,22
350,6,22
351,5,22
353,5,22
355,5,22
355,5,22
356,5,22
356,5,22
359,5,22
358,343,22
2,343,22
0,343,22
2,343,22
359,343,22
357,343,22
358,343,22
358,343,22
359,343,22
359,343,22
359,343,22
0,343,22
1,343,22
1,343,22
1,343,22
357,343,22
356,343,22
354,343,22
353,343,22
352,343,22
351,343,22
350,343,22
352,343,22
352,343,22
351,343,22
350,343,22
349,343,22
353,343,22
352,343,22
356,343,22
354,343,22
352,343,22
352,343,22
358,343,22
357,343,22
357,343,22
354,343,22
356,343,22
357,343,22
358,343,22
358,343,22
358,343,22
357,343,22
356,343,22
358,343,22
356,343,22
354,343,22
353,343,22
352,342,22
352,342,22
354,342,22
353,342,22
352,342,22
352,342,22
353,342,22
353,342,22
352,342,22
355,342,22
356,342,22
355,342,22
354,342,22
352,342,22
351,342,22
348,342,22
347,342,22
349,342,22
349,342,22
348,342,22
348,342,22
349,342,22
348,342,22
350,342,22
351,342,22
352,342,22
352,342,22
352,342,22
350,342,22
349,342,22
349,342,22
353,342,22
351,342,22
352,342,22
352,342,22
352,342,22
355,342,22
353,8,22
353,8,22
353,8,22
353,8,22
357,8,22
353,8,22
353,355,22
354,355,22
358,355,22
2,355,22
4,355,22
1,355,22
3,355,22
1,355,22
4,355,22
2,355,22
1,355,22
2,26,22
1,26,22
5,26,22
4,26,22
4,26,22
2,26,22
3,26,22
6,26,22
5,26,22
2,26,22
6,26,22
5,26,22
5,26,22
5,26,22
6,26,22
5,26,22
7,26,22
5,26,22
6,26,22
10,26,22
9,26,22
11,26,22
9,26,22
11,26,22
10,26,22
15,26,22
12,26,22
11,26,22
8,26,22
8,26,22
9,26,22
5,26,22
3,26,22
3,8,22
0,8,22
1,8,22
0,8,22
358,8,22
358,8,22
358,8,22
355,8,22
356,344,22
358,344,22
0,344,22
356,344,22
355,344,22
355,344,22
356,344,22
351,344,22
347,344,22
342,344,22
339,344,22
338,344,22
340,344,22
341,352,22
342,352,22
339,352,22
340,352,22
338,352,22
338,352,22
337,352,22
334,352,22
334,352,22
336,352,22
338,352,22
336,310,22
336,310,22
336,310,22
336,310,22
337,310,22
337,310,22
341,310,22
339,310,22
338,310,22
339,310,22
340,310,22
339,310,22
338,310,22
341,310,22
341,310,22
335,310,22
334,310,22
335,324,22
334,324,22
334,324,22
330,324,22
330,324,22
331,324,22
332,324,22
328,324,22
324,324,22
323,324,22
324,324,22
324,324,22
325,324,22
325,324,22
325,324,22
326,359,22
325,359,22
323,359,22
320,359,22
320,359,22
319,359,22
317,359,22
319,359,22
322,359,22
324,359,22
326,359,22
327,325,22
329,325,22
327,325,22
327,325,22
326,325,22
327,325,22
325,325,22
324,325,22
324,325,22
324,325,22
329,325,22
329,325,22
330,325,22
332,325,22
337,325,22
335,325,22
333,329,22
333,329,22
334,329,22
332,329,22
331,329,22
328,329,22
330,329,22
333,329,22
331,329,22
327,329,22
328,329,22
327,329,22
324,329,22
324,329,22
324,314,22
324,314,22
327,314,22
328,314,22
330,314,22
329,314,22
327,314,22
325,314,22
326,314,22
324,314,22
326,314,22
326,314,22
328,314,22
328,314,22
328,314,22
324,314,22
328,314,22
324,306,22
324,306,22
327,306,22
330,306,22
329,306,22
328,306,22
326,306,22
326,306,22
326,306,22
328,306,22
328,306,22
327,306,22
326,306,22
329,306,22
330,306,22
332,306,22
330,306,22
330,306,22
332,306,22
335,306,22
334,306,22
333,306,22
330,306,22
329,306,22
326,306,22
326,306,22
329,306,22
330,306,22
326,306,22
323,306,22
322,306,22
320,306,22
320,306,22
316,306,22
316,306,22
315,306,22
318,306,22
318,306,22
317,306,22
322,315,22
322,315,22
324,315,22
319,315,22
322,315,22
324,315,22
327,315,22
326,315,22
327,315,22
329,315,22
330,315,22
332,315,22
332,315,22
333,315,22
329,315,22
332,315,22
333,315,22
333,315,22
334,315,22
336,315,22
336,315,22
337,334,22
336,334,22
338,334,22
339,334,22
339,334,22
339,334,22
338,334,22
337,334,22
335,334,22
337,334,22
337,334,22
337,334,22
336,334,22
334,334,22
334,334,22
330,334,22
328,334,22
329,334,22
328,334,22
325,334,22
323,334,22
325,334,22
327,334,22
326,334,22
326,4,22
325,4,22
323,4,22
321,4,22
320,4,22
317,4,22
318,4,22
318,4,22
317,4,22
318,4,22
317,4,22
320,4,22
322,4,22
321,4,22
320,4,22
320,4,22
323,4,22
319,4,22
318,4,22
319,4,22
317,4,22
316,4,22
322,4,22
324,4,22
327,4,22
327,4,22
332,4,22
331,4,22
335,4,22
336,4,22
338,4,22
341,4,22
339,4,22
341,4,22
342,310,22
343,310,22
344,310,22
346,310,22
347,310,22
347,310,22
350,310,22
348,310,22
347,310,22
345,310,22
347,310,22
344,15,22
345,15,22
345,15,22
343,15,22
341,15,22
339,15,22
338,15,22
339,15,22
338,15,22
336,15,22
333,15,22
333,15,22
333,15,22
334,15,22
334,15,22
336,15,22
331,15,22
330,15,22
329,15,22
331,15,22
331,15,22
326,15,22
325,15,22
329,15,22
328,15,22
327,15,22
326,15,22
326,15,22
330,15,22
335,15,22
331,15,22
332,15,22
335,15,22
334,15,22
334,15,22
333,15,22
335,343,22
335,343,22
338,343,22
340,343,22
344,343,22
345,343,22
344,343,22
346,343,22
345,343,22
343,343,22
347,343,22
345,343,22
346,331,22
344,331,22
345,331,22
345,331,22
342,331,22
343,331,22
340,331,22
340,331,22
338,331,22
337,331,22
338,331,22
339,331,22
340,331,22
341,331,22
342,331,22
343,331,22
341,331,22
341,331,22
342,331,22
341,331,22
341,331,22
342,331,22
340,331,22
339,331,22
337,331,22
340,331,22
337,331,22
337,331,22
338,331,22
339,331,22
338,331,22
333,331,22
334,331,22
330,331,22
332,331,22
330,331,22
331,331,22
331,331,22
332,331,22
331,331,22
333,331,22
335,331,22
334,331,22
334,302,22
335,302,22
330,302,22
333,302,22
332,302,22
330,302,22
330,326,22
332,326,22
333,326,22
335,326,22
335,326,22
334,326,22
335,326,22
338,326,22
341,326,22
340,326,22
339,326,22
337,326,22
338,326,22
342,326,22
341,326,22
341,326,22
338,326,22
338,326,22
338,326,22
340,326,22
338,326,22
339,326,22
340,326,22
342,326,22
343,326,22
344,326,22
342,326,22
342,326,22
341,326,22
340,326,22
340,326,22
342,328,22
340,328,22
340,328,22
340,328,22
342,328,22
341,328,22
342,328,22
342,328,22
341,328,22
341,328,22
342,328,22
341,328,22
341,346,22
345,346,22
344,346,22
343,346,22
339,346,22
337,346,22
338,346,22
340,346,22
335,346,22
339,346,22
341,346,22
340,346,22
338,346,22
338,346,22
339,346,22
338,346,22
340,346,22
340,346,22
338,346,22
337,346,22
337,346,22
337,346,22
338,346,22
341,346,22
340,346,22
341,346,22
342,346,22
341,346,22
344,346,22
348,346,22
349,346,22
349,346,22
349,346,22
347,346,22
346,346,22
347,346,22
347,330,22
343,330,22
345,330,22
340,330,22
336,330,22
337,330,22
336,330,22
339,330,22
341,330,22
340,330,22
342,316,22
343,316,22
344,316,22
343,316,22
342,316,22
343,316,22
343,316,22
342,316,22
341,316,22
340,316,22
341,27,22
345,27,22
349,27,22
350,27,22
353,27,22
354,27,22
355,27,22
355,27,22
358,27,22
357,27,22
359,27,22
2,27,22
3,27,22
4,27,22
1,27,22
0,27,22
2,27,22
2,27,22
3,27,22
1,27,22
0,27,22
0,27,22
0,27,22
0,27,22
1,27,22
3,27,22
6,27,22
8,27,22
8,27,22
7,27,22
4,27,22
4,27,22
5,27,22
1,27,22
0,14,22
359,14,22
0,14,22
0,14,22
359,14,22
359,14,22
359,14,22
359,14,22
358,14,22
359,14,22
0,14,22
2,14,22
0,14,22
1,14,22
359,14,22
358,14,22
2,14,22
2,14,22
1,14,22
0,14,22
3,14,22
7,14,22
2,14,22
3,14,22
3,14,22
2,20,22
4,20,22
7,20,22
9,20,22
8,20,22
8,20,22
7,20,22
7,20,22
5,20,22
4,20,22
6,344,22
6,344,22
7,344,22
5,344,22
5,344,22
3,344,22
5,344,22
5,344,22
1,344,22
1,344,22
1,344,22
3,344,22
0,344,22
357,15,22
356,15,22
357,15,22
2,15,22
0,15,22
1,15,22
5,15,22
3,15,22
1,15,22
3,15,22
7,15,22
6,15,22
4,15,22
5,15,22
5,15,22
5,15,22
2,15,22
3,15,22
3,15,22
5,15,22
5,15,22
6,15,22
4,15,22
5,15,22
4,15,22
1,15,22
1,15,22
1,15,22
4,15,22
5,15,22
4,15,22
4,15,22
1,15,22
0,15,22
2,15,22
359,15,22
357,15,22
355,15,22
359,15,22
358,15,22
357,15,22
357,15,22
2,15,22
3,15,22
4,15,22
5,15,22
6,15,22
8,15,22
8,15,22
9,15,22
12,15,22
9,15,22
7,15,22
7,15,22
8,15,22
8,15,22
7,345,22
8,345,22
8,345,22
8,345,22
10,345,22
12,345,22
11,345,22
9,345,22
7,345,22
9,345,22
10,345,22
12,345,22
13,345,22
17,345,22
20,345,22
18,356,22
21,356,22
18,356,22
16,356,22
19,356,22
20,356,22
20,356,22
19,356,22
17,356,22
15,356,22
14,356,22
14,356,22
14,356,22
16,19,22
17,19,22
14,19,22
15,19,22
15,19,22
12,19,22
12,19,22
12,19,22
11,19,22
10,19,22
9,19,22
10,19,22
10,19,22
6,19,22
8,352,22
10,352,22
10,352,22
10,352,22
9,352,22
7,352,22
4,352,22
5,352,22
4,344,22
4,344,22
5,344,22
5,344,22
6,344,22
7,344,22
11,344,22
15,344,22
18,344,22
19,344,22
22,344,22
23,344,22
24,344,22
22,344,22
22,344,22
21,344,22
21,344,22
27,344,22
26,344,22
25,344,22
27,344,22
28,344,22
30,344,22
29,344,22
30,344,22
27,344,22
31,344,22
30,46,22
31,46,22
32,46,22
32,46,22
30,46,22
25,46,22
19,46,22
21,46,22
22,46,22
22,46,22
23,46,22
23,46,22
24,46,22
23,46,22
25,46,22
23,46,22
22,46,22
21,46,22
24,46,22
21,46,22
23,46,22
21,46,22
16,0,22
18,0,22
18,0,22
22,0,22
21,0,22
21,0,22
19,0,22
19,28,22
19,28,22
22,28,22
23,28,22
29,28,22
32,28,22
31,28,22
31,28,22
33,28,22
33,28,22
30,28,22
27,28,22
27,28,22
27,28,22
29,28,22
29,28,22
30,28,22
30,28,22
32,28,22
35,28,22
35,28,22
35,28,22
37,28,22
40,31,22
40,31,22
43,31,22
47,31,22
44,31,22
45,31,22
44,39,22
46,39,22
44,39,22
47,39,22
49,39,22
48,39,22
46,39,22
49,39,22
47,39,22
48,39,22
50,39,22
52,39,22
53,39,22
53,39,22
54,39,22
55,39,22
59,39,22
55,39,22
56,39,22
55,39,22
51,39,22
53,39,22
49,44,22
51,44,22
54,44,22
57,44,22
58,44,22
59,44,22
58,44,22
57,44,22
55,44,22
58,44,22
58,63,22
59,63,22
61,63,22
60,63,22
62,63,22
61,63,22
61,63,22
59,63,22
62,63,22
64,63,22
63,63,22
60,63,22
60,63,22
60,63,22
61,63,22
63,63,22
61,63,22
60,63,22
62,63,22
61,63,22
57,48,22
59,48,22
59,48,22
54,48,22
57,48,22
56,48,22
55,48,22
57,48,22
56,48,22
57,48,22
58,48,22
59,48,22
60,48,22
56,48,22
55,48,22
54,48,22
53,48,22
53,48,22
55,48,22
59,48,22
60,48,22
59,48,22
60,48,22
60,48,22
60,45,22
62,45,22
60,45,22
62,45,22
62,45,22
64,45,22
62,68,22
66,68,22
68,68,22
68,68,22
68,68,22
66,68,22
67,56,22
66,56,22
64,56,22
64,56,22
63,56,22
65,56,22
63,56,22
64,56,22
66,56,22
68,56,22
68,56,22
66,56,22
64,56,22
62,56,22
65,56,22
63,56,22
59,56,22
56,56,22
57,56,22
55,56,22
54,56,22
50,39,22
54,39,22
55,39,22
59,39,22
57,39,22
58,39,22
54,39,22
58,39,22
54,39,22
57,39,22
55,39,22
56,39,22
57,39,22
56,39,22
58,39,22
61,39,22
58,39,22
57,39,22
56,39,22
56,39,22
57,39,22
58,39,22
56,39,22
54,39,22
53,39,22
56,39,22
53,39,22
56,39,22
57,39,22
61,39,22
59,39,22
59,83,22
58,83,22
54,83,22
57,83,22
60,83,22
64,83,22
66,57,22
64,57,22
67,57,22
66,57,22
65,57,22
66,57,22
65,57,22
65,57,22
58,57,22
56,57,22
57,57,22
57,57,22
58,57,22
54,57,22
52,57,22
50,51,22
48,51,22
51,51,22
50,51,22
51,51,22
48,51,22
47,51,22
46,51,22
48,51,22
47,51,22
48,51,22
48,51,22
51,51,22
50,51,22
48,51,22
47,51,22
46,29,22
48,29,22
48,29,22
48,29,22
50,29,22
48,29,22
48,29,22
51,29,22
52,29,22
54,29,22
53,29,22
53,29,22
53,29,22
53,29,22
50,29,22
49,36,22
48,36,22
47,36,22
45,36,22
49,36,22
49,36,22
46,36,22
46,36,22
44,36,22
41,36,22
44,36,22
45,36,22
45,36,22
44,36,22
47,36,22
45,36,22
44,36,22
44,36,22
42,36,22
46,36,22
44,36,22
47,36,22
49,36,22
51,36,22
55,36,22
56,36,22
56,36,22
59,36,22
61,36,22
61,36,22
58,36,22
61,36,22
62,36,22
59,36,22
59,36,22
56,36,22
55,36,22
54,36,22
53,36,22
52,36,22
52,36,22
56,36,22
55,35,22
55,35,22
56,35,22
57,35,22
58,35,22
56,35,22
59,35,22
64,35,22
65,35,22
66,79,22
67,79,22
68,79,22
70,79,22
72,79,22
71,79,22
73,79,22
76,79,22
78,79,22
84,79,22
84,79,22
83,79,22
87,79,22
91,79,22
89,79,22
87,79,22
83,79,22
80,79,22
77,79,22
76,79,22
72,79,22
71,79,22
74,79,22
73,79,22
75,79,22
71,79,22
72,79,22
73,79,22
69,79,22
66,79,22
63,79,22
58,79,22
57,79,22
57,79,22
55,79,22
56,79,22
60,79,22
61,79,22
61,79,22
60,79,22
57,79,22
54,79,22
57,79,22
54,79,22
53,79,22
54,79,22
56,79,22
55,79,22
55,79,22
53,79,22
53,79,22
54,79,22
55,36,22
56,36,22
60,36,22
60,36,22
62,36,22
63,36,22
64,36,22
65,36,22
66,36,22
68,36,22
71,36,22
70,36,22
71,36,22
70,36,22
69,36,22
71,36,22
70,36,22
72,36,22
73,36,22
74,36,22
78,36,22
78,36,22
75,36,22
76,36,22
77,36,22
81,36,22
82,101,22
82,101,22
81,101,22
81,101,22
82,101,22
83,101,22
81,69,22
83,69,22
84,69,22
86,69,22
87,69,22
84,69,22
86,69,22
86,69,22
86,69,22
85,69,22
86,69,22
82,69,22
80,69,22
81,69,22
80,69,22
79,69,22
79,69,22
80,69,22
76,69,22
76,69,22
75,69,22
75,69,22
72,69,22
69,69,22
70,69,22
69,69,22
67,69,22
65,69,22
63,69,22
64,69,22
63,69,22
60,69,22
60,69,22
62,69,22
61,69,22
63,69,22
59,69,22
60,69,22
60,69,22
61,69,22
62,69,22
61,69,22
57,115,22
57,115,22
53,115,22
50,115,22
52,115,22
52,115,22
48,115,22
48,115,22
49,115,22
48,115,22
45,115,22
45,115,22
43,115,22
45,115,22
45,115,22
42,115,22
41,115,22
42,115,22
43,115,22
46,115,22
47,115,22
48,115,22
47,115,22
44,115,22
43,115,22
44,115,22
45,115,22
44,115,22
38,115,22
38,115,22
38,115,22
39,115,22
39,115,22
40,115,22
37,115,22
38,115,22
39,115,22
39,115,22
37,115,22
36,115,22
37,115,22
38,115,22
42,115,22
39,115,22
43,115,22
43,30,22
46,30,22
50,30,22
51,30,22
48,30,22
47,30,22
46,30,22
47,30,22
49,87,22
47,87,22
49,87,22
49,87,22
48,87,22
45,87,22
49,87,22
48,87,22
51,87,22
56,87,22
55,87,22
58,87,22
57,87,22
53,87,22
53,87,22
52,87,22
50,87,22
51,87,22
51,87,22
54,87,22
53,87,22
51,87,22
53,87,22
55,87,22
50,87,22
49,87,22
50,87,22
50,87,22
49,87,22
49,87,22
49,87,22
50,87,22
51,56,22
51,56,22
54,56,22
55,56,22
55,56,22
58,56,22
55,56,22
57,56,22
57,56,22
55,56,22
58,56,22
60,56,22
60,56,22
63,56,22
65,56,22
64,56,22
63,56,22
65,56,22
64,56,22
61,56,22
57,56,22
54,56,22
56,56,22
53,56,22
52,56,22
53,56,22
53,56,22
54,56,22
57,56,22
55,56,22
52,56,22
53,56,22
55,56,22
55,56,22
57,56,22
58,56,22
58,56,22
59,56,22
58,56,22
60,56,22
60,56,22
61,56,22
63,56,22
63,56,22
64,56,22
66,56,22
63,56,22
64,56,22
64,56,22
63,56,22
64,56,22
62,56,22
63,34,22
63,34,22
63,34,22
59,34,22
56,34,22
54,34,22
55,34,22
52,34,22
52,34,22
52,39,22
48,39,22
47,39,22
46,39,22
44,39,22
42,39,22
45,75,22
46,75,22
43,75,22
41,75,22
41,75,22
43,75,22
46,75,22
46,75,22
46,75,22
45,75,22
44,29,22
45,29,22
43,29,22
43,29,22
44,29,22
45,29,22
45,29,22
45,29,22
45,29,22
45,29,22
48,31,22
51,31,22
55,31,22
58,31,22
60,31,22
62,31,22
63,31,22
63,31,22
63,31,22
64,31,22
63,31,22
63,31,22
63,31,22
60,31,22
61,31,22
61,31,22
61,31,22
63,31,22
60,31,22
58,31,22
57,31,22
58,31,22
58,51,22
58,51,22
57,51,22
58,51,22
56,51,22
57,51,22
59,51,22
58,51,22
56,51,22
55,51,22
51,51,22
47,51,22
48,49,22
45,49,22
45,49,22
44,49,22
44,49,22
46,49,22
43,49,22
47,49,22
50,49,22
52,49,22
54,49,22
53,49,22
55,49,22
55,57,22
56,57,22
58,57,22
58,57,22
58,57,22
56,57,22
55,57,22
54,57,22
54,57,22
50,57,22
53,57,22
52,57,22
52,57,22
51,57,22
45,57,22
46,57,22
48,57,22
49,57,22
50,57,22
47,57,22
46,57,22
46,57,22
46,57,22
51,57,22
51,57,22
47,57,22
49,57,22
48,72,22
47,72,22
49,72,22
52,72,22
52,72,22
51,72,22
52,72,22
55,72,22
53,72,22
52,72,22
50,72,22
51,72,22
56,72,22
55,72,22
56,72,22
56,72,22
57,72,22
59,72,22
59,72,22
62,72,22
62,72,22
60,72,22
60,72,22
62,72,22
61,72,22
63,72,22
64,72,22
67,72,22
67,72,22
64,72,22
61,72,22
61,72,22
61,72,22
62,72,22
61,72,22
63,72,22
62,72,22
64,44,22
66,44,22
68,44,22
66,44,22
68,44,22
66,44,22
61,44,22
62,44,22
62,44,22
59,44,22
54,44,22
55,44,22
52,44,22
57,44,22
59,44,22
60,44,22
59,44,22
57,44,22
56,44,22
51,44,22
54,44,22
52,44,22
54,44,22
54,44,22
53,44,22
54,44,22
54,62,22
53,62,22
50,62,22
52,62,22
54,62,22
53,62,22
54,62,22
54,62,22
53,62,22
54,62,22
53,62,22
53,62,22
53,62,22
53,62,22
56,62,22
57,62,22
58,62,22
57,62,22
56,62,22
57,62,22
53,61,22
53,61,22
51,61,22
52,61,22
51,61,22
52,61,22
54,61,22
51,61,22
47,61,22
47,61,22
47,61,22
48,61,22
48,61,22
46,61,22
46,61,22
46,61,22
44,61,22
44,61,22
44,61,22
43,61,22
44,61,22
41,61,22
44,61,22
43,61,22
43,61,22
42,61,22
42,61,22
42,61,22
42,61,22
39,61,22
40,61,22
38,61,22
34,61,22
32,61,22
34,61,22
35,61,22
32,61,22
32,61,22
33,61,22
32,61,22
30,61,22
33,61,22
33,61,22
31,61,22
30,61,22
33,61,22
33,61,22
36,61,22
37,61,22
36,61,22
40,61,22
43,61,22
42,61,22
42,61,22
44,61,22
47,61,22
46,61,22
47,61,22
48,61,22
49,56,22
49,56,22
53,56,22
53,56,22
53,56,22
52,56,22
48,56,22
45,56,22
45,56,22
47,56,22
47,56,22
48,56,22
48,56,22
49,56,22
48,56,22
46,56,22
43,56,22
46,56,22
47,56,22
46,56,22
46,56,22
49,56,22
48,56,22
49,49,22
55,49,22
56,49,22
54,49,22
55,49,22
56,49,22
56,49,22
55,49,22
55,49,22
57,49,22
58,49,22
58,49,22
61,49,22
59,49,22
59,49,22
55,49,22
59,49,22
58,49,22
60,49,22
61,49,22
62,49,22
61,49,22
61,49,22
58,49,22
59,49,22
61,49,22
61,49,22
65,49,22
65,49,22
66,49,22
63,49,22
62,49,22
63,86,22
62,86,22
60,86,22
61,86,22
62,86,22
65,86,22
65,86,22
66,86,22
65,86,22
65,86,22
63,86,22
63,86,22
63,49,22
66,49,22
65,49,22
64,49,22
63,49,22
65,49,22
65,49,22
64,49,22
63,49,22
63,49,22
63,49,22
61,49,22
63,49,22
67,49,22
71,49,22
72,49,22
70,49,22
73,49,22
75,49,22
73,49,22
74,49,22
72,49,22
73,49,22
73,49,22
74,49,22
74,49,22
74,49,22
75,49,22
71,49,22
69,49,22
71,49,22
73,49,22
70,49,22
67,49,22
68,49,22
71,49,22
72,49,22
70,49,22
72,49,22
70,49,22
68,49,22
69,49,22
73,49,22
73,49,22
73,49,22
71,49,22
73,49,22
70,49,22
70,49,22
71,49,22
71,49,22
72,49,22
70,49,22
70,49,22
70,49,22
66,49,22
65,49,22
66,49,22
63,49,22
64,59,22
62,59,22
60,59,22
59,59,22
62,59,22
62,59,22
65,59,22
64,59,22
65,59,22
66,59,22
66,59,22
70,59,22
70,59,22
70,59,22
69,59,22
71,59,22
73,59,22
73,59,22
72,59,22
74,59,22
72,59,22
73,59,22
71,59,22
74,59,22
74,59,22
76,59,22
75,59,22
76,59,22
78,59,22
76,59,22
74,59,22
77,59,22
79,59,22
83,59,22
86,57,22
88,57,22
89,57,22
91,57,22
91,57,22
92,57,22
90,57,22
90,57,22
93,57,22
95,57,22
95,57,22
95,57,22
93,57,22
92,57,22
94,100,22
93,100,22
95,100,22
96,100,22
98,100,22
99,100,22
99,100,22
97,100,22
96,100,22
99,100,22
100,100,22
100,100,22
99,100,22
100,100,22
98,100,22
99,100,22
96,100,22
91,100,22
93,100,22
92,100,22
91,100,22
94,100,22
90,100,22
92,100,22
91,100,22
90,100,22
94,100,22
93,100,22
93,100,22
93,100,22
95,100,22
92,100,22
91,100,22
91,97,22
88,97,22
89,97,22
89,97,22
88,97,22
88,97,22
86,97,22
87,97,22
89,97,22
88,74,22
88,74,22
84,74,22
83,74,22
84,74,22
84,74,22
86,74,22
84,74,22
84,74,22
88,74,22
90,94,22
90,94,22
90,94,22
91,94,22
91,94,22
93,94,22
97,94,22
91,94,22
91,94,22
85,94,22
83,94,22
86,94,22
90,94,22
86,94,22
85,94,22
90,94,22
89,94,22
87,94,22
88,94,22
88,115,22
89,115,22
89,115,22
85,115,22
85,115,22
84,115,22
80,115,22
77,115,22
78,115,22
76,84,22
76,84,22
77,84,22
80,84,22
80,84,22
81,84,22
80,84,22
83,84,22
81,84,22
86,84,22
84,84,22
83,84,22
85,84,22
84,88,22
84,88,22
80,88,22
83,88,22
84,88,22
85,88,22
84,88,22
84,88,22
83,88,22
83,88,22
83,88,22
81,88,22
83,88,22
86,88,22
87,88,22
88,88,22
85,88,22
85,88,22
85,105,22
82,105,22
82,105,22
82,105,22
82,105,22
83,105,22
82,105,22
82,105,22
83,105,22
81,105,22
82,105,22
80,105,22
79,105,22
76,105,22
79,105,22
79,105,22
80,105,22
81,105,22
79,105,22
80,105,22
83,105,22
83,105,22
80,105,22
80,105,22
83,105,22
83,105,22
82,105,22
83,105,22
81,105,22
80,105,22
78,105,22
81,105,22
80,105,22
81,105,22
80,105,22
76,105,22
75,105,22
73,105,22
68,105,22
74,105,22
75,105,22
79,105,22
78,81,22
78,81,22
76,81,22
77,81,22
80,81,22
81,81,22
81,81,22
82,81,22
84,81,22
84,81,22
80,81,22
82,81,22
83,43,22
84,43,22
83,43,22
85,43,22
88,43,22
87,43,22
87,43,22
87,43,22
86,43,22
85,43,22
83,89,22
84,89,22
84,89,22
82,89,22
79,89,22
77,89,22
79,89,22
75,89,22
78,89,22
77,89,22
75,89,22
73,80,22
75,80,22
75,80,22
72,80,22
72,80,22
74,80,22
75,80,22
74,80,22
77,80,22
76,80,22
76,80,22
77,80,22
79,80,22
81,80,22
82,80,22
87,80,22
88,80,22
89,80,22
88,80,22
86,80,22
85,80,22
83,80,22
84,80,22
86,74,22
86,74,22
89,74,22
88,74,22
86,74,22
89,74,22
89,74,22
86,74,22
90,74,22
87,74,22
85,74,22
81,74,22
82,74,22
79,74,22
78,74,22
79,74,22
77,74,22
79,74,22
76,74,22
75,74,22
73,74,22
75,74,22
75,74,22
74,74,22
73,74,22
74,63,22
73,63,22
73,63,22
73,63,22
74,63,22
71,63,22
73,63,22
70,63,22
70,63,22
73,63,22
75,63,22
75,63,22
74,63,22
72,63,22
76,63,22
75,63,22
70,56,22
72,56,22
73,56,22
73,56,22
75,56,22
76,56,22
76,56,22
80,101,22
81,101,22
81,101,22
78,101,22
75,101,22
75,101,22
74,101,22
74,101,22
74,47,22
73,47,22
73,47,22
73,47,22
72,47,22
77,47,22
76,47,22
75,47,22
76,47,22
79,47,22
80,47,22
81,47,22
82,47,22
83,47,22
87,47,22
90,47,22
92,47,22
93,47,22
95,47,22
93,47,22
93,47,22
95,47,22
94,47,22
95,47,22
98,47,22
97,47,22
96,47,22
95,47,22
96,47,22
95,47,22
96,47,22
98,47,22
101,47,22
100,47,22
100,47,22
101,47,22
102,47,22
105,47,22
106,47,22
104,47,22
102,47,22
101,47,22
101,47,22
100,47,22
99,47,22
95,47,22
97,96,22
94,96,22
94,96,22
93,96,22
93,96,22
92,96,22
94,96,22
95,96,22
95,96,22
92,96,22
93,96,22
98,96,22
95,96,22
96,96,22
97,96,22
97,96,22
96,96,22
96,96,22
99,96,22
98,96,22
96,96,22
97,96,22
100,96,22
99,96,22
105,96,22
105,96,22
109,96,22
109,96,22
108,96,22
103,96,22
104,96,22
105,96,22
105,96,22
104,96,22
104,96,22
104,96,22
102,96,22
103,96,22
100,96,22
99,96,22
101,96,22
101,96,22
105,96,22
105,96,22
108,96,22
109,96,22
110,96,22
111,96,22
109,81,22
113,81,22
111,81,22
113,81,22
116,81,22
114,81,22
113,81,22
113,81,22
114,81,22
117,81,22
115,103,22
116,103,22
118,103,22
118,103,22
119,103,22
120,103,22
117,103,22
116,103,22
121,103,22
118,103,22
118,103,22
112,103,22
111,103,22
110,103,22
113,103,22
113,103,22
113,103,22
110,103,22
111,103,22
113,103,22
113,103,22
111,103,22
113,103,22
112,103,22
111,103,22
114,153,22
114,153,22
115,153,22
116,153,22
113,153,22
112,153,22
113,153,22
112,103,22
114,103,22
112,103,22
112,103,22
112,103,22
112,103,22
114,108,22
111,108,22
113,108,22
114,108,22
115,108,22
117,108,22
120,108,22
123,108,22
123,108,22
126,82,22
125,82,22
124,82,22
121,82,22
122,82,22
123,82,22
120,82,22
119,82,22
118,82,22
121,82,22
127,82,22
128,82,22
127,82,22
129,82,22
128,82,22
128,82,22
127,82,22
126,82,22
126,82,22
126,82,22
126,82,22
128,82,22
128,82,22
128,82,22
128,82,22
129,82,22
130,82,22
133,82,22
134,82,22
133,82,22
130,82,22
130,82,22
129,82,22
128,82,22
126,82,22
128,82,22
126,145,22
122,145,22
122,145,22
125,145,22
124,145,22
125,145,22
125,145,22
127,145,22
128,145,22
127,145,22
127,145,22
126,145,22
124,145,22
123,145,22
123,145,22
123,145,22
122,145,22
118,145,22
119,145,22
121,145,22
123,145,22
127,145,22
128,145,22
127,145,22
128,145,22
130,145,22
129,118,22
129,118,22
127,118,22
122,118,22
121,118,22
124,118,22
125,126,22
128,126,22
128,126,22
124,126,22
124,126,22
124,126,22
122,126,22
121,126,22
121,126,22
123,126,22
123,126,22
124,126,22
126,126,22
128,151,22
132,151,22
132,151,22
132,151,22
132,151,22
133,151,22
133,151,22
135,151,22
139,156,22
137,156,22
138,156,22
136,156,22
139,156,22
139,156,22
141,156,22
141,156,22
143,156,22
144,156,22
143,156,22
145,156,22
150,156,22
152,156,22
151,156,22
152,156,22
155,156,22
154,156,22
150,156,22
145,156,22
144,156,22
145,156,22
148,156,22
149,156,22
151,156,22
150,156,22
151,181,22
150,181,22
149,181,22
150,181,22
147,181,22
146,181,22
146,152,22
142,152,22
142,152,22
141,152,22
143,152,22
144,152,22
144,152,22
143,152,22
143,152,22
144,152,22
148,152,22
146,152,22
146,152,22
151,152,22
152,152,22
151,152,22
155,132,22
155,132,22
154,132,22
155,132,22
154,132,22
153,132,22
154,132,22
155,132,22
157,132,22
154,132,22
153,132,22
152,159,22
154,159,22
153,159,22
155,159,22
153,159,22
153,159,22
156,159,22
158,159,22
160,159,22
