true_pos,obs_pos,true_var
312,259,22
310,259,22
311,259,22
315,259,22
315,259,22
316,259,22
317,259,22
320,259,22
316,259,22
318,259,22
316,259,22
317,259,22
316,259,22
314,259,22
315,259,22
314,259,22
312,259,22
310,259,22
309,259,22
310,259,22
308,259,22
308,259,22
310,259,22
309,259,22
308,259,22
308,259,22
310,259,22
312,259,22
311,259,22
308,259,22
308,259,22
307,259,22
309,259,22
313,259,22
314,259,22
314,347,22
315,347,22
317,347,22
317,347,22
316,347,22
313,347,22
315,347,22
317,325,22
316,325,22
315,325,22
314,325,22
314,325,22
315,325,22
312,325,22
309,325,22
307,325,22
309,325,22
309,325,22
309,325,22
308,325,22
312,325,22
311,325,22
311,325,22
310,325,22
309,325,22
306,325,22
308,325,22
305,325,22
307,325,22
308,325,22
311,325,22
311,325,22
311,325,22
308,325,22
306,296,22
305,296,22
304,296,22
304,296,22
304,296,22
302,296,22
300,296,22
297,296,22
296,296,22
293,296,22
292,296,22
295,296,22
296,296,22
298,296,22
300,296,22
299,296,22
297,296,22
296,296,22
296,296,22
298,296,22
302,296,22
303,296,22
305,296,22
304,296,22
304,296,22
308,296,22
307,296,22
309,296,22
310,296,22
307,296,22
306,303,22
304,303,22
303,303,22
301,303,22
299,303,22
300,303,22
299,303,22
298,303,22
300,303,22
299,303,22
297,303,22
298,303,22
297,303,22
297,303,22
294,303,22
294,265,22
295,265,22
294,265,22
296,265,22
296,265,22
297,265,22
297,265,22
297,265,22
296,265,22
297,265,22
294,265,22
297,265,22
297,265,22
294,265,22
293,265,22
292,265,22
291,265,22
292,265,22
289,265,22
289,265,22
292,265,22
292,265,22
293,265,22
295,265,22
291,265,22
291,265,22
292,265,22
293,265,22
296,265,22
294,265,22
295,296,22
296,296,22
297,296,22
295,296,22
292,296,22
292,296,22
291,296,22
292,296,22
290,296,22
291,296,22
292,296,22
291,296,22
290,296,22
294,296,22
297,296,22
301,296,22
300,296,22
301,296,22
298,296,22
303,296,22
302,296,22
300,296,22
299,296,22
300,296,22
296,296,22
295,252,22
297,252,22
298,252,22
296,252,22
300,252,22
301,252,22
298,252,22
300,252,22
297,252,22
294,252,22
293,252,22
294,252,22
296,252,22
295,252,22
297,252,22
297,252,22
296,252,22
295,252,22
297,252,22
292,252,22
293,252,22
294,252,22
296,252,22
297,252,22
295,252,22
296,252,22
291,252,22
292,313,22
289,313,22
290,313,22
285,313,22
284,313,22
285,313,22
283,313,22
285,313,22
287,313,22
289,313,22
289,313,22
285,313,22
284,313,22
285,313,22
284,313,22
288,313,22
292,313,22
295,313,22
294,313,22
292,313,22
291,313,22
296,313,22
295,313,22
294,313,22
294,313,22
291,313,22
291,313,22
290,313,22
292,313,22
294,313,22
291,313,22
293,313,22
297,313,22
295,313,22
296,313,22
297,313,22
297,313,22
297,313,22
296,313,22
295,313,22
298,313,22
299,313,22
298,313,22
301,313,22
301,313,22
306,313,22
304,313,22
304,313,22
306,313,22
308,313,22
307,313,22
303,313,22
306,313,22
309,313,22
310,313,22
311,313,22
313,313,22
313,336,22
311,336,22
312,336,22
311,336,22
310,336,22
310,336,22
308,336,22
308,336,22
306,336,22
304,336,22
304,336,22
302,336,22
302,336,22
301,336,22
298,336,22
298,336,22
301,336,22
300,336,22
300,336,22
300,336,22
301,336,22
302,336,22
302,289,22
301,289,22
298,289,22
299,289,22
298,289,22
296,289,22
300,294,22
302,294,22
301,294,22
299,294,22
301,294,22
298,294,22
300,294,22
299,294,22
301,294,22
300,294,22
301,294,22
301,294,22
301,294,22
301,294,22
297,294,22
296,294,22
298,294,22
301,294,22
303,294,22
302,294,22
305,294,22
302,294,22
305,294,22
306,294,22
305,294,22
307,294,22
305,296,22
303,296,22
305,296,22
304,296,22
308,296,22
313,296,22
313,296,22
311,296,22
310,296,22
309,296,22
304,296,22
305,296,22
307,296,22
309,296,22
310,296,22
312,296,22
314,296,22
313,296,22
312,296,22
313,296,22
316,296,22
319,266,22
321,266,22
316,266,22
318,266,22
316,266,22
314,266,22
313,266,22
312,266,22
312,266,22
311,312,22
314,312,22
313,312,22
311,312,22
310,312,22
311,312,22
310,312,22
308,312,22
310,312,22
314,312,22
311,312,22
311,312,22
305,312,22
304,312,22
304,312,22
307,312,22
307,312,22
309,329,22
309,329,22
314,329,22
311,329,22
310,329,22
311,329,22
311,329,22
313,329,22
309,329,22
311,329,22
307,353,22
307,353,22
303,353,22
305,353,22
302,353,22
303,353,22
305,353,22
303,353,22
304,353,22
303,353,22
305,353,22
306,353,22
305,353,22
304,353,22
304,353,22
303,353,22
303,296,22
304,296,22
306,296,22
303,296,22
306,296,22
302,296,22
301,296,22
302,296,22
302,296,22
303,296,22
304,296,22
304,296,22
300,296,22
302,296,22
300,296,22
302,296,22
300,296,22
301,296,22
299,296,22
301,296,22
300,296,22
300,296,22
303,303,22
305,303,22
304,303,22
303,303,22
305,303,22
303,303,22
306,303,22
309,303,22
309,303,22
308,303,22
309,303,22
310,303,22
310,303,22
311,303,22
309,303,22
308,303,22
307,303,22
307,303,22
307,303,22
307,303,22
307,303,22
308,303,22
307,303,22
305,303,22
304,303,22
300,303,22
298,303,22
298,303,22
300,303,22
303,303,22
302,303,22
302,303,22
302,303,22
302,303,22
303,303,22
304,303,22
301,303,22
300,303,22
298,303,22
300,303,22
302,303,22
303,303,22
302,303,22
303,303,22
306,303,22
308,303,22
305,306,22
303,306,22
304,306,22
301,306,22
301,306,22
295,306,22
295,306,22
292,306,22
291,306,22
292,306,22
294,306,22
296,306,22
294,306,22
297,306,22
297,306,22
300,306,22
300,306,22
301,306,22
302,306,22
302,306,22
304,286,22
304,286,22
303,286,22
301,286,22
300,286,22
303,286,22
303,286,22
302,286,22
304,286,22
304,286,22
307,286,22
311,286,22
313,286,22
311,286,22
309,286,22
308,286,22
311,286,22
311,286,22
307,286,22
308,286,22
306,286,22
304,286,22
305,286,22
308,286,22
311,286,22
312,286,22
314,286,22
313,286,22
312,286,22
312,309,22
314,309,22
317,309,22
320,309,22
319,309,22
318,309,22
316,309,22
315,309,22
314,309,22
316,309,22
315,309,22
316,309,22
314,309,22
313,309,22
310,309,22
311,309,22
312,309,22
313,309,22
315,309,22
314,309,22
315,309,22
313,309,22
311,309,22
310,309,22
311,309,22
312,309,22
309,309,22
311,309,22
311,309,22
311,309,22
310,309,22
310,309,22
305,309,22
306,309,22
305,309,22
306,309,22
308,309,22
309,297,22
310,297,22
310,297,22
314,297,22
314,297,22
315,297,22
313,297,22
309,297,22
309,297,22
310,297,22
308,297,22
310,297,22
311,297,22
316,297,22
314,297,22
314,297,22
312,297,22
309,297,22
309,297,22
307,297,22
308,297,22
308,297,22
310,297,22
309,297,22
311,297,22
313,297,22
317,297,22
317,297,22
317,297,22
313,297,22
312,297,22
316,297,22
316,297,22
316,297,22
316,297,22
316,297,22
316,297,22
315,297,22
319,289,22
321,289,22
322,289,22
323,289,22
320,289,22
325,289,22
326,289,22
327,289,22
328,289,22
328,289,22
329,289,22
332,289,22
336,332,22
336,332,22
336,332,22
338,332,22
338,332,22
337,332,22
337,332,22
337,332,22
338,332,22
338,332,22
340,332,22
339,332,22
342,332,22
340,314,22
338,314,22
339,314,22
338,314,22
340,314,22
336,314,22
330,314,22
332,338,22
336,338,22
335,338,22
335,338,22
333,338,22
333,338,22
332,338,22
330,338,22
331,338,22
332,338,22
328,301,22
328,301,22
330,301,22
330,301,22
331,301,22
329,301,22
328,301,22
327,301,22
325,301,22
326,301,22
325,301,22
324,301,22
323,301,22
322,301,22
321,301,22
323,301,22
323,301,22
321,301,22
322,301,22
319,301,22
318,301,22
314,295,22
315,295,22
315,295,22
316,295,22
314,295,22
311,295,22
312,295,22
313,295,22
315,295,22
314,295,22
313,295,22
314,295,22
315,295,22
313,295,22
314,295,22
314,295,22
312,295,22
309,295,22
307,295,22
306,295,22
307,295,22
306,295,22
304,295,22
304,295,22
306,295,22
304,295,22
305,295,22
307,295,22
305,295,22
305,295,22
305,295,22
306,295,22
307,295,22
307,295,22
309,308,22
308,308,22
307,308,22
306,308,22
305,308,22
306,308,22
307,308,22
305,308,22
306,308,22
308,308,22
308,308,22
307,308,22
308,280,22
309,280,22
308,280,22
310,280,22
311,280,22
310,280,22
309,280,22
306,280,22
304,280,22
302,280,22
304,280,22
300,280,22
306,280,22
305,280,22
307,280,22
307,280,22
306,280,22
306,280,22
306,280,22
304,280,22
305,280,22
307,280,22
307,280,22
308,280,22
308,280,22
306,280,22
304,280,22
305,299,22
307,299,22
307,299,22
309,299,22
307,299,22
309,299,22
307,299,22
305,299,22
303,299,22
304,299,22
302,299,22
302,299,22
300,299,22
299,299,22
299,299,22
297,299,22
299,299,22
301,311,22
301,311,22
301,311,22
302,311,22
302,311,22
303,311,22
303,311,22
306,311,22
305,311,22
308,311,22
308,311,22
308,313,22
308,313,22
304,313,22
307,313,22
307,313,22
309,313,22
311,313,22
313,313,22
314,313,22
319,313,22
321,313,22
319,313,22
321,313,22
319,313,22
317,313,22
315,313,22
316,313,22
315,313,22
312,313,22
313,313,22
314,313,22
312,313,22
310,258,22
311,258,22
308,258,22
308,258,22
311,258,22
310,258,22
313,258,22
308,258,22
304,258,22
300,258,22
300,258,22
299,258,22
299,258,22
298,258,22
296,298,22
297,298,22
293,298,22
293,298,22
291,298,22
291,298,22
290,298,22
287,308,22
288,308,22
288,308,22
288,308,22
288,308,22
287,308,22
285,308,22
287,308,22
287,308,22
285,308,22
285,308,22
283,308,22
284,308,22
281,308,22
280,308,22
282,308,22
283,308,22
284,308,22
283,308,22
284,308,22
283,308,22
280,308,22
281,308,22
278,308,22
273,308,22
274,308,22
271,308,22
269,308,22
267,308,22
267,308,22
263,308,22
264,308,22
267,308,22
269,308,22
270,308,22
270,308,22
268,308,22
266,308,22
268,308,22
271,308,22
271,308,22
274,308,22
273,308,22
272,308,22
272,267,22
272,267,22
274,267,22
274,267,22
272,267,22
272,267,22
275,267,22
270,258,22
267,258,22
265,258,22
266,258,22
265,258,22
263,258,22
262,258,22
264,258,22
262,258,22
264,258,22
264,258,22
262,258,22
259,258,22
257,258,22
256,258,22
254,258,22
257,258,22
257,258,22
255,258,22
258,258,22
257,258,22
256,258,22
256,258,22
257,258,22
260,248,22
259,248,22
259,248,22
260,248,22
261,248,22
260,248,22
257,248,22
255,248,22
257,248,22
258,248,22
261,248,22
264,248,22
262,248,22
259,248,22
260,248,22
257,248,22
257,248,22
256,248,22
256,248,22
257,248,22
258,248,22
258,248,22
260,248,22
260,248,22
258,248,22
256,248,22
254,248,22
252,248,22
253,248,22
253,248,22
257,248,22
255,248,22
256,265,22
255,265,22
251,265,22
252,265,22
248,265,22
249,265,22
254,265,22
254,265,22
255,265,22
253,265,22
252,265,22
253,265,22
252,265,22
255,265,22
254,265,22
255,265,22
256,265,22
258,265,22
259,265,22
258,265,22
258,265,22
257,265,22
252,265,22
254,265,22
255,265,22
253,240,22
254,240,22
252,240,22
253,240,22
253,240,22
255,240,22
257,240,22
256,240,22
255,240,22
255,240,22
255,240,22
256,240,22
257,240,22
257,240,22
262,240,22
259,240,22
264,240,22
261,240,22
263,240,22
264,240,22
265,240,22
266,240,22
265,240,22
261,240,22
264,240,22
265,240,22
263,240,22
263,240,22
269,240,22
268,240,22
269,240,22
269,240,22
272,240,22
270,240,22
269,240,22
267,314,22
267,314,22
267,314,22
268,314,22
267,314,22
266,314,22
264,314,22
263,314,22
259,270,22
258,270,22
262,270,22
261,270,22
260,270,22
263,270,22
262,270,22
260,270,22
259,270,22
258,270,22
260,270,22
259,270,22
257,270,22
259,270,22
255,270,22
258,270,22
261,270,22
264,270,22
266,270,22
264,270,22
266,270,22
268,270,22
272,270,22
270,270,22
269,270,22
268,270,22
267,270,22
267,270,22
266,270,22
268,270,22
268,270,22
265,270,22
264,270,22
264,270,22
261,270,22
262,270,22
262,270,22
263,270,22
262,270,22
263,270,22
262,270,22
264,270,22
264,270,22
268,270,22
269,270,22
270,270,22
268,270,22
267,270,22
265,270,22
266,270,22
266,270,22
267,270,22
267,270,22
268,270,22
266,270,22
264,260,22
261,260,22
270,260,22
268,260,22
266,260,22
270,260,22
272,260,22
271,260,22
269,260,22
267,260,22
271,260,22
273,260,22
272,260,22
271,260,22
270,260,22
269,260,22
270,260,22
272,260,22
271,260,22
274,260,22
272,260,22
273,260,22
272,260,22
269,260,22
267,260,22
269,260,22
264,260,22
269,260,22
273,260,22
271,260,22
273,260,22
274,260,22
276,260,22
280,260,22
281,260,22
283,260,22
284,260,22
281,260,22
282,260,22
283,260,22
282,260,22
282,260,22
278,260,22
277,260,22
277,260,22
275,260,22
277,260,22
274,260,22
271,260,22
270,260,22
272,260,22
272,261,22
270,261,22
270,261,22
269,261,22
268,261,22
267,261,22
267,261,22
268,261,22
263,261,22
264,261,22
263,261,22
262,261,22
260,261,22
259,261,22
259,261,22
258,261,22
257,261,22
260,261,22
259,261,22
256,261,22
256,240,22
256,240,22
252,240,22
255,240,22
252,240,22
250,240,22
247,240,22
248,240,22
250,240,22
248,240,22
248,240,22
247,240,22
249,240,22
248,240,22
250,240,22
249,262,22
248,262,22
247,262,22
246,262,22
248,262,22
249,262,22
248,262,22
247,262,22
250,262,22
250,262,22
250,262,22
247,262,22
248,262,22
249,256,22
251,256,22
250,256,22
249,256,22
246,256,22
244,256,22
247,256,22
247,256,22
247,256,22
245,256,22
242,256,22
242,256,22
245,256,22
242,256,22
242,256,22
242,268,22
243,268,22
243,268,22
246,268,22
243,268,22
242,268,22
244,268,22
244,268,22
243,268,22
244,268,22
246,268,22
247,274,22
247,274,22
248,274,22
250,274,22
251,274,22
253,274,22
254,274,22
253,274,22
251,274,22
255,274,22
252,274,22
250,274,22
250,274,22
248,236,22
246,236,22
245,236,22
245,236,22
247,236,22
247,236,22
248,236,22
248,247,22
248,247,22
247,247,22
242,247,22
243,247,22
245,247,22
245,247,22
244,247,22
242,247,22
241,247,22
242,247,22
242,247,22
242,247,22
245,247,22
246,247,22
244,247,22
243,247,22
243,247,22
244,247,22
243,247,22
244,247,22
244,247,22
244,247,22
245,247,22
243,247,22
239,247,22
238,247,22
239,247,22
239,247,22
240,247,22
240,247,22
239,247,22
238,247,22
243,247,22
247,247,22
245,247,22
245,247,22
242,247,22
243,247,22
238,234,22
239,234,22
239,234,22
237,234,22
236,234,22
233,234,22
233,234,22
235,234,22
236,234,22
235,234,22
232,234,22
235,234,22
235,234,22
231,234,22
233,234,22
229,234,22
231,234,22
231,234,22
230,234,22
230,234,22
233,234,22
233,234,22
236,234,22
239,234,22
238,234,22
237,234,22
237,234,22
237,234,22
235,234,22
237,234,22
237,234,22
238,234,22
235,234,22
236,234,22
237,234,22
234,234,22
234,243,22
232,243,22
232,243,22
232,243,22
232,243,22
231,243,22
230,243,22
231,243,22
228,243,22
229,243,22
231,243,22
232,243,22
235,243,22
234,243,22
235,243,22
235,243,22
233,243,22
232,243,22
233,260,22
233,260,22
230,260,22
230,260,22
232,260,22
233,260,22
231,260,22
232,260,22
233,260,22
236,260,22
235,260,22
235,260,22
236,260,22
233,260,22
236,260,22
236,260,22
237,260,22
238,260,22
239,260,22
236,260,22
234,260,22
236,260,22
233,230,22
232,230,22
231,230,22
233,230,22
233,230,22
231,230,22
234,230,22
233,230,22
231,230,22
226,230,22
225,230,22
226,230,22
224,230,22
222,230,22
220,230,22
224,230,22
226,230,22
228,230,22
228,230,22
224,214,22
222,214,22
222,214,22
222,214,22
220,214,22
219,214,22
218,214,22
219,214,22
221,214,22
221,214,22
222,214,22
223,214,22
223,214,22
222,231,22
225,231,22
226,231,22
227,231,22
222,231,22
221,231,22
220,231,22
219,231,22
222,231,22
221,231,22
221,231,22
223,231,22
224,231,22
224,231,22
223,231,22
226,231,22
229,231,22
226,231,22
225,231,22
227,231,22
226,231,22
230,231,22
229,231,22
229,231,22
229,231,22
228,231,22
228,231,22
225,231,22
227,231,22
226,231,22
228,231,22
227,231,22
227,231,22
228,231,22
229,231,22
228,231,22
229,231,22
230,231,22
233,231,22
231,231,22
230,231,22
229,231,22
229,231,22
229,231,22
231,231,22
233,231,22
235,231,22
233,231,22
233,231,22
234,236,22
236,236,22
237,236,22
237,236,22
237,236,22
238,236,22
239,236,22
240,236,22
242,236,22
241,236,22
245,221,22
244,221,22
242,221,22
241,221,22
241,221,22
238,221,22
237,221,22
232,221,22
233,221,22
234,221,22
233,221,22
232,221,22
231,221,22
228,221,22
229,221,22
231,221,22
232,221,22
235,221,22
234,221,22
235,221,22
234,221,22
236,221,22
234,221,22
239,221,22
240,221,22
243,221,22
245,221,22
244,221,22
243,221,22
243,209,22
246,209,22
249,209,22
248,209,22
251,209,22
250,209,22
250,209,22
249,209,22
249,209,22
249,209,22
254,209,22
254,209,22
256,209,22
256,209,22
255,209,22
258,209,22
257,209,22
257,209,22
256,209,22
253,209,22
252,209,22
253,209,22
255,209,22
253,209,22
252,209,22
251,209,22
252,209,22
250,209,22
250,209,22
246,209,22
247,226,22
249,226,22
251,226,22
250,226,22
251,226,22
251,226,22
251,226,22
255,226,22
253,226,22
253,226,22
252,226,22
248,226,22
250,226,22
249,226,22
245,226,22
243,226,22
243,226,22
241,226,22
243,226,22
245,226,22
243,226,22
241,226,22
240,226,22
241,226,22
241,226,22
242,226,22
238,226,22
238,226,22
235,200,22
234,200,22
237,200,22
238,200,22
238,200,22
237,200,22
237,200,22
238,200,22
238,200,22
237,200,22
239,200,22
236,214,22
237,214,22
234,214,22
236,214,22
238,214,22
234,214,22
233,214,22
235,214,22
239,214,22
237,214,22
237,214,22
235,214,22
234,214,22
237,214,22
234,214,22
237,214,22
240,214,22
239,214,22
238,214,22
238,214,22
239,214,22
236,214,22
235,214,22
235,214,22
239,214,22
240,214,22
240,214,22
239,214,22
238,214,22
235,214,22
234,214,22
233,214,22
232,214,22
231,214,22
231,233,22
231,233,22
231,233,22
230,233,22
228,233,22
228,233,22
226,233,22
224,233,22
223,230,22
223,230,22
226,230,22
227,230,22
229,230,22
230,230,22
231,230,22
229,230,22
232,230,22
231,230,22
234,230,22
239,230,22
239,230,22
239,230,22
236,230,22
237,230,22
237,230,22
234,230,22
236,230,22
234,230,22
231,230,22
232,230,22
231,230,22
228,230,22
228,230,22
230,230,22
228,230,22
227,230,22
224,230,22
224,230,22
227,230,22
229,230,22
228,230,22
230,230,22
228,230,22
226,230,22
224,230,22
223,217,22
225,217,22
227,217,22
224,217,22
224,217,22
225,217,22
223,217,22
224,217,22
223,217,22
223,217,22
224,217,22
225,217,22
225,217,22
224,217,22
226,217,22
227,217,22
226,217,22
226,250,22
225,250,22
225,250,22
227,250,22
226,250,22
231,250,22
233,250,22
232,250,22
237,250,22
240,250,22
239,250,22
243,250,22
243,250,22
243,250,22
243,250,22
242,250,22
246,250,22
243,250,22
241,250,22
241,250,22
243,250,22
243,250,22
244,250,22
248,250,22
248,250,22
249,250,22
248,250,22
248,250,22
248,250,22
249,250,22
247,250,22
243,250,22
245,259,22
246,259,22
244,259,22
246,259,22
250,259,22
252,259,22
248,259,22
249,259,22
247,259,22
248,259,22
249,259,22
250,259,22
251,259,22
249,259,22
246,259,22
244,259,22
244,259,22
243,259,22
241,259,22
242,259,22
240,259,22
239,259,22
241,247,22
244,247,22
240,247,22
245,247,22
245,247,22
245,247,22
246,247,22
245,247,22
244,247,22
244,247,22
245,247,22
244,247,22
245,247,22
248,247,22
247,247,22
245,247,22
244,247,22
244,247,22
243,247,22
245,247,22
244,247,22
246,247,22
244,247,22
246,247,22
247,247,22
246,247,22
246,269,22
247,269,22
247,269,22
246,269,22
246,269,22
244,269,22
249,269,22
250,269,22
254,269,22
255,281,22
254,281,22
255,281,22
255,281,22
254,281,22
253,281,22
250,281,22
251,281,22
252,281,22
251,281,22
250,281,22
254,281,22
253,281,22
253,281,22
257,281,22
257,281,22
262,281,22
262,281,22
260,281,22
259,281,22
261,281,22
261,281,22
261,281,22
264,281,22
262,281,22
265,281,22
267,281,22
266,281,22
265,281,22
258,281,22
258,281,22
260,281,22
262,281,22
259,281,22
262,281,22
259,281,22
258,281,22
255,281,22
258,281,22
255,281,22
256,277,22
253,277,22
256,277,22
253,277,22
251,277,22
253,277,22
254,277,22
255,277,22
254,277,22
256,277,22
260,277,22
254,277,22
254,277,22
257,277,22
259,277,22
255,277,22
257,277,22
260,277,22
259,277,22
260,277,22
264,277,22
263,277,22
263,277,22
264,277,22
266,259,22
267,259,22
265,259,22
265,259,22
267,259,22
270,259,22
271,259,22
274,259,22
276,259,22
277,259,22
279,259,22
278,259,22
280,259,22
283,259,22
283,259,22
287,259,22
289,259,22
291,259,22
296,259,22
300,259,22
302,259,22
300,259,22
296,259,22
296,259,22
299,259,22
299,259,22
298,259,22
297,259,22
299,259,22
298,259,22
300,259,22
297,259,22
297,259,22
298,259,22
297,259,22
297,259,22
296,259,22
293,259,22
293,259,22
294,284,22
295,284,22
298,284,22
295,284,22
294,284,22
293,284,22
288,280,22
286,280,22
284,280,22
285,280,22
285,280,22
283,280,22
281,280,22
283,280,22
286,280,22
285,280,22
287,280,22
285,280,22
284,280,22
284,280,22
286,280,22
283,280,22
281,280,22
280,280,22
280,280,22
281,280,22
281,319,22
278,319,22
276,319,22
274,319,22
275,319,22
277,319,22
279,319,22
278,319,22
275,319,22
277,319,22
277,302,22
280,302,22
281,302,22
283,302,22
282,302,22
284,302,22
284,302,22
286,302,22
284,302,22
284,302,22
280,302,22
285,302,22
283,302,22
282,254,22
281,254,22
277,254,22
276,254,22
278,254,22
276,254,22
275,254,22
276,254,22
275,254,22
278,254,22
279,254,22
281,254,22
282,254,22
278,254,22
281,254,22
282,284,22
283,284,22
284,284,22
284,284,22
284,284,22
280,284,22
278,284,22
278,284,22
278,284,22
279,284,22
279,284,22
273,284,22
276,284,22
273,284,22
268,284,22
263,284,22
263,284,22
262,284,22
262,284,22
261,284,22
262,284,22
260,284,22
262,284,22
262,284,22
264,284,22
265,284,22
264,284,22
265,284,22
264,284,22
265,284,22
267,284,22
267,284,22
267,284,22
266,284,22
265,284,22
266,284,22
267,284,22
265,281,22
261,281,22
259,281,22
262,281,22
263,281,22
265,281,22
265,281,22
264,281,22
264,265,22
265,265,22
264,265,22
262,265,22
265,265,22
265,265,22
266,265,22
266,265,22
269,265,22
273,265,22
272,265,22
269,265,22
269,265,22
270,265,22
267,273,22
267,273,22
265,273,22
266,273,22
265,273,22
263,273,22
266,273,22
265,273,22
266,273,22
265,273,22
265,273,22
266,273,22
269,273,22
268,273,22
266,273,22
265,273,22
264,273,22
265,273,22
268,273,22
270,273,22
271,273,22
274,273,22
272,273,22
274,273,22
276,273,22
280,273,22
280,273,22
277,273,22
277,273,22
273,273,22
272,273,22
271,273,22
269,273,22
269,273,22
272,273,22
273,273,22
272,273,22
271,273,22
272,273,22
271,273,22
274,273,22
276,273,22
276,273,22
275,273,22
278,273,22
278,273,22
273,273,22
273,273,22
275,273,22
275,256,22
272,256,22
273,256,22
270,256,22
269,256,22
269,256,22
271,256,22
271,256,22
272,256,22
272,256,22
273,256,22
273,256,22
276,256,22
277,256,22
277,256,22
278,256,22
279,256,22
280,256,22
281,256,22
279,256,22
276,256,22
277,256,22
277,256,22
278,302,22
279,302,22
279,302,22
276,302,22
275,302,22
275,302,22
278,302,22
276,302,22
274,302,22
272,233,22
274,233,22
274,233,22
274,233,22
275,233,22
277,233,22
276,233,22
279,233,22
278,233,22
277,233,22
275,233,22
276,233,22
274,233,22
273,233,22
272,233,22
273,233,22
269,233,22
268,233,22
270,233,22
270,233,22
273,233,22
271,233,22
264,233,22
267,233,22
269,273,22
269,273,22
270,273,22
270,273,22
265,273,22
266,273,22
265,273,22
265,273,22
264,273,22
261,273,22
258,273,22
259,273,22
261,273,22
263,273,22
264,273,22
263,273,22
264,273,22
265,273,22
266,273,22
266,259,22
259,259,22
258,259,22
260,259,22
258,259,22
256,259,22
249,259,22
249,259,22
249,259,22
250,259,22
251,259,22
250,259,22
250,259,22
248,259,22
247,259,22
245,259,22
245,259,22
248,259,22
246,259,22
244,259,22
244,259,22
245,259,22
246,259,22
246,259,22
247,259,22
247,259,22
249,259,22
248,259,22
247,259,22
246,259,22
246,259,22
246,259,22
242,259,22
240,259,22
243,259,22
238,259,22
237,259,22
239,259,22
238,259,22
239,259,22
236,259,22
235,259,22
233,259,22
231,259,22
231,259,22
234,259,22
232,259,22
232,238,22
229,238,22
225,238,22
226,238,22
225,238,22
224,238,22
224,238,22
225,238,22
228,238,22
226,238,22
226,238,22
226,238,22
226,238,22
227,238,22
231,238,22
228,238,22
227,238,22
228,228,22
231,228,22
231,228,22
231,228,22
230,228,22
234,228,22
231,228,22
232,228,22
230,228,22
231,228,22
229,228,22
228,228,22
225,228,22
224,228,22
219,228,22
220,228,22
221,228,22
220,228,22
218,228,22
221,228,22
221,228,22
218,228,22
217,228,22
212,228,22
213,228,22
218,236,22
216,236,22
216,236,22
215,236,22
213,236,22
212,236,22
213,236,22
212,236,22
209,236,22
210,236,22
208,236,22
208,236,22
207,236,22
205,236,22
206,236,22
206,236,22
209,236,22
209,236,22
209,236,22
209,236,22
215,236,22
218,236,22
217,236,22
215,236,22
215,236,22
217,236,22
217,236,22
215,236,22
215,250,22
216,250,22
214,250,22
215,250,22
213,250,22
214,250,22
214,250,22
213,250,22
213,250,22
214,250,22
212,250,22
211,250,22
209,250,22
209,250,22
210,250,22
212,250,22
216,250,22
217,250,22
219,250,22
219,250,22
215,250,22
214,250,22
211,250,22
213,250,22
209,250,22
211,250,22
211,250,22
213,250,22
212,250,22
214,250,22
211,250,22
210,250,22
209,250,22
210,250,22
209,250,22
210,250,22
208,188,22
208,188,22
208,188,22
209,188,22
211,188,22
210,188,22
211,188,22
211,188,22
209,188,22
208,188,22
209,188,22
212,188,22
209,185,22
208,185,22
209,185,22
208,185,22
208,185,22
207,185,22
207,185,22
206,185,22
203,185,22
203,185,22
199,185,22
200,185,22
202,185,22
204,185,22
200,185,22
200,185,22
198,185,22
196,185,22
195,185,22
196,185,22
197,185,22
196,185,22
196,185,22
197,185,22
196,185,22
198,185,22
200,185,22
200,185,22
199,185,22
200,185,22
202,185,22
201,183,22
199,183,22
200,183,22
199,183,22
199,183,22
201,183,22
201,183,22
199,183,22
197,183,22
200,183,22
201,183,22
205,183,22
205,183,22
204,183,22
206,183,22
206,183,22
206,183,22
206,183,22
209,183,22
209,204,22
206,204,22
207,204,22
206,204,22
209,204,22
210,204,22
213,204,22
215,204,22
216,204,22
215,204,22
214,204,22
215,223,22
216,223,22
219,223,22
219,223,22
218,223,22
223,223,22
221,223,22
225,223,22
225,223,22
225,223,22
224,223,22
222,223,22
222,223,22
223,223,22
224,223,22
226,223,22
226,223,22
229,223,22
227,223,22
228,223,22
231,223,22
232,223,22
231,223,22
225,223,22
224,223,22
225,223,22
227,223,22
226,223,22
225,223,22
224,223,22
224,223,22
222,223,22
218,223,22
222,247,22
223,247,22
223,247,22
221,247,22
223,247,22
223,247,22
223,247,22
228,247,22
225,247,22
220,247,22
219,247,22
221,247,22
222,247,22
221,171,22
220,171,22
222,171,22
225,171,22
226,171,22
226,171,22
229,171,22
229,171,22
230,171,22
231,171,22
233,171,22
233,171,22
235,171,22
238,171,22
237,171,22
240,171,22
244,171,22
243,171,22
243,171,22
243,171,22
242,171,22
240,171,22
241,171,22
239,171,22
242,171,22
242,171,22
241,171,22
240,171,22
238,171,22
240,171,22
238,171,22
239,171,22
240,171,22
242,171,22
240,171,22
241,171,22
241,171,22
242,171,22
242,171,22
241,171,22
241,171,22
244,171,22
245,171,22
245,253,22
248,253,22
248,253,22
249,253,22
245,253,22
245,253,22
244,253,22
241,253,22
240,253,22
242,253,22
245,253,22
247,253,22
249,253,22
250,253,22
251,253,22
247,253,22
244,253,22
243,253,22
242,253,22
241,253,22
242,253,22
243,253,22
241,253,22
242,253,22
242,253,22
243,221,22
244,221,22
242,221,22
242,221,22
239,221,22
239,221,22
238,221,22
237,221,22
236,221,22
239,221,22
238,221,22
239,221,22
241,221,22
246,221,22
246,221,22
248,221,22
249,221,22
247,221,22
245,221,22
245,221,22
246,221,22
245,241,22
245,241,22
242,241,22
242,241,22
243,241,22
244,241,22
244,241,22
245,241,22
248,241,22
249,241,22
247,241,22
248,241,22
248,241,22
249,241,22
250,241,22
250,241,22
248,241,22
249,241,22
250,241,22
251,241,22
250,241,22
251,241,22
251,241,22
250,241,22
250,241,22
250,241,22
248,241,22
244,241,22
243,241,22
241,241,22
241,241,22
242,241,22
241,241,22
241,241,22
242,241,22
241,241,22
243,241,22
243,241,22
243,241,22
242,241,22
241,241,22
241,241,22
241,241,22
245,241,22
250,241,22
252,241,22
253,241,22
257,241,22
258,241,22
257,241,22
256,247,22
255,247,22
257,247,22
259,247,22
261,247,22
265,247,22
264,247,22
262,247,22
263,247,22
263,247,22
265,259,22
262,259,22
259,259,22
261,259,22
262,259,22
263,259,22
265,259,22
265,259,22
261,259,22
259,226,22
257,226,22
257,226,22
257,226,22
257,226,22
259,226,22
261,226,22
260,226,22
259,226,22
255,226,22
255,226,22
257,226,22
256,226,22
261,226,22
262,226,22
262,226,22
263,312,22
261,312,22
265,312,22
261,312,22
265,312,22
265,312,22
263,264,22
262,264,22
264,264,22
261,264,22
261,264,22
260,264,22
258,264,22
259,264,22
257,264,22
255,264,22
258,264,22
256,264,22
255,264,22
254,269,22
255,269,22
255,269,22
255,269,22
256,269,22
255,269,22
256,269,22
256,269,22
256,269,22
254,269,22
255,269,22
252,269,22
252,269,22
251,240,22
254,240,22
251,240,22
252,240,22
251,240,22
250,240,22
251,240,22
252,261,22
253,261,22
252,261,22
253,261,22
251,261,22
251,261,22
249,261,22
246,261,22
246,261,22
248,261,22
249,261,22
246,261,22
246,261,22
245,261,22
243,261,22
243,217,22
242,217,22
243,217,22
243,217,22
242,217,22
241,217,22
246,217,22
249,217,22
245,217,22
245,217,22
242,217,22
241,217,22
240,229,22
241,229,22
240,229,22
241,229,22
240,229,22
241,229,22
243,229,22
240,229,22
240,229,22
243,229,22
243,229,22
242,229,22
239,229,22
244,229,22
245,229,22
245,229,22
245,229,22
244,229,22
247,229,22
245,229,22
247,229,22
246,229,22
248,229,22
247,229,22
248,229,22
250,229,22
253,229,22
253,229,22
255,229,22
253,229,22
251,229,22
250,229,22
248,229,22
248,229,22
247,229,22
247,235,22
249,235,22
252,235,22
254,235,22
255,235,22
253,235,22
255,235,22
253,235,22
253,235,22
251,259,22
249,259,22
249,259,22
250,259,22
252,259,22
251,259,22
251,259,22
252,259,22
251,259,22
251,259,22
253,259,22
252,259,22
252,259,22
254,259,22
252,259,22
251,259,22
254,259,22
252,259,22
251,259,22
249,259,22
250,259,22
251,259,22
250,259,22
250,259,22
254,259,22
254,259,22
256,259,22
257,259,22
255,259,22
253,257,22
254,257,22
253,257,22
254,257,22
253,257,22
254,257,22
254,257,22
254,269,22
254,269,22
256,269,22
254,269,22
253,269,22
253,269,22
258,269,22
257,269,22
257,269,22
261,269,22
257,269,22
256,269,22
255,269,22
256,269,22
257,269,22
256,269,22
254,269,22
256,269,22
256,269,22
257,269,22
257,269,22
259,269,22
258,269,22
259,269,22
259,269,22
259,257,22
260,257,22
261,257,22
262,257,22
262,257,22
261,257,22
263,257,22
262,257,22
268,281,22
270,281,22
272,281,22
271,281,22
270,281,22
270,281,22
268,281,22
265,281,22
265,281,22
262,281,22
264,281,22
265,281,22
265,281,22
266,281,22
266,281,22
267,281,22
266,281,22
265,281,22
265,281,22
265,301,22
267,301,22
266,301,22
270,301,22
271,301,22
269,301,22
267,301,22
272,301,22
274,301,22
276,301,22
274,301,22
276,301,22
277,301,22
274,301,22
276,301,22
274,301,22
275,301,22
272,301,22
271,301,22
272,301,22
272,301,22
272,301,22
276,301,22
275,301,22
271,301,22
271,301,22
270,301,22
271,301,22
272,301,22
270,301,22
268,301,22
267,301,22
267,242,22
269,242,22
269,242,22
266,242,22
267,242,22
270,242,22
269,242,22
270,242,22
267,242,22
270,242,22
270,242,22
271,242,22
273,242,22
272,242,22
271,242,22
271,242,22
271,242,22
270,242,22
268,242,22
262,242,22
258,242,22
258,242,22
259,242,22
260,275,22
262,275,22
258,275,22
258,275,22
259,275,22
260,275,22
262,275,22
261,275,22
262,275,22
260,267,22
259,267,22
259,267,22
259,267,22
258,267,22
261,267,22
259,267,22
258,267,22
259,267,22
259,267,22
258,267,22
261,267,22
262,267,22
263,267,22
261,267,22
261,267,22
259,267,22
259,267,22
260,267,22
260,267,22
260,267,22
260,267,22
257,267,22
254,267,22
256,267,22
256,267,22
254,267,22
257,253,22
260,253,22
261,253,22
259,253,22
257,253,22
257,253,22
254,253,22
255,253,22
253,253,22
254,278,22
251,278,22
252,278,22
249,278,22
252,278,22
255,278,22
256,278,22
254,278,22
257,278,22
257,278,22
259,278,22
261,278,22
261,278,22
262,278,22
261,278,22
265,278,22
266,278,22
262,278,22
265,278,22
265,278,22
264,292,22
265,292,22
262,292,22
263,292,22
263,292,22
261,292,22
257,292,22
258,292,22
256,292,22
256,292,22
257,292,22
259,292,22
260,292,22
259,292,22
255,292,22
260,292,22
256,292,22
257,292,22
255,292,22
256,292,22
253,292,22
258,292,22
257,292,22
260,292,22
260,292,22
261,292,22
259,292,22
259,292,22
257,292,22
258,292,22
257,292,22
257,292,22
255,292,22
253,292,22
255,257,22
255,257,22
254,257,22
254,257,22
253,257,22
256,257,22
257,257,22
256,257,22
256,257,22
257,257,22
253,257,22
250,257,22
252,257,22
248,257,22
248,257,22
249,257,22
252,257,22
253,257,22
251,257,22
249,257,22
247,257,22
252,257,22
252,257,22
252,257,22
252,257,22
252,257,22
253,257,22
249,257,22
247,257,22
249,257,22
250,257,22
250,257,22
247,239,22
246,239,22
243,239,22
246,239,22
244,239,22
242,239,22
239,239,22
240,239,22
239,239,22
236,239,22
239,239,22
241,236,22
243,236,22
243,236,22
245,236,22
245,236,22
248,236,22
248,236,22
248,236,22
248,236,22
251,236,22
249,236,22
246,236,22
249,236,22
249,236,22
248,253,22
249,253,22
249,253,22
247,253,22
247,253,22
249,253,22
248,253,22
249,253,22
246,253,22
248,253,22
247,253,22
251,253,22
253,253,22
254,229,22
253,229,22
252,229,22
254,229,22
256,229,22
258,229,22
258,229,22
255,229,22
255,229,22
254,229,22
252,229,22
252,229,22
254,229,22
254,229,22
250,229,22
250,251,22
249,251,22
251,251,22
248,251,22
248,251,22
248,251,22
251,251,22
253,251,22
254,251,22
251,251,22
250,251,22
251,251,22
251,251,22
250,251,22
251,251,22
250,251,22
249,251,22
249,251,22
248,251,22
249,251,22
250,251,22
251,251,22
248,251,22
249,251,22
248,251,22
250,251,22
250,251,22
247,251,22
247,251,22
248,251,22
248,245,22
250,245,22
247,245,22
248,245,22
249,245,22
250,245,22
253,245,22
250,245,22
251,245,22
251,245,22
255,245,22
259,245,22
256,245,22
254,245,22
258,245,22
262,245,22
259,272,22
260,272,22
258,272,22
262,272,22
258,272,22
258,272,22
259,272,22
262,272,22
264,272,22
263,272,22
264,272,22
264,272,22
261,272,22
258,272,22
257,272,22
257,272,22
256,272,22
257,272,22
251,272,22
253,272,22
248,272,22
248,272,22
249,272,22
248,272,22
248,272,22
248,272,22
247,272,22
251,272,22
250,259,22
247,259,22
245,259,22
248,259,22
248,259,22
248,259,22
247,259,22
247,259,22
252,259,22
252,259,22
252,259,22
252,259,22
252,259,22
253,259,22
252,259,22
252,259,22
251,259,22
249,259,22
248,259,22
246,259,22
245,259,22
245,259,22
243,259,22
245,259,22
246,259,22
247,259,22
241,259,22
243,248,22
243,248,22
245,248,22
248,248,22
248,248,22
245,248,22
242,248,22
241,248,22
247,248,22
247,248,22
246,248,22
245,272,22
241,272,22
239,272,22
241,272,22
242,272,22
240,272,22
236,272,22
238,272,22
240,272,22
241,246,22
242,246,22
241,246,22
239,246,22
238,246,22
238,246,22
236,246,22
239,246,22
240,246,22
240,246,22
241,246,22
245,246,22
244,246,22
243,246,22
242,246,22
240,246,22
237,246,22
238,246,22
240,258,22
239,258,22
241,258,22
237,258,22
241,258,22
241,258,22
242,258,22
243,258,22
241,258,22
244,258,22
244,258,22
245,258,22
250,258,22
251,258,22
252,258,22
253,258,22
253,258,22
255,258,22
254,258,22
255,258,22
254,258,22
253,258,22
256,258,22
256,258,22
256,258,22
254,258,22
252,258,22
254,258,22
254,258,22
256,258,22
255,224,22
256,224,22
256,224,22
258,224,22
254,224,22
251,224,22
254,224,22
257,224,22
255,224,22
254,224,22
254,224,22
253,309,22
255,309,22
255,309,22
256,309,22
259,309,22
260,309,22
258,309,22
260,309,22
258,309,22
257,309,22
257,309,22
258,309,22
257,309,22
256,309,22
258,309,22
257,309,22
257,309,22
254,309,22
254,309,22
256,309,22
255,309,22
257,235,22
253,235,22
254,235,22
254,235,22
253,235,22
252,235,22
252,235,22
253,235,22
255,235,22
255,235,22
255,235,22
253,223,22
250,223,22
251,223,22
255,223,22
256,223,22
255,223,22
258,223,22
258,223,22
260,223,22
259,223,22
258,223,22
260,223,22
259,223,22
257,223,22
259,223,22
260,223,22
260,223,22
259,223,22
260,223,22
259,223,22
258,223,22
260,223,22
259,223,22
257,223,22
255,223,22
253,223,22
253,223,22
253,223,22
252,223,22
252,223,22
254,223,22
253,223,22
250,223,22
249,223,22
246,223,22
245,223,22
247,223,22
244,223,22
245,223,22
244,223,22
243,223,22
245,223,22
242,223,22
242,223,22
243,223,22
246,223,22
244,223,22
246,223,22
247,223,22
250,223,22
251,223,22
250,223,22
251,223,22
250,223,22
251,223,22
252,223,22
250,257,22
253,257,22
253,257,22
252,257,22
251,257,22
251,257,22
251,257,22
252,257,22
251,257,22
253,257,22
256,257,22
257,257,22
257,257,22
257,257,22
252,249,22
252,249,22
251,249,22
251,249,22
250,249,22
249,249,22
245,249,22
245,249,22
244,249,22
247,249,22
247,249,22
244,249,22
244,249,22
243,249,22
241,249,22
242,249,22
243,249,22
244,249,22
245,243,22
247,243,22
245,243,22
247,243,22
246,243,22
249,243,22
249,243,22
248,243,22
247,243,22
245,243,22
245,243,22
246,243,22
248,243,22
248,232,22
248,232,22
252,232,22
254,232,22
253,232,22
256,232,22
256,232,22
258,232,22
261,232,22
263,232,22
263,232,22
263,232,22
261,232,22
262,232,22
265,232,22
263,232,22
260,232,22
257,232,22
259,232,22
260,232,22
255,232,22
253,232,22
253,232,22
255,232,22
257,232,22
256,232,22
258,232,22
259,232,22
260,232,22
258,232,22
259,232,22
261,254,22
259,254,22
261,254,22
260,254,22
260,254,22
261,254,22
261,254,22
257,254,22
258,254,22
256,254,22
254,241,22
252,241,22
252,241,22
252,241,22
250,241,22
250,241,22
252,241,22
249,241,22
248,241,22
246,241,22
246,241,22
245,226,22
245,226,22
252,226,22
248,226,22
249,226,22
248,226,22
243,226,22
245,226,22
246,226,22
247,226,22
244,226,22
245,226,22
244,226,22
245,226,22
245,226,22
247,226,22
248,226,22
249,226,22
249,226,22
247,226,22
242,226,22
242,226,22
242,226,22
241,226,22
242,226,22
244,226,22
242,226,22
247,226,22
249,226,22
250,226,22
249,226,22
248,226,22
244,226,22
244,226,22
243,226,22
242,226,22
242,226,22
242,226,22
242,226,22
239,226,22
235,226,22
236,226,22
236,226,22
236,226,22
233,226,22
232,238,22
230,238,22
232,238,22
231,238,22
228,238,22
229,238,22
231,238,22
229,238,22
229,238,22
231,238,22
234,238,22
235,238,22
232,238,22
235,238,22
234,238,22
235,238,22
233,238,22
235,238,22
234,238,22
234,238,22
232,238,22
234,238,22
233,238,22
230,232,22
233,232,22
234,232,22
234,232,22
233,232,22
230,232,22
228,232,22
225,232,22
224,232,22
225,232,22
223,232,22
223,232,22
226,232,22
228,232,22
228,232,22
227,220,22
228,220,22
230,220,22
228,220,22
227,220,22
226,220,22
227,220,22
227,220,22
227,220,22
227,220,22
225,220,22
228,220,22
229,220,22
226,220,22
224,220,22
226,220,22
226,220,22
221,220,22
220,220,22
216,220,22
214,220,22
216,220,22
217,220,22
218,220,22
218,220,22
214,224,22
214,224,22
213,224,22
213,224,22
216,224,22
216,224,22
218,224,22
216,224,22
216,238,22
214,238,22
216,238,22
218,238,22
218,238,22
219,238,22
219,238,22
225,238,22
226,238,22
225,238,22
224,238,22
227,238,22
229,238,22
230,238,22
230,238,22
230,238,22
227,238,22
228,238,22
230,238,22
230,238,22
232,238,22
232,238,22
231,238,22
233,238,22
238,238,22
239,238,22
233,238,22
234,238,22
237,238,22
238,238,22
235,238,22
235,238,22
230,238,22
232,238,22
235,238,22
233,211,22
233,211,22
233,211,22
235,211,22
237,211,22
236,211,22
238,211,22
238,211,22
240,211,22
239,211,22
239,211,22
238,211,22
237,211,22
236,211,22
237,211,22
239,211,22
240,211,22
242,209,22
246,209,22
243,209,22
244,209,22
244,209,22
245,209,22
245,209,22
243,209,22
246,209,22
247,209,22
248,253,22
248,253,22
247,253,22
246,253,22
248,253,22
248,253,22
247,253,22
246,253,22
247,253,22
248,253,22
249,253,22
249,253,22
251,253,22
251,253,22
250,253,22
251,253,22
250,253,22
253,253,22
252,247,22
254,247,22
253,247,22
252,247,22
252,247,22
251,247,22
252,247,22
255,247,22
256,247,22
259,247,22
258,247,22
257,247,22
255,247,22
253,247,22
251,247,22
250,247,22
250,247,22
254,247,22
258,247,22
261,247,22
261,247,22
260,247,22
258,247,22
261,247,22
262,247,22
263,247,22
265,247,22
265,247,22
261,247,22
263,247,22
264,247,22
265,247,22
263,247,22
262,247,22
261,247,22
264,247,22
265,247,22
264,247,22
261,247,22
260,247,22
260,247,22
259,247,22
262,247,22
263,247,22
262,247,22
260,247,22
258,247,22
258,247,22
258,247,22
261,247,22
260,247,22
257,247,22
260,247,22
261,247,22
258,247,22
259,247,22
260,247,22
261,247,22
261,247,22
262,249,22
266,249,22
268,249,22
269,249,22
274,249,22
272,249,22
275,249,22
276,249,22
273,249,22
270,249,22
273,249,22
272,249,22
270,249,22
273,249,22
274,257,22
277,257,22
280,257,22
281,257,22
283,257,22
281,257,22
276,257,22
277,257,22
275,257,22
275,257,22
275,257,22
275,257,22
273,257,22
275,257,22
273,282,22
270,282,22
270,282,22
272,282,22
269,282,22
268,282,22
269,282,22
268,282,22
269,282,22
272,282,22
272,282,22
272,282,22
274,282,22
273,282,22
272,282,22
271,282,22
273,282,22
271,232,22
275,232,22
271,232,22
266,232,22
266,232,22
266,232,22
264,232,22
266,232,22
262,232,22
264,232,22
265,232,22
261,232,22
259,232,22
259,232,22
259,232,22
261,232,22
260,232,22
264,232,22
262,232,22
263,232,22
264,232,22
264,232,22
266,232,22
266,232,22
267,232,22
266,232,22
265,232,22
265,232,22
260,232,22
260,232,22
265,232,22
267,232,22
265,232,22
263,232,22
265,232,22
268,232,22
267,232,22
267,232,22
266,232,22
264,232,22
264,232,22
265,232,22
266,232,22
268,232,22
264,232,22
263,232,22
263,232,22
263,232,22
263,232,22
262,232,22
263,232,22
267,232,22
268,232,22
272,232,22
272,232,22
274,232,22
273,232,22
271,232,22
272,279,22
270,279,22
273,279,22
267,279,22
267,279,22
268,279,22
269,293,22
270,293,22
271,293,22
272,293,22
271,293,22
272,293,22
273,293,22
276,293,22
274,293,22
275,293,22
275,293,22
276,293,22
280,293,22
280,293,22
280,293,22
279,293,22
280,280,22
277,280,22
280,280,22
278,280,22
277,280,22
277,280,22
277,280,22
280,280,22
278,280,22
273,280,22
272,280,22
274,280,22
272,280,22
275,280,22
275,280,22
275,280,22
275,280,22
275,280,22
274,280,22
273,280,22
271,280,22
268,280,22
270,280,22
274,280,22
276,280,22
275,280,22
274,280,22
275,259,22
271,259,22
273,259,22
271,259,22
272,259,22
277,259,22
277,259,22
275,259,22
273,259,22
275,259,22
277,259,22
276,259,22
276,259,22
275,259,22
275,259,22
276,259,22
277,259,22
277,259,22
274,259,22
276,259,22
277,259,22
279,265,22
280,265,22
278,265,22
280,265,22
280,265,22
277,265,22
277,265,22
279,265,22
278,265,22
278,265,22
272,265,22
271,265,22
272,265,22
272,265,22
269,265,22
268,265,22
266,265,22
268,265,22
266,265,22
267,265,22
266,265,22
264,265,22
266,265,22
266,265,22
264,265,22
265,265,22
265,290,22
265,290,22
263,290,22
266,290,22
265,290,22
261,290,22
262,290,22
266,290,22
263,290,22
264,290,22
266,290,22
265,290,22
266,290,22
265,290,22
264,290,22
263,290,22
261,310,22
261,310,22
263,310,22
264,310,22
263,310,22
261,310,22
263,310,22
262,310,22
264,310,22
260,310,22
261,310,22
263,310,22
262,310,22
261,310,22
260,310,22
261,310,22
261,310,22
260,310,22
258,310,22
259,310,22
261,273,22
262,273,22
262,273,22
263,273,22
262,273,22
259,273,22
257,273,22
257,273,22
259,273,22
260,273,22
260,273,22
259,273,22
257,273,22
257,273,22
259,273,22
262,273,22
264,273,22
262,273,22
263,273,22
262,273,22
256,273,22
256,273,22
256,273,22
259,273,22
255,273,22
255,273,22
252,273,22
252,273,22
254,273,22
250,273,22
249,273,22
252,273,22
254,273,22
259,273,22
262,273,22
264,273,22
259,273,22
258,273,22
259,273,22
258,273,22
255,273,22
257,273,22
255,273,22
253,273,22
252,273,22
250,273,22
250,273,22
253,273,22
251,273,22
250,273,22
253,273,22
254,273,22
253,273,22
251,273,22
247,273,22
246,273,22
248,212,22
244,212,22
243,212,22
241,212,22
243,212,22
245,212,22
246,212,22
245,212,22
245,212,22
248,212,22
249,212,22
247,212,22
246,212,22
245,212,22
247,212,22
247,212,22
246,212,22
245,212,22
246,212,22
246,212,22
245,212,22
243,212,22
244,212,22
244,212,22
245,212,22
245,212,22
245,212,22
244,212,22
246,212,22
243,212,22
243,212,22
246,239,22
244,239,22
246,239,22
247,239,22
249,239,22
252,239,22
254,239,22
254,239,22
251,239,22
252,239,22
253,247,22
250,247,22
253,247,22
251,247,22
250,247,22
252,247,22
253,247,22
253,247,22
253,247,22
250,247,22
250,247,22
251,247,22
249,247,22
249,242,22
250,242,22
251,242,22
251,242,22
249,242,22
250,242,22
249,242,22
250,242,22
249,191,22
252,191,22
256,191,22
257,191,22
257,191,22
254,191,22
254,191,22
257,191,22
254,191,22
254,191,22
257,191,22
258,191,22
261,191,22
258,191,22
257,191,22
257,288,22
257,288,22
260,288,22
261,288,22
260,288,22
261,288,22
260,288,22
256,288,22
258,288,22
260,288,22
261,288,22
261,243,22
263,243,22
265,243,22
262,243,22
265,243,22
268,243,22
269,243,22
273,243,22
274,243,22
274,243,22
277,247,22
277,247,22
276,247,22
279,247,22
281,247,22
278,247,22
279,247,22
277,247,22
277,247,22
280,247,22
279,247,22
281,279,22
284,279,22
286,279,22
289,279,22
287,279,22
292,279,22
295,279,22
297,279,22
297,279,22
297,279,22
297,279,22
297,279,22
295,279,22
294,279,22
295,279,22
296,279,22
297,279,22
296,279,22
297,279,22
295,279,22
298,279,22
298,279,22
299,279,22
299,312,22
298,312,22
296,312,22
297,312,22
298,312,22
299,312,22
298,312,22
295,312,22
294,312,22
297,312,22
297,312,22
300,312,22
300,312,22
300,312,22
302,312,22
305,312,22
304,312,22
300,312,22
303,312,22
300,312,22
301,312,22
303,312,22
305,312,22
307,312,22
306,312,22
307,264,22
311,264,22
312,264,22
313,264,22
313,264,22
316,264,22
316,264,22
317,264,22
314,330,22
313,330,22
313,330,22
314,330,22
315,330,22
315,330,22
312,330,22
314,330,22
316,330,22
318,330,22
316,331,22
317,331,22
316,331,22
312,331,22
311,331,22
311,331,22
310,331,22
308,331,22
306,331,22
304,331,22
307,331,22
308,331,22
306,331,22
305,331,22
308,331,22
308,331,22
310,309,22
313,309,22
311,309,22
312,309,22
308,309,22
309,309,22
308,309,22
310,309,22
309,309,22
309,309,22
310,309,22
313,309,22
315,309,22
311,309,22
307,309,22
306,309,22
307,309,22
309,309,22
309,309,22
310,309,22
311,309,22
310,309,22
313,309,22
310,309,22
309,309,22
309,309,22
308,309,22
310,309,22
307,309,22
308,309,22
307,309,22
305,309,22
305,309,22
306,309,22
305,309,22
303,309,22
304,309,22
301,309,22
301,309,22
305,309,22
304,309,22
307,309,22
308,309,22
309,309,22
305,309,22
305,309,22
306,309,22
311,319,22
311,319,22
311,319,22
314,319,22
315,319,22
310,319,22
306,319,22
306,319,22
305,319,22
302,313,22
300,313,22
298,313,22
296,313,22
295,313,22
296,313,22
291,313,22
289,313,22
290,313,22
292,313,22
295,313,22
293,313,22
295,313,22
296,313,22
297,313,22
298,313,22
298,313,22
297,313,22
300,313,22
301,308,22
304,308,22
306,308,22
310,308,22
310,308,22
310,308,22
308,308,22
312,308,22
313,308,22
313,308,22
315,308,22
315,308,22
315,308,22
317,308,22
322,308,22
325,308,22
326,339,22
325,339,22
324,339,22
325,339,22
326,339,22
324,339,22
323,339,22
324,339,22
322,281,22
323,281,22
319,281,22
319,281,22
322,281,22
322,281,22
324,281,22
323,281,22
324,281,22
322,281,22
317,281,22
318,281,22
317,281,22
315,281,22
315,281,22
313,281,22
311,281,22
311,281,22
312,344,22
311,344,22
311,344,22
312,344,22
308,344,22
306,344,22
309,344,22
308,344,22
309,344,22
308,344,22
310,344,22
308,344,22
306,344,22
308,344,22
306,344,22
307,344,22
310,269,22
311,269,22
311,269,22
309,269,22
312,269,22
315,269,22
317,269,22
319,269,22
325,269,22
324,269,22
322,269,22
322,269,22
320,269,22
318,269,22
318,269,22
318,269,22
318,269,22
314,269,22
310,269,22
308,269,22
308,269,22
309,269,22
307,269,22
306,269,22
310,269,22
313,269,22
313,269,22
316,269,22
315,269,22
317,269,22
319,269,22
319,269,22
316,269,22
317,269,22
317,269,22
317,269,22
314,346,22
317,346,22
313,346,22
311,346,22
307,346,22
310,346,22
313,346,22
312,346,22
312,346,22
309,346,22
309,346,22
310,346,22
312,346,22
315,346,22
312,346,22
316,346,22
313,346,22
316,346,22
314,346,22
314,346,22
313,346,22
314,346,22
313,346,22
312,346,22
312,346,22
312,346,22
313,346,22
312,346,22
313,346,22
315,346,22
314,346,22
314,346,22
316,346,22
317,346,22
315,346,22
318,346,22
318,346,22
315,346,22
315,346,22
314,304,22
316,304,22
313,304,22
313,304,22
315,304,22
317,304,22
314,304,22
315,304,22
317,304,22
315,284,22
315,284,22
314,284,22
314,284,22
315,284,22
318,284,22
320,284,22
321,284,22
322,284,22
322,284,22
326,284,22
324,284,22
323,284,22
329,338,22
326,338,22
325,338,22
322,338,22
322,338,22
322,338,22
321,338,22
320,338,22
323,338,22
323,338,22
320,338,22
320,338,22
322,338,22
324,338,22
325,338,22
325,337,22
324,337,22
319,337,22
320,337,22
318,337,22
318,337,22
317,337,22
320,337,22
312,337,22
313,337,22
312,337,22
312,337,22
314,337,22
314,337,22
312,337,22
311,337,22
312,335,22
315,335,22
318,335,22
318,335,22
320,335,22
320,335,22
320,268,22
323,268,22
323,268,22
328,268,22
327,268,22
327,268,22
326,268,22
328,268,22
326,268,22
327,268,22
326,268,22
325,268,22
328,268,22
327,268,22
325,268,22
325,268,22
322,288,22
321,288,22
321,288,22
323,288,22
321,288,22
318,288,22
314,288,22
316,288,22
316,288,22
319,288,22
320,288,22
319,288,22
319,288,22
319,288,22
319,288,22
317,288,22
319,288,22
320,288,22
318,288,22
317,288,22
316,288,22
320,288,22
320,288,22
321,288,22
321,288,22
321,309,22
318,309,22
316,309,22
313,309,22
315,309,22
314,309,22
315,309,22
313,309,22
313,309,22
312,309,22
309,309,22
310,309,22
311,309,22
309,309,22
310,309,22
308,309,22
306,309,22
307,309,22
308,309,22
308,309,22
310,309,22
310,309,22
308,321,22
308,321,22
309,321,22
303,321,22
302,321,22
302,321,22
301,321,22
298,321,22
296,321,22
296,321,22
298,321,22
299,321,22
299,321,22
299,321,22
299,321,22
299,321,22
301,321,22
300,321,22
299,321,22
299,321,22
302,308,22
304,308,22
307,308,22
308,308,22
308,308,22
309,308,22
311,308,22
309,308,22
308,308,22
305,308,22
306,329,22
309,329,22
307,329,22
307,329,22
308,329,22
307,329,22
306,329,22
306,329,22
307,329,22
306,329,22
304,329,22
306,329,22
306,310,22
302,310,22
302,310,22
304,310,22
305,310,22
304,310,22
305,310,22
301,310,22
297,310,22
296,310,22
297,310,22
298,310,22
296,310,22
296,310,22
297,310,22
294,310,22
295,305,22
293,305,22
293,305,22
291,305,22
293,305,22
291,305,22
294,305,22
295,305,22
293,254,22
298,254,22
297,254,22
298,254,22
295,254,22
292,254,22
290,254,22
293,254,22
294,254,22
295,254,22
293,254,22
292,254,22
291,254,22
290,254,22
289,254,22
289,254,22
288,254,22
288,254,22
287,254,22
286,254,22
285,254,22
285,254,22
288,254,22
288,254,22
286,254,22
287,254,22
287,254,22
286,254,22
289,254,22
290,254,22
289,254,22
289,254,22
290,254,22
291,254,22
295,254,22
296,306,22
297,306,22
294,306,22
292,306,22
293,306,22
294,306,22
292,306,22
294,306,22
292,306,22
288,306,22
286,306,22
287,306,22
289,306,22
289,306,22
293,306,22
290,306,22
292,306,22
294,306,22
298,306,22
295,306,22
296,306,22
298,306,22
301,306,22
302,306,22
305,306,22
303,306,22
304,306,22
306,306,22
308,306,22
309,282,22
309,282,22
308,282,22
312,282,22
311,282,22
311,282,22
312,282,22
311,291,22
314,291,22
313,291,22
313,291,22
315,291,22
318,291,22
316,291,22
315,291,22
311,291,22
313,291,22
312,291,22
310,291,22
307,291,22
305,291,22
304,291,22
302,291,22
301,291,22
302,306,22
299,306,22
299,306,22
304,306,22
304,306,22
305,306,22
305,306,22
305,306,22
306,306,22
305,306,22
307,306,22
308,306,22
309,306,22
310,306,22
310,306,22
312,306,22
312,306,22
311,306,22
315,306,22
315,306,22
313,306,22
315,306,22
316,306,22
315,306,22
316,306,22
316,306,22
314,306,22
315,306,22
313,306,22
315,306,22
317,306,22
318,306,22
320,306,22
319,306,22
320,306,22
319,306,22
316,306,22
316,306,22
316,306,22
317,306,22
317,306,22
317,306,22
319,306,22
319,306,22
317,306,22
313,306,22
314,306,22
315,306,22
313,306,22
312,306,22
315,306,22
315,306,22
315,306,22
313,306,22
313,306,22
309,306,22
308,306,22
305,306,22
307,329,22
307,329,22
305,329,22
304,329,22
306,329,22
307,329,22
306,329,22
302,329,22
301,329,22
300,329,22
300,329,22
299,329,22
297,329,22
296,329,22
296,329,22
298,329,22
300,329,22
301,329,22
297,329,22
297,329,22
295,329,22
294,329,22
294,329,22
288,329,22
288,329,22
291,329,22
291,329,22
291,329,22
291,329,22
292,329,22
291,329,22
292,329,22
290,329,22
291,329,22
293,294,22
297,294,22
298,294,22
295,294,22
294,294,22
298,294,22
303,294,22
306,294,22
304,294,22
302,294,22
305,294,22
306,294,22
302,294,22
301,294,22
302,294,22
303,276,22
305,276,22
307,276,22
305,276,22
304,276,22
305,276,22
305,276,22
308,276,22
309,293,22
309,293,22
309,293,22
308,293,22
308,293,22
311,293,22
312,293,22
310,293,22
311,290,22
310,290,22
311,290,22
309,290,22
309,290,22
310,290,22
310,290,22
310,294,22
312,294,22
316,294,22
316,294,22
315,294,22
310,294,22
312,294,22
312,294,22
309,294,22
313,294,22
313,294,22
314,294,22
311,294,22
310,294,22
311,294,22
309,294,22
306,294,22
306,294,22
307,323,22
307,323,22
306,323,22
311,323,22
308,323,22
306,323,22
308,323,22
309,323,22
309,323,22
309,323,22
310,323,22
311,323,22
309,323,22
311,323,22
311,303,22
310,303,22
309,303,22
309,303,22
309,303,22
308,303,22
310,303,22
310,303,22
308,303,22
310,303,22
311,303,22
312,303,22
314,303,22
315,303,22
314,303,22
314,303,22
316,303,22
315,303,22
316,297,22
313,297,22
313,297,22
318,297,22
319,297,22
320,297,22
319,297,22
319,297,22
317,297,22
319,308,22
314,308,22
312,308,22
315,308,22
315,308,22
318,308,22
316,308,22
314,308,22
315,308,22
315,308,22
313,308,22
316,308,22
314,308,22
314,308,22
316,282,22
317,282,22
318,282,22
319,282,22
318,282,22
319,282,22
319,282,22
316,282,22
319,282,22
318,282,22
317,282,22
317,282,22
318,282,22
318,282,22
314,282,22
317,317,22
319,317,22
319,317,22
324,317,22
321,317,22
319,317,22
318,317,22
319,317,22
322,317,22
321,317,22
320,317,22
320,317,22
321,317,22
322,317,22
320,324,22
320,324,22
322,324,22
320,324,22
319,324,22
323,324,22
322,324,22
322,324,22
321,324,22
320,324,22
322,324,22
320,324,22
320,324,22
323,324,22
322,324,22
320,324,22
320,304,22
319,304,22
321,304,22
324,304,22
324,304,22
327,304,22
326,304,22
331,304,22
331,304,22
331,304,22
333,328,22
335,328,22
336,328,22
337,328,22
335,328,22
334,328,22
336,328,22
336,328,22
333,328,22
334,328,22
330,328,22
331,328,22
334,328,22
330,9,22
331,9,22
327,9,22
329,9,22
331,9,22
331,9,22
331,9,22
330,9,22
331,9,22
327,9,22
330,9,22
332,9,22
331,9,22
332,9,22
333,9,22
336,9,22
338,9,22
341,9,22
343,9,22
341,344,22
341,344,22
342,344,22
344,344,22
345,344,22
345,344,22
348,344,22
351,344,22
352,344,22
350,344,22
346,344,22
345,344,22
344,344,22
344,344,22
341,340,22
340,340,22
340,340,22
340,340,22
338,340,22
339,340,22
338,340,22
336,340,22
337,340,22
338,340,22
336,340,22
336,340,22
337,340,22
337,325,22
335,325,22
335,325,22
337,325,22
336,325,22
338,325,22
339,325,22
338,325,22
340,325,22
338,325,22
335,325,22
332,325,22
333,325,22
335,325,22
337,325,22
338,325,22
338,15,22
341,15,22
340,15,22
339,15,22
336,15,22
336,15,22
336,15,22
334,15,22
336,15,22
337,15,22
340,15,22
341,13,22
338,13,22
339,13,22
335,13,22
337,13,22
338,13,22
339,13,22
339,13,22
340,13,22
338,13,22
339,355,22
338,355,22
334,355,22
336,355,22
334,355,22
338,355,22
336,355,22
338,355,22
337,331,22
338,331,22
339,331,22
339,331,22
340,331,22
338,331,22
340,331,22
339,331,22
337,331,22
338,331,22
337,331,22
337,331,22
335,331,22
333,331,22
335,331,22
335,331,22
334,10,22
334,10,22
335,10,22
335,10,22
336,10,22
335,10,22
335,10,22
335,10,22
336,333,22
335,333,22
333,333,22
335,333,22
335,333,22
337,333,22
340,341,22
344,341,22
346,341,22
348,341,22
348,341,22
345,341,22
348,341,22
347,15,22
345,15,22
344,15,22
343,15,22
344,15,22
342,15,22
341,15,22
339,15,22
339,15,22
339,15,22
340,15,22
337,15,22
336,15,22
336,15,22
334,15,22
334,15,22
335,15,22
333,335,22
335,335,22
335,335,22
336,335,22
336,335,22
340,335,22
342,335,22
338,335,22
340,335,22
339,335,22
336,335,22
334,335,22
333,335,22
329,335,22
331,335,22
329,335,22
330,335,22
330,335,22
333,335,22
332,335,22
337,335,22
338,335,22
339,2,22
339,2,22
340,2,22
339,2,22
338,2,22
340,2,22
337,2,22
337,2,22
339,2,22
336,2,22
335,2,22
331,2,22
333,2,22
332,2,22
331,2,22
332,2,22
333,2,22
335,2,22
338,359,22
340,359,22
338,359,22
336,359,22
333,359,22
330,359,22
333,359,22
330,359,22
331,359,22
331,359,22
329,359,22
328,359,22
328,359,22
331,359,22
328,359,22
328,359,22
328,359,22
329,359,22
329,359,22
330,359,22
330,359,22
330,359,22
331,359,22
330,359,22
331,359,22
331,359,22
330,359,22
328,359,22
331,359,22
331,359,22
329,359,22
329,359,22
328,359,22
326,359,22
329,359,22
329,359,22
332,359,22
334,359,22
335,359,22
332,359,22
328,359,22
331,359,22
331,359,22
333,359,22
330,359,22
328,359,22
327,334,22
327,334,22
328,334,22
327,334,22
329,334,22
331,334,22
332,334,22
333,334,22
332,334,22
333,334,22
334,334,22
335,334,22
334,334,22
334,334,22
334,334,22
335,334,22
338,334,22
340,334,22
342,334,22
341,334,22
346,334,22
345,334,22
345,334,22
346,334,22
347,331,22
345,331,22
346,331,22
345,331,22
345,331,22
343,331,22
340,331,22
339,344,22
338,344,22
338,344,22
338,344,22
339,344,22
340,344,22
342,344,22
344,344,22
343,344,22
342,344,22
341,344,22
340,344,22
340,344,22
341,344,22
343,344,22
342,344,22
343,344,22
345,344,22
344,344,22
342,344,22
342,337,22
343,337,22
345,337,22
349,337,22
349,337,22
349,337,22
348,337,22
347,337,22
347,337,22
344,337,22
344,337,22
344,337,22
345,337,22
344,5,22
344,5,22
344,5,22
345,5,22
343,5,22
341,5,22
342,5,22
338,5,22
338,5,22
338,5,22
339,5,22
337,5,22
336,317,22
333,317,22
332,317,22
332,317,22
329,317,22
330,317,22
330,317,22
333,317,22
333,317,22
332,317,22
334,317,22
335,317,22
333,317,22
332,317,22
333,327,22
334,327,22
331,327,22
332,327,22
331,327,22
330,327,22
330,327,22
329,327,22
330,327,22
327,327,22
327,327,22
328,327,22
328,327,22
325,327,22
327,327,22
325,327,22
325,327,22
326,327,22
326,327,22
323,327,22
322,327,22
321,327,22
318,327,22
318,327,22
319,311,22
320,311,22
320,311,22
320,311,22
317,311,22
319,311,22
320,311,22
317,311,22
317,311,22
316,311,22
315,311,22
316,311,22
320,311,22
321,311,22
320,311,22
322,311,22
322,311,22
321,311,22
320,311,22
322,311,22
324,311,22
325,311,22
326,311,22
327,311,22
325,311,22
325,311,22
326,311,22
323,311,22
319,311,22
317,311,22
316,311,22
318,311,22
316,311,22
318,311,22
318,311,22
318,311,22
319,311,22
319,311,22
320,311,22
318,311,22
318,311,22
318,311,22
317,311,22
316,311,22
318,311,22
318,327,22
318,327,22
318,327,22
319,327,22
319,327,22
320,327,22
321,327,22
323,327,22
322,327,22
322,327,22
318,320,22
319,320,22
320,320,22
320,320,22
317,320,22
314,320,22
312,320,22
311,320,22
312,320,22
311,320,22
314,320,22
314,320,22
314,320,22
317,291,22
312,291,22
308,291,22
306,291,22
306,291,22
305,291,22
303,291,22
303,291,22
303,291,22
303,291,22
301,291,22
302,291,22
304,291,22
305,291,22
306,291,22
306,291,22
306,291,22
305,291,22
310,291,22
311,291,22
309,291,22
305,291,22
307,291,22
310,291,22
307,291,22
309,291,22
312,291,22
310,291,22
305,328,22
303,328,22
300,328,22
304,328,22
305,328,22
305,328,22
304,328,22
302,328,22
300,328,22
297,328,22
294,328,22
300,328,22
298,302,22
297,302,22
294,302,22
294,302,22
294,302,22
295,302,22
297,302,22
303,302,22
303,302,22
303,302,22
302,302,22
303,264,22
301,264,22
304,264,22
302,264,22
303,264,22
302,264,22
305,264,22
307,264,22
303,267,22
303,267,22
307,267,22
305,267,22
306,267,22
307,267,22
303,267,22
300,267,22
298,267,22
302,267,22
304,267,22
303,267,22
303,267,22
302,267,22
301,267,22
301,267,22
301,267,22
301,267,22
298,267,22
296,267,22
296,267,22
295,267,22
296,267,22
296,267,22
297,267,22
299,267,22
301,267,22
301,267,22
298,267,22
300,267,22
300,267,22
299,267,22
299,267,22
301,267,22
302,267,22
304,267,22
305,267,22
307,267,22
304,267,22
305,267,22
302,271,22
301,271,22
305,271,22
302,271,22
303,271,22
303,271,22
303,271,22
307,271,22
305,271,22
306,271,22
301,271,22
301,271,22
301,271,22
301,271,22
306,271,22
302,271,22
305,314,22
305,314,22
305,314,22
306,314,22
307,314,22
308,314,22
310,314,22
310,314,22
312,314,22
312,314,22
309,314,22
310,314,22
310,314,22
310,314,22
313,314,22
312,314,22
315,314,22
317,314,22
319,314,22
319,314,22
319,314,22
320,314,22
318,314,22
318,314,22
322,314,22
319,317,22
321,317,22
322,317,22
322,317,22
322,317,22
318,317,22
319,317,22
319,317,22
319,317,22
318,317,22
317,317,22
320,317,22
317,317,22
316,317,22
318,317,22
314,317,22
316,317,22
320,317,22
319,317,22
318,317,22
320,317,22
320,317,22
323,317,22
321,317,22
323,317,22
322,317,22
319,317,22
322,317,22
323,317,22
322,317,22
324,317,22
322,317,22
320,317,22
320,317,22
319,317,22
315,317,22
312,317,22
313,317,22
315,317,22
316,357,22
322,357,22
323,357,22
327,357,22
327,357,22
328,357,22
329,357,22
330,357,22
329,357,22
329,332,22
331,332,22
331,332,22
328,332,22
328,332,22
334,332,22
334,332,22
336,332,22
337,332,22
341,332,22
343,332,22
344,332,22
345,332,22
345,332,22
344,332,22
346,332,22
348,332,22
345,332,22
347,332,22
346,332,22
345,332,22
347,332,22
348,332,22
349,332,22
349,332,22
348,332,22
348,332,22
349,332,22
350,332,22
350,8,22
353,8,22
352,8,22
349,8,22
346,8,22
347,8,22
349,8,22
350,332,22
348,332,22
347,332,22
351,332,22
353,332,22
354,332,22
354,332,22
358,332,22
357,332,22
2,332,22
0,332,22
5,332,22
6,332,22
6,332,22
3,332,22
5,332,22
9,322,22
11,322,22
11,322,22
10,322,22
8,322,22
7,322,22
7,322,22
9,322,22
9,322,22
9,351,22
4,351,22
2,351,22
6,351,22
6,351,22
7,351,22
7,351,22
8,351,22
7,351,22
5,351,22
6,351,22
5,351,22
3,351,22
2,351,22
2,351,22
0,351,22
0,351,22
357,351,22
0,351,22
358,351,22
358,351,22
357,351,22
359,351,22
356,351,22
354,351,22
355,351,22
356,351,22
357,351,22
358,351,22
359,351,22
1,351,22
357,351,22
358,351,22
356,351,22
358,351,22
358,351,22
0,351,22
358,351,22
357,351,22
357,351,22
358,351,22
355,7,22
353,7,22
352,7,22
351,7,22
352,7,22
350,7,22
351,7,22
350,7,22
353,7,22
351,7,22
351,7,22
353,7,22
353,7,22
359,7,22
1,7,22
2,7,22
2,7,22
4,7,22
4,7,22
7,7,22
5,7,22
9,7,22
9,7,22
12,7,22
11,7,22
15,7,22
12,7,22
14,7,22
11,7,22
11,7,22
9,7,22
12,7,22
10,7,22
9,7,22
7,7,22
6,7,22
9,7,22
10,7,22
14,7,22
12,7,22
9,7,22
10,9,22
10,9,22
8,9,22
8,9,22
8,9,22
3,9,22
2,9,22
4,9,22
5,9,22
3,9,22
2,9,22
2,9,22
3,9,22
5,9,22
6,9,22
8,9,22
7,9,22
8,9,22
7,9,22
7,9,22
4,9,22
5,9,22
3,9,22
6,9,22
3,9,22
6,9,22
9,9,22
9,9,22
6,9,22
7,9,22
7,9,22
5,9,22
5,9,22
4,9,22
3,9,22
3,9,22
5,9,22
6,9,22
7,9,22
8,9,22
5,9,22
0,321,22
4,321,22
3,321,22
1,321,22
3,321,22
2,321,22
2,321,22
4,321,22
4,321,22
0,321,22
4,321,22
4,340,22
7,340,22
10,340,22
10,340,22
7,340,22
5,340,22
5,340,22
0,340,22
358,340,22
0,340,22
1,340,22
3,331,22
3,331,22
5,331,22
7,331,22
4,331,22
6,331,22
8,331,22
8,331,22
9,331,22
11,331,22
12,331,22
12,331,22
11,331,22
11,331,22
11,331,22
12,331,22
13,331,22
13,331,22
14,331,22
11,331,22
11,331,22
11,347,22
9,347,22
12,347,22
10,347,22
10,347,22
11,347,22
11,347,22
13,347,22
13,347,22
15,347,22
15,347,22
14,347,22
15,347,22
16,347,22
13,347,22
13,347,22
13,347,22
18,347,22
17,347,22
16,347,22
18,347,22
19,347,22
21,347,22
19,347,22
18,39,22
19,39,22
19,39,22
20,39,22
17,39,22
10,39,22
9,39,22
10,39,22
10,39,22
8,39,22
5,39,22
7,39,22
8,39,22
7,39,22
9,39,22
8,39,22
7,39,22
7,39,22
10,39,22
10,39,22
13,39,22
11,39,22
8,39,22
8,39,22
12,39,22
11,39,22
8,39,22
8,39,22
8,39,22
8,39,22
5,39,22
3,39,22
1,39,22
2,39,22
2,39,22
2,39,22
0,39,22
358,39,22
355,39,22
354,39,22
351,39,22
354,39,22
354,39,22
358,39,22
358,39,22
359,39,22
2,39,22
4,2,22
5,2,22
9,2,22
12,2,22
12,2,22
13,2,22
13,2,22
12,4,22
15,4,22
17,4,22
17,4,22
17,4,22
18,4,22
18,4,22
19,4,22
18,4,22
18,4,22
16,4,22
16,4,22
16,4,22
15,4,22
17,4,22
17,4,22
15,4,22
14,4,22
11,4,22
11,4,22
12,4,22
13,4,22
12,4,22
10,4,22
11,4,22
11,4,22
10,4,22
12,4,22
13,26,22
12,26,22
12,26,22
13,26,22
13,26,22
13,26,22
14,26,22
10,26,22
11,26,22
15,26,22
14,26,22
15,5,22
13,5,22
9,5,22
11,5,22
10,5,22
7,5,22
5,336,22
5,336,22
4,336,22
5,336,22
2,336,22
4,336,22
3,336,22
3,336,22
2,336,22
0,336,22
0,336,22
1,10,22
1,10,22
4,10,22
5,10,22
7,10,22
9,10,22
11,10,22
11,10,22
11,10,22
13,10,22
13,10,22
15,10,22
17,10,22
14,10,22
15,10,22
17,10,22
19,10,22
19,10,22
23,10,22
19,43,22
18,43,22
16,43,22
14,43,22
19,43,22
22,43,22
23,43,22
21,43,22
23,43,22
23,43,22
21,43,22
21,43,22
23,43,22
23,43,22
27,43,22
29,43,22
30,43,22
28,43,22
25,43,22
27,43,22
28,43,22
28,43,22
26,43,22
29,43,22
29,43,22
32,43,22
32,43,22
33,43,22
30,43,22
26,43,22
27,43,22
27,43,22
32,13,22
31,13,22
33,13,22
33,13,22
34,13,22
34,13,22
32,13,22
29,13,22
30,13,22
28,13,22
27,13,22
29,13,22
25,13,22
24,13,22
25,13,22
25,13,22
24,13,22
26,13,22
23,13,22
22,13,22
22,13,22
23,13,22
24,13,22
25,13,22
28,13,22
28,13,22
30,13,22
29,13,22
27,13,22
23,38,22
23,38,22
24,38,22
25,38,22
26,38,22
24,38,22
24,38,22
25,38,22
24,38,22
29,38,22
30,38,22
33,38,22
33,38,22
37,38,22
39,38,22
41,38,22
40,38,22
37,38,22
37,38,22
36,38,22
34,38,22
33,38,22
35,38,22
35,38,22
34,38,22
32,34,22
32,34,22
34,34,22
31,34,22
34,34,22
32,34,22
35,34,22
38,34,22
41,34,22
37,34,22
41,34,22
38,34,22
39,34,22
40,34,22
41,34,22
45,34,22
44,34,22
45,34,22
42,34,22
46,34,22
46,34,22
45,34,22
46,34,22
48,34,22
47,34,22
46,34,22
45,34,22
46,34,22
44,34,22
44,34,22
45,34,22
44,34,22
45,34,22
45,34,22
46,34,22
45,19,22
47,19,22
44,19,22
43,19,22
44,19,22
47,19,22
45,19,22
45,19,22
47,19,22
47,19,22
47,19,22
46,19,22
45,19,22
46,19,22
51,19,22
48,19,22
48,19,22
44,19,22
46,19,22
47,19,22
47,19,22
46,23,22
48,23,22
51,23,22
54,23,22
53,23,22
52,23,22
52,23,22
50,23,22
51,23,22
52,23,22
53,23,22
49,23,22
50,23,22
48,23,22
50,23,22
53,28,22
52,28,22
54,28,22
55,28,22
56,28,22
59,28,22
58,28,22
60,28,22
61,28,22
59,28,22
58,28,22
58,28,22
61,28,22
60,28,22
62,28,22
66,28,22
67,28,22
67,28,22
65,28,22
65,28,22
63,28,22
59,28,22
60,28,22
54,28,22
53,28,22
54,28,22
55,28,22
57,28,22
57,28,22
59,28,22
58,28,22
62,28,22
64,28,22
64,28,22
65,28,22
66,28,22
66,28,22
65,28,22
68,28,22
66,79,22
66,79,22
67,79,22
69,79,22
69,79,22
69,79,22
70,79,22
71,79,22
73,79,22
72,79,22
78,79,22
79,79,22
76,79,22
75,79,22
77,79,22
78,79,22
78,79,22
78,79,22
78,79,22
77,79,22
78,79,22
79,49,22
80,49,22
83,49,22
82,49,22
85,49,22
86,49,22
85,49,22
85,49,22
84,49,22
81,49,22
83,49,22
84,108,22
80,108,22
84,108,22
82,108,22
81,108,22
82,108,22
80,108,22
82,108,22
81,89,22
82,89,22
82,89,22
86,89,22
86,89,22
89,89,22
88,89,22
90,89,22
91,89,22
92,89,22
90,128,22
88,128,22
87,128,22
88,128,22
87,128,22
84,128,22
85,128,22
86,128,22
80,128,22
84,128,22
80,128,22
81,128,22
81,128,22
84,128,22
86,118,22
87,118,22
85,118,22
83,118,22
85,118,22
81,118,22
83,118,22
80,118,22
80,118,22
82,118,22
83,118,22
83,118,22
83,118,22
85,118,22
86,118,22
86,118,22
88,118,22
88,118,22
88,125,22
88,125,22
85,125,22
83,125,22
81,125,22
82,125,22
79,125,22
79,125,22
76,125,22
75,125,22
74,125,22
77,125,22
77,125,22
77,125,22
79,125,22
76,125,22
74,125,22
77,125,22
76,125,22
75,125,22
74,125,22
71,125,22
69,125,22
68,125,22
68,125,22
70,125,22
70,125,22
69,125,22
70,125,22
68,125,22
72,125,22
73,125,22
74,125,22
76,125,22
76,125,22
76,125,22
77,125,22
76,125,22
78,125,22
78,92,22
78,92,22
78,92,22
75,92,22
75,92,22
77,92,22
76,92,22
78,92,22
77,92,22
79,92,22
77,92,22
76,92,22
77,92,22
76,92,22
79,92,22
82,92,22
85,92,22
84,92,22
87,92,22
88,92,22
88,92,22
89,92,22
89,92,22
89,92,22
88,92,22
91,92,22
94,92,22
92,92,22
94,92,22
94,92,22
92,79,22
96,79,22
95,79,22
95,79,22
94,79,22
98,79,22
97,79,22
95,79,22
94,79,22
91,79,22
89,79,22
86,79,22
88,79,22
88,79,22
88,79,22
89,79,22
89,79,22
87,79,22
86,79,22
88,79,22
84,79,22
85,79,22
87,79,22
89,79,22
90,79,22
92,79,22
90,79,22
89,79,22
86,79,22
84,79,22
86,79,22
85,79,22
83,79,22
86,79,22
86,79,22
87,79,22
87,79,22
86,79,22
83,79,22
82,79,22
77,79,22
78,79,22
80,79,22
80,79,22
83,79,22
85,79,22
86,79,22
85,72,22
85,72,22
83,72,22
87,72,22
92,72,22
93,72,22
94,72,22
92,72,22
94,72,22
92,72,22
91,72,22
90,72,22
89,72,22
92,72,22
90,72,22
89,71,22
90,71,22
92,71,22
93,71,22
97,71,22
95,71,22
98,71,22
95,71,22
96,71,22
99,71,22
104,71,22
104,71,22
106,71,22
108,71,22
105,71,22
106,71,22
108,71,22
108,71,22
108,71,22
108,71,22
109,71,22
107,71,22
110,71,22
107,71,22
108,104,22
108,104,22
106,104,22
106,104,22
106,104,22
106,104,22
105,104,22
107,104,22
106,104,22
105,104,22
107,104,22
106,104,22
106,104,22
100,104,22
98,104,22
99,104,22
98,104,22
100,104,22
102,104,22
100,104,22
101,104,22
105,51,22
104,51,22
103,51,22
103,51,22
101,51,22
102,51,22
103,51,22
100,51,22
99,51,22
99,51,22
101,51,22
103,51,22
105,51,22
107,51,22
108,51,22
109,51,22
110,51,22
110,51,22
112,51,22
110,51,22
109,51,22
111,51,22
108,51,22
110,51,22
110,51,22
108,87,22
108,87,22
112,87,22
112,87,22
108,87,22
108,87,22
109,87,22
107,87,22
107,87,22
101,87,22
101,87,22
103,87,22
103,87,22
102,87,22
102,87,22
98,78,22
94,78,22
92,78,22
90,78,22
92,78,22
91,78,22
94,78,22
97,78,22
98,78,22
100,78,22
95,78,22
95,107,22
91,107,22
92,107,22
89,107,22
91,107,22
91,107,22
91,107,22
94,107,22
92,107,22
92,107,22
91,107,22
90,107,22
92,107,22
90,107,22
90,107,22
88,107,22
88,107,22
91,107,22
91,107,22
90,107,22
94,107,22
96,107,22
95,107,22
94,107,22
97,107,22
93,107,22
94,107,22
95,98,22
93,98,22
91,98,22
94,98,22
90,98,22
89,98,22
89,98,22
91,98,22
92,98,22
90,98,22
94,98,22
91,98,22
91,98,22
91,98,22
90,98,22
92,98,22
95,98,22
94,98,22
92,98,22
95,98,22
93,98,22
92,98,22
92,98,22
91,98,22
92,98,22
90,117,22
90,117,22
90,117,22
87,117,22
88,117,22
90,117,22
90,117,22
90,117,22
91,117,22
93,117,22
91,117,22
91,117,22
93,117,22
94,117,22
91,117,22
88,117,22
87,117,22
87,117,22
88,117,22
89,117,22
89,117,22
91,117,22
92,117,22
93,117,22
93,117,22
94,117,22
93,117,22
92,117,22
91,117,22
91,117,22
88,117,22
87,117,22
84,81,22
84,81,22
85,81,22
83,81,22
81,81,22
81,81,22
79,81,22
77,81,22
77,81,22
76,81,22
75,81,22
73,81,22
75,108,22
77,108,22
79,108,22
76,108,22
74,108,22
73,108,22
76,108,22
75,108,22
77,108,22
73,108,22
71,108,22
73,108,22
73,108,22
76,108,22
74,108,22
75,108,22
72,108,22
71,108,22
72,108,22
69,108,22
71,108,22
72,108,22
77,108,22
75,108,22
74,108,22
72,108,22
74,108,22
75,108,22
70,108,22
66,108,22
64,108,22
66,108,22
65,108,22
63,108,22
62,108,22
62,108,22
57,108,22
55,108,22
56,108,22
54,108,22
55,108,22
54,1,22
53,1,22
53,1,22
55,1,22
57,1,22
59,1,22
57,1,22
58,1,22
59,1,22
61,1,22
59,1,22
60,1,22
59,1,22
61,1,22
59,1,22
62,1,22
60,1,22
61,1,22
61,1,22
59,1,22
58,1,22
57,1,22
61,1,22
61,1,22
63,1,22
65,1,22
62,1,22
59,42,22
56,42,22
59,42,22
56,42,22
58,42,22
60,42,22
61,42,22
61,42,22
64,42,22
65,42,22
66,42,22
63,42,22
63,42,22
61,42,22
62,42,22
60,42,22
65,42,22
62,42,22
61,42,22
61,42,22
61,42,22
60,42,22
60,42,22
59,42,22
57,42,22
60,42,22
58,42,22
55,42,22
58,42,22
59,42,22
58,42,22
57,73,22
63,73,22
63,73,22
62,73,22
62,73,22
60,73,22
62,73,22
62,73,22
63,73,22
64,73,22
65,73,22
67,73,22
67,73,22
65,73,22
60,73,22
61,73,22
60,73,22
61,73,22
67,73,22
66,69,22
66,69,22
66,69,22
68,69,22
71,69,22
74,69,22
74,69,22
75,69,22
76,69,22
76,69,22
75,69,22
76,69,22
77,69,22
79,69,22
80,69,22
80,69,22
81,69,22
80,69,22
81,69,22
77,69,22
79,69,22
76,69,22
75,69,22
76,69,22
75,69,22
79,69,22
79,69,22
79,69,22
78,69,22
77,69,22
72,69,22
74,69,22
74,69,22
77,69,22
78,69,22
79,69,22
83,69,22
84,69,22
84,107,22
83,107,22
83,107,22
84,107,22
83,107,22
79,107,22
79,107,22
80,107,22
80,107,22
78,107,22
73,107,22
76,107,22
75,107,22
75,107,22
75,107,22
73,107,22
73,107,22
73,107,22
73,107,22
74,107,22
75,107,22
74,107,22
74,107,22
75,107,22
72,107,22
73,107,22
73,107,22
75,107,22
76,107,22
78,107,22
81,107,22
81,107,22
80,107,22
78,107,22
77,107,22
75,107,22
73,77,22
73,77,22
72,77,22
73,77,22
71,77,22
67,77,22
70,77,22
71,77,22
73,77,22
75,77,22
74,77,22
75,77,22
77,77,22
75,77,22
77,77,22
75,77,22
76,77,22
77,77,22
75,77,22
74,77,22
75,77,22
75,71,22
74,71,22
73,71,22
74,71,22
69,71,22
69,71,22
71,71,22
71,71,22
73,71,22
74,71,22
73,82,22
72,82,22
71,82,22
65,82,22
66,82,22
66,82,22
69,65,22
70,65,22
70,65,22
70,65,22
71,65,22
71,65,22
69,65,22
69,65,22
67,65,22
66,65,22
66,65,22
68,65,22
68,65,22
69,65,22
69,65,22
69,65,22
68,65,22
72,65,22
72,65,22
72,65,22
72,65,22
71,65,22
69,65,22
70,92,22
72,92,22
75,92,22
75,92,22
71,92,22
71,92,22
70,92,22
70,92,22
70,92,22
68,92,22
69,92,22
72,92,22
76,92,22
77,92,22
74,92,22
71,54,22
75,54,22
76,54,22
78,54,22
76,54,22
76,54,22
77,54,22
76,54,22
75,54,22
73,54,22
70,54,22
72,54,22
72,54,22
72,54,22
71,54,22
71,54,22
72,54,22
73,54,22
75,54,22
78,54,22
75,54,22
76,54,22
76,54,22
77,54,22
77,54,22
79,85,22
76,85,22
77,85,22
79,85,22
81,85,22
81,85,22
80,85,22
77,85,22
77,85,22
77,85,22
77,85,22
79,85,22
78,85,22
77,85,22
79,85,22
82,85,22
81,85,22
85,85,22
85,85,22
82,85,22
84,85,22
84,85,22
82,85,22
82,85,22
86,85,22
86,85,22
86,85,22
81,85,22
83,85,22
81,85,22
78,85,22
80,85,22
82,85,22
79,85,22
77,85,22
78,85,22
80,85,22
82,85,22
84,85,22
86,85,22
84,85,22
87,85,22
82,85,22
82,85,22
83,96,22
85,96,22
86,96,22
89,96,22
87,96,22
91,96,22
93,104,22
95,104,22
95,104,22
97,104,22
96,104,22
97,104,22
95,104,22
94,104,22
95,104,22
94,104,22
91,104,22
94,104,22
96,104,22
94,104,22
94,104,22
92,104,22
91,104,22
91,104,22
89,104,22
87,104,22
88,104,22
92,104,22
91,104,22
94,104,22
93,104,22
93,104,22
93,104,22
93,104,22
93,104,22
92,104,22
90,104,22
90,104,22
89,104,22
91,104,22
88,104,22
91,104,22
90,104,22
90,104,22
90,104,22
91,104,22
87,104,22
86,104,22
88,104,22
89,104,22
87,104,22
90,104,22
96,104,22
96,104,22
94,104,22
93,95,22
93,95,22
93,95,22
89,95,22
91,95,22
90,95,22
89,95,22
90,95,22
91,95,22
92,95,22
90,95,22
85,95,22
84,95,22
85,95,22
82,95,22
83,90,22
83,90,22
84,90,22
87,90,22
85,90,22
82,90,22
84,90,22
87,90,22
84,90,22
83,90,22
83,90,22
84,90,22
86,90,22
85,90,22
86,90,22
87,93,22
88,93,22
87,93,22
87,93,22
88,93,22
86,93,22
84,93,22
83,93,22
82,93,22
80,93,22
83,93,22
86,93,22
83,93,22
85,93,22
83,69,22
83,69,22
85,69,22
86,69,22
85,69,22
86,69,22
88,69,22
83,69,22
85,69,22
84,69,22
81,69,22
79,69,22
81,69,22
82,69,22
84,69,22
84,64,22
82,64,22
83,64,22
88,64,22
91,64,22
93,64,22
95,64,22
96,64,22
94,64,22
92,64,22
91,64,22
93,64,22
96,64,22
95,64,22
96,64,22
99,64,22
97,64,22
96,64,22
92,64,22
93,64,22
91,64,22
92,64,22
94,64,22
96,64,22
100,64,22
98,64,22
101,64,22
101,99,22
101,99,22
97,99,22
97,99,22
95,99,22
95,99,22
94,99,22
96,99,22
98,99,22
100,99,22
100,99,22
101,87,22
101,87,22
104,87,22
99,87,22
96,87,22
98,87,22
95,87,22
96,87,22
98,132,22
98,132,22
98,132,22
99,132,22
101,132,22
100,132,22
101,132,22
101,132,22
103,132,22
101,132,22
98,132,22
97,132,22
99,132,22
101,132,22
103,132,22
104,132,22
103,132,22
104,132,22
101,132,22
101,132,22
100,132,22
99,132,22
101,132,22
102,132,22
104,132,22
99,132,22
104,132,22
105,132,22
106,132,22
108,132,22
103,132,22
103,93,22
106,93,22
105,93,22
106,93,22
108,93,22
106,93,22
108,127,22
107,127,22
105,127,22
106,127,22
105,127,22
104,127,22
106,127,22
108,127,22
109,127,22
109,83,22
110,83,22
112,83,22
112,83,22
110,83,22
102,83,22
104,83,22
104,83,22
104,83,22
108,83,22
107,83,22
107,83,22
106,83,22
108,83,22
107,83,22
108,83,22
108,83,22
109,83,22
115,83,22
118,83,22
122,83,22
120,83,22
119,83,22
115,83,22
116,83,22
114,125,22
113,125,22
112,125,22
112,125,22
114,125,22
116,125,22
112,125,22
110,125,22
108,125,22
104,125,22
107,125,22
110,125,22
110,125,22
110,125,22
108,125,22
110,125,22
110,125,22
107,125,22
105,125,22
105,125,22
105,125,22
106,125,22
108,125,22
108,125,22
104,125,22
100,125,22
97,125,22
97,125,22
99,125,22
100,125,22
103,125,22
103,125,22
103,125,22
105,125,22
107,125,22
107,125,22
107,125,22
108,125,22
107,125,22
103,125,22
102,125,22
104,125,22
105,88,22
101,88,22
98,88,22
98,88,22
98,88,22
94,88,22
92,88,22
89,88,22
90,88,22
88,88,22
88,88,22
87,88,22
90,88,22
86,88,22
86,88,22
85,88,22
84,88,22
83,88,22
81,88,22
82,59,22
79,59,22
78,59,22
80,59,22
79,59,22
83,59,22
84,59,22
85,59,22
85,94,22
88,94,22
87,94,22
86,94,22
84,94,22
82,94,22
81,94,22
81,94,22
80,94,22
80,94,22
80,94,22
80,94,22
75,94,22
74,94,22
73,94,22
74,94,22
76,94,22
77,94,22
77,94,22
79,94,22
77,94,22
80,94,22
79,94,22
77,94,22
76,94,22
75,94,22
71,94,22
72,94,22
70,94,22
68,94,22
69,94,22
70,94,22
72,94,22
76,62,22
77,62,22
80,62,22
77,62,22
76,62,22
76,62,22
80,62,22
80,62,22
79,62,22
77,62,22
75,62,22
75,62,22
76,62,22
80,62,22
81,62,22
82,62,22
83,62,22
87,62,22
86,62,22
85,62,22
83,72,22
84,72,22
84,72,22
85,72,22
88,72,22
87,72,22
89,72,22
90,72,22
91,72,22
91,72,22
93,72,22
97,72,22
93,72,22
96,72,22
95,72,22
94,72,22
95,72,22
92,72,22
94,72,22
91,72,22
93,72,22
92,84,22
92,84,22
92,84,22
91,84,22
93,84,22
92,84,22
93,84,22
93,84,22
91,84,22
93,84,22
96,84,22
96,84,22
96,108,22
95,108,22
97,108,22
96,108,22
94,108,22
89,108,22
90,108,22
89,108,22
89,108,22
90,108,22
88,108,22
86,108,22
90,108,22
87,108,22
87,108,22
88,108,22
90,108,22
92,108,22
93,108,22
94,108,22
95,108,22
94,108,22
92,108,22
90,108,22
88,108,22
87,108,22
85,108,22
87,108,22
85,108,22
86,108,22
83,108,22
88,108,22
86,108,22
85,108,22
87,108,22
88,108,22
84,108,22
82,108,22
82,108,22
82,108,22
79,108,22
84,108,22
82,108,22
86,108,22
86,108,22
87,108,22
88,108,22
90,108,22
91,108,22
87,108,22
88,108,22
86,108,22
85,108,22
85,108,22
86,108,22
87,79,22
88,79,22
86,79,22
87,79,22
88,79,22
87,79,22
90,79,22
91,138,22
93,138,22
94,138,22
95,138,22
96,138,22
94,138,22
96,138,22
93,138,22
92,138,22
90,138,22
91,138,22
90,138,22
88,138,22
90,138,22
89,138,22
86,138,22
87,138,22
91,138,22
92,138,22
88,138,22
91,138,22
92,138,22
92,138,22
91,138,22
89,138,22
88,138,22
88,138,22
89,138,22
86,138,22
90,138,22
88,138,22
88,138,22
88,138,22
89,138,22
91,138,22
92,63,22
93,63,22
94,63,22
92,63,22
95,63,22
96,63,22
98,63,22
99,63,22
97,63,22
93,63,22
97,64,22
97,64,22
95,64,22
92,64,22
92,64,22
90,64,22
89,64,22
87,64,22
88,64,22
87,64,22
84,64,22
82,64,22
85,64,22
86,64,22
84,64,22
85,64,22
84,64,22
83,64,22
84,64,22
83,64,22
81,64,22
83,64,22
82,64,22
80,64,22
81,64,22
80,64,22
83,64,22
82,64,22
82,64,22
86,64,22
84,64,22
81,64,22
81,64,22
83,64,22
85,64,22
89,64,22
91,64,22
92,64,22
94,64,22
97,64,22
99,64,22
102,64,22
102,92,22
101,92,22
101,92,22
104,92,22
104,92,22
104,92,22
105,92,22
107,92,22
105,92,22
106,92,22
106,92,22
109,92,22
109,92,22
106,92,22
104,92,22
101,92,22
102,92,22
98,92,22
98,92,22
98,92,22
100,92,22
101,92,22
102,92,22
100,92,22
101,92,22
104,92,22
103,92,22
105,92,22
103,92,22
103,92,22
101,73,22
99,73,22
100,73,22
102,73,22
103,73,22
103,73,22
105,73,22
103,73,22
105,73,22
107,73,22
110,73,22
106,73,22
109,73,22
105,73,22
104,73,22
104,73,22
99,73,22
103,73,22
106,73,22
107,73,22
104,73,22
104,73,22
106,73,22
105,73,22
105,126,22
106,126,22
107,126,22
105,126,22
103,126,22
102,126,22
105,126,22
106,126,22
108,126,22
109,126,22
113,126,22
115,126,22
114,126,22
114,126,22
113,126,22
110,126,22
110,126,22
113,126,22
113,126,22
114,126,22
115,126,22
113,88,22
112,88,22
112,88,22
110,88,22
110,88,22
112,88,22
109,88,22
111,88,22
109,88,22
110,88,22
111,88,22
113,88,22
115,88,22
113,88,22
116,88,22
118,130,22
117,130,22
115,130,22
115,130,22
113,130,22
113,130,22
114,130,22
111,130,22
112,130,22
114,130,22
112,130,22
110,130,22
111,130,22
110,130,22
115,130,22
117,130,22
116,130,22
113,130,22
116,130,22
115,130,22
114,130,22
111,130,22
110,130,22
109,130,22
108,130,22
109,130,22
107,130,22
107,130,22
107,130,22
107,130,22
104,130,22
104,130,22
107,130,22
106,130,22
110,130,22
111,130,22
107,130,22
106,130,22
106,130,22
110,125,22
109,125,22
110,125,22
112,125,22
114,125,22
114,125,22
111,125,22
111,125,22
115,125,22
118,125,22
117,125,22
119,125,22
121,125,22
119,125,22
122,125,22
124,125,22
124,125,22
122,125,22
119,125,22
116,125,22
118,125,22
121,125,22
123,110,22
123,110,22
122,110,22
120,110,22
118,110,22
115,110,22
115,110,22
112,110,22
110,110,22
111,110,22
110,110,22
106,82,22
105,82,22
104,82,22
103,82,22
103,82,22
105,82,22
105,82,22
104,82,22
103,82,22
104,82,22
106,82,22
107,82,22
108,82,22
108,82,22
108,82,22
106,82,22
107,82,22
106,82,22
106,82,22
105,82,22
103,82,22
102,82,22
105,82,22
106,82,22
103,91,22
100,91,22
100,91,22
100,91,22
100,91,22
98,91,22
101,91,22
102,91,22
104,91,22
104,91,22
103,91,22
102,91,22
103,91,22
99,85,22
98,85,22
94,85,22
91,85,22
90,85,22
89,85,22
91,85,22
87,85,22
90,85,22
93,59,22
94,59,22
98,59,22
102,59,22
99,59,22
103,59,22
103,59,22
101,59,22
99,59,22
102,59,22
102,59,22
102,59,22
103,59,22
106,59,22
104,59,22
103,59,22
102,59,22
106,59,22
105,59,22
106,59,22
105,59,22
108,59,22
104,59,22
109,59,22
111,59,22
110,59,22
112,59,22
114,59,22
114,112,22
116,112,22
113,112,22
112,112,22
111,112,22
110,112,22
107,112,22
107,112,22
105,112,22
102,112,22
102,112,22
101,112,22
100,112,22
99,112,22
102,112,22
101,112,22
101,112,22
100,106,22
99,106,22
98,106,22
95,106,22
98,106,22
99,106,22
102,106,22
98,106,22
96,106,22
96,106,22
95,106,22
94,106,22
96,106,22
95,106,22
95,106,22
96,106,22
93,106,22
88,106,22
88,106,22
90,106,22
88,106,22
87,106,22
86,106,22
87,106,22
87,106,22
87,106,22
89,106,22
90,106,22
88,106,22
87,104,22
86,104,22
84,104,22
83,104,22
81,104,22
80,104,22
83,104,22
81,104,22
81,104,22
83,104,22
83,104,22
80,104,22
80,104,22
83,104,22
83,104,22
82,104,22
83,104,22
83,106,22
82,106,22
80,106,22
78,106,22
79,106,22
80,106,22
79,106,22
78,106,22
77,106,22
78,106,22
77,106,22
78,106,22
74,106,22
76,106,22
74,106,22
74,106,22
75,106,22
75,106,22
75,106,22
78,106,22
78,106,22
77,50,22
79,50,22
78,50,22
79,50,22
78,50,22
80,50,22
81,50,22
80,50,22
77,50,22
79,50,22
84,50,22
81,50,22
79,50,22
76,50,22
77,50,22
76,50,22
78,50,22
77,50,22
77,71,22
78,71,22
75,71,22
74,71,22
75,71,22
74,71,22
76,71,22
76,71,22
75,71,22
76,71,22
74,71,22
73,71,22
74,71,22
75,71,22
76,71,22
72,71,22
77,71,22
74,71,22
73,71,22
76,71,22
74,71,22
74,71,22
73,108,22
74,108,22
74,108,22
74,108,22
71,108,22
73,108,22
77,108,22
75,108,22
77,115,22
73,115,22
72,115,22
74,115,22
74,115,22
76,115,22
74,115,22
75,115,22
74,115,22
75,115,22
75,115,22
76,115,22
76,115,22
73,115,22
75,115,22
76,115,22
80,115,22
78,115,22
74,115,22
73,115,22
75,78,22
77,78,22
77,78,22
79,78,22
77,78,22
73,78,22
73,78,22
75,78,22
77,78,22
79,78,22
79,90,22
80,90,22
84,90,22
85,90,22
87,90,22
88,90,22
91,90,22
92,90,22
93,90,22
93,90,22
93,90,22
93,90,22
96,90,22
94,90,22
92,90,22
88,90,22
88,90,22
87,90,22
85,90,22
86,90,22
82,90,22
81,90,22
85,90,22
80,90,22
82,90,22
84,26,22
84,26,22
84,26,22
82,26,22
81,26,22
80,26,22
82,26,22
82,26,22
82,104,22
79,104,22
77,104,22
76,104,22
76,104,22
75,104,22
72,104,22
71,104,22
72,104,22
72,104,22
72,104,22
71,104,22
71,104,22
72,104,22
69,104,22
69,104,22
69,104,22
65,104,22
66,104,22
67,104,22
67,104,22
66,104,22
66,104,22
64,104,22
64,104,22
66,104,22
63,104,22
64,104,22
62,104,22
59,104,22
58,104,22
58,104,22
59,104,22
59,104,22
58,50,22
59,50,22
59,50,22
60,50,22
61,50,22
59,50,22
58,50,22
58,50,22
58,50,22
58,32,22
59,32,22
58,32,22
57,32,22
57,32,22
60,32,22
63,32,22
63,32,22
68,32,22
69,32,22
67,37,22
70,37,22
70,37,22
71,37,22
68,37,22
69,37,22
70,37,22
71,37,22
71,37,22
71,37,22
68,37,22
67,37,22
65,37,22
68,53,22
66,53,22
67,53,22
69,53,22
72,53,22
70,53,22
69,53,22
73,53,22
71,53,22
71,53,22
69,53,22
67,53,22
68,53,22
69,53,22
71,53,22
71,53,22
70,53,22
68,53,22
68,53,22
66,53,22
64,53,22
69,53,22
70,53,22
71,53,22
70,53,22
70,53,22
71,53,22
71,61,22
68,61,22
70,61,22
68,61,22
70,61,22
72,61,22
69,61,22
75,61,22
72,61,22
70,61,22
68,61,22
67,61,22
67,61,22
68,61,22
71,61,22
69,61,22
66,61,22
67,61,22
65,61,22
65,94,22
70,94,22
67,94,22
69,94,22
66,94,22
60,94,22
59,94,22
55,94,22
56,94,22
56,94,22
54,94,22
56,94,22
58,94,22
57,94,22
56,83,22
55,83,22
51,83,22
52,83,22
48,83,22
47,83,22
44,83,22
46,83,22
48,83,22
46,83,22
47,83,22
48,83,22
43,15,22
41,15,22
40,15,22
41,15,22
42,15,22
42,15,22
42,15,22
45,15,22
42,15,22
41,15,22
45,15,22
44,15,22
41,14,22
39,14,22
40,14,22
43,14,22
46,14,22
46,14,22
46,14,22
46,14,22
47,14,22
43,14,22
43,14,22
44,14,22
41,14,22
43,14,22
44,75,22
41,75,22
43,75,22
39,75,22
36,75,22
33,75,22
32,75,22
30,75,22
29,75,22
29,75,22
31,75,22
30,75,22
27,75,22
28,75,22
24,75,22
22,75,22
22,75,22
20,75,22
18,75,22
17,75,22
17,75,22
18,14,22
18,14,22
16,14,22
15,14,22
15,14,22
18,14,22
15,14,22
17,14,22
16,14,22
17,14,22
16,14,22
18,8,22
19,8,22
19,8,22
23,8,22
23,8,22
23,8,22
22,8,22
22,8,22
19,8,22
19,8,22
17,8,22
16,8,22
17,8,22
20,8,22
16,8,22
14,8,22
13,8,22
15,8,22
14,8,22
14,8,22
12,8,22
12,8,22
6,8,22
7,8,22
4,8,22
7,8,22
6,8,22
3,8,22
4,8,22
6,8,22
6,8,22
8,8,22
7,8,22
6,8,22
5,8,22
5,8,22
3,8,22
5,0,22
8,0,22
7,0,22
10,0,22
11,0,22
8,0,22
8,0,22
9,0,22
8,0,22
8,0,22
9,0,22
9,0,22
13,0,22
14,0,22
12,0,22
10,0,22
12,0,22
12,0,22
9,0,22
7,0,22
7,0,22
7,0,22
11,0,22
13,0,22
12,0,22
10,0,22
11,0,22
11,0,22
10,0,22
11,0,22
12,0,22
12,0,22
11,0,22
12,0,22
11,8,22
11,8,22
12,8,22
11,8,22
12,8,22
11,8,22
15,8,22
14,8,22
14,8,22
11,8,22
11,8,22
10,8,22
10,8,22
12,8,22
16,8,22
16,8,22
15,8,22
12,23,22
11,23,22
12,23,22
12,23,22
12,23,22
14,23,22
10,23,22
10,23,22
10,23,22
12,23,22
13,23,22
15,23,22
12,23,22
14,23,22
15,23,22
14,23,22
13,19,22
14,19,22
13,19,22
9,19,22
8,19,22
9,19,22
10,19,22
10,19,22
13,19,22
11,19,22
19,19,22
17,19,22
18,29,22
18,29,22
15,29,22
17,29,22
20,29,22
23,29,22
23,29,22
22,29,22
22,29,22
21,29,22
21,29,22
20,29,22
19,29,22
17,29,22
18,29,22
19,29,22
20,29,22
22,29,22
22,29,22
21,29,22
20,29,22
19,29,22
20,29,22
21,29,22
21,29,22
18,29,22
17,29,22
15,29,22
19,29,22
20,29,22
19,29,22
24,29,22
24,26,22
26,26,22
26,26,22
24,26,22
28,26,22
29,26,22
28,26,22
26,26,22
28,26,22
30,26,22
32,26,22
32,26,22
35,26,22
36,26,22
37,26,22
37,71,22
39,71,22
39,71,22
40,71,22
40,71,22
38,71,22
40,71,22
41,71,22
42,71,22
41,71,22
43,71,22
46,71,22
47,71,22
47,71,22
46,71,22
46,71,22
46,71,22
45,71,22
45,71,22
48,71,22
49,71,22
50,71,22
53,71,22
54,71,22
52,71,22
55,71,22
59,71,22
64,71,22
64,71,22
63,71,22
61,71,22
63,71,22
65,71,22
67,71,22
70,71,22
71,71,22
72,71,22
72,71,22
69,71,22
69,71,22
66,71,22
69,71,22
68,71,22
69,30,22
65,30,22
66,30,22
66,30,22
66,30,22
69,30,22
70,30,22
73,30,22
70,30,22
71,30,22
72,30,22
72,30,22
74,30,22
74,30,22
74,30,22
79,30,22
79,30,22
77,30,22
80,30,22
76,30,22
79,30,22
80,30,22
80,30,22
83,30,22
84,30,22
88,30,22
86,30,22
86,30,22
85,30,22
84,30,22
85,30,22
86,30,22
88,30,22
89,30,22
91,30,22
87,30,22
87,30,22
87,30,22
84,30,22
83,30,22
85,30,22
83,123,22
87,123,22
88,123,22
89,123,22
88,123,22
90,123,22
90,123,22
92,123,22
93,123,22
91,123,22
89,123,22
88,123,22
87,123,22
90,123,22
90,123,22
88,123,22
86,123,22
88,123,22
87,123,22
83,123,22
81,123,22
80,123,22
82,123,22
82,123,22
86,123,22
87,102,22
86,102,22
85,102,22
83,102,22
81,102,22
84,102,22
86,102,22
92,102,22
92,102,22
93,102,22
94,102,22
92,102,22
92,102,22
93,102,22
91,102,22
95,99,22
94,99,22
95,99,22
94,99,22
96,99,22
98,99,22
98,99,22
99,71,22
100,71,22
99,71,22
97,71,22
97,71,22
96,71,22
99,71,22
104,71,22
104,71,22
98,71,22
103,71,22
100,71,22
100,68,22
99,68,22
98,68,22
96,68,22
96,68,22
98,68,22
99,68,22
100,118,22
96,118,22
95,118,22
94,118,22
95,118,22
97,118,22
96,118,22
96,118,22
99,118,22
99,118,22
99,95,22
99,95,22
95,95,22
95,95,22
97,95,22
98,95,22
99,95,22
95,88,22
92,88,22
91,88,22
90,88,22
90,88,22
89,88,22
92,88,22
92,88,22
92,88,22
95,88,22
96,88,22
96,88,22
95,88,22
97,88,22
97,88,22
97,124,22
99,124,22
101,124,22
98,124,22
100,124,22
100,124,22
96,124,22
95,124,22
96,124,22
93,124,22
93,124,22
95,124,22
98,124,22
97,124,22
99,124,22
96,124,22
92,124,22
91,124,22
94,124,22
94,124,22
90,124,22
94,124,22
92,124,22
91,124,22
93,124,22
95,124,22
94,124,22
96,124,22
96,124,22
96,124,22
97,124,22
96,124,22
96,124,22
98,124,22
98,124,22
101,124,22
102,124,22
103,124,22
103,124,22
102,124,22
105,124,22
101,124,22
98,124,22
97,124,22
95,124,22
96,124,22
100,124,22
102,124,22
103,124,22
99,91,22
101,91,22
102,91,22
105,91,22
108,91,22
108,91,22
108,91,22
106,91,22
104,99,22
106,99,22
106,99,22
107,99,22
109,99,22
112,99,22
114,99,22
115,99,22
115,99,22
113,99,22
112,99,22
113,99,22
117,91,22
120,91,22
124,91,22
124,91,22
123,91,22
121,91,22
124,91,22
128,91,22
130,91,22
131,91,22
129,91,22
131,91,22
129,91,22
129,91,22
131,91,22
132,91,22
134,91,22
132,91,22
130,91,22
131,91,22
131,91,22
130,125,22
129,125,22
127,125,22
129,125,22
129,125,22
134,125,22
130,125,22
129,125,22
129,125,22
128,125,22
127,125,22
126,125,22
125,125,22
130,124,22
133,124,22
132,124,22
133,124,22
132,124,22
132,124,22
135,124,22
136,124,22
138,124,22
137,124,22
136,124,22
135,124,22
135,124,22
134,124,22
134,124,22
134,124,22
134,124,22
129,124,22
130,124,22
130,124,22
130,124,22
131,124,22
135,124,22
136,124,22
135,124,22
134,124,22
134,124,22
134,141,22
135,141,22
134,141,22
134,141,22
133,141,22
134,141,22
133,141,22
134,89,22
136,89,22
136,89,22
135,89,22
136,89,22
138,89,22
139,89,22
141,89,22
140,89,22
143,89,22
144,89,22
140,89,22
140,89,22
141,89,22
138,89,22
139,89,22
136,89,22
138,89,22
141,89,22
143,89,22
142,89,22
144,89,22
142,89,22
139,89,22
137,89,22
134,89,22
135,89,22
136,89,22
138,89,22
139,89,22
139,89,22
141,89,22
144,89,22
142,89,22
137,89,22
138,89,22
137,89,22
139,89,22
135,89,22
136,89,22
139,89,22
137,122,22
136,122,22
138,122,22
137,122,22
137,122,22
138,122,22
139,122,22
140,122,22
138,122,22
139,122,22
141,122,22
139,122,22
140,122,22
138,122,22
137,122,22
132,122,22
136,122,22
134,122,22
137,122,22
137,122,22
140,122,22
140,135,22
144,135,22
144,135,22
146,135,22
145,135,22
148,135,22
148,135,22
145,135,22
145,135,22
149,135,22
151,135,22
151,135,22
154,135,22
157,135,22
157,135,22
159,135,22
158,135,22
157,135,22
163,132,22
163,132,22
161,132,22
161,132,22
161,132,22
161,132,22
162,132,22
164,132,22
163,132,22
165,132,22
165,132,22
160,132,22
162,132,22
161,132,22
159,132,22
158,132,22
159,132,22
159,132,22
160,132,22
161,132,22
154,132,22
152,180,22
152,180,22
154,180,22
149,180,22
150,180,22
147,180,22
150,180,22
151,180,22
153,180,22
153,180,22
158,180,22
162,180,22
159,180,22
159,180,22
158,180,22
157,180,22
160,180,22
160,180,22
162,180,22
167,180,22
172,180,22
170,180,22
171,180,22
174,180,22
175,180,22
174,186,22
174,186,22
171,186,22
169,186,22
168,186,22
168,186,22
168,186,22
165,186,22
170,186,22
172,186,22
171,186,22
170,186,22
170,186,22
171,185,22
173,185,22
175,185,22
175,185,22
176,185,22
176,185,22
179,185,22
178,163,22
182,163,22
180,163,22
182,163,22
179,163,22
177,163,22
178,163,22
178,163,22
179,163,22
179,163,22
179,163,22
180,163,22
181,163,22
181,163,22
181,163,22
177,163,22
176,163,22
174,163,22
173,163,22
172,163,22
171,163,22
170,163,22
172,163,22
172,163,22
171,163,22
170,163,22
169,163,22
173,163,22
172,163,22
176,163,22
174,163,22
172,163,22
172,163,22
178,163,22
177,163,22
177,163,22
174,163,22
176,163,22
177,163,22
178,163,22
178,163,22
178,163,22
177,163,22
176,163,22
178,163,22
176,163,22
174,163,22
173,163,22
172,162,22
172,162,22
174,162,22
173,162,22
172,162,22
172,162,22
173,162,22
173,162,22
172,162,22
175,162,22
176,162,22
175,162,22
174,162,22
172,162,22
171,162,22
168,162,22
167,162,22
169,162,22
169,162,22
168,162,22
168,162,22
169,162,22
168,162,22
170,162,22
171,162,22
172,162,22
172,162,22
172,162,22
170,162,22
169,162,22
169,162,22
173,162,22
171,162,22
172,162,22
172,162,22
172,162,22
175,162,22
173,188,22
173,188,22
173,188,22
173,188,22
177,188,22
173,188,22
173,175,22
174,175,22
178,175,22
182,175,22
184,175,22
181,175,22
183,175,22
181,175,22
184,175,22
182,175,22
181,175,22
182,206,22
181,206,22
185,206,22
184,206,22
184,206,22
182,206,22
183,206,22
186,206,22
185,206,22
182,206,22
186,206,22
185,206,22
185,206,22
185,206,22
186,206,22
185,206,22
187,206,22
185,206,22
186,206,22
190,206,22
189,206,22
191,206,22
189,206,22
191,206,22
190,206,22
195,206,22
192,206,22
191,206,22
188,206,22
188,206,22
189,206,22
185,206,22
183,206,22
183,188,22
180,188,22
181,188,22
180,188,22
178,188,22
178,188,22
178,188,22
175,188,22
176,164,22
178,164,22
180,164,22
176,164,22
175,164,22
175,164,22
176,164,22
171,164,22
167,164,22
162,164,22
159,164,22
158,164,22
160,164,22
161,172,22
162,172,22
159,172,22
160,172,22
158,172,22
158,172,22
157,172,22
154,172,22
154,172,22
156,172,22
158,172,22
156,130,22
156,130,22
156,130,22
156,130,22
157,130,22
157,130,22
161,130,22
159,130,22
158,130,22
159,130,22
160,130,22
159,130,22
158,130,22
161,130,22
161,130,22
155,130,22
154,130,22
155,144,22
154,144,22
154,144,22
150,144,22
150,144,22
151,144,22
152,144,22
148,144,22
144,144,22
143,144,22
144,144,22
144,144,22
145,144,22
145,144,22
145,144,22
146,179,22
145,179,22
143,179,22
140,179,22
140,179,22
139,179,22
137,179,22
139,179,22
142,179,22
144,179,22
146,179,22
147,145,22
149,145,22
147,145,22
147,145,22
146,145,22
147,145,22
145,145,22
144,145,22
144,145,22
144,145,22
149,145,22
149,145,22
150,145,22
152,145,22
157,145,22
155,145,22
153,149,22
153,149,22
154,149,22
152,149,22
151,149,22
148,149,22
150,149,22
153,149,22
151,149,22
147,149,22
148,149,22
147,149,22
144,149,22
144,149,22
144,134,22
144,134,22
147,134,22
148,134,22
150,134,22
149,134,22
147,134,22
145,134,22
146,134,22
144,134,22
146,134,22
146,134,22
148,134,22
148,134,22
148,134,22
144,134,22
148,134,22
144,126,22
144,126,22
147,126,22
150,126,22
149,126,22
148,126,22
146,126,22
146,126,22
146,126,22
148,126,22
148,126,22
147,126,22
146,126,22
149,126,22
150,126,22
152,126,22
150,126,22
150,126,22
152,126,22
155,126,22
154,126,22
153,126,22
150,126,22
149,126,22
146,126,22
146,126,22
149,126,22
150,126,22
146,126,22
143,126,22
142,126,22
140,126,22
140,126,22
136,126,22
136,126,22
135,126,22
138,126,22
138,126,22
137,126,22
142,135,22
142,135,22
144,135,22
139,135,22
142,135,22
144,135,22
147,135,22
146,135,22
147,135,22
149,135,22
150,135,22
152,135,22
152,135,22
153,135,22
149,135,22
152,135,22
153,135,22
153,135,22
154,135,22
156,135,22
156,135,22
157,154,22
156,154,22
158,154,22
159,154,22
159,154,22
159,154,22
158,154,22
157,154,22
155,154,22
157,154,22
157,154,22
157,154,22
156,154,22
154,154,22
154,154,22
150,154,22
148,154,22
149,154,22
148,154,22
145,154,22
143,154,22
145,154,22
147,154,22
146,154,22
146,184,22
145,184,22
143,184,22
141,184,22
140,184,22
137,184,22
138,184,22
138,184,22
137,184,22
138,184,22
137,184,22
140,184,22
142,184,22
141,184,22
140,184,22
140,184,22
143,184,22
139,184,22
138,184,22
139,184,22
137,184,22
136,184,22
142,184,22
144,184,22
147,184,22
147,184,22
152,184,22
151,184,22
155,184,22
156,184,22
158,184,22
161,184,22
159,184,22
161,184,22
162,130,22
163,130,22
164,130,22
166,130,22
167,130,22
167,130,22
170,130,22
168,130,22
167,130,22
165,130,22
167,130,22
164,195,22
165,195,22
165,195,22
163,195,22
161,195,22
159,195,22
158,195,22
159,195,22
158,195,22
156,195,22
153,195,22
153,195,22
153,195,22
154,195,22
154,195,22
156,195,22
151,195,22
150,195,22
149,195,22
151,195,22
151,195,22
146,195,22
145,195,22
149,195,22
148,195,22
147,195,22
146,195,22
146,195,22
150,195,22
155,195,22
151,195,22
152,195,22
155,195,22
154,195,22
154,195,22
153,195,22
155,163,22
155,163,22
158,163,22
160,163,22
164,163,22
165,163,22
164,163,22
166,163,22
165,163,22
163,163,22
167,163,22
165,163,22
166,151,22
164,151,22
165,151,22
165,151,22
162,151,22
163,151,22
160,151,22
160,151,22
158,151,22
157,151,22
158,151,22
159,151,22
160,151,22
161,151,22
162,151,22
163,151,22
161,151,22
161,151,22
162,151,22
161,151,22
161,151,22
162,151,22
160,151,22
159,151,22
157,151,22
160,151,22
157,151,22
157,151,22
158,151,22
159,151,22
158,151,22
153,151,22
154,151,22
150,151,22
152,151,22
150,151,22
151,151,22
151,151,22
152,151,22
151,151,22
153,151,22
155,151,22
154,151,22
154,122,22
155,122,22
150,122,22
153,122,22
152,122,22
150,122,22
150,146,22
152,146,22
153,146,22
155,146,22
155,146,22
154,146,22
155,146,22
158,146,22
161,146,22
160,146,22
159,146,22
157,146,22
158,146,22
162,146,22
161,146,22
161,146,22
158,146,22
158,146,22
158,146,22
160,146,22
158,146,22
159,146,22
160,146,22
162,146,22
163,146,22
164,146,22
162,146,22
162,146,22
161,146,22
160,146,22
160,146,22
162,148,22
160,148,22
160,148,22
160,148,22
162,148,22
161,148,22
162,148,22
162,148,22
161,148,22
161,148,22
162,148,22
161,148,22
161,166,22
165,166,22
164,166,22
163,166,22
159,166,22
157,166,22
158,166,22
160,166,22
155,166,22
159,166,22
161,166,22
160,166,22
158,166,22
158,166,22
159,166,22
158,166,22
160,166,22
160,166,22
158,166,22
157,166,22
157,166,22
157,166,22
158,166,22
161,166,22
160,166,22
161,166,22
162,166,22
161,166,22
164,166,22
168,166,22
169,166,22
169,166,22
169,166,22
167,166,22
166,166,22
167,166,22
167,150,22
163,150,22
165,150,22
160,150,22
156,150,22
157,150,22
156,150,22
159,150,22
161,150,22
160,150,22
162,136,22
163,136,22
164,136,22
163,136,22
162,136,22
163,136,22
163,136,22
162,136,22
161,136,22
160,136,22
161,207,22
165,207,22
169,207,22
170,207,22
173,207,22
174,207,22
175,207,22
175,207,22
178,207,22
177,207,22
179,207,22
182,207,22
183,207,22
184,207,22
181,207,22
180,207,22
182,207,22
182,207,22
183,207,22
181,207,22
180,207,22
180,207,22
180,207,22
180,207,22
181,207,22
183,207,22
186,207,22
188,207,22
188,207,22
187,207,22
184,207,22
184,207,22
185,207,22
181,207,22
180,194,22
179,194,22
180,194,22
180,194,22
179,194,22
179,194,22
179,194,22
179,194,22
178,194,22
179,194,22
180,194,22
182,194,22
180,194,22
181,194,22
179,194,22
178,194,22
182,194,22
182,194,22
181,194,22
180,194,22
183,194,22
187,194,22
182,194,22
183,194,22
183,194,22
182,200,22
184,200,22
187,200,22
189,200,22
188,200,22
188,200,22
187,200,22
187,200,22
185,200,22
184,200,22
186,164,22
186,164,22
187,164,22
185,164,22
185,164,22
183,164,22
185,164,22
185,164,22
181,164,22
181,164,22
181,164,22
183,164,22
180,164,22
177,195,22
176,195,22
177,195,22
182,195,22
180,195,22
181,195,22
185,195,22
183,195,22
181,195,22
183,195,22
187,195,22
186,195,22
184,195,22
185,195,22
185,195,22
185,195,22
182,195,22
183,195,22
183,195,22
185,195,22
185,195,22
186,195,22
184,195,22
185,195,22
184,195,22
181,195,22
181,195,22
181,195,22
184,195,22
185,195,22
184,195,22
184,195,22
181,195,22
180,195,22
182,195,22
179,195,22
177,195,22
175,195,22
179,195,22
178,195,22
177,195,22
177,195,22
182,195,22
183,195,22
184,195,22
185,195,22
186,195,22
188,195,22
188,195,22
189,195,22
192,195,22
189,195,22
187,195,22
187,195,22
188,195,22
188,195,22
187,165,22
188,165,22
188,165,22
188,165,22
190,165,22
192,165,22
191,165,22
189,165,22
187,165,22
189,165,22
190,165,22
192,165,22
193,165,22
197,165,22
200,165,22
198,176,22
201,176,22
198,176,22
196,176,22
199,176,22
200,176,22
200,176,22
199,176,22
197,176,22
195,176,22
194,176,22
194,176,22
194,176,22
196,199,22
197,199,22
194,199,22
195,199,22
195,199,22
192,199,22
192,199,22
192,199,22
191,199,22
190,199,22
189,199,22
190,199,22
190,199,22
186,199,22
188,172,22
190,172,22
190,172,22
190,172,22
189,172,22
187,172,22
184,172,22
185,172,22
184,164,22
184,164,22
185,164,22
185,164,22
186,164,22
187,164,22
191,164,22
195,164,22
198,164,22
199,164,22
202,164,22
203,164,22
204,164,22
202,164,22
202,164,22
201,164,22
201,164,22
207,164,22
206,164,22
205,164,22
207,164,22
208,164,22
210,164,22
209,164,22
210,164,22
207,164,22
211,164,22
210,226,22
211,226,22
212,226,22
212,226,22
210,226,22
205,226,22
199,226,22
201,226,22
202,226,22
202,226,22
203,226,22
203,226,22
204,226,22
203,226,22
205,226,22
203,226,22
202,226,22
201,226,22
204,226,22
201,226,22
203,226,22
201,226,22
196,180,22
198,180,22
198,180,22
202,180,22
201,180,22
201,180,22
199,180,22
199,208,22
199,208,22
202,208,22
203,208,22
209,208,22
212,208,22
211,208,22
211,208,22
213,208,22
213,208,22
210,208,22
207,208,22
207,208,22
207,208,22
209,208,22
209,208,22
210,208,22
210,208,22
212,208,22
215,208,22
215,208,22
215,208,22
217,208,22
220,211,22
220,211,22
223,211,22
227,211,22
224,211,22
225,211,22
224,219,22
226,219,22
224,219,22
227,219,22
229,219,22
228,219,22
226,219,22
229,219,22
227,219,22
228,219,22
230,219,22
232,219,22
233,219,22
233,219,22
234,219,22
235,219,22
239,219,22
235,219,22
236,219,22
235,219,22
231,219,22
233,219,22
229,224,22
231,224,22
234,224,22
237,224,22
238,224,22
239,224,22
238,224,22
237,224,22
235,224,22
238,224,22
238,243,22
239,243,22
241,243,22
240,243,22
242,243,22
241,243,22
241,243,22
239,243,22
242,243,22
244,243,22
243,243,22
240,243,22
240,243,22
240,243,22
241,243,22
243,243,22
241,243,22
240,243,22
242,243,22
241,243,22
237,228,22
239,228,22
239,228,22
234,228,22
237,228,22
236,228,22
235,228,22
237,228,22
236,228,22
237,228,22
238,228,22
239,228,22
240,228,22
236,228,22
235,228,22
234,228,22
233,228,22
233,228,22
235,228,22
239,228,22
240,228,22
239,228,22
240,228,22
240,228,22
240,225,22
242,225,22
240,225,22
242,225,22
242,225,22
244,225,22
242,248,22
246,248,22
248,248,22
248,248,22
248,248,22
246,248,22
247,236,22
246,236,22
244,236,22
244,236,22
243,236,22
245,236,22
243,236,22
244,236,22
246,236,22
248,236,22
248,236,22
246,236,22
244,236,22
242,236,22
245,236,22
243,236,22
239,236,22
236,236,22
237,236,22
235,236,22
234,236,22
230,219,22
234,219,22
235,219,22
239,219,22
237,219,22
238,219,22
234,219,22
238,219,22
234,219,22
237,219,22
235,219,22
236,219,22
237,219,22
236,219,22
238,219,22
241,219,22
238,219,22
237,219,22
236,219,22
236,219,22
237,219,22
238,219,22
236,219,22
234,219,22
233,219,22
236,219,22
233,219,22
236,219,22
237,219,22
241,219,22
239,219,22
239,263,22
238,263,22
234,263,22
237,263,22
240,263,22
244,263,22
246,237,22
244,237,22
247,237,22
246,237,22
245,237,22
246,237,22
245,237,22
245,237,22
238,237,22
236,237,22
237,237,22
237,237,22
238,237,22
234,237,22
232,237,22
230,231,22
228,231,22
231,231,22
230,231,22
231,231,22
228,231,22
227,231,22
226,231,22
228,231,22
227,231,22
228,231,22
228,231,22
231,231,22
230,231,22
228,231,22
227,231,22
226,209,22
228,209,22
228,209,22
228,209,22
230,209,22
228,209,22
228,209,22
231,209,22
232,209,22
234,209,22
233,209,22
233,209,22
233,209,22
233,209,22
230,209,22
229,216,22
228,216,22
227,216,22
225,216,22
229,216,22
229,216,22
226,216,22
226,216,22
224,216,22
221,216,22
224,216,22
225,216,22
225,216,22
224,216,22
227,216,22
225,216,22
224,216,22
224,216,22
222,216,22
226,216,22
224,216,22
227,216,22
229,216,22
231,216,22
235,216,22
236,216,22
236,216,22
239,216,22
241,216,22
241,216,22
238,216,22
241,216,22
242,216,22
239,216,22
239,216,22
236,216,22
235,216,22
234,216,22
233,216,22
232,216,22
232,216,22
236,216,22
235,215,22
235,215,22
236,215,22
237,215,22
238,215,22
236,215,22
239,215,22
244,215,22
245,215,22
246,259,22
247,259,22
248,259,22
250,259,22
252,259,22
251,259,22
253,259,22
256,259,22
258,259,22
264,259,22
264,259,22
263,259,22
267,259,22
271,259,22
269,259,22
267,259,22
263,259,22
260,259,22
257,259,22
256,259,22
252,259,22
251,259,22
254,259,22
253,259,22
255,259,22
251,259,22
252,259,22
253,259,22
249,259,22
246,259,22
243,259,22
238,259,22
237,259,22
237,259,22
235,259,22
236,259,22
240,259,22
241,259,22
241,259,22
240,259,22
237,259,22
234,259,22
237,259,22
234,259,22
233,259,22
234,259,22
236,259,22
235,259,22
235,259,22
233,259,22
233,259,22
234,259,22
235,216,22
236,216,22
240,216,22
240,216,22
242,216,22
243,216,22
244,216,22
245,216,22
246,216,22
248,216,22
251,216,22
250,216,22
251,216,22
250,216,22
249,216,22
251,216,22
250,216,22
252,216,22
253,216,22
254,216,22
258,216,22
258,216,22
255,216,22
256,216,22
257,216,22
261,216,22
262,281,22
262,281,22
261,281,22
261,281,22
262,281,22
263,281,22
261,249,22
263,249,22
264,249,22
266,249,22
267,249,22
264,249,22
266,249,22
266,249,22
266,249,22
265,249,22
266,249,22
262,249,22
260,249,22
261,249,22
260,249,22
259,249,22
259,249,22
260,249,22
256,249,22
256,249,22
255,249,22
255,249,22
252,249,22
249,249,22
250,249,22
249,249,22
247,249,22
245,249,22
243,249,22
244,249,22
243,249,22
240,249,22
240,249,22
242,249,22
241,249,22
243,249,22
239,249,22
240,249,22
240,249,22
241,249,22
242,249,22
241,249,22
237,295,22
237,295,22
233,295,22
230,295,22
232,295,22
232,295,22
228,295,22
228,295,22
229,295,22
228,295,22
225,295,22
225,295,22
223,295,22
225,295,22
225,295,22
222,295,22
221,295,22
222,295,22
223,295,22
226,295,22
227,295,22
228,295,22
227,295,22
224,295,22
223,295,22
224,295,22
225,295,22
224,295,22
218,295,22
218,295,22
218,295,22
219,295,22
219,295,22
220,295,22
217,295,22
218,295,22
219,295,22
219,295,22
217,295,22
216,295,22
217,295,22
218,295,22
222,295,22
219,295,22
223,295,22
223,210,22
226,210,22
230,210,22
231,210,22
228,210,22
227,210,22
226,210,22
227,210,22
229,267,22
227,267,22
229,267,22
229,267,22
228,267,22
225,267,22
229,267,22
228,267,22
231,267,22
236,267,22
235,267,22
238,267,22
237,267,22
233,267,22
233,267,22
232,267,22
230,267,22
231,267,22
231,267,22
234,267,22
233,267,22
231,267,22
233,267,22
235,267,22
230,267,22
229,267,22
230,267,22
230,267,22
229,267,22
229,267,22
229,267,22
230,267,22
231,236,22
231,236,22
234,236,22
235,236,22
235,236,22
238,236,22
235,236,22
237,236,22
237,236,22
235,236,22
238,236,22
240,236,22
240,236,22
243,236,22
245,236,22
244,236,22
243,236,22
245,236,22
244,236,22
241,236,22
237,236,22
234,236,22
236,236,22
233,236,22
232,236,22
233,236,22
233,236,22
234,236,22
237,236,22
235,236,22
232,236,22
233,236,22
235,236,22
235,236,22
237,236,22
238,236,22
238,236,22
239,236,22
238,236,22
240,236,22
240,236,22
241,236,22
243,236,22
243,236,22
244,236,22
246,236,22
243,236,22
244,236,22
244,236,22
243,236,22
244,236,22
242,236,22
243,214,22
243,214,22
243,214,22
239,214,22
236,214,22
234,214,22
235,214,22
232,214,22
232,214,22
232,219,22
228,219,22
227,219,22
226,219,22
224,219,22
222,219,22
225,255,22
226,255,22
223,255,22
221,255,22
221,255,22
223,255,22
226,255,22
226,255,22
226,255,22
225,255,22
224,209,22
225,209,22
223,209,22
223,209,22
224,209,22
225,209,22
225,209,22
225,209,22
225,209,22
225,209,22
228,211,22
231,211,22
235,211,22
238,211,22
240,211,22
242,211,22
243,211,22
243,211,22
243,211,22
244,211,22
243,211,22
243,211,22
243,211,22
240,211,22
241,211,22
241,211,22
241,211,22
243,211,22
240,211,22
238,211,22
237,211,22
238,211,22
238,231,22
238,231,22
237,231,22
238,231,22
236,231,22
237,231,22
239,231,22
238,231,22
236,231,22
235,231,22
231,231,22
227,231,22
228,229,22
225,229,22
225,229,22
224,229,22
224,229,22
226,229,22
223,229,22
227,229,22
230,229,22
232,229,22
234,229,22
233,229,22
235,229,22
235,237,22
236,237,22
238,237,22
238,237,22
238,237,22
236,237,22
235,237,22
234,237,22
234,237,22
230,237,22
233,237,22
232,237,22
232,237,22
231,237,22
225,237,22
226,237,22
228,237,22
229,237,22
230,237,22
227,237,22
226,237,22
226,237,22
226,237,22
231,237,22
231,237,22
227,237,22
229,237,22
228,252,22
227,252,22
229,252,22
232,252,22
232,252,22
231,252,22
232,252,22
235,252,22
233,252,22
232,252,22
230,252,22
231,252,22
236,252,22
235,252,22
236,252,22
236,252,22
237,252,22
239,252,22
239,252,22
242,252,22
242,252,22
240,252,22
240,252,22
242,252,22
241,252,22
243,252,22
244,252,22
247,252,22
247,252,22
244,252,22
241,252,22
241,252,22
241,252,22
242,252,22
241,252,22
243,252,22
242,252,22
244,224,22
246,224,22
248,224,22
246,224,22
248,224,22
246,224,22
241,224,22
242,224,22
242,224,22
239,224,22
234,224,22
235,224,22
232,224,22
237,224,22
239,224,22
240,224,22
239,224,22
237,224,22
236,224,22
231,224,22
234,224,22
232,224,22
234,224,22
234,224,22
233,224,22
234,224,22
234,242,22
233,242,22
230,242,22
232,242,22
234,242,22
233,242,22
234,242,22
234,242,22
233,242,22
234,242,22
233,242,22
233,242,22
233,242,22
233,242,22
236,242,22
237,242,22
238,242,22
237,242,22
236,242,22
237,242,22
233,241,22
233,241,22
231,241,22
232,241,22
231,241,22
232,241,22
234,241,22
231,241,22
227,241,22
227,241,22
227,241,22
228,241,22
228,241,22
226,241,22
226,241,22
226,241,22
224,241,22
224,241,22
224,241,22
223,241,22
224,241,22
221,241,22
224,241,22
223,241,22
223,241,22
222,241,22
222,241,22
222,241,22
222,241,22
219,241,22
220,241,22
218,241,22
214,241,22
212,241,22
214,241,22
215,241,22
212,241,22
212,241,22
213,241,22
212,241,22
210,241,22
213,241,22
213,241,22
211,241,22
210,241,22
213,241,22
213,241,22
216,241,22
217,241,22
216,241,22
220,241,22
223,241,22
222,241,22
222,241,22
224,241,22
227,241,22
226,241,22
227,241,22
228,241,22
229,236,22
229,236,22
233,236,22
233,236,22
233,236,22
232,236,22
228,236,22
225,236,22
225,236,22
227,236,22
227,236,22
228,236,22
228,236,22
229,236,22
228,236,22
226,236,22
223,236,22
226,236,22
227,236,22
226,236,22
226,236,22
229,236,22
228,236,22
229,229,22
235,229,22
236,229,22
234,229,22
235,229,22
236,229,22
236,229,22
235,229,22
235,229,22
237,229,22
238,229,22
238,229,22
241,229,22
239,229,22
239,229,22
235,229,22
239,229,22
238,229,22
240,229,22
241,229,22
242,229,22
241,229,22
241,229,22
238,229,22
239,229,22
241,229,22
241,229,22
245,229,22
245,229,22
246,229,22
243,229,22
242,229,22
243,266,22
242,266,22
240,266,22
241,266,22
242,266,22
245,266,22
245,266,22
246,266,22
245,266,22
245,266,22
243,266,22
243,266,22
243,229,22
246,229,22
245,229,22
244,229,22
243,229,22
245,229,22
245,229,22
244,229,22
243,229,22
243,229,22
243,229,22
241,229,22
243,229,22
247,229,22
251,229,22
252,229,22
250,229,22
253,229,22
255,229,22
253,229,22
254,229,22
252,229,22
253,229,22
253,229,22
254,229,22
254,229,22
254,229,22
255,229,22
251,229,22
249,229,22
251,229,22
253,229,22
250,229,22
247,229,22
248,229,22
251,229,22
252,229,22
250,229,22
252,229,22
250,229,22
248,229,22
249,229,22
253,229,22
253,229,22
253,229,22
251,229,22
253,229,22
250,229,22
250,229,22
251,229,22
251,229,22
252,229,22
250,229,22
250,229,22
250,229,22
246,229,22
245,229,22
246,229,22
243,229,22
244,239,22
242,239,22
240,239,22
239,239,22
242,239,22
242,239,22
245,239,22
244,239,22
245,239,22
246,239,22
246,239,22
250,239,22
250,239,22
250,239,22
249,239,22
251,239,22
253,239,22
253,239,22
252,239,22
254,239,22
252,239,22
253,239,22
251,239,22
254,239,22
254,239,22
256,239,22
255,239,22
256,239,22
258,239,22
256,239,22
254,239,22
257,239,22
259,239,22
263,239,22
266,237,22
268,237,22
269,237,22
271,237,22
271,237,22
272,237,22
270,237,22
270,237,22
273,237,22
275,237,22
275,237,22
275,237,22
273,237,22
272,237,22
274,280,22
273,280,22
275,280,22
276,280,22
278,280,22
279,280,22
279,280,22
277,280,22
276,280,22
279,280,22
280,280,22
280,280,22
279,280,22
280,280,22
278,280,22
279,280,22
276,280,22
271,280,22
273,280,22
272,280,22
271,280,22
274,280,22
270,280,22
272,280,22
271,280,22
270,280,22
274,280,22
273,280,22
273,280,22
273,280,22
275,280,22
272,280,22
271,280,22
271,277,22
268,277,22
269,277,22
269,277,22
268,277,22
268,277,22
266,277,22
267,277,22
269,277,22
268,254,22
268,254,22
264,254,22
263,254,22
264,254,22
264,254,22
266,254,22
264,254,22
264,254,22
268,254,22
270,274,22
270,274,22
270,274,22
271,274,22
271,274,22
273,274,22
277,274,22
271,274,22
271,274,22
265,274,22
263,274,22
266,274,22
270,274,22
266,274,22
265,274,22
270,274,22
269,274,22
267,274,22
268,274,22
268,295,22
269,295,22
269,295,22
265,295,22
265,295,22
264,295,22
260,295,22
257,295,22
258,295,22
256,264,22
256,264,22
257,264,22
260,264,22
260,264,22
261,264,22
260,264,22
263,264,22
261,264,22
266,264,22
264,264,22
263,264,22
265,264,22
264,268,22
264,268,22
260,268,22
263,268,22
264,268,22
265,268,22
264,268,22
264,268,22
263,268,22
263,268,22
263,268,22
261,268,22
263,268,22
266,268,22
267,268,22
268,268,22
265,268,22
265,268,22
265,285,22
262,285,22
262,285,22
262,285,22
262,285,22
263,285,22
262,285,22
262,285,22
263,285,22
261,285,22
262,285,22
260,285,22
259,285,22
256,285,22
259,285,22
259,285,22
260,285,22
261,285,22
259,285,22
260,285,22
263,285,22
263,285,22
260,285,22
260,285,22
263,285,22
263,285,22
262,285,22
263,285,22
261,285,22
260,285,22
258,285,22
261,285,22
260,285,22
261,285,22
260,285,22
256,285,22
255,285,22
253,285,22
248,285,22
254,285,22
255,285,22
259,285,22
258,261,22
258,261,22
256,261,22
257,261,22
260,261,22
261,261,22
261,261,22
262,261,22
264,261,22
264,261,22
260,261,22
262,261,22
263,223,22
264,223,22
263,223,22
265,223,22
268,223,22
267,223,22
267,223,22
267,223,22
266,223,22
265,223,22
263,269,22
264,269,22
264,269,22
262,269,22
259,269,22
257,269,22
259,269,22
255,269,22
258,269,22
257,269,22
255,269,22
253,260,22
255,260,22
255,260,22
252,260,22
252,260,22
254,260,22
255,260,22
254,260,22
257,260,22
256,260,22
256,260,22
257,260,22
259,260,22
261,260,22
262,260,22
267,260,22
268,260,22
269,260,22
268,260,22
266,260,22
265,260,22
263,260,22
264,260,22
266,254,22
266,254,22
269,254,22
268,254,22
266,254,22
269,254,22
269,254,22
266,254,22
270,254,22
267,254,22
265,254,22
261,254,22
262,254,22
259,254,22
258,254,22
259,254,22
257,254,22
259,254,22
256,254,22
255,254,22
253,254,22
255,254,22
255,254,22
254,254,22
253,254,22
254,243,22
253,243,22
253,243,22
253,243,22
254,243,22
251,243,22
253,243,22
250,243,22
250,243,22
253,243,22
255,243,22
255,243,22
254,243,22
252,243,22
256,243,22
255,243,22
250,236,22
252,236,22
253,236,22
253,236,22
255,236,22
256,236,22
256,236,22
260,281,22
261,281,22
261,281,22
258,281,22
255,281,22
255,281,22
254,281,22
254,281,22
254,227,22
253,227,22
253,227,22
253,227,22
252,227,22
257,227,22
256,227,22
255,227,22
256,227,22
259,227,22
260,227,22
261,227,22
262,227,22
263,227,22
267,227,22
270,227,22
272,227,22
273,227,22
275,227,22
273,227,22
273,227,22
275,227,22
274,227,22
275,227,22
278,227,22
277,227,22
276,227,22
275,227,22
276,227,22
275,227,22
276,227,22
278,227,22
281,227,22
280,227,22
280,227,22
281,227,22
282,227,22
285,227,22
286,227,22
284,227,22
282,227,22
281,227,22
281,227,22
280,227,22
279,227,22
275,227,22
277,276,22
274,276,22
274,276,22
273,276,22
273,276,22
272,276,22
274,276,22
275,276,22
275,276,22
272,276,22
273,276,22
278,276,22
275,276,22
276,276,22
277,276,22
277,276,22
276,276,22
276,276,22
279,276,22
278,276,22
276,276,22
277,276,22
280,276,22
279,276,22
285,276,22
285,276,22
289,276,22
289,276,22
288,276,22
283,276,22
284,276,22
285,276,22
285,276,22
284,276,22
284,276,22
284,276,22
282,276,22
283,276,22
280,276,22
279,276,22
281,276,22
281,276,22
285,276,22
285,276,22
288,276,22
289,276,22
290,276,22
291,276,22
289,261,22
293,261,22
291,261,22
293,261,22
296,261,22
294,261,22
293,261,22
293,261,22
294,261,22
297,261,22
295,283,22
296,283,22
298,283,22
298,283,22
299,283,22
300,283,22
297,283,22
296,283,22
301,283,22
298,283,22
298,283,22
292,283,22
291,283,22
290,283,22
293,283,22
293,283,22
293,283,22
290,283,22
291,283,22
293,283,22
293,283,22
291,283,22
293,283,22
292,283,22
291,283,22
294,333,22
294,333,22
295,333,22
296,333,22
293,333,22
292,333,22
293,333,22
292,283,22
294,283,22
292,283,22
292,283,22
292,283,22
292,283,22
294,288,22
291,288,22
293,288,22
294,288,22
295,288,22
297,288,22
300,288,22
303,288,22
303,288,22
306,262,22
305,262,22
304,262,22
301,262,22
302,262,22
303,262,22
300,262,22
299,262,22
298,262,22
301,262,22
307,262,22
308,262,22
307,262,22
309,262,22
308,262,22
308,262,22
307,262,22
306,262,22
306,262,22
306,262,22
306,262,22
308,262,22
308,262,22
308,262,22
308,262,22
309,262,22
310,262,22
313,262,22
314,262,22
313,262,22
310,262,22
310,262,22
309,262,22
308,262,22
306,262,22
308,262,22
306,325,22
302,325,22
302,325,22
305,325,22
304,325,22
305,325,22
305,325,22
307,325,22
308,325,22
307,325,22
307,325,22
306,325,22
304,325,22
303,325,22
303,325,22
303,325,22
302,325,22
298,325,22
299,325,22
301,325,22
303,325,22
307,325,22
308,325,22
307,325,22
308,325,22
310,325,22
309,298,22
309,298,22
307,298,22
302,298,22
301,298,22
304,298,22
305,306,22
308,306,22
308,306,22
304,306,22
304,306,22
304,306,22
302,306,22
301,306,22
301,306,22
303,306,22
303,306,22
304,306,22
306,306,22
308,331,22
312,331,22
312,331,22
312,331,22
312,331,22
313,331,22
313,331,22
315,331,22
319,336,22
317,336,22
318,336,22
316,336,22
319,336,22
319,336,22
321,336,22
321,336,22
323,336,22
324,336,22
323,336,22
325,336,22
330,336,22
332,336,22
331,336,22
332,336,22
335,336,22
334,336,22
330,336,22
325,336,22
324,336,22
325,336,22
328,336,22
329,336,22
331,336,22
330,336,22
331,1,22
330,1,22
329,1,22
330,1,22
327,1,22
326,1,22
326,332,22
322,332,22
322,332,22
321,332,22
323,332,22
324,332,22
324,332,22
323,332,22
323,332,22
324,332,22
328,332,22
326,332,22
326,332,22
331,332,22
332,332,22
331,332,22
335,312,22
335,312,22
334,312,22
335,312,22
334,312,22
333,312,22
334,312,22
335,312,22
337,312,22
334,312,22
333,312,22
332,339,22
334,339,22
333,339,22
335,339,22
333,339,22
333,339,22
336,339,22
338,339,22
340,339,22
