true_pos,obs_pos,true_var
147,151,22
147,151,22
147,151,22
147,151,22
147,151,22
147,151,22
147,151,22
147,151,22
147,151,22
147,151,22
147,151,22
147,151,22
147,151,22
147,151,22
147,151,22
147,151,22
147,151,22
147,151,22
147,126,22
147,126,22
147,126,22
147,126,22
147,126,22
147,126,22
147,126,22
147,126,22
147,126,22
147,126,22
147,126,22
147,126,22
147,177,22
147,177,22
147,177,22
147,177,22
147,177,22
147,177,22
147,177,22
147,177,22
147,177,22
147,177,22
147,177,22
147,177,22
147,177,22
147,177,22
147,177,22
147,177,22
147,177,22
147,177,22
147,177,22
147,177,22
147,177,22
147,177,22
147,177,22
147,177,22
147,177,22
147,177,22
147,177,22
147,177,22
147,177,22
147,169,22
147,169,22
147,169,22
147,169,22
147,169,22
147,169,22
147,169,22
147,169,22
147,169,22
147,169,22
147,169,22
147,169,22
147,169,22
147,169,22
147,169,22
147,169,22
147,169,22
147,133,22
147,133,22
147,133,22
147,133,22
147,133,22
147,133,22
147,133,22
147,133,22
147,133,22
147,133,22
147,133,22
147,214,22
147,214,22
147,214,22
147,214,22
147,214,22
147,214,22
147,214,22
147,133,22
147,133,22
147,133,22
147,133,22
147,133,22
147,133,22
147,133,22
147,133,22
147,133,22
147,170,22
147,170,22
147,170,22
147,170,22
147,170,22
147,170,22
147,170,22
147,195,22
147,195,22
147,195,22
147,195,22
147,195,22
147,195,22
147,195,22
147,195,22
147,169,22
147,169,22
147,169,22
147,169,22
147,169,22
147,169,22
147,169,22
147,169,22
147,169,22
147,169,22
147,169,22
147,169,22
147,169,22
147,169,22
147,169,22
147,169,22
147,169,22
147,169,22
147,169,22
147,169,22
147,169,22
147,169,22
147,169,22
147,169,22
147,169,22
147,169,22
147,169,22
147,169,22
147,169,22
147,169,22
147,169,22
147,169,22
147,169,22
147,144,22
147,144,22
147,144,22
147,144,22
147,144,22
147,144,22
147,144,22
147,144,22
147,144,22
147,144,22
147,144,22
147,144,22
147,144,22
147,144,22
147,144,22
147,144,22
147,144,22
147,144,22
147,144,22
147,144,22
147,144,22
147,144,22
147,144,22
147,144,22
147,144,22
147,144,22
147,144,22
147,144,22
147,144,22
147,144,22
147,144,22
147,144,22
147,144,22
147,144,22
147,144,22
147,144,22
147,144,22
147,144,22
147,144,22
147,144,22
147,144,22
147,144,22
147,144,22
147,144,22
147,144,22
147,144,22
147,144,22
147,144,22
147,144,22
147,144,22
147,144,22
147,144,22
147,144,22
147,144,22
147,144,22
147,144,22
147,144,22
147,144,22
147,144,22
147,144,22
147,144,22
147,144,22
147,144,22
147,144,22
147,126,22
147,126,22
147,126,22
147,126,22
147,126,22
147,126,22
147,126,22
147,126,22
147,126,22
147,126,22
147,126,22
147,126,22
147,126,22
147,126,22
147,126,22
147,110,22
147,110,22
147,110,22
147,110,22
147,110,22
147,110,22
147,110,22
147,110,22
147,110,22
147,110,22
147,110,22
147,110,22
147,110,22
147,110,22
147,110,22
147,110,22
147,110,22
147,110,22
147,110,22
147,110,22
147,110,22
147,110,22
147,110,22
147,110,22
147,110,22
147,110,22
147,110,22
147,110,22
147,110,22
147,110,22
147,110,22
147,110,22
147,110,22
147,110,22
147,110,22
147,110,22
147,95,22
147,95,22
147,95,22
147,95,22
147,95,22
147,95,22
147,95,22
147,95,22
147,95,22
147,95,22
147,95,22
147,95,22
147,95,22
147,95,22
147,95,22
147,95,22
147,95,22
147,95,22
147,95,22
147,95,22
147,95,22
122,105,22
122,105,22
122,105,22
122,105,22
122,105,22
122,105,22
122,105,22
122,105,22
122,105,22
122,105,22
122,105,22
122,105,22
122,105,22
122,105,22
122,105,22
122,155,22
122,155,22
122,155,22
122,155,22
122,155,22
122,155,22
122,108,22
122,108,22
122,108,22
122,108,22
122,108,22
122,108,22
122,108,22
122,108,22
122,136,22
122,136,22
122,136,22
122,136,22
122,136,22
122,136,22
122,136,22
122,136,22
122,136,22
122,136,22
122,136,22
122,136,22
122,136,22
122,136,22
122,136,22
122,136,22
122,136,22
122,136,22
122,136,22
122,136,22
122,136,22
122,136,22
122,136,22
122,117,22
122,117,22
122,117,22
122,117,22
122,117,22
122,117,22
122,117,22
122,117,22
122,117,22
122,117,22
122,117,22
122,117,22
122,117,22
122,117,22
122,117,22
122,117,22
122,117,22
122,117,22
122,117,22
122,117,22
122,117,22
122,117,22
122,117,22
122,117,22
122,117,22
122,117,22
122,117,22
122,117,22
122,117,22
122,117,22
122,117,22
122,117,22
122,117,22
122,117,22
122,92,22
122,92,22
122,92,22
122,92,22
122,92,22
122,92,22
122,92,22
122,92,22
122,92,22
122,92,22
122,92,22
122,92,22
122,92,22
122,92,22
122,92,22
122,92,22
122,92,22
122,92,22
122,92,22
122,92,22
122,92,22
122,92,22
122,92,22
122,92,22
122,92,22
122,92,22
122,92,22
122,92,22
122,92,22
122,92,22
122,92,22
122,92,22
122,102,22
122,102,22
122,102,22
122,102,22
122,102,22
122,102,22
122,102,22
122,102,22
122,102,22
122,102,22
122,102,22
122,102,22
122,102,22
122,102,22
122,102,22
122,102,22
122,102,22
122,102,22
122,102,22
122,102,22
122,102,22
122,102,22
122,102,22
122,102,22
122,102,22
122,102,22
122,102,22
122,102,22
122,102,22
122,102,22
122,128,22
122,128,22
122,128,22
122,128,22
122,128,22
122,128,22
122,123,22
122,123,22
122,123,22
122,123,22
122,123,22
122,123,22
122,123,22
122,114,22
122,114,22
122,114,22
122,114,22
122,114,22
122,114,22
122,114,22
122,114,22
122,114,22
122,114,22
122,114,22
122,114,22
122,114,22
122,114,22
122,114,22
122,114,22
122,114,22
122,114,22
122,114,22
122,114,22
122,114,22
122,114,22
122,152,22
122,152,22
122,152,22
122,152,22
122,152,22
122,152,22
122,152,22
122,152,22
122,152,22
122,152,22
122,152,22
122,152,22
122,152,22
122,152,22
122,152,22
122,152,22
122,119,22
122,119,22
122,119,22
122,119,22
122,119,22
122,119,22
122,119,22
122,119,22
122,119,22
122,119,22
122,119,22
122,119,22
122,119,22
122,119,22
122,119,22
122,119,22
122,119,22
122,119,22
122,119,22
122,119,22
122,119,22
122,119,22
122,119,22
122,119,22
122,119,22
122,119,22
122,119,22
122,119,22
122,119,22
122,119,22
122,119,22
122,119,22
122,119,22
122,119,22
122,119,22
122,119,22
122,119,22
122,119,22
122,119,22
122,119,22
122,119,22
122,119,22
122,119,22
122,119,22
122,119,22
122,119,22
122,119,22
122,119,22
122,119,22
122,119,22
122,119,22
122,119,22
122,119,22
122,119,22
122,119,22
122,119,22
122,148,22
122,148,22
122,148,22
122,148,22
122,148,22
122,148,22
122,148,22
122,148,22
122,148,22
122,148,22
122,148,22
122,148,22
122,148,22
122,148,22
122,148,22
122,148,22
122,148,22
122,148,22
122,147,22
122,147,22
122,147,22
122,147,22
122,147,22
122,147,22
122,109,22
122,109,22
122,109,22
122,109,22
122,109,22
122,109,22
122,109,22
122,109,22
122,109,22
122,109,22
122,109,22
122,109,22
122,109,22
122,109,22
122,109,22
122,109,22
122,109,22
122,147,22
122,147,22
122,147,22
122,147,22
122,147,22
122,147,22
122,147,22
122,147,22
122,147,22
122,147,22
122,147,22
122,147,22
122,147,22
122,147,22
122,147,22
122,147,22
122,147,22
122,147,22
122,147,22
122,126,22
122,126,22
122,126,22
122,126,22
122,126,22
122,126,22
122,126,22
122,126,22
122,126,22
122,126,22
122,126,22
122,125,22
122,125,22
122,125,22
122,125,22
122,125,22
122,125,22
122,125,22
122,125,22
122,125,22
122,125,22
122,125,22
122,125,22
122,125,22
122,125,22
122,125,22
122,125,22
122,125,22
122,125,22
122,125,22
122,125,22
122,125,22
122,125,22
122,125,22
122,125,22
122,125,22
122,125,22
122,125,22
122,125,22
122,125,22
122,125,22
122,125,22
122,125,22
122,125,22
122,125,22
122,125,22
122,125,22
122,125,22
122,125,22
122,125,22
122,125,22
122,119,22
122,119,22
122,119,22
122,119,22
122,119,22
122,119,22
122,119,22
122,119,22
122,143,22
122,143,22
122,143,22
122,143,22
122,143,22
122,143,22
122,143,22
122,143,22
122,143,22
122,143,22
122,143,22
122,143,22
122,143,22
107,127,22
107,127,22
107,127,22
107,127,22
107,127,22
107,127,22
107,127,22
107,127,22
107,127,22
107,127,22
107,127,22
107,127,22
107,127,22
107,127,22
107,127,22
107,127,22
107,127,22
107,127,22
107,127,22
107,127,22
107,127,22
107,127,22
107,127,22
107,127,22
107,127,22
107,127,22
107,127,22
107,127,22
107,127,22
107,127,22
107,127,22
107,127,22
107,127,22
107,127,22
107,127,22
107,127,22
107,127,22
107,127,22
107,127,22
107,127,22
107,127,22
107,127,22
107,127,22
107,127,22
107,127,22
107,127,22
107,127,22
107,127,22
107,127,22
107,127,22
107,122,22
107,122,22
107,122,22
107,122,22
107,122,22
107,122,22
107,122,22
107,122,22
107,122,22
107,122,22
107,122,22
107,122,22
107,122,22
107,122,22
107,122,22
107,122,22
107,122,22
107,122,22
107,122,22
107,122,22
107,122,22
107,122,22
107,122,22
107,122,22
107,122,22
107,122,22
107,122,22
107,122,22
107,122,22
107,122,22
107,122,22
107,122,22
107,122,22
107,122,22
107,122,22
107,122,22
107,122,22
107,122,22
107,122,22
107,122,22
107,122,22
107,122,22
107,122,22
107,122,22
107,122,22
107,122,22
107,122,22
107,122,22
107,122,22
107,122,22
107,122,22
107,122,22
107,122,22
107,122,22
107,122,22
107,88,22
107,88,22
107,88,22
107,88,22
107,88,22
107,88,22
107,88,22
107,88,22
107,88,22
107,88,22
107,88,22
107,88,22
107,88,22
107,88,22
107,88,22
107,88,22
107,88,22
107,105,22
107,105,22
107,105,22
107,105,22
107,105,22
107,105,22
107,134,22
107,134,22
107,134,22
107,134,22
107,134,22
107,134,22
107,134,22
107,134,22
107,134,22
107,134,22
107,134,22
107,134,22
107,134,22
107,134,22
107,134,22
107,134,22
107,134,22
107,134,22
107,134,22
107,103,22
107,103,22
107,103,22
107,103,22
107,103,22
107,103,22
107,103,22
107,103,22
107,103,22
107,103,22
107,103,22
107,103,22
107,103,22
107,103,22
107,103,22
107,103,22
107,103,22
107,103,22
107,103,22
107,103,22
107,103,22
107,103,22
107,103,22
107,103,22
107,103,22
107,103,22
107,103,22
107,103,22
107,103,22
107,103,22
107,103,22
107,103,22
107,103,22
107,103,22
107,103,22
107,103,22
107,103,22
107,103,22
107,103,22
107,103,22
107,103,22
107,103,22
107,103,22
107,103,22
107,103,22
107,103,22
107,103,22
107,103,22
107,103,22
107,103,22
107,103,22
107,103,22
107,103,22
107,114,22
107,114,22
107,114,22
107,114,22
107,114,22
107,114,22
107,114,22
107,114,22
107,114,22
107,114,22
107,114,22
107,114,22
107,110,22
107,110,22
107,110,22
107,110,22
107,110,22
107,110,22
107,110,22
107,110,22
107,110,22
107,110,22
107,110,22
107,137,22
107,137,22
107,137,22
107,137,22
107,137,22
107,137,22
107,137,22
107,137,22
107,137,22
107,137,22
107,137,22
107,137,22
107,137,22
107,137,22
107,137,22
107,137,22
107,102,22
107,102,22
107,102,22
107,102,22
107,102,22
107,102,22
107,102,22
107,102,22
107,102,22
107,102,22
107,102,22
107,102,22
107,102,22
107,102,22
107,102,22
107,102,22
107,102,22
107,102,22
107,102,22
107,102,22
107,102,22
107,102,22
107,102,22
107,102,22
107,102,22
107,102,22
107,102,22
107,102,22
107,94,22
107,94,22
107,94,22
107,94,22
107,94,22
107,94,22
107,94,22
107,94,22
107,94,22
107,89,22
107,89,22
107,89,22
107,89,22
107,89,22
107,89,22
107,89,22
107,89,22
107,89,22
107,89,22
107,89,22
107,89,22
107,89,22
107,89,22
107,89,22
107,89,22
107,89,22
107,89,22
107,89,22
107,89,22
107,89,22
107,89,22
107,87,22
107,87,22
107,87,22
107,87,22
107,87,22
107,87,22
107,87,22
107,87,22
107,87,22
107,87,22
107,87,22
107,87,22
107,87,22
107,87,22
107,87,22
107,116,22
107,116,22
107,116,22
107,116,22
107,116,22
107,116,22
107,116,22
107,116,22
107,116,22
107,116,22
107,116,22
107,116,22
107,116,22
107,116,22
107,116,22
107,115,22
107,115,22
107,115,22
107,115,22
107,115,22
107,115,22
107,115,22
107,115,22
107,115,22
107,115,22
107,115,22
107,115,22
107,115,22
107,115,22
107,101,22
107,101,22
107,101,22
107,101,22
107,101,22
107,101,22
107,101,22
107,101,22
107,101,22
107,101,22
107,101,22
107,101,22
107,101,22
107,101,22
107,101,22
107,101,22
107,101,22
107,101,22
107,101,22
107,114,22
107,114,22
107,114,22
107,114,22
107,114,22
107,114,22
107,114,22
107,114,22
107,114,22
107,114,22
107,114,22
107,114,22
107,114,22
107,114,22
107,114,22
107,114,22
107,114,22
107,114,22
107,114,22
107,114,22
107,114,22
107,114,22
107,114,22
122,110,22
122,110,22
122,110,22
122,110,22
122,110,22
122,110,22
122,110,22
122,110,22
122,110,22
122,110,22
122,110,22
122,110,22
122,110,22
122,110,22
122,110,22
122,110,22
122,110,22
122,110,22
122,126,22
122,126,22
122,126,22
122,126,22
122,126,22
122,126,22
122,126,22
122,126,22
122,126,22
122,126,22
122,84,22
122,84,22
122,84,22
122,84,22
122,84,22
122,84,22
122,84,22
122,84,22
122,84,22
122,84,22
122,84,22
122,84,22
122,84,22
122,84,22
122,84,22
122,117,22
122,117,22
122,117,22
122,117,22
122,117,22
122,117,22
122,117,22
122,117,22
122,117,22
122,117,22
122,117,22
122,160,22
122,160,22
122,160,22
122,160,22
122,160,22
122,160,22
122,160,22
122,160,22
122,160,22
122,160,22
122,144,22
122,144,22
122,144,22
122,144,22
122,144,22
122,144,22
122,144,22
122,144,22
122,171,22
122,171,22
122,171,22
122,171,22
122,171,22
122,171,22
122,171,22
122,171,22
122,134,22
122,134,22
122,134,22
122,134,22
122,134,22
122,134,22
122,134,22
122,134,22
122,134,22
122,134,22
122,134,22
122,134,22
122,134,22
122,134,22
122,134,22
122,134,22
122,131,22
122,131,22
122,131,22
122,131,22
122,131,22
122,131,22
122,131,22
122,131,22
122,83,22
122,83,22
122,83,22
122,83,22
122,83,22
122,83,22
122,83,22
122,83,22
122,83,22
122,83,22
122,83,22
122,83,22
122,83,22
122,83,22
122,102,22
122,102,22
122,102,22
122,102,22
122,102,22
122,102,22
122,146,22
122,146,22
122,146,22
122,146,22
122,146,22
122,146,22
122,146,22
122,146,22
122,146,22
122,146,22
122,146,22
122,140,22
122,140,22
122,140,22
122,140,22
122,140,22
122,140,22
122,140,22
122,140,22
122,140,22
122,140,22
122,140,22
122,140,22
122,140,22
122,140,22
122,140,22
122,140,22
122,140,22
122,140,22
122,140,22
122,140,22
122,140,22
122,140,22
122,140,22
122,140,22
122,140,22
122,140,22
122,140,22
122,140,22
122,93,22
122,93,22
122,93,22
122,93,22
122,93,22
122,93,22
122,93,22
122,93,22
122,93,22
122,93,22
122,93,22
122,93,22
122,93,22
122,93,22
122,93,22
122,93,22
122,93,22
122,93,22
122,93,22
122,93,22
122,93,22
122,93,22
122,93,22
122,93,22
122,93,22
122,93,22
122,93,22
122,93,22
122,93,22
122,93,22
122,93,22
122,129,22
122,129,22
122,129,22
122,129,22
122,129,22
122,129,22
122,129,22
122,129,22
122,129,22
122,129,22
122,129,22
122,129,22
122,129,22
122,129,22
122,129,22
122,129,22
122,129,22
122,129,22
122,129,22
122,129,22
122,129,22
122,129,22
122,129,22
122,129,22
122,129,22
122,129,22
122,129,22
122,129,22
122,129,22
122,129,22
122,129,22
122,129,22
122,129,22
122,129,22
122,129,22
122,129,22
122,129,22
122,129,22
122,129,22
122,129,22
122,129,22
122,129,22
122,130,22
122,130,22
122,130,22
122,130,22
122,130,22
122,130,22
122,130,22
122,130,22
122,130,22
122,130,22
122,130,22
122,130,22
122,130,22
122,130,22
122,130,22
122,140,22
122,140,22
122,140,22
122,140,22
122,140,22
122,140,22
122,140,22
122,140,22
122,140,22
122,140,22
122,140,22
107,76,22
107,76,22
107,76,22
107,76,22
107,76,22
107,76,22
107,76,22
107,76,22
107,76,22
107,76,22
107,76,22
107,76,22
107,76,22
107,106,22
107,106,22
107,106,22
107,106,22
107,106,22
107,106,22
107,106,22
107,106,22
107,106,22
107,106,22
107,106,22
107,106,22
107,106,22
107,106,22
107,106,22
107,106,22
107,106,22
107,106,22
107,93,22
107,93,22
107,93,22
107,93,22
107,93,22
107,93,22
107,93,22
107,93,22
107,93,22
107,93,22
107,93,22
107,93,22
107,93,22
107,93,22
107,93,22
107,93,22
107,93,22
107,93,22
107,71,22
107,71,22
107,71,22
107,71,22
107,71,22
107,71,22
107,71,22
107,71,22
107,71,22
107,71,22
107,130,22
107,130,22
107,130,22
107,130,22
107,130,22
107,130,22
107,130,22
107,130,22
107,130,22
107,130,22
107,130,22
107,130,22
107,130,22
107,130,22
107,130,22
107,130,22
107,130,22
107,130,22
107,130,22
107,141,22
107,141,22
107,141,22
107,141,22
107,141,22
107,141,22
107,141,22
107,141,22
107,141,22
107,141,22
107,141,22
107,141,22
107,141,22
107,141,22
107,141,22
107,141,22
107,141,22
107,141,22
107,141,22
107,141,22
107,141,22
107,141,22
107,141,22
107,141,22
107,141,22
107,141,22
107,141,22
107,141,22
107,141,22
107,105,22
107,105,22
107,105,22
107,105,22
107,105,22
107,105,22
107,105,22
107,105,22
107,105,22
107,105,22
107,97,22
107,97,22
107,97,22
107,97,22
107,97,22
107,97,22
107,97,22
107,97,22
107,97,22
107,97,22
107,97,22
107,97,22
107,97,22
107,97,22
107,97,22
107,97,22
107,97,22
107,97,22
107,97,22
107,77,22
107,77,22
107,77,22
107,77,22
107,77,22
107,77,22
107,123,22
107,123,22
107,123,22
107,123,22
107,123,22
107,123,22
107,123,22
107,123,22
107,123,22
107,123,22
107,123,22
107,123,22
107,123,22
107,123,22
107,123,22
107,123,22
107,123,22
107,123,22
107,123,22
107,123,22
107,123,22
107,123,22
107,123,22
107,123,22
107,123,22
107,123,22
107,123,22
107,123,22
107,123,22
107,76,22
107,76,22
107,76,22
107,76,22
107,76,22
107,76,22
107,76,22
107,76,22
107,75,22
107,75,22
107,75,22
107,75,22
107,75,22
107,75,22
107,75,22
107,75,22
107,75,22
107,75,22
107,75,22
107,75,22
107,65,22
107,65,22
107,65,22
107,65,22
107,65,22
107,65,22
107,65,22
107,65,22
107,65,22
107,65,22
107,65,22
107,65,22
107,102,22
107,102,22
107,102,22
107,102,22
107,102,22
107,102,22
107,102,22
107,102,22
107,102,22
107,102,22
107,102,22
107,102,22
107,102,22
107,102,22
107,102,22
107,102,22
107,102,22
107,102,22
107,102,22
107,102,22
107,102,22
107,87,22
107,87,22
107,87,22
107,87,22
107,87,22
107,87,22
107,87,22
107,87,22
107,87,22
107,87,22
107,87,22
107,87,22
107,87,22
107,87,22
107,87,22
107,87,22
107,87,22
107,87,22
107,87,22
107,87,22
107,87,22
107,87,22
107,87,22
107,87,22
107,87,22
107,87,22
107,87,22
107,87,22
107,87,22
107,87,22
107,87,22
107,87,22
107,87,22
107,87,22
107,87,22
107,87,22
107,66,22
107,66,22
107,66,22
107,66,22
107,66,22
107,66,22
107,66,22
107,66,22
107,66,22
107,66,22
107,119,22
107,119,22
107,119,22
107,119,22
107,119,22
107,119,22
107,119,22
107,119,22
107,119,22
107,119,22
107,119,22
107,119,22
107,119,22
107,119,22
107,119,22
107,119,22
107,119,22
107,119,22
107,119,22
107,119,22
107,119,22
107,119,22
107,119,22
107,119,22
107,119,22
107,119,22
107,119,22
107,119,22
107,119,22
107,119,22
107,119,22
107,119,22
107,119,22
107,119,22
107,119,22
107,119,22
107,91,22
107,91,22
107,91,22
107,91,22
107,91,22
107,91,22
107,91,22
107,91,22
107,91,22
107,91,22
107,91,22
107,97,22
107,97,22
107,97,22
107,97,22
107,97,22
107,97,22
107,97,22
107,97,22
107,97,22
107,97,22
107,97,22
107,97,22
107,97,22
107,97,22
107,97,22
107,97,22
107,97,22
107,97,22
107,97,22
107,97,22
107,97,22
107,97,22
107,97,22
107,97,22
107,97,22
107,97,22
107,97,22
107,97,22
107,97,22
107,97,22
107,97,22
107,97,22
107,97,22
107,97,22
107,97,22
107,97,22
107,97,22
107,97,22
107,97,22
107,97,22
107,97,22
107,97,22
107,97,22
107,97,22
107,97,22
107,97,22
107,97,22
107,97,22
107,97,22
107,97,22
107,97,22
107,97,22
107,97,22
107,66,22
107,66,22
107,66,22
107,66,22
107,66,22
107,66,22
107,66,22
107,66,22
107,66,22
107,66,22
107,66,22
107,66,22
107,66,22
107,66,22
107,66,22
107,66,22
107,66,22
107,66,22
107,66,22
107,66,22
107,66,22
107,66,22
107,66,22
107,66,22
107,66,22
107,66,22
107,66,22
107,66,22
107,66,22
107,66,22
107,66,22
107,66,22
107,66,22
107,66,22
107,128,22
107,128,22
107,128,22
107,128,22
107,128,22
107,128,22
107,123,22
107,123,22
107,123,22
107,123,22
107,123,22
107,123,22
107,123,22
107,123,22
107,123,22
107,123,22
107,123,22
107,123,22
107,123,22
107,123,22
107,123,22
107,123,22
107,124,22
107,124,22
107,124,22
107,124,22
107,124,22
107,124,22
107,124,22
107,124,22
107,124,22
107,124,22
107,96,22
107,96,22
107,96,22
107,96,22
107,96,22
107,96,22
107,96,22
107,96,22
107,96,22
107,96,22
107,96,22
107,96,22
107,96,22
107,96,22
107,96,22
107,112,22
107,112,22
107,112,22
107,112,22
107,112,22
107,112,22
107,112,22
107,112,22
107,112,22
107,112,22
107,112,22
107,112,22
107,112,22
107,112,22
107,112,22
107,112,22
107,112,22
107,112,22
107,112,22
107,112,22
107,112,22
107,112,22
107,112,22
107,112,22
107,112,22
87,116,22
87,116,22
87,116,22
87,116,22
87,116,22
87,116,22
87,116,22
87,116,22
87,116,22
87,116,22
87,116,22
87,116,22
87,116,22
87,114,22
87,114,22
87,114,22
87,114,22
87,114,22
87,114,22
87,114,22
87,71,22
87,71,22
87,71,22
87,71,22
87,71,22
87,71,22
87,71,22
87,71,22
87,71,22
87,71,22
87,71,22
87,71,22
87,71,22
87,71,22
87,71,22
87,71,22
87,71,22
87,71,22
87,71,22
87,71,22
87,71,22
87,71,22
87,71,22
87,71,22
87,71,22
87,112,22
87,112,22
87,112,22
87,112,22
87,112,22
87,112,22
87,112,22
87,112,22
87,112,22
87,112,22
87,112,22
87,112,22
87,112,22
87,112,22
87,95,22
87,95,22
87,95,22
87,95,22
87,95,22
87,95,22
87,95,22
87,95,22
87,95,22
87,95,22
87,95,22
87,75,22
87,75,22
87,75,22
87,75,22
87,75,22
87,75,22
87,75,22
87,75,22
87,75,22
87,75,22
87,75,22
87,75,22
87,115,22
87,115,22
87,115,22
87,115,22
87,115,22
87,115,22
87,115,22
87,115,22
87,115,22
87,115,22
87,115,22
87,115,22
87,58,22
87,58,22
87,58,22
87,58,22
87,58,22
87,58,22
87,58,22
87,58,22
87,58,22
87,58,22
87,58,22
87,58,22
87,58,22
87,58,22
87,58,22
87,58,22
87,58,22
87,104,22
87,104,22
87,104,22
87,104,22
87,104,22
87,104,22
87,104,22
87,104,22
87,104,22
87,104,22
87,89,22
87,89,22
87,89,22
87,89,22
87,89,22
87,89,22
87,89,22
87,89,22
87,89,22
87,89,22
87,89,22
87,89,22
87,89,22
87,89,22
87,89,22
87,89,22
87,89,22
87,89,22
87,89,22
87,89,22
87,56,22
87,56,22
87,56,22
87,56,22
87,56,22
87,56,22
87,56,22
87,56,22
87,68,22
87,68,22
87,68,22
87,68,22
87,68,22
87,68,22
87,68,22
87,68,22
87,68,22
87,68,22
87,68,22
87,68,22
87,68,22
87,68,22
87,68,22
87,68,22
87,68,22
87,68,22
87,68,22
87,68,22
87,68,22
87,68,22
87,68,22
87,68,22
87,68,22
87,126,22
87,126,22
87,126,22
87,126,22
87,126,22
87,126,22
87,91,22
87,91,22
87,91,22
87,91,22
87,91,22
87,91,22
87,58,22
87,58,22
87,58,22
87,58,22
87,58,22
87,58,22
87,58,22
87,58,22
87,58,22
87,58,22
87,58,22
87,58,22
87,58,22
87,58,22
87,58,22
87,58,22
87,58,22
87,58,22
87,58,22
87,58,22
87,58,22
87,58,22
87,58,22
87,58,22
87,58,22
87,58,22
87,58,22
87,58,22
87,58,22
87,58,22
87,58,22
87,58,22
87,58,22
87,58,22
87,58,22
87,58,22
87,58,22
87,58,22
87,58,22
87,58,22
87,58,22
87,58,22
87,58,22
87,58,22
87,58,22
87,58,22
87,58,22
87,58,22
87,105,22
87,105,22
87,105,22
87,105,22
87,105,22
87,105,22
87,105,22
87,105,22
87,105,22
87,105,22
87,105,22
87,105,22
87,105,22
87,93,22
87,93,22
87,93,22
87,93,22
87,93,22
87,93,22
87,93,22
87,93,22
87,93,22
87,93,22
87,93,22
87,93,22
87,93,22
87,93,22
87,93,22
87,93,22
87,93,22
87,93,22
87,93,22
87,93,22
87,93,22
87,93,22
87,93,22
87,93,22
87,93,22
87,93,22
87,93,22
87,93,22
87,93,22
87,93,22
87,93,22
87,93,22
87,93,22
87,93,22
87,93,22
87,93,22
87,93,22
87,93,22
87,93,22
87,93,22
87,93,22
87,112,22
87,112,22
87,112,22
87,112,22
87,112,22
87,112,22
87,112,22
87,112,22
87,112,22
87,112,22
87,112,22
87,112,22
87,112,22
87,112,22
87,112,22
87,112,22
87,112,22
87,112,22
87,112,22
87,112,22
87,112,22
87,112,22
87,112,22
87,112,22
87,112,22
87,112,22
87,112,22
87,112,22
87,112,22
87,124,22
87,124,22
87,124,22
87,124,22
87,124,22
87,124,22
87,124,22
87,124,22
87,124,22
87,124,22
87,124,22
87,124,22
87,124,22
87,124,22
87,124,22
87,76,22
87,76,22
87,76,22
87,76,22
87,76,22
87,76,22
87,76,22
87,76,22
87,76,22
87,89,22
87,89,22
87,89,22
87,89,22
87,89,22
87,89,22
87,73,22
87,73,22
87,73,22
87,73,22
87,73,22
87,73,22
87,73,22
87,73,22
87,109,22
87,109,22
87,109,22
87,109,22
87,109,22
87,109,22
87,109,22
87,109,22
87,109,22
87,109,22
87,109,22
87,109,22
87,109,22
87,93,22
87,93,22
87,93,22
87,93,22
87,93,22
87,93,22
87,93,22
87,93,22
87,93,22
87,93,22
87,90,22
87,90,22
87,90,22
87,90,22
87,90,22
87,90,22
87,74,22
87,74,22
87,74,22
87,74,22
87,74,22
87,74,22
87,74,22
87,74,22
87,74,22
87,74,22
87,74,22
87,74,22
87,74,22
87,74,22
87,74,22
87,74,22
87,74,22
87,74,22
87,74,22
87,74,22
87,74,22
87,74,22
87,74,22
87,74,22
87,74,22
87,74,22
87,74,22
87,74,22
62,39,22
62,39,22
62,39,22
62,39,22
62,39,22
62,39,22
62,39,22
62,39,22
62,29,22
62,29,22
62,29,22
62,29,22
62,29,22
62,29,22
62,29,22
62,29,22
62,29,22
62,29,22
62,29,22
62,29,22
62,29,22
62,29,22
62,29,22
62,29,22
62,29,22
62,29,22
62,29,22
62,29,22
62,29,22
62,29,22
62,29,22
62,29,22
62,29,22
62,29,22
62,29,22
62,29,22
62,29,22
62,29,22
62,29,22
62,29,22
62,76,22
62,76,22
62,76,22
62,76,22
62,76,22
62,76,22
62,76,22
62,76,22
62,76,22
62,76,22
62,76,22
62,76,22
62,76,22
62,76,22
62,76,22
62,76,22
62,76,22
62,76,22
62,76,22
62,76,22
62,76,22
62,76,22
62,76,22
62,76,22
62,76,22
62,76,22
62,76,22
62,76,22
62,76,22
62,76,22
62,76,22
62,76,22
62,76,22
62,76,22
62,83,22
62,83,22
62,83,22
62,83,22
62,83,22
62,83,22
62,83,22
62,83,22
62,83,22
62,83,22
62,83,22
62,83,22
62,83,22
62,83,22
62,67,22
62,67,22
62,67,22
62,67,22
62,67,22
62,67,22
62,67,22
62,108,22
62,108,22
62,108,22
62,108,22
62,108,22
62,108,22
62,108,22
62,108,22
62,108,22
62,108,22
62,67,22
62,67,22
62,67,22
62,67,22
62,67,22
62,67,22
62,67,22
62,67,22
62,67,22
62,67,22
62,67,22
62,67,22
62,67,22
62,67,22
62,67,22
62,51,22
62,51,22
62,51,22
62,51,22
62,51,22
62,51,22
62,51,22
62,51,22
62,51,22
62,51,22
62,51,22
62,51,22
62,51,22
62,51,22
62,51,22
62,51,22
62,51,22
62,51,22
62,51,22
62,51,22
62,51,22
62,51,22
62,51,22
62,51,22
62,51,22
62,51,22
62,51,22
62,51,22
62,51,22
62,51,22
62,51,22
62,51,22
62,51,22
62,51,22
62,51,22
62,51,22
62,51,22
62,51,22
62,51,22
62,51,22
62,51,22
62,51,22
62,51,22
62,51,22
62,51,22
62,51,22
62,51,22
62,51,22
62,51,22
62,51,22
62,51,22
62,51,22
62,51,22
62,51,22
62,51,22
62,51,22
62,51,22
62,55,22
62,55,22
62,55,22
62,55,22
62,55,22
62,55,22
62,55,22
62,55,22
62,55,22
62,55,22
62,55,22
62,55,22
62,55,22
62,55,22
62,55,22
62,55,22
62,55,22
62,55,22
62,55,22
62,55,22
62,55,22
62,55,22
62,55,22
62,55,22
62,55,22
62,55,22
62,55,22
62,66,22
62,66,22
62,66,22
62,66,22
62,66,22
62,66,22
62,97,22
62,97,22
62,97,22
62,97,22
62,97,22
62,97,22
62,97,22
62,62,22
62,62,22
62,62,22
62,62,22
62,62,22
62,62,22
62,62,22
62,62,22
62,62,22
62,62,22
62,62,22
62,62,22
62,62,22
62,62,22
62,62,22
62,62,22
62,62,22
62,62,22
62,62,22
62,62,22
62,62,22
62,62,22
62,62,22
62,62,22
62,60,22
62,60,22
62,60,22
62,60,22
62,60,22
62,60,22
62,60,22
62,60,22
62,60,22
62,60,22
62,60,22
62,60,22
62,60,22
62,60,22
62,60,22
62,60,22
62,60,22
62,60,22
62,60,22
62,60,22
62,60,22
62,60,22
62,60,22
62,60,22
62,60,22
62,60,22
62,60,22
62,60,22
62,60,22
62,60,22
62,60,22
62,60,22
62,60,22
62,60,22
62,60,22
62,60,22
62,60,22
62,60,22
62,60,22
62,60,22
62,60,22
62,60,22
62,105,22
62,105,22
62,105,22
62,105,22
62,105,22
62,105,22
62,105,22
62,105,22
62,105,22
62,105,22
62,105,22
62,105,22
62,105,22
62,23,22
62,23,22
62,23,22
62,23,22
62,23,22
62,23,22
62,23,22
62,23,22
62,23,22
62,73,22
62,73,22
62,73,22
62,73,22
62,73,22
62,73,22
62,73,22
62,73,22
62,73,22
62,73,22
62,73,22
62,73,22
62,73,22
62,73,22
62,73,22
62,73,22
62,73,22
62,73,22
62,35,22
62,35,22
62,35,22
62,35,22
62,35,22
62,35,22
62,35,22
62,35,22
62,35,22
62,35,22
62,35,22
62,35,22
62,35,22
62,35,22
62,35,22
62,35,22
62,35,22
62,35,22
62,35,22
62,35,22
62,35,22
62,35,22
62,35,22
62,35,22
62,35,22
62,35,22
62,35,22
62,35,22
62,35,22
62,35,22
62,35,22
62,35,22
62,35,22
62,35,22
62,35,22
62,59,22
62,59,22
62,59,22
62,59,22
62,59,22
62,59,22
62,59,22
82,76,22
82,76,22
82,76,22
82,76,22
82,76,22
82,76,22
82,76,22
82,76,22
82,76,22
82,76,22
82,76,22
82,76,22
82,76,22
82,76,22
82,76,22
82,76,22
82,76,22
82,76,22
82,76,22
82,76,22
82,76,22
82,76,22
82,76,22
82,76,22
82,76,22
82,76,22
82,76,22
82,76,22
82,76,22
82,76,22
82,76,22
82,76,22
82,76,22
82,76,22
82,76,22
82,76,22
82,76,22
82,76,22
82,99,22
82,99,22
82,99,22
82,99,22
82,99,22
82,99,22
82,99,22
82,99,22
82,99,22
82,99,22
82,99,22
82,99,22
82,99,22
82,99,22
82,99,22
82,99,22
82,101,22
82,101,22
82,101,22
82,101,22
82,101,22
82,101,22
82,101,22
82,101,22
82,113,22
82,113,22
82,113,22
82,113,22
82,113,22
82,113,22
82,113,22
82,113,22
82,113,22
82,113,22
82,113,22
82,113,22
82,113,22
82,113,22
82,113,22
82,113,22
82,113,22
82,113,22
82,113,22
82,113,22
82,113,22
82,92,22
82,92,22
82,92,22
82,92,22
82,92,22
82,92,22
82,92,22
82,80,22
82,80,22
82,80,22
82,80,22
82,80,22
82,80,22
82,80,22
82,80,22
82,80,22
82,80,22
82,80,22
82,80,22
82,80,22
82,80,22
82,114,22
82,114,22
82,114,22
82,114,22
82,114,22
82,114,22
82,114,22
82,114,22
82,114,22
82,114,22
82,114,22
82,114,22
82,114,22
82,114,22
82,114,22
82,114,22
82,114,22
82,114,22
82,114,22
82,114,22
82,114,22
82,114,22
82,114,22
82,114,22
82,114,22
82,114,22
82,114,22
82,61,22
82,61,22
82,61,22
82,61,22
82,61,22
82,61,22
82,61,22
82,61,22
82,61,22
82,61,22
82,61,22
82,61,22
82,61,22
82,61,22
82,61,22
82,61,22
82,61,22
82,61,22
82,61,22
82,61,22
82,61,22
82,61,22
82,61,22
82,61,22
82,61,22
82,61,22
82,61,22
82,61,22
82,61,22
82,61,22
82,61,22
82,61,22
82,61,22
82,61,22
82,61,22
82,61,22
82,61,22
82,61,22
82,61,22
82,61,22
82,61,22
82,61,22
82,85,22
82,85,22
82,85,22
82,85,22
82,85,22
82,85,22
82,85,22
82,85,22
82,85,22
82,85,22
82,85,22
82,85,22
82,83,22
82,83,22
82,83,22
82,83,22
82,83,22
82,83,22
82,83,22
82,83,22
82,83,22
82,83,22
82,83,22
82,83,22
82,83,22
82,83,22
82,83,22
82,83,22
82,83,22
82,83,22
82,83,22
82,99,22
82,99,22
82,99,22
82,99,22
82,99,22
82,99,22
82,99,22
82,99,22
82,99,22
82,99,22
82,99,22
82,99,22
82,107,22
82,107,22
82,107,22
82,107,22
82,107,22
82,107,22
82,107,22
82,107,22
82,107,22
82,107,22
82,107,22
82,107,22
82,107,22
82,107,22
82,107,22
82,107,22
82,107,22
82,86,22
82,86,22
82,86,22
82,86,22
82,86,22
82,86,22
82,86,22
82,86,22
82,86,22
82,86,22
82,86,22
82,86,22
82,86,22
82,86,22
82,86,22
82,86,22
82,86,22
82,86,22
82,86,22
82,86,22
82,88,22
82,88,22
82,88,22
82,88,22
82,88,22
82,88,22
82,81,22
82,81,22
82,81,22
82,81,22
82,81,22
82,81,22
82,81,22
82,81,22
82,81,22
82,81,22
82,81,22
82,81,22
82,81,22
82,81,22
82,81,22
82,97,22
82,97,22
82,97,22
82,97,22
82,97,22
82,97,22
82,97,22
82,124,22
82,124,22
82,124,22
82,124,22
82,124,22
82,124,22
82,124,22
82,124,22
82,124,22
82,124,22
82,124,22
82,124,22
82,124,22
82,60,22
82,60,22
82,60,22
82,60,22
82,60,22
82,60,22
82,60,22
82,60,22
82,60,22
82,60,22
82,60,22
82,60,22
82,60,22
82,60,22
82,60,22
82,60,22
82,63,22
82,63,22
82,63,22
82,63,22
82,63,22
82,63,22
82,63,22
82,63,22
82,63,22
82,63,22
82,63,22
82,63,22
82,63,22
82,63,22
82,63,22
82,63,22
82,63,22
82,63,22
82,63,22
82,63,22
82,63,22
82,63,22
82,63,22
82,63,22
82,63,22
82,63,22
82,63,22
82,63,22
82,63,22
82,63,22
82,63,22
82,63,22
82,63,22
82,63,22
82,63,22
82,63,22
82,63,22
82,63,22
82,63,22
82,63,22
82,63,22
82,63,22
82,63,22
82,63,22
82,63,22
82,63,22
82,41,22
82,41,22
82,41,22
82,41,22
82,41,22
82,41,22
82,41,22
82,41,22
82,41,22
82,41,22
82,41,22
82,41,22
82,41,22
82,41,22
82,41,22
82,41,22
82,41,22
82,41,22
82,41,22
82,41,22
82,41,22
82,41,22
82,41,22
82,41,22
82,41,22
82,41,22
82,41,22
102,84,22
102,84,22
102,84,22
102,84,22
102,84,22
102,84,22
102,84,22
102,84,22
102,84,22
102,84,22
102,84,22
102,84,22
102,84,22
102,84,22
102,84,22
102,84,22
102,84,22
102,84,22
102,84,22
102,84,22
102,84,22
102,84,22
102,84,22
102,84,22
102,84,22
102,110,22
102,110,22
102,110,22
102,110,22
102,110,22
102,110,22
102,110,22
102,110,22
102,110,22
102,110,22
102,77,22
102,77,22
102,77,22
102,77,22
102,77,22
102,77,22
102,77,22
102,77,22
102,77,22
102,77,22
102,77,22
102,77,22
102,77,22
102,77,22
102,77,22
102,77,22
102,77,22
102,77,22
102,77,22
102,77,22
102,77,22
102,77,22
102,103,22
102,103,22
102,103,22
102,103,22
102,103,22
102,103,22
102,103,22
102,103,22
102,103,22
102,103,22
102,103,22
102,103,22
102,103,22
102,138,22
102,138,22
102,138,22
102,138,22
102,138,22
102,138,22
102,138,22
102,138,22
102,138,22
102,138,22
102,138,22
102,108,22
102,108,22
102,108,22
102,108,22
102,108,22
102,108,22
102,108,22
102,108,22
102,108,22
102,108,22
102,108,22
102,108,22
102,108,22
102,108,22
102,108,22
102,108,22
102,108,22
102,108,22
102,108,22
102,108,22
102,108,22
102,83,22
102,83,22
102,83,22
102,83,22
102,83,22
102,83,22
102,83,22
102,83,22
102,83,22
102,83,22
102,83,22
102,83,22
102,83,22
102,83,22
102,83,22
102,83,22
102,83,22
102,83,22
102,83,22
102,83,22
102,83,22
102,83,22
102,67,22
102,67,22
102,67,22
102,67,22
102,67,22
102,67,22
102,67,22
102,67,22
102,67,22
102,67,22
102,67,22
102,67,22
102,67,22
102,67,22
102,67,22
102,67,22
102,67,22
102,67,22
102,67,22
102,67,22
102,67,22
102,67,22
102,67,22
102,67,22
102,67,22
102,67,22
102,67,22
102,67,22
102,67,22
102,67,22
102,81,22
102,81,22
102,81,22
102,81,22
102,81,22
102,81,22
102,81,22
102,81,22
102,81,22
102,81,22
102,81,22
102,81,22
102,81,22
102,81,22
102,81,22
102,81,22
102,81,22
102,81,22
102,81,22
102,81,22
102,81,22
102,81,22
102,88,22
102,88,22
102,88,22
102,88,22
102,88,22
102,88,22
102,88,22
102,88,22
102,88,22
102,88,22
102,88,22
102,88,22
102,88,22
102,88,22
102,102,22
102,102,22
102,102,22
102,102,22
102,102,22
102,102,22
102,102,22
102,102,22
102,102,22
102,102,22
102,102,22
102,102,22
102,102,22
102,102,22
102,102,22
102,104,22
102,104,22
102,104,22
102,104,22
102,104,22
102,104,22
102,104,22
102,104,22
102,96,22
102,96,22
102,96,22
102,96,22
102,96,22
102,96,22
102,96,22
102,96,22
102,96,22
102,96,22
102,96,22
102,96,22
102,96,22
102,96,22
102,96,22
102,96,22
102,96,22
102,96,22
102,96,22
102,96,22
102,96,22
102,96,22
102,96,22
102,96,22
102,96,22
102,96,22
102,96,22
102,96,22
102,96,22
102,96,22
102,96,22
102,96,22
102,96,22
102,96,22
102,96,22
102,96,22
102,96,22
102,96,22
102,96,22
102,96,22
102,96,22
102,96,22
102,96,22
102,96,22
102,96,22
102,96,22
102,96,22
102,96,22
102,96,22
102,131,22
102,131,22
102,131,22
102,131,22
102,131,22
102,131,22
102,131,22
102,131,22
102,131,22
102,131,22
102,131,22
102,131,22
102,132,22
102,132,22
102,132,22
102,132,22
102,132,22
102,132,22
102,132,22
102,132,22
102,132,22
102,132,22
102,132,22
102,132,22
102,132,22
102,132,22
102,132,22
102,132,22
102,132,22
102,132,22
102,132,22
102,132,22
102,132,22
102,132,22
102,132,22
102,123,22
102,123,22
102,123,22
102,123,22
102,123,22
102,123,22
102,123,22
102,130,22
102,130,22
102,130,22
102,130,22
102,130,22
102,130,22
102,130,22
102,130,22
102,130,22
117,98,22
117,98,22
117,98,22
117,98,22
117,98,22
117,98,22
117,98,22
117,98,22
117,98,22
117,98,22
117,98,22
117,98,22
117,98,22
117,98,22
117,98,22
117,98,22
117,98,22
117,98,22
117,98,22
117,98,22
117,98,22
117,98,22
117,98,22
117,98,22
117,98,22
117,98,22
117,98,22
117,98,22
117,98,22
117,98,22
117,98,22
117,98,22
117,98,22
117,98,22
117,98,22
117,98,22
117,113,22
117,113,22
117,113,22
117,113,22
117,113,22
117,113,22
117,113,22
117,113,22
117,113,22
117,113,22
117,113,22
117,113,22
117,113,22
117,113,22
117,113,22
117,113,22
117,113,22
117,113,22
117,113,22
117,113,22
117,113,22
117,113,22
117,113,22
117,103,22
117,103,22
117,103,22
117,103,22
117,103,22
117,103,22
117,103,22
117,103,22
117,103,22
117,103,22
117,103,22
117,103,22
117,103,22
117,103,22
117,106,22
117,106,22
117,106,22
117,106,22
117,106,22
117,106,22
117,106,22
117,109,22
117,109,22
117,109,22
117,109,22
117,109,22
117,109,22
117,109,22
117,109,22
117,109,22
117,109,22
117,109,22
117,109,22
117,109,22
117,109,22
117,109,22
117,109,22
117,109,22
117,109,22
117,109,22
117,87,22
117,87,22
117,87,22
117,87,22
117,87,22
117,87,22
117,87,22
117,87,22
117,87,22
117,87,22
117,87,22
117,87,22
117,87,22
117,87,22
117,80,22
117,80,22
117,80,22
117,80,22
117,80,22
117,80,22
117,80,22
117,80,22
117,80,22
117,80,22
117,80,22
117,80,22
117,80,22
117,80,22
117,80,22
117,90,22
117,90,22
117,90,22
117,90,22
117,90,22
117,90,22
117,90,22
117,90,22
117,90,22
117,90,22
117,90,22
117,90,22
117,90,22
117,90,22
117,90,22
117,90,22
117,106,22
117,106,22
117,106,22
117,106,22
117,106,22
117,106,22
117,106,22
117,106,22
117,106,22
117,106,22
117,106,22
117,106,22
117,106,22
117,106,22
117,106,22
117,106,22
117,106,22
117,106,22
117,106,22
117,106,22
117,106,22
117,106,22
117,106,22
117,106,22
117,106,22
117,106,22
117,106,22
117,106,22
117,106,22
117,106,22
117,106,22
117,106,22
117,106,22
117,106,22
117,106,22
117,106,22
117,106,22
117,106,22
117,106,22
117,106,22
117,106,22
117,106,22
117,106,22
117,106,22
117,106,22
117,106,22
117,106,22
117,106,22
117,130,22
117,130,22
117,130,22
117,130,22
117,130,22
117,130,22
117,130,22
117,130,22
117,130,22
117,130,22
117,130,22
117,130,22
117,130,22
117,130,22
117,130,22
117,141,22
117,141,22
117,141,22
117,141,22
117,141,22
117,141,22
117,141,22
117,141,22
117,141,22
117,141,22
117,141,22
117,141,22
117,141,22
117,141,22
117,141,22
117,141,22
117,141,22
117,141,22
117,141,22
117,141,22
117,141,22
117,141,22
117,141,22
117,141,22
117,141,22
117,141,22
132,99,22
132,99,22
132,99,22
132,99,22
132,99,22
132,99,22
132,99,22
132,99,22
132,99,22
132,99,22
132,99,22
132,99,22
132,99,22
132,99,22
132,99,22
132,99,22
132,99,22
132,99,22
132,99,22
132,99,22
132,99,22
132,99,22
132,99,22
132,99,22
132,99,22
132,99,22
132,99,22
132,99,22
132,99,22
132,99,22
132,99,22
132,99,22
132,99,22
132,99,22
132,99,22
132,99,22
132,99,22
132,99,22
132,99,22
132,90,22
132,90,22
132,90,22
132,90,22
132,90,22
132,90,22
132,90,22
132,90,22
132,90,22
132,90,22
132,90,22
132,90,22
132,90,22
132,90,22
132,90,22
132,90,22
132,90,22
132,90,22
132,90,22
132,90,22
132,90,22
132,90,22
132,90,22
132,90,22
132,90,22
132,90,22
132,90,22
132,90,22
132,90,22
132,90,22
132,136,22
132,136,22
132,136,22
132,136,22
132,136,22
132,136,22
132,136,22
132,136,22
132,136,22
132,136,22
132,136,22
132,136,22
132,136,22
132,136,22
132,136,22
132,136,22
132,136,22
132,136,22
132,136,22
132,136,22
132,136,22
132,136,22
132,136,22
132,136,22
132,136,22
132,136,22
132,136,22
132,136,22
132,136,22
132,136,22
132,136,22
132,136,22
132,136,22
132,136,22
132,136,22
132,136,22
132,136,22
132,104,22
132,104,22
132,104,22
132,104,22
132,104,22
132,104,22
132,104,22
132,104,22
132,104,22
132,104,22
132,104,22
132,104,22
132,104,22
132,104,22
132,104,22
132,104,22
132,104,22
132,104,22
132,104,22
132,104,22
132,119,22
132,119,22
132,119,22
132,119,22
132,119,22
132,119,22
132,119,22
132,119,22
132,119,22
132,144,22
132,144,22
132,144,22
132,144,22
132,144,22
132,144,22
132,118,22
132,118,22
132,118,22
132,118,22
132,118,22
132,118,22
132,118,22
132,118,22
132,118,22
132,118,22
132,118,22
132,118,22
132,118,22
132,118,22
132,118,22
132,118,22
132,118,22
132,118,22
132,118,22
132,118,22
132,118,22
132,118,22
132,118,22
132,118,22
132,118,22
132,118,22
132,118,22
132,118,22
132,118,22
132,118,22
132,118,22
132,129,22
132,129,22
132,129,22
132,129,22
132,129,22
132,129,22
132,129,22
132,129,22
132,129,22
132,129,22
132,129,22
132,129,22
132,129,22
132,129,22
132,129,22
132,129,22
132,129,22
132,129,22
132,129,22
132,129,22
132,129,22
132,129,22
132,129,22
132,129,22
132,129,22
132,129,22
132,129,22
132,129,22
132,129,22
132,129,22
132,129,22
132,129,22
132,129,22
132,129,22
132,129,22
132,129,22
132,129,22
132,129,22
132,109,22
132,109,22
132,109,22
132,109,22
132,109,22
132,109,22
132,159,22
132,159,22
132,159,22
132,159,22
132,159,22
132,159,22
132,159,22
132,159,22
132,159,22
132,135,22
132,135,22
132,135,22
132,135,22
132,135,22
132,135,22
132,135,22
132,135,22
132,135,22
132,135,22
132,110,22
132,110,22
132,110,22
132,110,22
132,110,22
132,110,22
132,110,22
132,110,22
132,110,22
132,110,22
132,110,22
132,110,22
132,110,22
132,110,22
132,110,22
132,110,22
132,110,22
132,110,22
132,110,22
132,110,22
132,121,22
132,121,22
132,121,22
132,121,22
132,121,22
132,121,22
132,121,22
132,121,22
132,121,22
132,121,22
132,121,22
132,121,22
132,118,22
132,118,22
132,118,22
132,118,22
132,118,22
132,118,22
132,118,22
132,118,22
132,118,22
132,118,22
132,118,22
132,118,22
132,118,22
132,118,22
132,118,22
132,118,22
132,118,22
132,118,22
132,118,22
132,118,22
132,118,22
132,118,22
132,118,22
132,118,22
132,118,22
132,118,22
132,118,22
132,118,22
132,118,22
132,118,22
132,118,22
132,118,22
132,118,22
132,118,22
132,118,22
132,116,22
132,116,22
132,116,22
132,116,22
132,116,22
132,116,22
132,116,22
132,116,22
132,116,22
132,116,22
132,116,22
132,116,22
132,116,22
132,116,22
132,116,22
132,116,22
132,116,22
132,116,22
132,116,22
147,125,22
147,125,22
147,125,22
147,125,22
147,125,22
147,125,22
147,125,22
147,125,22
147,180,22
147,180,22
147,180,22
147,180,22
147,180,22
147,180,22
147,180,22
147,180,22
147,180,22
147,180,22
147,180,22
147,180,22
147,180,22
147,180,22
147,180,22
147,180,22
147,180,22
147,180,22
147,180,22
147,180,22
147,180,22
147,180,22
147,140,22
147,140,22
147,140,22
147,140,22
147,140,22
147,140,22
147,140,22
147,140,22
147,140,22
147,140,22
147,140,22
147,140,22
147,140,22
147,140,22
147,140,22
147,140,22
147,140,22
147,140,22
147,140,22
147,140,22
147,140,22
147,140,22
147,140,22
147,140,22
147,140,22
147,140,22
147,140,22
147,140,22
147,140,22
147,140,22
147,140,22
147,140,22
147,140,22
147,140,22
147,140,22
147,140,22
147,140,22
147,140,22
147,140,22
147,140,22
147,140,22
147,140,22
147,140,22
147,140,22
147,140,22
147,140,22
147,140,22
147,140,22
147,140,22
147,140,22
147,140,22
147,140,22
147,140,22
147,140,22
147,140,22
147,140,22
147,140,22
147,140,22
147,150,22
147,150,22
147,150,22
147,150,22
147,150,22
147,150,22
147,150,22
147,150,22
147,150,22
147,150,22
147,150,22
147,150,22
147,150,22
147,150,22
147,150,22
147,150,22
147,150,22
147,150,22
147,150,22
147,150,22
147,150,22
147,150,22
147,150,22
147,150,22
147,150,22
147,150,22
147,150,22
147,150,22
147,150,22
147,150,22
147,150,22
147,150,22
147,150,22
147,150,22
147,150,22
147,150,22
147,133,22
147,133,22
147,133,22
147,133,22
147,133,22
147,133,22
147,133,22
147,133,22
147,133,22
147,133,22
147,133,22
147,133,22
147,133,22
147,133,22
147,133,22
147,133,22
147,133,22
147,133,22
147,133,22
147,133,22
147,133,22
147,133,22
147,133,22
147,139,22
147,139,22
147,139,22
147,139,22
147,139,22
147,139,22
147,139,22
147,139,22
147,139,22
147,139,22
147,139,22
147,139,22
147,139,22
147,139,22
147,139,22
147,139,22
147,139,22
147,139,22
147,139,22
147,139,22
147,139,22
147,139,22
147,139,22
147,139,22
147,139,22
147,139,22
147,139,22
147,139,22
147,139,22
147,139,22
147,139,22
147,139,22
147,139,22
147,139,22
147,139,22
147,139,22
147,139,22
147,139,22
147,139,22
147,139,22
147,139,22
147,139,22
147,139,22
147,139,22
147,139,22
147,139,22
147,139,22
147,139,22
147,139,22
147,139,22
147,139,22
147,139,22
147,139,22
147,139,22
147,139,22
147,139,22
147,139,22
147,162,22
147,162,22
147,162,22
147,162,22
147,162,22
147,162,22
147,162,22
147,162,22
147,162,22
147,162,22
147,162,22
147,162,22
147,162,22
147,162,22
147,162,22
147,162,22
147,162,22
147,162,22
147,162,22
147,162,22
147,162,22
147,162,22
147,162,22
147,162,22
147,162,22
147,162,22
147,162,22
147,162,22
147,162,22
147,162,22
147,162,22
147,162,22
147,162,22
147,162,22
147,162,22
147,162,22
147,170,22
147,170,22
147,170,22
147,170,22
147,170,22
147,170,22
147,170,22
147,170,22
147,170,22
147,170,22
147,170,22
147,141,22
147,141,22
147,141,22
147,141,22
147,141,22
147,141,22
147,141,22
147,141,22
147,141,22
147,141,22
147,141,22
147,141,22
147,141,22
147,141,22
147,141,22
147,141,22
147,141,22
147,141,22
147,141,22
147,141,22
147,141,22
147,141,22
147,141,22
147,141,22
147,141,22
147,141,22
147,141,22
147,141,22
147,141,22
147,141,22
147,141,22
147,141,22
147,141,22
147,141,22
147,141,22
147,141,22
147,141,22
147,141,22
147,141,22
147,141,22
147,141,22
147,155,22
147,155,22
147,155,22
147,155,22
147,155,22
147,155,22
147,155,22
147,155,22
147,155,22
147,155,22
147,155,22
147,155,22
147,155,22
147,155,22
147,155,22
147,155,22
147,155,22
147,155,22
147,155,22
147,155,22
147,139,22
147,139,22
147,139,22
147,139,22
147,139,22
147,139,22
147,139,22
147,139,22
147,139,22
147,139,22
147,139,22
147,139,22
147,139,22
147,139,22
147,139,22
147,139,22
147,139,22
147,139,22
147,139,22
147,139,22
147,139,22
147,139,22
147,139,22
147,139,22
147,139,22
147,139,22
147,139,22
147,169,22
147,169,22
147,169,22
147,169,22
147,169,22
147,169,22
147,169,22
147,169,22
147,169,22
147,169,22
147,169,22
147,169,22
147,169,22
147,169,22
147,169,22
147,169,22
147,169,22
147,169,22
147,169,22
147,142,22
147,142,22
147,142,22
147,142,22
147,142,22
147,142,22
147,142,22
147,142,22
147,142,22
147,142,22
147,142,22
147,133,22
147,133,22
147,133,22
147,133,22
147,133,22
147,133,22
147,133,22
147,133,22
147,133,22
147,133,22
147,133,22
147,133,22
147,133,22
147,133,22
147,133,22
147,133,22
147,133,22
147,133,22
147,133,22
147,133,22
147,133,22
147,133,22
147,133,22
147,133,22
147,133,22
147,133,22
147,133,22
147,133,22
147,133,22
147,133,22
147,133,22
147,133,22
147,133,22
147,133,22
147,133,22
172,172,22
172,172,22
172,172,22
172,172,22
172,172,22
172,172,22
172,172,22
172,172,22
172,172,22
172,172,22
172,172,22
172,172,22
172,172,22
172,158,22
172,158,22
172,158,22
172,158,22
172,158,22
172,158,22
172,158,22
172,158,22
172,158,22
172,158,22
172,158,22
172,158,22
172,158,22
172,158,22
172,158,22
172,158,22
172,158,22
172,158,22
172,158,22
172,158,22
172,158,22
172,158,22
172,158,22
172,158,22
172,158,22
172,158,22
172,158,22
172,158,22
172,158,22
172,158,22
172,158,22
172,158,22
172,158,22
172,158,22
172,158,22
172,158,22
172,158,22
172,158,22
172,158,22
172,158,22
172,158,22
172,158,22
172,158,22
172,159,22
172,159,22
172,159,22
172,159,22
172,159,22
172,159,22
172,159,22
172,159,22
172,159,22
172,159,22
172,159,22
172,159,22
172,159,22
172,134,22
172,134,22
172,134,22
172,134,22
172,134,22
172,134,22
172,134,22
172,134,22
172,134,22
172,134,22
172,134,22
172,134,22
172,134,22
172,134,22
172,134,22
172,134,22
172,134,22
172,134,22
172,134,22
172,173,22
172,173,22
172,173,22
172,173,22
172,173,22
172,173,22
172,173,22
172,146,22
172,146,22
172,146,22
172,146,22
172,146,22
172,146,22
172,146,22
172,146,22
172,146,22
172,146,22
172,146,22
172,146,22
172,146,22
172,146,22
172,146,22
172,146,22
172,146,22
172,146,22
172,146,22
172,146,22
172,146,22
172,146,22
172,146,22
172,146,22
172,146,22
172,146,22
172,146,22
172,127,22
172,127,22
172,127,22
172,127,22
172,127,22
172,127,22
172,127,22
172,127,22
172,127,22
172,127,22
172,127,22
172,127,22
172,127,22
172,127,22
172,127,22
172,127,22
172,179,22
172,179,22
172,179,22
172,179,22
172,179,22
172,179,22
172,179,22
172,179,22
172,179,22
172,179,22
172,179,22
172,179,22
172,179,22
172,179,22
172,179,22
172,179,22
172,185,22
172,185,22
172,185,22
172,185,22
172,185,22
172,185,22
172,185,22
172,185,22
172,137,22
172,137,22
172,137,22
172,137,22
172,137,22
172,137,22
172,137,22
172,137,22
172,137,22
172,137,22
172,137,22
172,137,22
172,137,22
172,137,22
172,137,22
172,137,22
172,137,22
172,137,22
172,137,22
172,137,22
172,137,22
172,137,22
172,137,22
172,137,22
172,137,22
172,137,22
172,137,22
172,137,22
172,137,22
172,137,22
172,137,22
172,137,22
172,137,22
172,137,22
172,137,22
172,137,22
172,137,22
172,137,22
172,137,22
172,167,22
172,167,22
172,167,22
172,167,22
172,167,22
172,167,22
172,167,22
172,167,22
172,167,22
172,167,22
172,167,22
172,167,22
172,167,22
172,167,22
172,167,22
172,167,22
172,167,22
172,167,22
172,167,22
172,206,22
172,206,22
172,206,22
172,206,22
172,206,22
172,206,22
172,206,22
172,206,22
172,206,22
172,206,22
172,206,22
172,206,22
172,206,22
172,206,22
172,206,22
172,206,22
172,206,22
172,206,22
172,206,22
172,206,22
172,206,22
172,206,22
172,206,22
172,206,22
172,206,22
172,206,22
172,206,22
172,206,22
172,206,22
172,163,22
172,163,22
172,163,22
172,163,22
172,163,22
172,163,22
172,163,22
172,163,22
172,163,22
172,163,22
172,163,22
172,163,22
172,225,22
172,225,22
172,225,22
172,225,22
172,225,22
172,225,22
172,225,22
172,225,22
172,225,22
172,225,22
172,225,22
172,225,22
172,225,22
172,182,22
172,182,22
172,182,22
172,182,22
172,182,22
172,182,22
172,182,22
172,182,22
172,182,22
172,182,22
172,182,22
172,182,22
172,182,22
172,182,22
172,182,22
172,182,22
172,182,22
172,182,22
172,182,22
172,182,22
172,182,22
172,182,22
172,182,22
172,182,22
172,182,22
172,182,22
172,182,22
172,182,22
172,182,22
172,182,22
172,182,22
172,182,22
172,182,22
172,182,22
172,182,22
172,182,22
172,175,22
172,175,22
172,175,22
172,175,22
172,175,22
172,175,22
172,194,22
172,194,22
172,194,22
172,194,22
172,194,22
172,194,22
172,194,22
172,194,22
172,194,22
172,194,22
172,194,22
172,194,22
172,194,22
172,194,22
172,194,22
172,194,22
172,194,22
172,194,22
172,194,22
172,194,22
172,194,22
172,194,22
172,194,22
172,194,22
172,194,22
172,194,22
172,161,22
172,161,22
172,161,22
172,161,22
172,161,22
172,161,22
172,161,22
172,161,22
172,161,22
172,161,22
172,161,22
172,161,22
172,161,22
172,232,22
172,232,22
172,232,22
172,232,22
172,232,22
172,232,22
172,232,22
172,232,22
172,232,22
172,170,22
172,170,22
172,170,22
172,170,22
172,170,22
172,170,22
172,170,22
172,170,22
172,170,22
172,170,22
172,170,22
172,170,22
172,170,22
172,170,22
172,170,22
172,170,22
172,170,22
172,170,22
172,170,22
172,170,22
172,170,22
172,170,22
172,170,22
172,170,22
172,170,22
172,170,22
172,170,22
172,170,22
172,150,22
172,150,22
172,150,22
172,150,22
172,150,22
172,150,22
172,150,22
172,150,22
172,150,22
172,150,22
172,150,22
172,150,22
172,150,22
172,150,22
172,150,22
172,164,22
172,164,22
172,164,22
172,164,22
172,164,22
172,164,22
172,164,22
172,164,22
172,164,22
172,164,22
172,164,22
172,164,22
172,164,22
172,150,22
172,150,22
172,150,22
172,150,22
172,150,22
172,150,22
172,150,22
172,150,22
172,150,22
172,150,22
172,150,22
172,150,22
172,150,22
172,150,22
172,150,22
172,150,22
172,150,22
172,150,22
172,150,22
172,150,22
172,150,22
172,150,22
172,150,22
172,150,22
172,150,22
172,150,22
172,150,22
172,150,22
172,150,22
172,150,22
172,150,22
172,150,22
172,150,22
172,150,22
172,150,22
172,191,22
172,191,22
172,191,22
172,191,22
172,191,22
172,191,22
172,191,22
172,191,22
172,191,22
172,191,22
172,191,22
172,191,22
172,191,22
172,191,22
172,191,22
172,191,22
172,191,22
172,191,22
172,156,22
172,156,22
172,156,22
172,156,22
172,156,22
172,156,22
172,156,22
172,156,22
172,156,22
172,156,22
172,156,22
172,156,22
172,156,22
172,156,22
172,156,22
172,156,22
172,156,22
172,156,22
172,156,22
172,156,22
172,156,22
172,156,22
172,156,22
172,156,22
172,156,22
172,156,22
172,156,22
172,156,22
172,156,22
172,156,22
172,156,22
172,156,22
172,159,22
172,159,22
172,159,22
172,159,22
172,159,22
172,159,22
172,183,22
172,183,22
172,183,22
172,183,22
172,183,22
172,183,22
172,183,22
172,183,22
172,183,22
172,183,22
172,183,22
172,183,22
172,183,22
172,183,22
172,183,22
172,183,22
172,214,22
172,214,22
172,214,22
172,214,22
172,214,22
172,214,22
172,214,22
172,214,22
172,214,22
157,123,22
157,123,22
157,123,22
157,123,22
157,123,22
157,123,22
157,123,22
157,123,22
157,123,22
157,123,22
157,123,22
157,123,22
157,123,22
157,123,22
157,123,22
157,123,22
157,123,22
157,123,22
157,123,22
157,123,22
157,123,22
157,123,22
157,123,22
157,131,22
157,131,22
157,131,22
157,131,22
157,131,22
157,131,22
157,131,22
157,131,22
157,131,22
157,131,22
157,131,22
157,131,22
157,131,22
157,131,22
157,131,22
157,131,22
157,152,22
157,152,22
157,152,22
157,152,22
157,152,22
157,152,22
157,152,22
157,152,22
157,152,22
157,152,22
157,152,22
157,152,22
157,152,22
157,152,22
157,136,22
157,136,22
157,136,22
157,136,22
157,136,22
157,136,22
157,136,22
157,136,22
157,136,22
157,136,22
157,136,22
157,136,22
157,136,22
157,136,22
157,136,22
157,136,22
157,136,22
157,136,22
157,136,22
157,136,22
157,136,22
157,136,22
157,136,22
157,136,22
157,136,22
157,136,22
157,136,22
157,175,22
157,175,22
157,175,22
157,175,22
157,175,22
157,175,22
157,175,22
157,175,22
157,157,22
157,157,22
157,157,22
157,157,22
157,157,22
157,157,22
157,157,22
157,157,22
157,157,22
157,157,22
157,157,22
157,157,22
157,157,22
157,157,22
157,157,22
157,157,22
157,157,22
157,157,22
157,157,22
157,157,22
157,157,22
157,157,22
157,157,22
157,157,22
157,157,22
157,157,22
157,157,22
157,157,22
157,133,22
157,133,22
157,133,22
157,133,22
157,133,22
157,133,22
157,133,22
157,133,22
157,133,22
157,133,22
157,133,22
157,133,22
157,133,22
157,133,22
157,133,22
157,133,22
157,133,22
157,133,22
157,133,22
157,133,22
157,133,22
157,133,22
157,133,22
157,133,22
157,133,22
157,133,22
157,133,22
157,133,22
157,133,22
157,183,22
157,183,22
157,183,22
157,183,22
157,183,22
157,183,22
157,183,22
157,183,22
157,183,22
157,183,22
157,183,22
157,183,22
157,183,22
157,183,22
157,183,22
157,183,22
157,162,22
157,162,22
157,162,22
157,162,22
157,162,22
157,162,22
157,162,22
157,162,22
157,162,22
157,162,22
157,162,22
157,162,22
157,160,22
157,160,22
157,160,22
157,160,22
157,160,22
157,160,22
157,160,22
157,160,22
157,160,22
157,160,22
157,160,22
157,157,22
157,157,22
157,157,22
157,157,22
157,157,22
157,157,22
157,157,22
157,157,22
157,157,22
157,157,22
157,157,22
157,157,22
157,157,22
157,157,22
157,166,22
157,166,22
157,166,22
157,166,22
157,166,22
157,166,22
157,166,22
157,166,22
157,166,22
157,166,22
157,166,22
157,166,22
157,166,22
157,166,22
157,166,22
157,176,22
157,176,22
157,176,22
157,176,22
157,176,22
157,176,22
157,176,22
157,176,22
157,176,22
157,176,22
157,176,22
157,176,22
157,176,22
157,176,22
157,176,22
157,176,22
157,176,22
157,176,22
157,176,22
157,176,22
157,176,22
157,176,22
157,176,22
157,176,22
157,176,22
157,176,22
157,176,22
157,176,22
157,176,22
157,176,22
157,176,22
157,176,22
157,176,22
157,176,22
157,176,22
157,176,22
157,176,22
157,176,22
157,176,22
157,176,22
157,176,22
157,176,22
157,176,22
157,176,22
157,176,22
157,180,22
157,180,22
157,180,22
157,180,22
157,180,22
157,180,22
157,180,22
157,162,22
157,162,22
157,162,22
157,162,22
157,162,22
157,162,22
157,162,22
157,162,22
157,162,22
157,162,22
157,162,22
157,162,22
157,162,22
157,162,22
157,162,22
157,162,22
157,162,22
157,162,22
157,162,22
157,162,22
157,162,22
157,162,22
157,162,22
157,162,22
157,162,22
157,162,22
157,162,22
157,162,22
157,162,22
157,162,22
157,162,22
157,162,22
157,162,22
157,79,22
157,79,22
157,79,22
157,79,22
157,79,22
157,79,22
157,79,22
157,79,22
157,79,22
142,136,22
142,136,22
142,136,22
142,136,22
142,136,22
142,136,22
142,136,22
142,136,22
142,136,22
142,136,22
142,136,22
142,136,22
142,136,22
142,136,22
142,136,22
142,136,22
142,136,22
142,136,22
142,136,22
142,136,22
142,136,22
142,136,22
142,136,22
142,136,22
142,136,22
142,136,22
142,136,22
142,136,22
142,136,22
142,136,22
142,136,22
142,136,22
142,136,22
142,136,22
142,136,22
142,136,22
142,136,22
142,136,22
142,136,22
142,136,22
142,136,22
142,136,22
142,136,22
142,136,22
142,136,22
142,136,22
142,136,22
142,136,22
142,127,22
142,127,22
142,127,22
142,127,22
142,127,22
142,127,22
142,127,22
142,127,22
142,127,22
142,127,22
142,127,22
142,127,22
142,127,22
142,156,22
142,156,22
142,156,22
142,156,22
142,156,22
142,156,22
142,156,22
142,156,22
142,156,22
142,156,22
142,156,22
142,156,22
142,156,22
142,156,22
142,156,22
142,156,22
142,156,22
142,156,22
142,156,22
142,156,22
142,156,22
142,156,22
142,156,22
142,156,22
142,156,22
142,156,22
142,156,22
142,156,22
142,156,22
142,156,22
142,156,22
142,156,22
142,156,22
142,156,22
142,156,22
142,99,22
142,99,22
142,99,22
142,99,22
142,99,22
142,99,22
142,99,22
142,99,22
142,99,22
142,99,22
142,99,22
142,99,22
142,99,22
142,99,22
142,99,22
142,99,22
142,99,22
142,99,22
142,99,22
142,99,22
142,99,22
142,99,22
142,99,22
142,99,22
142,99,22
142,99,22
142,99,22
142,99,22
142,99,22
142,99,22
142,99,22
142,154,22
142,154,22
142,154,22
142,154,22
142,154,22
142,154,22
142,154,22
142,154,22
142,154,22
142,154,22
142,154,22
142,154,22
142,154,22
142,154,22
142,154,22
142,154,22
142,154,22
142,154,22
142,154,22
142,154,22
142,140,22
142,140,22
142,140,22
142,140,22
142,140,22
142,140,22
142,140,22
142,140,22
142,140,22
142,140,22
142,140,22
142,140,22
142,140,22
142,140,22
142,140,22
142,140,22
142,140,22
142,140,22
142,140,22
142,140,22
142,140,22
142,140,22
142,140,22
142,140,22
142,140,22
142,140,22
142,140,22
142,140,22
142,140,22
142,140,22
142,140,22
142,140,22
142,140,22
142,140,22
142,140,22
142,140,22
142,140,22
142,140,22
142,140,22
142,140,22
142,140,22
142,140,22
142,140,22
142,145,22
142,145,22
142,145,22
142,145,22
142,145,22
142,145,22
142,141,22
142,141,22
142,141,22
142,141,22
142,141,22
142,141,22
142,141,22
142,141,22
142,141,22
142,141,22
142,141,22
142,141,22
142,141,22
142,141,22
142,141,22
142,141,22
142,141,22
142,141,22
142,141,22
142,141,22
142,141,22
142,141,22
142,141,22
142,141,22
142,141,22
142,141,22
142,141,22
142,141,22
142,141,22
142,141,22
142,141,22
142,141,22
142,141,22
142,141,22
142,141,22
142,141,22
142,141,22
142,141,22
142,141,22
142,89,22
142,89,22
142,89,22
142,89,22
142,89,22
142,89,22
142,89,22
142,89,22
142,89,22
142,89,22
142,89,22
142,89,22
142,89,22
142,89,22
142,89,22
142,89,22
142,89,22
142,89,22
142,89,22
142,89,22
142,89,22
142,89,22
142,89,22
142,89,22
142,89,22
142,89,22
142,89,22
142,127,22
142,127,22
142,127,22
142,127,22
142,127,22
142,127,22
142,127,22
142,127,22
142,127,22
142,127,22
142,127,22
142,127,22
142,127,22
142,127,22
142,127,22
142,127,22
142,127,22
142,127,22
142,127,22
142,127,22
142,127,22
142,127,22
142,127,22
142,127,22
142,127,22
142,127,22
142,127,22
142,127,22
142,138,22
142,138,22
142,138,22
142,138,22
142,138,22
142,138,22
142,156,22
142,156,22
142,156,22
142,156,22
142,156,22
142,156,22
142,156,22
142,161,22
142,161,22
142,161,22
142,161,22
142,161,22
142,161,22
142,161,22
142,161,22
142,179,22
142,179,22
142,179,22
142,179,22
142,179,22
142,179,22
142,129,22
142,129,22
142,129,22
142,129,22
142,129,22
142,129,22
142,129,22
142,129,22
142,129,22
142,129,22
142,129,22
142,129,22
142,160,22
142,160,22
142,160,22
142,160,22
142,160,22
142,160,22
142,160,22
142,160,22
142,160,22
142,160,22
142,160,22
142,160,22
142,160,22
142,160,22
142,160,22
142,160,22
142,160,22
142,160,22
142,160,22
142,160,22
142,160,22
142,126,22
142,126,22
142,126,22
142,126,22
142,126,22
142,126,22
142,126,22
142,126,22
142,153,22
142,153,22
142,153,22
142,153,22
142,153,22
142,153,22
142,153,22
142,153,22
142,186,22
142,186,22
142,186,22
142,186,22
142,186,22
142,186,22
142,186,22
142,186,22
142,186,22
142,186,22
142,186,22
142,186,22
142,186,22
142,186,22
142,186,22
142,186,22
142,186,22
142,186,22
142,186,22
142,186,22
142,186,22
142,186,22
142,110,22
142,110,22
142,110,22
142,110,22
142,110,22
142,110,22
142,110,22
142,110,22
142,110,22
142,110,22
142,110,22
142,110,22
142,110,22
142,110,22
142,110,22
142,110,22
142,180,22
142,180,22
142,180,22
142,180,22
142,180,22
142,180,22
142,180,22
142,180,22
142,180,22
142,180,22
142,180,22
142,180,22
142,180,22
142,180,22
142,180,22
142,180,22
142,180,22
142,180,22
142,180,22
142,180,22
142,180,22
142,180,22
142,180,22
142,180,22
142,180,22
142,180,22
142,180,22
142,180,22
142,180,22
142,180,22
142,180,22
142,180,22
142,180,22
142,180,22
142,180,22
142,180,22
142,180,22
142,180,22
142,115,22
142,115,22
142,115,22
142,115,22
142,115,22
142,115,22
142,115,22
142,115,22
142,115,22
142,115,22
142,115,22
142,115,22
142,115,22
142,115,22
142,115,22
142,115,22
142,115,22
142,115,22
142,115,22
142,150,22
142,150,22
142,150,22
142,150,22
142,150,22
142,150,22
142,150,22
142,150,22
142,150,22
142,150,22
142,150,22
142,133,22
142,133,22
142,133,22
142,133,22
142,133,22
142,133,22
142,133,22
142,133,22
142,133,22
142,133,22
142,133,22
142,133,22
142,133,22
142,133,22
142,133,22
142,133,22
142,133,22
142,133,22
142,133,22
142,133,22
142,133,22
142,133,22
142,133,22
142,133,22
142,133,22
142,133,22
142,133,22
142,133,22
142,133,22
142,133,22
142,146,22
142,146,22
142,146,22
142,146,22
142,146,22
142,146,22
142,146,22
142,146,22
142,146,22
142,146,22
142,146,22
142,146,22
142,146,22
142,146,22
142,146,22
142,146,22
142,146,22
142,146,22
142,146,22
142,146,22
142,146,22
142,146,22
142,146,22
142,146,22
142,146,22
142,146,22
122,95,22
122,95,22
122,95,22
122,95,22
122,95,22
122,95,22
122,95,22
122,95,22
122,95,22
122,95,22
122,95,22
122,95,22
122,95,22
122,95,22
122,95,22
122,95,22
122,95,22
122,95,22
122,95,22
122,95,22
122,95,22
122,95,22
122,95,22
122,95,22
122,95,22
122,95,22
122,95,22
122,95,22
122,95,22
122,95,22
122,95,22
122,95,22
122,95,22
122,141,22
122,141,22
122,141,22
122,141,22
122,141,22
122,141,22
122,141,22
122,141,22
122,141,22
122,141,22
122,141,22
122,141,22
122,141,22
122,109,22
122,109,22
122,109,22
122,109,22
122,109,22
122,109,22
122,109,22
122,109,22
122,109,22
122,109,22
122,109,22
122,109,22
122,109,22
122,109,22
122,109,22
122,109,22
122,109,22
122,109,22
122,109,22
122,109,22
122,109,22
122,109,22
122,109,22
122,109,22
122,109,22
122,109,22
122,109,22
122,109,22
122,109,22
122,109,22
122,109,22
122,138,22
122,138,22
122,138,22
122,138,22
122,138,22
122,138,22
122,138,22
122,138,22
122,138,22
122,138,22
122,138,22
122,138,22
122,138,22
122,138,22
122,138,22
122,154,22
122,154,22
122,154,22
122,154,22
122,154,22
122,154,22
122,154,22
122,154,22
122,154,22
122,154,22
122,154,22
122,154,22
122,154,22
122,154,22
122,154,22
122,154,22
122,111,22
122,111,22
122,111,22
122,111,22
122,111,22
122,111,22
122,111,22
122,111,22
122,111,22
122,111,22
122,111,22
122,111,22
122,111,22
122,111,22
122,111,22
122,111,22
122,111,22
122,111,22
122,111,22
122,111,22
122,111,22
122,111,22
122,111,22
122,111,22
122,111,22
122,111,22
122,111,22
122,111,22
122,111,22
122,111,22
122,111,22
122,111,22
122,111,22
122,111,22
122,111,22
122,111,22
122,111,22
122,111,22
122,111,22
122,111,22
122,111,22
122,111,22
122,111,22
122,111,22
122,111,22
122,111,22
122,111,22
122,111,22
122,111,22
122,111,22
122,111,22
122,111,22
122,111,22
122,111,22
122,111,22
122,111,22
122,111,22
122,111,22
122,111,22
122,111,22
122,96,22
122,96,22
122,96,22
122,96,22
122,96,22
122,96,22
122,96,22
122,96,22
122,96,22
122,96,22
122,96,22
122,96,22
122,96,22
122,96,22
122,96,22
122,96,22
122,96,22
122,96,22
122,96,22
122,96,22
122,96,22
122,96,22
122,96,22
122,96,22
122,96,22
122,96,22
122,96,22
122,96,22
122,96,22
122,96,22
122,96,22
122,96,22
122,96,22
122,96,22
122,96,22
122,96,22
122,96,22
122,96,22
122,96,22
122,96,22
122,96,22
122,96,22
122,96,22
122,96,22
122,96,22
122,96,22
122,96,22
122,96,22
122,96,22
122,96,22
122,96,22
122,96,22
122,96,22
122,96,22
122,96,22
122,122,22
122,122,22
122,122,22
122,122,22
122,122,22
122,122,22
122,122,22
122,122,22
122,122,22
122,122,22
122,122,22
122,122,22
122,122,22
122,122,22
122,122,22
122,122,22
122,122,22
122,122,22
122,122,22
122,122,22
122,122,22
122,122,22
122,122,22
122,122,22
122,122,22
122,103,22
122,103,22
122,103,22
122,103,22
122,103,22
122,103,22
122,103,22
122,103,22
122,103,22
122,103,22
122,103,22
122,103,22
122,134,22
122,134,22
122,134,22
122,134,22
122,134,22
122,134,22
122,134,22
122,134,22
122,134,22
122,134,22
122,134,22
122,134,22
122,134,22
122,134,22
122,134,22
122,152,22
122,152,22
122,152,22
122,152,22
122,152,22
122,152,22
122,152,22
122,161,22
122,161,22
122,161,22
122,161,22
122,161,22
122,161,22
122,161,22
122,161,22
122,161,22
122,161,22
122,161,22
122,155,22
122,155,22
122,155,22
122,155,22
122,155,22
122,155,22
122,155,22
122,155,22
122,155,22
122,155,22
122,155,22
122,155,22
122,155,22
122,155,22
122,155,22
122,155,22
122,155,22
122,155,22
122,155,22
122,135,22
122,135,22
122,135,22
122,135,22
122,135,22
122,135,22
122,135,22
122,135,22
122,135,22
122,135,22
122,135,22
122,135,22
122,135,22
122,135,22
122,135,22
122,135,22
122,135,22
122,135,22
122,135,22
122,135,22
122,135,22
122,135,22
122,135,22
122,135,22
122,135,22
122,104,22
122,104,22
122,104,22
122,104,22
122,104,22
122,104,22
122,110,22
122,110,22
122,110,22
122,110,22
122,110,22
122,110,22
122,110,22
122,110,22
122,110,22
122,110,22
122,110,22
122,110,22
122,110,22
122,110,22
122,104,22
122,104,22
122,104,22
122,104,22
122,104,22
122,104,22
122,104,22
122,108,22
122,108,22
122,108,22
122,108,22
122,108,22
122,108,22
122,108,22
122,108,22
122,143,22
122,143,22
122,143,22
122,143,22
122,143,22
122,143,22
122,136,22
122,136,22
122,136,22
122,136,22
122,136,22
122,136,22
122,136,22
122,136,22
122,136,22
122,136,22
122,136,22
122,136,22
122,136,22
122,136,22
122,136,22
122,136,22
122,113,22
122,113,22
122,113,22
122,113,22
122,113,22
122,113,22
122,113,22
122,113,22
122,113,22
122,113,22
122,113,22
122,113,22
122,113,22
122,113,22
122,113,22
122,113,22
122,113,22
122,113,22
122,113,22
122,113,22
122,113,22
122,113,22
122,113,22
122,113,22
122,113,22
122,113,22
122,113,22
122,113,22
122,113,22
122,113,22
122,113,22
122,107,22
122,107,22
122,107,22
122,107,22
122,107,22
122,107,22
122,107,22
122,107,22
122,107,22
122,107,22
122,147,22
122,147,22
122,147,22
122,147,22
122,147,22
122,147,22
122,147,22
122,147,22
122,147,22
122,147,22
122,147,22
122,126,22
122,126,22
122,126,22
122,126,22
122,126,22
122,126,22
122,126,22
122,126,22
122,126,22
122,126,22
122,150,22
122,150,22
122,150,22
122,150,22
122,150,22
122,150,22
122,150,22
122,150,22
122,150,22
122,150,22
122,150,22
122,150,22
122,150,22
122,150,22
122,150,22
122,150,22
122,150,22
122,150,22
137,151,22
137,151,22
137,151,22
137,151,22
137,151,22
137,151,22
137,151,22
137,151,22
137,151,22
137,151,22
137,151,22
137,151,22
137,151,22
137,151,22
137,151,22
137,151,22
137,151,22
137,149,22
137,149,22
137,149,22
137,149,22
137,149,22
137,149,22
137,149,22
137,149,22
137,149,22
137,149,22
137,149,22
137,149,22
137,149,22
137,149,22
137,149,22
137,149,22
137,149,22
137,149,22
137,149,22
137,149,22
137,149,22
137,149,22
137,149,22
137,149,22
137,149,22
137,149,22
137,149,22
137,149,22
137,149,22
137,149,22
137,123,22
137,123,22
137,123,22
137,123,22
137,123,22
137,123,22
137,123,22
137,110,22
137,110,22
137,110,22
137,110,22
137,110,22
137,110,22
137,110,22
137,110,22
137,110,22
137,110,22
137,110,22
137,110,22
137,110,22
137,110,22
137,110,22
137,110,22
137,110,22
137,154,22
137,154,22
137,154,22
137,154,22
137,154,22
137,154,22
137,154,22
137,154,22
137,154,22
137,154,22
137,121,22
137,121,22
137,121,22
137,121,22
137,121,22
137,121,22
137,121,22
137,137,22
137,137,22
137,137,22
137,137,22
137,137,22
137,137,22
137,137,22
137,137,22
137,137,22
137,137,22
137,137,22
137,137,22
137,137,22
137,137,22
137,137,22
137,137,22
137,137,22
137,137,22
137,137,22
137,137,22
137,137,22
137,137,22
137,137,22
137,137,22
137,137,22
137,137,22
137,137,22
137,137,22
137,137,22
137,137,22
137,137,22
137,137,22
137,137,22
137,137,22
137,137,22
137,137,22
137,137,22
137,137,22
137,137,22
137,137,22
137,137,22
137,137,22
137,137,22
137,137,22
137,137,22
137,137,22
137,137,22
137,137,22
137,137,22
137,137,22
137,137,22
137,137,22
137,137,22
137,137,22
137,137,22
137,137,22
137,137,22
137,137,22
137,137,22
137,137,22
137,120,22
137,120,22
137,120,22
137,120,22
137,120,22
137,120,22
137,120,22
137,120,22
137,120,22
137,120,22
137,120,22
137,120,22
137,120,22
137,120,22
137,120,22
137,120,22
137,120,22
137,120,22
137,120,22
137,120,22
137,120,22
137,120,22
137,120,22
137,120,22
137,120,22
137,109,22
137,109,22
137,109,22
137,109,22
137,109,22
137,109,22
137,109,22
137,109,22
137,109,22
137,109,22
137,109,22
137,109,22
137,127,22
137,127,22
137,127,22
137,127,22
137,127,22
137,127,22
137,127,22
137,127,22
137,127,22
137,127,22
137,127,22
137,127,22
137,127,22
137,127,22
137,127,22
137,127,22
137,127,22
137,127,22
137,127,22
137,127,22
137,127,22
137,127,22
137,127,22
137,127,22
137,127,22
137,127,22
137,127,22
137,127,22
137,127,22
137,127,22
137,144,22
137,144,22
137,144,22
137,144,22
137,144,22
137,144,22
137,144,22
137,75,22
137,75,22
137,75,22
137,75,22
137,75,22
137,75,22
137,75,22
137,75,22
137,75,22
137,75,22
137,75,22
137,75,22
137,75,22
137,141,22
137,141,22
137,141,22
137,141,22
137,141,22
137,141,22
137,141,22
137,141,22
137,141,22
137,141,22
137,141,22
137,141,22
137,141,22
137,141,22
137,141,22
137,141,22
137,141,22
137,141,22
137,141,22
137,141,22
137,141,22
137,141,22
137,141,22
137,141,22
137,141,22
137,180,22
137,180,22
137,180,22
137,180,22
137,180,22
137,180,22
137,132,22
137,132,22
137,132,22
137,132,22
137,132,22
137,132,22
137,132,22
137,132,22
137,132,22
137,132,22
137,128,22
137,128,22
137,128,22
137,128,22
137,128,22
137,128,22
137,128,22
137,128,22
137,128,22
137,128,22
137,135,22
137,135,22
137,135,22
137,135,22
137,135,22
137,135,22
137,135,22
137,135,22
137,135,22
137,135,22
137,135,22
137,135,22
137,135,22
137,135,22
137,135,22
137,135,22
137,135,22
137,135,22
137,135,22
137,135,22
137,135,22
137,135,22
137,135,22
137,135,22
137,135,22
137,135,22
137,135,22
137,135,22
137,135,22
137,135,22
137,135,22
137,135,22
137,135,22
137,135,22
137,137,22
137,137,22
137,137,22
137,137,22
137,137,22
137,137,22
137,137,22
137,123,22
137,123,22
137,123,22
137,123,22
137,123,22
137,123,22
137,123,22
137,123,22
137,123,22
137,123,22
137,123,22
137,123,22
137,123,22
137,123,22
137,123,22
137,123,22
137,123,22
137,123,22
137,123,22
137,123,22
137,123,22
137,123,22
137,123,22
137,123,22
137,123,22
137,123,22
137,123,22
137,123,22
137,123,22
137,123,22
137,123,22
137,123,22
137,123,22
137,123,22
137,123,22
137,123,22
137,123,22
137,123,22
137,123,22
137,123,22
122,115,22
122,115,22
122,115,22
122,115,22
122,115,22
122,115,22
122,115,22
122,115,22
122,115,22
122,115,22
122,115,22
122,115,22
122,115,22
122,115,22
122,115,22
122,115,22
122,115,22
122,115,22
122,115,22
122,115,22
122,115,22
122,115,22
122,115,22
122,115,22
122,115,22
122,115,22
122,115,22
122,115,22
122,115,22
122,115,22
122,115,22
122,115,22
122,115,22
122,115,22
122,115,22
122,115,22
122,115,22
122,115,22
122,115,22
122,147,22
122,147,22
122,147,22
122,147,22
122,147,22
122,147,22
122,147,22
122,147,22
122,147,22
122,147,22
122,147,22
122,147,22
122,147,22
122,147,22
122,147,22
122,147,22
122,147,22
122,109,22
122,109,22
122,109,22
122,109,22
122,109,22
122,109,22
122,109,22
122,109,22
122,109,22
122,166,22
122,166,22
122,166,22
122,166,22
122,166,22
122,166,22
122,166,22
122,166,22
122,166,22
122,166,22
122,166,22
122,166,22
122,166,22
122,166,22
122,166,22
122,166,22
122,166,22
122,144,22
122,144,22
122,144,22
122,144,22
122,144,22
122,144,22
122,144,22
122,144,22
122,144,22
122,144,22
122,144,22
122,144,22
122,144,22
122,144,22
122,144,22
122,145,22
122,145,22
122,145,22
122,145,22
122,145,22
122,145,22
122,145,22
122,145,22
122,145,22
122,145,22
122,145,22
122,145,22
122,145,22
122,145,22
122,145,22
122,145,22
122,145,22
122,145,22
122,145,22
122,145,22
122,145,22
122,145,22
122,145,22
122,145,22
122,145,22
122,145,22
122,145,22
122,145,22
122,145,22
122,145,22
122,145,22
122,145,22
122,145,22
122,145,22
122,145,22
122,145,22
122,145,22
122,135,22
122,135,22
122,135,22
122,135,22
122,135,22
122,135,22
122,135,22
122,135,22
122,135,22
122,135,22
122,135,22
122,135,22
122,135,22
122,135,22
122,135,22
122,135,22
122,135,22
122,170,22
122,170,22
122,170,22
122,170,22
122,170,22
122,170,22
122,170,22
122,170,22
122,170,22
122,170,22
122,170,22
122,170,22
122,170,22
122,170,22
122,170,22
122,170,22
122,170,22
122,170,22
122,170,22
122,170,22
122,170,22
122,170,22
122,170,22
122,170,22
122,170,22
122,170,22
122,170,22
122,170,22
122,170,22
122,170,22
122,170,22
122,170,22
122,120,22
122,120,22
122,120,22
122,120,22
122,120,22
122,120,22
122,120,22
122,120,22
122,120,22
122,120,22
122,120,22
122,120,22
122,120,22
122,120,22
122,120,22
122,120,22
122,108,22
122,108,22
122,108,22
122,108,22
122,108,22
122,108,22
122,108,22
122,108,22
122,108,22
122,108,22
122,108,22
122,108,22
122,108,22
122,108,22
122,108,22
122,100,22
122,100,22
122,100,22
122,100,22
122,100,22
122,100,22
122,100,22
122,100,22
122,100,22
122,100,22
122,100,22
122,102,22
122,102,22
122,102,22
122,102,22
122,102,22
122,102,22
122,102,22
122,102,22
122,102,22
122,92,22
122,92,22
122,92,22
122,92,22
122,92,22
122,92,22
122,92,22
122,92,22
122,92,22
122,92,22
122,92,22
122,92,22
122,92,22
122,92,22
122,92,22
122,92,22
122,92,22
122,92,22
122,92,22
122,92,22
122,92,22
122,92,22
122,92,22
122,92,22
122,92,22
122,92,22
122,92,22
122,92,22
122,92,22
122,92,22
122,92,22
122,92,22
122,92,22
122,92,22
122,92,22
122,92,22
122,92,22
122,92,22
122,92,22
122,92,22
122,92,22
122,92,22
122,92,22
122,92,22
142,147,22
142,147,22
142,147,22
142,147,22
142,147,22
142,147,22
142,147,22
142,147,22
142,147,22
142,147,22
142,147,22
142,147,22
142,147,22
142,147,22
142,147,22
142,147,22
142,147,22
142,147,22
142,147,22
142,147,22
142,147,22
142,168,22
142,168,22
142,168,22
142,168,22
142,168,22
142,168,22
142,168,22
142,168,22
142,168,22
142,168,22
142,163,22
142,163,22
142,163,22
142,163,22
142,163,22
142,163,22
142,163,22
142,163,22
142,163,22
142,163,22
142,163,22
142,152,22
142,152,22
142,152,22
142,152,22
142,152,22
142,152,22
142,152,22
142,152,22
142,152,22
142,152,22
142,152,22
142,152,22
142,152,22
142,152,22
142,152,22
142,152,22
142,152,22
142,152,22
142,152,22
142,152,22
142,152,22
142,152,22
142,152,22
142,152,22
142,152,22
142,152,22
142,152,22
142,154,22
142,154,22
142,154,22
142,154,22
142,154,22
142,154,22
142,154,22
142,154,22
142,154,22
142,154,22
142,154,22
142,154,22
142,154,22
142,154,22
142,154,22
142,154,22
142,154,22
142,154,22
142,154,22
142,154,22
142,154,22
142,154,22
142,154,22
142,154,22
142,154,22
142,154,22
142,154,22
142,154,22
142,154,22
142,154,22
142,154,22
142,154,22
142,154,22
142,154,22
142,154,22
142,154,22
142,154,22
142,154,22
142,154,22
142,154,22
142,154,22
142,154,22
142,154,22
142,154,22
142,154,22
142,154,22
142,154,22
142,154,22
142,154,22
142,154,22
142,154,22
142,154,22
142,154,22
142,155,22
142,155,22
142,155,22
142,155,22
142,155,22
142,155,22
142,155,22
142,155,22
142,155,22
142,155,22
142,155,22
142,155,22
142,155,22
142,155,22
142,155,22
142,155,22
142,155,22
142,155,22
142,155,22
142,155,22
142,155,22
142,155,22
142,155,22
142,155,22
142,155,22
142,155,22
142,155,22
142,155,22
142,155,22
142,155,22
142,155,22
142,155,22
142,155,22
142,155,22
142,141,22
142,141,22
142,141,22
142,141,22
142,141,22
142,141,22
142,141,22
142,141,22
142,141,22
142,141,22
142,141,22
142,141,22
142,134,22
142,134,22
142,134,22
142,134,22
142,134,22
142,134,22
142,134,22
142,100,22
142,100,22
142,100,22
142,100,22
142,100,22
142,100,22
142,100,22
142,100,22
142,100,22
142,166,22
142,166,22
142,166,22
142,166,22
142,166,22
142,166,22
142,166,22
142,166,22
142,166,22
142,166,22
142,166,22
142,166,22
142,166,22
142,166,22
142,166,22
142,166,22
142,166,22
142,166,22
142,166,22
142,166,22
142,166,22
142,166,22
142,166,22
142,166,22
142,114,22
142,114,22
142,114,22
142,114,22
142,114,22
142,114,22
142,114,22
142,114,22
142,114,22
142,114,22
142,114,22
142,114,22
142,114,22
142,114,22
142,114,22
142,114,22
142,114,22
142,114,22
142,114,22
142,114,22
142,114,22
142,114,22
142,114,22
142,114,22
142,114,22
142,114,22
142,114,22
142,114,22
142,114,22
142,114,22
142,114,22
142,114,22
142,114,22
142,114,22
142,114,22
142,114,22
142,114,22
142,114,22
142,114,22
142,114,22
142,114,22
142,131,22
142,131,22
142,131,22
142,131,22
142,131,22
142,131,22
142,131,22
142,131,22
142,131,22
142,131,22
142,131,22
142,139,22
142,139,22
142,139,22
142,139,22
142,139,22
142,139,22
142,139,22
142,139,22
142,139,22
142,139,22
142,139,22
142,139,22
142,139,22
142,139,22
142,139,22
142,139,22
142,139,22
142,139,22
142,139,22
142,139,22
142,139,22
142,139,22
142,139,22
142,139,22
142,139,22
142,139,22
142,139,22
142,139,22
142,139,22
142,139,22
142,139,22
142,139,22
142,139,22
142,139,22
142,139,22
142,139,22
142,139,22
142,139,22
142,139,22
142,139,22
142,139,22
142,139,22
142,139,22
142,139,22
142,134,22
142,134,22
142,134,22
142,134,22
142,134,22
142,134,22
142,134,22
142,134,22
142,134,22
142,134,22
142,134,22
142,134,22
142,134,22
142,134,22
142,134,22
142,134,22
142,134,22
142,134,22
142,134,22
142,134,22
142,134,22
142,134,22
142,134,22
142,134,22
142,134,22
142,134,22
142,134,22
142,134,22
142,134,22
142,134,22
142,134,22
142,134,22
142,134,22
142,134,22
142,132,22
142,132,22
142,132,22
142,132,22
142,132,22
142,132,22
142,132,22
142,132,22
142,132,22
142,132,22
142,132,22
142,132,22
142,137,22
142,137,22
142,137,22
142,137,22
142,137,22
142,137,22
142,137,22
142,137,22
142,137,22
142,137,22
142,137,22
142,137,22
142,137,22
142,137,22
142,137,22
142,137,22
142,137,22
142,137,22
142,137,22
142,137,22
142,137,22
142,137,22
142,137,22
142,137,22
142,137,22
142,137,22
142,137,22
162,147,22
162,147,22
162,147,22
162,147,22
162,147,22
162,147,22
162,147,22
162,147,22
162,147,22
162,147,22
162,177,22
162,177,22
162,177,22
162,177,22
162,177,22
162,177,22
162,177,22
162,177,22
162,177,22
162,177,22
162,177,22
162,177,22
162,177,22
162,177,22
162,177,22
162,177,22
162,177,22
162,177,22
162,177,22
162,177,22
162,177,22
162,177,22
162,177,22
162,177,22
162,177,22
162,177,22
162,177,22
162,177,22
162,177,22
162,177,22
162,177,22
162,177,22
162,155,22
162,155,22
162,155,22
162,155,22
162,155,22
162,155,22
162,155,22
162,155,22
162,155,22
162,155,22
162,128,22
162,128,22
162,128,22
162,128,22
162,128,22
162,128,22
162,128,22
162,128,22
162,128,22
162,128,22
162,128,22
162,128,22
162,128,22
162,128,22
162,128,22
162,128,22
162,128,22
162,128,22
162,128,22
162,128,22
162,128,22
162,128,22
162,128,22
162,128,22
162,128,22
162,128,22
162,128,22
162,128,22
162,128,22
162,128,22
162,128,22
162,128,22
162,128,22
162,140,22
162,140,22
162,140,22
162,140,22
162,140,22
162,140,22
162,140,22
162,140,22
162,140,22
162,140,22
162,140,22
162,147,22
162,147,22
162,147,22
162,147,22
162,147,22
162,147,22
162,147,22
162,147,22
162,147,22
162,147,22
162,147,22
162,147,22
162,147,22
162,147,22
162,147,22
162,147,22
162,147,22
162,147,22
162,147,22
162,147,22
162,147,22
162,147,22
162,189,22
162,189,22
162,189,22
162,189,22
162,189,22
162,189,22
162,189,22
162,189,22
162,189,22
162,189,22
162,189,22
162,189,22
162,189,22
162,189,22
162,189,22
162,189,22
162,189,22
162,189,22
162,189,22
162,182,22
162,182,22
162,182,22
162,182,22
162,182,22
162,182,22
162,182,22
162,182,22
162,182,22
162,175,22
162,175,22
162,175,22
162,175,22
162,175,22
162,175,22
162,175,22
162,175,22
162,175,22
162,175,22
162,175,22
162,175,22
162,175,22
162,175,22
162,175,22
162,175,22
162,175,22
162,175,22
162,132,22
162,132,22
162,132,22
162,132,22
162,132,22
162,132,22
162,132,22
162,132,22
162,132,22
162,132,22
162,132,22
162,144,22
162,144,22
162,144,22
162,144,22
162,144,22
162,144,22
162,144,22
162,144,22
162,176,22
162,176,22
162,176,22
162,176,22
162,176,22
162,176,22
162,176,22
162,176,22
162,176,22
162,176,22
162,176,22
162,180,22
162,180,22
162,180,22
162,180,22
162,180,22
162,180,22
162,180,22
162,180,22
162,180,22
162,180,22
162,180,22
162,203,22
162,203,22
162,203,22
162,203,22
162,203,22
162,203,22
162,203,22
162,203,22
162,167,22
162,167,22
162,167,22
162,167,22
162,167,22
162,167,22
162,167,22
162,167,22
162,167,22
162,167,22
162,167,22
162,167,22
162,167,22
162,167,22
162,167,22
162,167,22
162,167,22
162,167,22
162,167,22
162,167,22
162,167,22
162,167,22
162,167,22
162,182,22
162,182,22
162,182,22
162,182,22
162,182,22
162,182,22
162,182,22
162,182,22
162,182,22
162,182,22
162,182,22
162,182,22
162,182,22
162,182,22
162,182,22
162,182,22
162,182,22
162,182,22
162,182,22
162,182,22
162,182,22
162,182,22
162,182,22
162,182,22
162,182,22
162,182,22
162,179,22
162,179,22
162,179,22
162,179,22
162,179,22
162,179,22
162,179,22
162,179,22
162,179,22
162,179,22
162,179,22
162,179,22
162,179,22
162,179,22
162,179,22
162,179,22
162,179,22
162,179,22
162,179,22
162,179,22
162,179,22
162,179,22
162,179,22
162,179,22
162,179,22
162,126,22
162,126,22
162,126,22
162,126,22
162,126,22
162,126,22
162,126,22
162,126,22
162,126,22
162,126,22
162,126,22
162,126,22
162,126,22
162,126,22
162,126,22
162,126,22
162,126,22
162,126,22
162,126,22
162,126,22
162,126,22
162,126,22
162,126,22
162,126,22
162,126,22
162,126,22
162,126,22
162,126,22
162,126,22
162,126,22
162,126,22
162,126,22
162,126,22
162,126,22
162,126,22
162,113,22
162,113,22
162,113,22
162,113,22
162,113,22
162,113,22
162,113,22
162,113,22
162,113,22
162,113,22
162,113,22
162,113,22
162,113,22
162,113,22
162,113,22
162,113,22
162,113,22
162,113,22
162,113,22
162,113,22
162,113,22
162,113,22
162,171,22
162,171,22
162,171,22
162,171,22
162,171,22
162,171,22
162,171,22
162,171,22
162,171,22
162,171,22
162,171,22
162,171,22
162,171,22
162,171,22
162,171,22
162,171,22
162,171,22
162,171,22
162,171,22
162,171,22
162,171,22
162,171,22
162,171,22
162,171,22
162,171,22
162,171,22
162,171,22
142,161,22
142,161,22
142,161,22
142,161,22
142,161,22
142,161,22
142,161,22
142,161,22
142,161,22
142,161,22
142,161,22
142,161,22
142,161,22
142,161,22
142,161,22
142,161,22
142,161,22
142,161,22
142,161,22
142,161,22
142,161,22
142,161,22
142,161,22
142,161,22
142,161,22
142,161,22
142,161,22
142,161,22
142,161,22
142,161,22
142,161,22
142,161,22
142,161,22
142,161,22
142,161,22
142,161,22
142,161,22
142,161,22
142,161,22
142,161,22
142,161,22
142,161,22
142,161,22
142,161,22
142,161,22
142,161,22
142,161,22
142,161,22
142,161,22
142,161,22
142,161,22
142,161,22
142,161,22
142,161,22
142,121,22
142,121,22
142,121,22
142,121,22
142,121,22
142,121,22
142,120,22
142,120,22
142,120,22
142,120,22
142,120,22
142,120,22
142,120,22
142,120,22
142,120,22
142,120,22
142,120,22
142,120,22
142,120,22
142,120,22
142,120,22
142,120,22
142,120,22
142,120,22
142,120,22
142,120,22
142,120,22
142,120,22
142,120,22
142,131,22
142,131,22
142,131,22
142,131,22
142,131,22
142,131,22
142,131,22
142,131,22
142,131,22
142,131,22
142,131,22
142,131,22
142,131,22
142,131,22
142,131,22
142,131,22
142,131,22
142,131,22
142,131,22
142,131,22
142,131,22
142,131,22
142,131,22
142,131,22
142,131,22
142,131,22
142,131,22
142,131,22
142,175,22
142,175,22
142,175,22
142,175,22
142,175,22
142,175,22
142,175,22
142,175,22
142,175,22
142,175,22
142,175,22
142,135,22
142,135,22
142,135,22
142,135,22
142,135,22
142,135,22
142,135,22
142,135,22
142,135,22
142,135,22
142,135,22
142,135,22
142,135,22
142,135,22
142,135,22
142,135,22
142,135,22
142,135,22
142,135,22
142,135,22
142,135,22
142,135,22
142,135,22
142,135,22
142,135,22
142,135,22
142,135,22
142,135,22
142,135,22
142,135,22
142,154,22
142,154,22
142,154,22
142,154,22
142,154,22
142,154,22
142,154,22
142,154,22
142,154,22
142,154,22
142,154,22
142,154,22
142,154,22
142,154,22
142,154,22
142,136,22
142,136,22
142,136,22
142,136,22
142,136,22
142,136,22
142,136,22
142,136,22
142,136,22
142,136,22
142,136,22
142,136,22
142,136,22
142,136,22
142,136,22
142,136,22
142,136,22
142,136,22
142,136,22
142,136,22
142,136,22
142,136,22
142,136,22
142,136,22
142,136,22
142,136,22
142,136,22
142,136,22
142,136,22
142,136,22
142,136,22
142,136,22
142,136,22
142,136,22
142,136,22
142,136,22
142,136,22
142,136,22
142,136,22
142,136,22
142,136,22
142,136,22
142,136,22
142,136,22
142,136,22
142,129,22
142,129,22
142,129,22
142,129,22
142,129,22
142,129,22
142,129,22
142,129,22
142,129,22
142,129,22
142,129,22
142,129,22
142,129,22
142,129,22
142,129,22
142,129,22
142,129,22
142,129,22
142,129,22
142,129,22
142,129,22
142,129,22
142,129,22
142,129,22
142,129,22
142,129,22
142,129,22
142,129,22
142,129,22
142,129,22
142,129,22
142,129,22
142,129,22
142,129,22
142,129,22
142,129,22
142,129,22
142,129,22
142,129,22
142,129,22
142,129,22
142,129,22
142,129,22
142,129,22
142,129,22
142,129,22
142,129,22
142,129,22
142,129,22
142,129,22
142,129,22
142,129,22
142,129,22
142,129,22
142,129,22
142,129,22
142,129,22
142,129,22
142,129,22
142,192,22
142,192,22
142,192,22
142,192,22
142,192,22
142,192,22
142,192,22
142,192,22
142,192,22
142,192,22
142,192,22
142,192,22
142,192,22
142,192,22
142,192,22
142,192,22
142,192,22
142,192,22
142,192,22
142,192,22
142,192,22
142,192,22
142,192,22
142,192,22
142,192,22
142,192,22
142,192,22
142,192,22
142,192,22
142,192,22
142,192,22
142,192,22
142,192,22
142,192,22
142,192,22
142,192,22
142,192,22
142,192,22
142,192,22
142,192,22
142,192,22
142,192,22
142,192,22
142,192,22
142,192,22
142,192,22
142,192,22
142,192,22
142,192,22
142,192,22
142,192,22
142,192,22
142,192,22
142,192,22
142,192,22
142,112,22
142,112,22
142,112,22
142,112,22
142,112,22
142,112,22
142,112,22
142,112,22
142,112,22
142,112,22
142,112,22
142,112,22
142,112,22
142,112,22
142,112,22
142,157,22
142,157,22
142,157,22
142,157,22
142,157,22
142,157,22
142,157,22
142,142,22
142,142,22
142,142,22
142,142,22
142,142,22
142,142,22
142,142,22
142,142,22
142,142,22
142,142,22
142,142,22
142,142,22
142,142,22
142,142,22
142,142,22
142,142,22
122,81,22
122,81,22
122,81,22
122,81,22
122,81,22
122,81,22
122,81,22
122,81,22
122,81,22
122,81,22
122,81,22
122,123,22
122,123,22
122,123,22
122,123,22
122,123,22
122,123,22
122,123,22
122,123,22
122,123,22
122,123,22
122,123,22
122,123,22
122,123,22
122,123,22
122,123,22
122,123,22
122,123,22
122,123,22
122,123,22
122,123,22
122,123,22
122,123,22
122,123,22
122,123,22
122,123,22
122,123,22
122,123,22
122,123,22
122,123,22
122,123,22
122,123,22
122,123,22
122,123,22
122,123,22
122,123,22
122,123,22
122,123,22
122,123,22
122,123,22
122,123,22
122,123,22
122,123,22
122,123,22
122,123,22
122,123,22
122,123,22
122,123,22
122,123,22
122,123,22
122,123,22
122,123,22
122,123,22
122,123,22
122,123,22
122,123,22
122,123,22
122,107,22
122,107,22
122,107,22
122,107,22
122,107,22
122,107,22
122,107,22
122,160,22
122,160,22
122,160,22
122,160,22
122,160,22
122,160,22
122,160,22
122,160,22
122,160,22
122,160,22
122,160,22
122,160,22
122,160,22
122,160,22
122,160,22
122,160,22
122,160,22
122,160,22
122,160,22
122,160,22
122,160,22
122,160,22
122,160,22
122,160,22
122,160,22
122,160,22
122,160,22
122,160,22
122,160,22
122,144,22
122,144,22
122,144,22
122,144,22
122,144,22
122,144,22
122,144,22
122,144,22
122,144,22
122,144,22
122,144,22
122,144,22
122,144,22
122,130,22
122,130,22
122,130,22
122,130,22
122,130,22
122,130,22
122,130,22
122,130,22
122,133,22
122,133,22
122,133,22
122,133,22
122,133,22
122,133,22
122,133,22
122,133,22
122,133,22
122,133,22
122,133,22
122,133,22
122,133,22
122,133,22
122,133,22
122,133,22
122,100,22
122,100,22
122,100,22
122,100,22
122,100,22
122,100,22
122,100,22
122,100,22
122,100,22
122,100,22
122,100,22
122,100,22
122,100,22
122,100,22
122,100,22
122,100,22
122,100,22
122,100,22
122,100,22
122,100,22
122,100,22
122,100,22
122,100,22
122,100,22
122,100,22
122,100,22
122,123,22
122,123,22
122,123,22
122,123,22
122,123,22
122,123,22
122,123,22
122,123,22
122,123,22
122,123,22
122,123,22
122,123,22
122,123,22
122,123,22
122,123,22
122,123,22
122,123,22
122,123,22
122,123,22
122,123,22
122,123,22
122,123,22
122,123,22
122,123,22
122,123,22
122,123,22
122,123,22
122,123,22
122,123,22
122,123,22
122,123,22
122,123,22
122,123,22
122,123,22
122,123,22
122,123,22
122,123,22
122,123,22
122,123,22
122,123,22
122,132,22
122,132,22
122,132,22
122,132,22
122,132,22
122,132,22
122,132,22
122,132,22
122,132,22
122,132,22
122,132,22
122,132,22
122,132,22
122,180,22
122,180,22
122,180,22
122,180,22
122,180,22
122,180,22
122,180,22
122,180,22
122,180,22
122,180,22
122,180,22
122,180,22
122,180,22
122,180,22
122,111,22
122,111,22
122,111,22
122,111,22
122,111,22
122,111,22
122,111,22
122,111,22
122,111,22
122,111,22
122,111,22
122,111,22
122,111,22
122,89,22
122,89,22
122,89,22
122,89,22
122,89,22
122,89,22
122,89,22
122,89,22
122,89,22
122,89,22
122,89,22
122,134,22
122,134,22
122,134,22
122,134,22
122,134,22
122,134,22
122,134,22
122,134,22
122,134,22
122,134,22
122,134,22
122,134,22
122,134,22
122,134,22
122,134,22
122,134,22
122,134,22
122,134,22
122,134,22
122,134,22
122,134,22
122,134,22
122,134,22
122,134,22
122,134,22
122,134,22
122,134,22
122,134,22
137,110,22
137,110,22
137,110,22
137,110,22
137,110,22
137,110,22
137,110,22
137,110,22
137,110,22
137,110,22
137,110,22
137,110,22
137,110,22
137,110,22
137,110,22
137,110,22
137,98,22
137,98,22
137,98,22
137,98,22
137,98,22
137,98,22
137,98,22
137,98,22
137,98,22
137,98,22
137,98,22
137,98,22
137,98,22
137,98,22
137,98,22
137,98,22
137,98,22
137,98,22
137,98,22
137,98,22
137,98,22
137,98,22
137,98,22
137,98,22
137,98,22
137,98,22
137,98,22
137,98,22
137,98,22
137,98,22
137,98,22
137,98,22
137,98,22
137,98,22
137,98,22
137,98,22
137,98,22
137,98,22
137,98,22
137,98,22
137,98,22
137,98,22
137,98,22
137,98,22
137,98,22
137,98,22
137,98,22
137,98,22
137,98,22
137,98,22
137,98,22
137,98,22
137,98,22
137,98,22
137,98,22
137,98,22
137,98,22
137,94,22
137,94,22
137,94,22
137,94,22
137,94,22
137,94,22
137,94,22
137,94,22
137,94,22
137,157,22
137,157,22
137,157,22
137,157,22
137,157,22
137,157,22
137,157,22
137,157,22
137,157,22
137,157,22
137,157,22
137,157,22
137,147,22
137,147,22
137,147,22
137,147,22
137,147,22
137,147,22
137,129,22
137,129,22
137,129,22
137,129,22
137,129,22
137,129,22
137,129,22
137,129,22
137,129,22
137,129,22
137,129,22
137,129,22
137,129,22
137,129,22
137,129,22
137,129,22
137,129,22
137,129,22
137,129,22
137,129,22
137,129,22
137,129,22
137,129,22
137,129,22
137,129,22
137,129,22
137,129,22
137,129,22
137,129,22
137,129,22
137,129,22
137,129,22
137,129,22
137,147,22
137,147,22
137,147,22
137,147,22
137,147,22
137,147,22
137,147,22
137,147,22
137,147,22
137,147,22
137,147,22
137,147,22
137,147,22
137,147,22
137,147,22
137,122,22
137,122,22
137,122,22
137,122,22
137,122,22
137,122,22
137,122,22
137,122,22
137,122,22
137,122,22
137,139,22
137,139,22
137,139,22
137,139,22
137,139,22
137,139,22
137,139,22
137,139,22
137,139,22
137,117,22
137,117,22
137,117,22
137,117,22
137,117,22
137,117,22
137,117,22
137,117,22
137,117,22
137,117,22
137,117,22
137,117,22
137,117,22
137,117,22
137,117,22
137,117,22
137,117,22
137,117,22
137,117,22
137,117,22
137,117,22
137,117,22
137,162,22
137,162,22
137,162,22
137,162,22
137,162,22
137,162,22
137,162,22
137,162,22
137,162,22
137,162,22
137,162,22
137,162,22
137,162,22
137,162,22
137,162,22
137,145,22
137,145,22
137,145,22
137,145,22
137,145,22
137,145,22
137,145,22
137,145,22
137,145,22
137,145,22
137,145,22
137,145,22
137,145,22
137,145,22
137,145,22
137,145,22
137,145,22
137,145,22
137,128,22
137,128,22
137,128,22
137,128,22
137,128,22
137,128,22
137,128,22
137,128,22
137,128,22
137,128,22
137,128,22
137,128,22
137,128,22
137,128,22
137,128,22
137,128,22
137,128,22
137,128,22
137,128,22
137,128,22
137,128,22
137,128,22
137,128,22
137,128,22
137,128,22
137,128,22
137,128,22
137,128,22
137,128,22
137,128,22
137,128,22
137,128,22
137,128,22
137,109,22
137,109,22
137,109,22
137,109,22
137,109,22
137,109,22
137,109,22
137,109,22
137,109,22
137,109,22
137,109,22
137,109,22
137,109,22
137,109,22
137,109,22
137,109,22
137,109,22
137,109,22
137,109,22
137,109,22
137,109,22
137,109,22
137,109,22
137,109,22
137,109,22
137,109,22
137,109,22
137,131,22
137,131,22
137,131,22
137,131,22
137,131,22
137,131,22
137,131,22
137,131,22
137,152,22
137,152,22
137,152,22
137,152,22
137,152,22
137,152,22
137,152,22
137,152,22
137,152,22
137,152,22
137,155,22
137,155,22
137,155,22
137,155,22
137,155,22
137,155,22
137,155,22
137,155,22
137,155,22
137,155,22
137,155,22
137,155,22
137,155,22
137,155,22
137,155,22
137,155,22
137,155,22
137,155,22
137,155,22
137,155,22
137,155,22
137,155,22
137,155,22
137,155,22
137,155,22
137,155,22
137,155,22
137,155,22
137,155,22
137,155,22
137,155,22
137,155,22
137,155,22
137,155,22
137,155,22
117,120,22
117,120,22
117,120,22
117,120,22
117,120,22
117,120,22
117,120,22
117,120,22
117,120,22
117,120,22
117,120,22
117,120,22
117,120,22
117,122,22
117,122,22
117,122,22
117,122,22
117,122,22
117,122,22
117,122,22
117,122,22
117,122,22
117,122,22
117,122,22
117,122,22
117,122,22
117,122,22
117,122,22
117,93,22
117,93,22
117,93,22
117,93,22
117,93,22
117,93,22
117,93,22
117,93,22
117,93,22
117,93,22
117,93,22
117,93,22
117,93,22
117,93,22
117,93,22
117,93,22
117,93,22
117,93,22
117,93,22
117,93,22
117,93,22
117,93,22
117,93,22
117,93,22
117,93,22
117,93,22
117,93,22
117,93,22
117,93,22
117,93,22
117,93,22
117,93,22
117,93,22
117,93,22
117,93,22
117,93,22
117,93,22
117,93,22
117,93,22
117,93,22
117,93,22
117,93,22
117,93,22
117,93,22
117,93,22
117,93,22
117,93,22
117,93,22
117,93,22
117,93,22
117,93,22
117,93,22
117,93,22
117,142,22
117,142,22
117,142,22
117,142,22
117,142,22
117,142,22
117,142,22
117,142,22
117,142,22
117,142,22
117,142,22
117,142,22
117,142,22
117,142,22
117,142,22
117,142,22
117,142,22
117,142,22
117,142,22
117,142,22
117,142,22
117,142,22
117,142,22
117,142,22
117,142,22
117,142,22
117,142,22
117,142,22
117,142,22
117,142,22
117,142,22
117,142,22
117,142,22
117,142,22
117,142,22
117,142,22
117,142,22
117,142,22
117,142,22
117,142,22
117,142,22
117,142,22
117,142,22
117,115,22
117,115,22
117,115,22
117,115,22
117,115,22
117,115,22
117,115,22
117,115,22
117,115,22
117,115,22
117,115,22
117,115,22
117,115,22
117,115,22
117,115,22
117,115,22
117,115,22
117,98,22
117,98,22
117,98,22
117,98,22
117,98,22
117,98,22
117,98,22
117,98,22
117,98,22
117,98,22
117,98,22
117,98,22
117,98,22
117,98,22
117,98,22
117,98,22
117,98,22
117,98,22
117,98,22
117,98,22
117,98,22
117,98,22
117,98,22
117,98,22
117,98,22
117,98,22
117,116,22
117,116,22
117,116,22
117,116,22
117,116,22
117,116,22
117,116,22
117,116,22
117,102,22
117,102,22
117,102,22
117,102,22
117,102,22
117,102,22
117,102,22
117,102,22
117,102,22
117,102,22
117,102,22
117,102,22
117,102,22
117,102,22
117,102,22
117,102,22
117,102,22
117,102,22
117,102,22
117,102,22
117,102,22
117,102,22
117,102,22
117,133,22
117,133,22
117,133,22
117,133,22
117,133,22
117,133,22
117,133,22
117,133,22
117,133,22
117,133,22
117,133,22
117,133,22
117,133,22
117,133,22
117,133,22
117,133,22
117,133,22
117,133,22
117,133,22
117,133,22
117,133,22
117,133,22
117,133,22
117,133,22
117,133,22
117,133,22
117,133,22
117,133,22
117,133,22
117,107,22
117,107,22
117,107,22
117,107,22
117,107,22
117,107,22
117,107,22
117,107,22
117,107,22
117,107,22
117,139,22
117,139,22
117,139,22
117,139,22
117,139,22
117,139,22
117,139,22
117,139,22
117,139,22
117,139,22
117,139,22
117,139,22
117,139,22
117,139,22
117,139,22
117,139,22
117,139,22
117,139,22
117,139,22
117,139,22
117,139,22
117,139,22
117,139,22
117,139,22
117,139,22
117,139,22
117,139,22
117,139,22
117,139,22
117,139,22
117,139,22
117,139,22
117,139,22
117,139,22
117,139,22
117,139,22
117,139,22
117,139,22
117,139,22
117,139,22
117,139,22
117,139,22
117,139,22
117,139,22
117,139,22
117,139,22
117,139,22
117,139,22
117,139,22
117,139,22
117,139,22
117,139,22
117,139,22
117,139,22
117,139,22
117,139,22
117,139,22
117,139,22
117,119,22
117,119,22
117,119,22
117,119,22
117,119,22
117,119,22
117,133,22
117,133,22
117,133,22
117,133,22
117,133,22
117,133,22
117,133,22
117,133,22
117,133,22
117,133,22
117,133,22
117,133,22
117,117,22
117,117,22
117,117,22
117,117,22
117,117,22
117,117,22
117,117,22
117,117,22
117,117,22
117,117,22
117,117,22
117,117,22
117,117,22
117,117,22
117,117,22
117,117,22
117,117,22
117,117,22
117,117,22
117,117,22
117,117,22
117,117,22
117,117,22
117,117,22
117,117,22
117,117,22
117,117,22
117,117,22
117,117,22
117,117,22
117,117,22
117,117,22
117,121,22
117,121,22
117,121,22
117,121,22
117,121,22
117,121,22
117,121,22
117,121,22
117,121,22
117,121,22
117,121,22
117,121,22
117,121,22
117,121,22
117,121,22
117,121,22
117,121,22
117,121,22
117,121,22
117,121,22
117,121,22
117,121,22
117,121,22
117,121,22
117,121,22
117,121,22
117,121,22
132,127,22
132,127,22
132,127,22
132,127,22
132,127,22
132,127,22
132,127,22
132,127,22
132,127,22
132,127,22
132,127,22
132,127,22
132,127,22
132,127,22
132,127,22
132,127,22
132,127,22
132,127,22
132,127,22
132,127,22
132,127,22
132,127,22
132,127,22
132,127,22
132,127,22
132,127,22
132,127,22
132,127,22
132,127,22
132,127,22
132,127,22
132,127,22
132,127,22
132,127,22
132,127,22
132,127,22
132,127,22
132,127,22
132,127,22
132,127,22
132,127,22
132,127,22
132,117,22
132,117,22
132,117,22
132,117,22
132,117,22
132,117,22
132,117,22
132,117,22
132,117,22
132,117,22
132,117,22
132,117,22
132,117,22
132,117,22
132,117,22
132,117,22
132,117,22
132,117,22
132,117,22
132,117,22
132,151,22
132,151,22
132,151,22
132,151,22
132,151,22
132,151,22
132,151,22
132,151,22
132,151,22
132,151,22
132,151,22
132,151,22
132,151,22
132,151,22
132,151,22
132,151,22
132,151,22
132,151,22
132,151,22
132,151,22
132,151,22
132,151,22
132,151,22
132,151,22
132,151,22
132,151,22
132,151,22
132,151,22
132,151,22
132,151,22
132,151,22
132,140,22
132,140,22
132,140,22
132,140,22
132,140,22
132,140,22
132,140,22
132,140,22
132,140,22
132,140,22
132,140,22
132,140,22
132,140,22
132,140,22
132,140,22
132,140,22
132,140,22
132,140,22
132,112,22
132,112,22
132,112,22
132,112,22
132,112,22
132,112,22
132,178,22
132,178,22
132,178,22
132,178,22
132,178,22
132,178,22
132,147,22
132,147,22
132,147,22
132,147,22
132,147,22
132,147,22
132,147,22
132,147,22
132,147,22
132,147,22
132,147,22
132,147,22
132,147,22
132,147,22
132,181,22
132,181,22
132,181,22
132,181,22
132,181,22
132,181,22
132,181,22
132,181,22
132,181,22
132,181,22
132,181,22
132,181,22
132,181,22
132,181,22
132,181,22
132,181,22
132,181,22
132,181,22
132,181,22
132,181,22
132,181,22
132,181,22
132,181,22
132,181,22
132,181,22
132,181,22
132,181,22
132,181,22
132,181,22
132,181,22
132,181,22
132,181,22
132,181,22
132,181,22
132,181,22
132,181,22
132,181,22
132,132,22
132,132,22
132,132,22
132,132,22
132,132,22
132,132,22
132,132,22
132,132,22
132,132,22
132,132,22
132,132,22
132,132,22
132,132,22
132,132,22
132,132,22
132,132,22
132,132,22
132,132,22
132,132,22
132,132,22
132,132,22
132,132,22
132,132,22
132,132,22
132,132,22
132,132,22
132,132,22
132,132,22
132,132,22
132,132,22
132,132,22
132,132,22
132,132,22
132,105,22
132,105,22
132,105,22
132,105,22
132,105,22
132,105,22
132,105,22
132,105,22
132,105,22
132,105,22
132,105,22
132,105,22
132,105,22
132,105,22
132,105,22
132,105,22
132,105,22
132,105,22
132,105,22
132,105,22
132,105,22
132,105,22
132,105,22
132,105,22
132,105,22
132,105,22
132,105,22
132,105,22
132,105,22
132,105,22
132,105,22
132,105,22
132,105,22
132,105,22
132,105,22
132,105,22
132,105,22
132,105,22
132,105,22
132,105,22
132,105,22
132,105,22
132,105,22
132,105,22
132,105,22
132,105,22
132,105,22
132,160,22
132,160,22
132,160,22
132,160,22
132,160,22
132,160,22
132,160,22
132,160,22
132,160,22
132,160,22
132,160,22
132,160,22
132,160,22
132,160,22
132,160,22
132,160,22
132,160,22
132,160,22
132,160,22
132,160,22
132,160,22
132,128,22
132,128,22
132,128,22
132,128,22
132,128,22
132,128,22
132,128,22
132,128,22
132,128,22
132,128,22
132,128,22
132,128,22
132,128,22
132,128,22
132,128,22
132,128,22
132,128,22
132,128,22
132,93,22
132,93,22
132,93,22
132,93,22
132,93,22
132,93,22
132,93,22
132,93,22
132,152,22
132,152,22
132,152,22
132,152,22
132,152,22
132,152,22
132,152,22
132,152,22
132,152,22
132,152,22
132,152,22
132,152,22
132,152,22
132,152,22
132,152,22
132,152,22
132,152,22
132,152,22
132,152,22
132,152,22
132,152,22
132,152,22
132,152,22
132,152,22
132,152,22
132,152,22
132,152,22
132,152,22
132,152,22
132,152,22
132,152,22
132,159,22
132,159,22
132,159,22
132,159,22
132,159,22
132,159,22
132,159,22
132,159,22
132,159,22
132,114,22
132,114,22
132,114,22
132,114,22
132,114,22
132,114,22
132,114,22
132,114,22
132,114,22
132,114,22
132,114,22
132,114,22
132,114,22
132,114,22
132,114,22
152,141,22
152,141,22
152,141,22
152,141,22
152,141,22
152,141,22
152,141,22
152,141,22
152,141,22
152,141,22
152,141,22
152,141,22
152,141,22
152,155,22
152,155,22
152,155,22
152,155,22
152,155,22
152,155,22
152,155,22
152,155,22
152,155,22
152,155,22
152,155,22
152,155,22
152,155,22
152,155,22
152,155,22
152,155,22
152,166,22
152,166,22
152,166,22
152,166,22
152,166,22
152,166,22
152,166,22
152,166,22
152,166,22
152,166,22
152,155,22
152,155,22
152,155,22
152,155,22
152,155,22
152,155,22
152,155,22
152,155,22
152,155,22
152,155,22
152,155,22
152,155,22
152,155,22
152,155,22
152,155,22
152,155,22
152,155,22
152,155,22
152,155,22
152,155,22
152,155,22
152,128,22
152,128,22
152,128,22
152,128,22
152,128,22
152,128,22
152,128,22
152,128,22
152,128,22
152,128,22
152,128,22
152,128,22
152,128,22
152,128,22
152,128,22
152,128,22
152,128,22
152,128,22
152,128,22
152,128,22
152,128,22
152,128,22
152,128,22
152,128,22
152,128,22
152,128,22
152,128,22
152,128,22
152,128,22
152,128,22
152,128,22
152,128,22
152,161,22
152,161,22
152,161,22
152,161,22
152,161,22
152,161,22
152,161,22
152,161,22
152,161,22
152,161,22
152,161,22
152,156,22
152,156,22
152,156,22
152,156,22
152,156,22
152,156,22
152,156,22
152,156,22
152,156,22
152,156,22
152,156,22
152,156,22
152,118,22
152,118,22
152,118,22
152,118,22
152,118,22
152,118,22
152,118,22
152,118,22
152,118,22
152,118,22
152,118,22
152,139,22
152,139,22
152,139,22
152,139,22
152,139,22
152,139,22
152,139,22
152,139,22
152,139,22
152,139,22
152,139,22
152,139,22
152,139,22
152,100,22
152,100,22
152,100,22
152,100,22
152,100,22
152,100,22
152,100,22
152,100,22
152,100,22
152,154,22
152,154,22
152,154,22
152,154,22
152,154,22
152,154,22
152,154,22
152,154,22
152,154,22
152,154,22
152,154,22
152,154,22
152,154,22
152,154,22
152,154,22
152,154,22
152,154,22
152,154,22
152,154,22
152,154,22
152,154,22
152,154,22
152,154,22
152,154,22
152,154,22
152,154,22
152,154,22
152,154,22
152,154,22
152,154,22
152,154,22
152,154,22
152,163,22
152,163,22
152,163,22
152,163,22
152,163,22
152,163,22
152,163,22
152,163,22
152,163,22
152,163,22
152,163,22
152,174,22
152,174,22
152,174,22
152,174,22
152,174,22
152,174,22
152,174,22
152,174,22
152,174,22
152,174,22
152,174,22
152,174,22
152,174,22
152,174,22
152,174,22
152,174,22
152,174,22
152,151,22
152,151,22
152,151,22
152,151,22
152,151,22
152,151,22
152,151,22
152,151,22
152,159,22
152,159,22
152,159,22
152,159,22
152,159,22
152,159,22
152,159,22
152,159,22
152,159,22
152,159,22
152,159,22
152,159,22
152,159,22
152,159,22
152,159,22
152,159,22
152,159,22
152,159,22
152,159,22
152,159,22
152,159,22
152,159,22
152,150,22
152,150,22
152,150,22
152,150,22
152,150,22
152,150,22
152,150,22
152,150,22
152,150,22
152,150,22
152,150,22
152,150,22
152,129,22
152,129,22
152,129,22
152,129,22
152,129,22
152,129,22
152,129,22
152,129,22
152,129,22
152,129,22
152,129,22
152,129,22
152,129,22
152,129,22
152,129,22
152,129,22
152,129,22
152,129,22
152,129,22
152,129,22
152,129,22
152,129,22
152,129,22
152,129,22
152,129,22
152,129,22
152,129,22
152,129,22
152,129,22
152,162,22
152,162,22
152,162,22
152,162,22
152,162,22
152,162,22
152,162,22
152,162,22
152,162,22
152,162,22
152,162,22
152,162,22
152,162,22
152,162,22
152,162,22
152,162,22
152,162,22
152,162,22
152,162,22
152,162,22
152,162,22
152,179,22
152,179,22
152,179,22
152,179,22
152,179,22
152,179,22
152,179,22
152,179,22
152,179,22
152,179,22
152,179,22
152,179,22
152,179,22
152,179,22
152,179,22
152,179,22
152,179,22
152,179,22
152,179,22
152,179,22
152,179,22
152,179,22
152,179,22
152,179,22
152,179,22
152,159,22
152,159,22
152,159,22
152,159,22
152,159,22
152,159,22
152,159,22
152,159,22
152,159,22
152,159,22
152,159,22
152,159,22
152,159,22
152,159,22
152,159,22
152,159,22
152,159,22
152,159,22
152,159,22
152,131,22
152,131,22
152,131,22
152,131,22
152,131,22
152,131,22
152,131,22
152,131,22
152,131,22
152,131,22
152,131,22
152,131,22
152,131,22
152,131,22
152,131,22
152,131,22
152,131,22
152,131,22
152,131,22
152,131,22
152,144,22
152,144,22
152,144,22
152,144,22
152,144,22
152,144,22
152,144,22
152,144,22
152,144,22
152,144,22
152,144,22
152,144,22
152,144,22
152,144,22
152,144,22
152,144,22
152,144,22
152,144,22
152,144,22
152,144,22
152,144,22
152,144,22
152,144,22
152,144,22
152,144,22
152,144,22
152,144,22
152,144,22
152,144,22
152,185,22
152,185,22
152,185,22
152,185,22
152,185,22
152,185,22
152,185,22
152,144,22
152,144,22
152,144,22
152,144,22
152,144,22
152,144,22
152,144,22
152,144,22
152,144,22
152,144,22
152,144,22
152,144,22
152,144,22
152,144,22
152,144,22
152,144,22
152,144,22
152,144,22
152,144,22
152,144,22
152,144,22
152,144,22
152,144,22
152,145,22
152,145,22
152,145,22
152,145,22
152,145,22
152,145,22
152,145,22
152,178,22
152,178,22
152,178,22
152,178,22
152,178,22
152,178,22
152,178,22
152,178,22
152,133,22
152,133,22
152,133,22
152,133,22
152,133,22
152,133,22
152,133,22
152,133,22
152,133,22
152,133,22
152,133,22
152,133,22
152,133,22
152,133,22
152,133,22
152,133,22
152,133,22
152,133,22
152,133,22
152,133,22
152,133,22
152,133,22
152,133,22
152,133,22
152,133,22
152,133,22
152,133,22
152,133,22
152,133,22
152,133,22
152,133,22
152,133,22
152,133,22
152,133,22
152,133,22
152,133,22
152,133,22
152,133,22
152,133,22
152,191,22
152,191,22
152,191,22
152,191,22
152,191,22
152,191,22
152,191,22
152,191,22
137,153,22
137,153,22
137,153,22
137,153,22
137,153,22
137,153,22
137,153,22
137,153,22
137,153,22
137,153,22
137,153,22
137,153,22
137,153,22
137,153,22
137,153,22
137,153,22
137,153,22
137,153,22
137,153,22
137,153,22
137,163,22
137,163,22
137,163,22
137,163,22
137,163,22
137,163,22
137,163,22
137,163,22
137,163,22
137,163,22
137,163,22
137,163,22
137,163,22
137,163,22
137,163,22
137,163,22
137,163,22
137,163,22
137,163,22
137,163,22
137,163,22
137,163,22
137,163,22
137,163,22
137,163,22
137,163,22
137,163,22
137,163,22
137,163,22
137,163,22
137,163,22
137,163,22
137,163,22
137,163,22
137,163,22
137,163,22
137,163,22
137,163,22
137,163,22
137,163,22
137,163,22
137,163,22
137,163,22
137,163,22
137,163,22
137,163,22
137,163,22
137,163,22
137,163,22
137,144,22
137,144,22
137,144,22
137,144,22
137,144,22
137,144,22
137,144,22
137,144,22
137,144,22
137,119,22
137,119,22
137,119,22
137,119,22
137,119,22
137,119,22
137,119,22
137,119,22
137,119,22
137,119,22
137,119,22
137,119,22
137,119,22
137,119,22
137,144,22
137,144,22
137,144,22
137,144,22
137,144,22
137,144,22
137,144,22
137,144,22
137,144,22
137,144,22
137,139,22
137,139,22
137,139,22
137,139,22
137,139,22
137,139,22
137,139,22
137,139,22
137,139,22
137,139,22
137,139,22
137,139,22
137,139,22
137,139,22
137,139,22
137,139,22
137,139,22
137,156,22
137,156,22
137,156,22
137,156,22
137,156,22
137,156,22
137,156,22
137,156,22
137,156,22
137,156,22
137,134,22
137,134,22
137,134,22
137,134,22
137,134,22
137,134,22
137,134,22
137,134,22
137,134,22
137,134,22
137,134,22
137,134,22
137,134,22
137,134,22
137,134,22
137,134,22
137,134,22
137,140,22
137,140,22
137,140,22
137,140,22
137,140,22
137,140,22
137,140,22
137,140,22
137,140,22
137,140,22
137,140,22
137,140,22
137,158,22
137,158,22
137,158,22
137,158,22
137,158,22
137,158,22
137,158,22
137,158,22
137,158,22
137,158,22
137,158,22
137,158,22
137,158,22
137,158,22
137,158,22
137,158,22
137,158,22
137,158,22
137,158,22
137,158,22
137,158,22
137,158,22
137,158,22
137,158,22
137,158,22
137,158,22
137,158,22
137,158,22
137,158,22
137,158,22
137,124,22
137,124,22
137,124,22
137,124,22
137,124,22
137,124,22
137,124,22
137,124,22
137,124,22
137,124,22
137,124,22
137,124,22
137,124,22
137,124,22
137,124,22
137,124,22
137,124,22
137,124,22
137,124,22
137,124,22
137,124,22
137,124,22
137,124,22
137,124,22
137,124,22
137,124,22
137,124,22
137,124,22
137,124,22
137,124,22
137,124,22
137,124,22
137,124,22
137,124,22
137,124,22
137,124,22
137,124,22
137,124,22
137,150,22
137,150,22
137,150,22
137,150,22
137,150,22
137,150,22
137,150,22
137,150,22
137,150,22
137,130,22
137,130,22
137,130,22
137,130,22
137,130,22
137,130,22
137,130,22
137,130,22
137,130,22
137,130,22
137,130,22
137,130,22
137,130,22
137,130,22
137,130,22
137,130,22
137,130,22
137,130,22
137,130,22
137,130,22
137,130,22
137,130,22
137,130,22
137,130,22
137,130,22
137,130,22
137,130,22
137,130,22
137,130,22
137,130,22
137,130,22
137,130,22
137,130,22
137,130,22
137,130,22
137,130,22
137,130,22
137,130,22
137,130,22
137,130,22
137,130,22
137,130,22
137,130,22
137,130,22
137,130,22
137,130,22
137,130,22
137,130,22
137,173,22
137,173,22
137,173,22
137,173,22
137,173,22
137,173,22
137,173,22
137,173,22
137,173,22
137,173,22
137,173,22
137,173,22
137,173,22
137,173,22
137,173,22
137,173,22
137,173,22
137,173,22
137,173,22
137,173,22
137,173,22
137,128,22
137,128,22
137,128,22
137,128,22
137,128,22
137,128,22
137,128,22
137,128,22
137,128,22
137,128,22
137,128,22
137,128,22
137,128,22
137,128,22
137,128,22
137,128,22
137,128,22
137,128,22
137,128,22
137,128,22
137,128,22
137,128,22
137,128,22
137,128,22
137,128,22
137,128,22
137,128,22
137,128,22
137,128,22
137,128,22
137,128,22
137,128,22
137,128,22
137,128,22
137,128,22
137,128,22
137,128,22
137,128,22
137,128,22
137,128,22
137,128,22
137,128,22
137,128,22
137,125,22
137,125,22
137,125,22
137,125,22
137,125,22
137,125,22
137,125,22
137,125,22
137,125,22
137,125,22
137,125,22
137,125,22
137,125,22
137,125,22
137,125,22
137,125,22
137,125,22
137,125,22
137,125,22
137,125,22
157,152,22
157,152,22
157,152,22
157,152,22
157,152,22
157,152,22
157,152,22
157,152,22
157,152,22
157,152,22
157,152,22
157,152,22
157,152,22
157,152,22
157,152,22
157,159,22
157,159,22
157,159,22
157,159,22
157,159,22
157,159,22
157,159,22
157,159,22
157,159,22
157,159,22
157,169,22
157,169,22
157,169,22
157,169,22
157,169,22
157,169,22
157,169,22
157,169,22
157,169,22
157,169,22
157,169,22
157,169,22
157,169,22
157,169,22
157,121,22
157,121,22
157,121,22
157,121,22
157,121,22
157,121,22
157,121,22
157,121,22
157,121,22
157,121,22
157,121,22
157,121,22
157,121,22
157,121,22
157,121,22
157,121,22
157,121,22
157,121,22
157,121,22
157,121,22
157,121,22
157,121,22
157,121,22
157,121,22
157,121,22
157,121,22
157,121,22
157,121,22
157,121,22
157,121,22
157,121,22
157,121,22
157,121,22
157,121,22
157,121,22
157,121,22
157,121,22
157,121,22
157,121,22
157,121,22
157,121,22
157,121,22
157,121,22
157,121,22
157,121,22
157,121,22
157,121,22
157,121,22
157,182,22
157,182,22
157,182,22
157,182,22
157,182,22
157,182,22
157,182,22
157,182,22
157,182,22
157,182,22
157,182,22
157,182,22
157,182,22
157,182,22
157,182,22
157,182,22
157,182,22
157,182,22
157,158,22
157,158,22
157,158,22
157,158,22
157,158,22
157,158,22
157,158,22
157,158,22
157,158,22
157,158,22
157,158,22
157,158,22
157,158,22
157,158,22
157,158,22
157,158,22
157,158,22
157,158,22
157,158,22
157,158,22
157,158,22
157,158,22
157,158,22
157,181,22
157,181,22
157,181,22
157,181,22
157,181,22
157,181,22
157,181,22
157,181,22
157,181,22
157,181,22
157,181,22
157,181,22
157,181,22
157,181,22
157,181,22
157,181,22
157,181,22
157,181,22
157,181,22
157,181,22
157,181,22
157,181,22
157,181,22
157,149,22
157,149,22
157,149,22
157,149,22
157,149,22
157,149,22
157,149,22
157,149,22
157,149,22
157,149,22
157,149,22
157,149,22
157,149,22
157,149,22
157,149,22
157,149,22
157,149,22
157,154,22
157,154,22
157,154,22
157,154,22
157,154,22
157,154,22
157,154,22
157,154,22
157,154,22
157,154,22
157,154,22
157,154,22
157,154,22
157,154,22
157,154,22
157,154,22
157,154,22
157,154,22
157,154,22
157,154,22
157,122,22
157,122,22
157,122,22
157,122,22
157,122,22
157,122,22
157,122,22
157,122,22
157,122,22
157,122,22
157,122,22
157,128,22
157,128,22
157,128,22
157,128,22
157,128,22
157,128,22
157,128,22
157,128,22
157,128,22
157,128,22
157,128,22
157,128,22
157,128,22
157,128,22
157,128,22
157,128,22
157,128,22
157,128,22
157,128,22
157,128,22
157,127,22
157,127,22
157,127,22
157,127,22
157,127,22
157,127,22
157,127,22
157,127,22
157,127,22
157,127,22
157,127,22
157,127,22
157,127,22
157,127,22
157,127,22
157,127,22
157,127,22
157,127,22
157,127,22
157,127,22
157,127,22
157,127,22
157,127,22
157,127,22
157,127,22
157,143,22
157,143,22
157,143,22
157,143,22
157,143,22
157,143,22
157,143,22
157,143,22
157,143,22
157,143,22
157,143,22
157,143,22
157,143,22
157,143,22
157,143,22
157,143,22
157,143,22
157,143,22
157,143,22
157,143,22
157,143,22
157,143,22
157,143,22
157,143,22
157,143,22
157,143,22
157,143,22
157,143,22
157,143,22
157,143,22
157,143,22
157,168,22
157,168,22
157,168,22
157,168,22
157,168,22
157,168,22
157,168,22
157,168,22
157,168,22
157,168,22
157,168,22
157,168,22
157,168,22
157,168,22
157,168,22
157,168,22
157,168,22
157,168,22
157,168,22
157,137,22
157,137,22
157,137,22
157,137,22
157,137,22
157,137,22
157,137,22
157,137,22
157,137,22
157,137,22
157,137,22
157,137,22
157,137,22
157,137,22
157,137,22
157,137,22
157,137,22
157,137,22
157,137,22
157,137,22
157,137,22
157,137,22
157,137,22
157,137,22
157,137,22
157,137,22
157,137,22
132,123,22
132,123,22
132,123,22
132,123,22
132,123,22
132,123,22
132,123,22
132,123,22
132,123,22
132,123,22
132,123,22
132,123,22
132,138,22
132,138,22
132,138,22
132,138,22
132,138,22
132,138,22
132,138,22
132,169,22
132,169,22
132,169,22
132,169,22
132,169,22
132,169,22
132,169,22
132,169,22
132,169,22
132,169,22
132,169,22
132,169,22
132,169,22
132,169,22
132,169,22
132,169,22
132,169,22
132,169,22
132,133,22
132,133,22
132,133,22
132,133,22
132,133,22
132,133,22
132,133,22
132,133,22
132,133,22
132,133,22
132,108,22
132,108,22
132,108,22
132,108,22
132,108,22
132,108,22
132,108,22
132,108,22
132,108,22
132,108,22
132,108,22
132,108,22
132,108,22
132,108,22
132,108,22
132,108,22
132,108,22
132,108,22
132,108,22
132,108,22
132,108,22
132,108,22
132,108,22
132,108,22
132,108,22
132,108,22
132,108,22
132,108,22
132,108,22
132,108,22
132,108,22
132,128,22
132,128,22
132,128,22
132,128,22
132,128,22
132,128,22
132,128,22
132,128,22
132,128,22
132,128,22
132,128,22
132,128,22
132,128,22
132,128,22
132,128,22
132,128,22
132,128,22
132,128,22
132,128,22
132,128,22
132,128,22
132,128,22
132,128,22
132,128,22
132,128,22
132,128,22
132,128,22
132,128,22
132,128,22
132,128,22
132,128,22
132,128,22
132,128,22
132,164,22
132,164,22
132,164,22
132,164,22
132,164,22
132,164,22
132,164,22
132,164,22
132,164,22
132,164,22
132,164,22
132,164,22
132,153,22
132,153,22
132,153,22
132,153,22
132,153,22
132,153,22
132,153,22
132,153,22
132,153,22
132,153,22
132,153,22
132,153,22
132,153,22
132,153,22
132,153,22
132,153,22
132,153,22
132,153,22
132,153,22
132,153,22
132,153,22
132,153,22
132,153,22
132,153,22
132,153,22
132,153,22
132,153,22
132,153,22
132,153,22
132,153,22
132,153,22
132,147,22
132,147,22
132,147,22
132,147,22
132,147,22
132,147,22
132,147,22
132,147,22
132,147,22
132,147,22
132,147,22
132,147,22
132,147,22
132,207,22
132,207,22
132,207,22
132,207,22
132,207,22
132,207,22
132,207,22
132,207,22
132,207,22
132,207,22
132,207,22
132,207,22
132,207,22
132,207,22
132,207,22
132,207,22
132,207,22
132,207,22
132,207,22
132,107,22
132,107,22
132,107,22
132,107,22
132,107,22
132,107,22
132,107,22
132,107,22
132,107,22
132,107,22
132,186,22
132,186,22
132,186,22
132,186,22
132,186,22
132,186,22
132,186,22
132,186,22
132,186,22
132,186,22
132,186,22
132,186,22
132,186,22
132,186,22
132,186,22
132,162,22
132,162,22
132,162,22
132,162,22
132,162,22
132,162,22
132,162,22
132,162,22
132,162,22
132,162,22
132,162,22
132,162,22
132,162,22
132,162,22
132,162,22
132,162,22
132,162,22
132,162,22
132,162,22
132,162,22
132,162,22
132,162,22
132,162,22
152,165,22
152,165,22
152,165,22
152,165,22
152,165,22
152,165,22
152,165,22
152,165,22
152,165,22
152,165,22
152,165,22
152,165,22
152,165,22
152,165,22
152,114,22
152,114,22
152,114,22
152,114,22
152,114,22
152,114,22
152,114,22
152,114,22
152,114,22
152,114,22
152,114,22
152,114,22
152,114,22
152,176,22
152,176,22
152,176,22
152,176,22
152,176,22
152,176,22
152,176,22
152,176,22
152,176,22
152,176,22
152,176,22
152,176,22
152,176,22
152,176,22
152,176,22
152,176,22
152,176,22
152,176,22
152,176,22
152,176,22
152,176,22
152,176,22
152,176,22
152,176,22
152,176,22
152,176,22
152,176,22
152,176,22
152,176,22
152,176,22
152,176,22
152,176,22
152,176,22
152,176,22
152,176,22
152,176,22
152,154,22
152,154,22
152,154,22
152,154,22
152,154,22
152,154,22
152,154,22
152,154,22
152,154,22
152,154,22
152,149,22
152,149,22
152,149,22
152,149,22
152,149,22
152,149,22
152,130,22
152,130,22
152,130,22
152,130,22
152,130,22
152,130,22
152,130,22
152,130,22
152,130,22
152,130,22
152,130,22
152,181,22
152,181,22
152,181,22
152,181,22
152,181,22
152,181,22
152,181,22
152,181,22
152,181,22
152,181,22
152,181,22
152,181,22
152,150,22
152,150,22
152,150,22
152,150,22
152,150,22
152,150,22
152,150,22
152,150,22
152,150,22
152,150,22
152,153,22
152,153,22
152,153,22
152,153,22
152,153,22
152,153,22
152,153,22
152,153,22
152,153,22
152,153,22
152,161,22
152,161,22
152,161,22
152,161,22
152,161,22
152,161,22
152,161,22
152,161,22
152,161,22
152,161,22
152,161,22
152,161,22
152,161,22
152,136,22
152,136,22
152,136,22
152,136,22
152,136,22
152,136,22
152,136,22
152,136,22
152,136,22
152,136,22
152,136,22
152,136,22
152,136,22
152,136,22
152,136,22
152,136,22
152,136,22
152,136,22
152,136,22
152,136,22
152,136,22
152,136,22
152,136,22
152,136,22
152,136,22
152,144,22
152,144,22
152,144,22
152,144,22
152,144,22
152,144,22
152,144,22
152,144,22
152,144,22
152,144,22
152,144,22
152,144,22
152,144,22
152,144,22
152,144,22
152,144,22
152,144,22
152,144,22
152,144,22
152,144,22
152,144,22
152,144,22
152,144,22
152,144,22
152,144,22
152,144,22
152,144,22
152,144,22
152,144,22
152,144,22
152,144,22
152,144,22
152,144,22
152,144,22
152,144,22
152,144,22
152,144,22
152,144,22
152,144,22
152,144,22
152,184,22
152,184,22
152,184,22
152,184,22
152,184,22
152,184,22
152,184,22
152,184,22
152,184,22
152,184,22
152,184,22
152,184,22
152,184,22
152,184,22
152,184,22
152,184,22
